"Tiempo","Frecuencia (Hz)","ESTACION","CANAL","Level (dBµV/m)","Bandwidth (Hz)","Offset (Hz)","AM (%)","Arch_ Info"
"01/07/2025  7:20:03,880","    55250000","CORPORACION ECUATORIANA DE","2","  92,6","      125625","         -16"," 77,50","Procesar Archivos de resultos de medición: Result. de med."
"01/07/2025  7:20:03,880","    61250000"," ","3","  39,2","      999375","      -16881"," 96,80","Propriedades del res. de med.:"
"01/07/2025  7:20:03,880","    67250000","UV TELEVISION","4","  94,0","      141250","         215"," 61,20"," Fecha inic.: 01/07/2025"
"01/07/2025  7:20:03,880","    77250000","TELEAMAZONAS","5","  76,0","      125625","          11"," 32,10"," Hora inicial: 7:20:03"
"01/07/2025  7:20:03,880","    83250000"," ","6","  57,5","      999375","       -9475"," 93,40"," Fecha final: 31/07/2025"
"01/07/2025  7:20:03,880","   175250000","ECUADOR TV","7","  92,5","      125625","         -18"," 61,50"," Hora final: 17:41:49"
"01/07/2025  7:20:03,880","   181250000","CADENA ECUATORIANA DE TELE","8","  79,7","      770625","        -267"," 77,20"," Cantidad de med.: 5856"
"01/07/2025  7:20:03,880","   187250000","RED TELESISTEMA (R.T.S)","9","  87,6","       94375","        -499"," 42,00","Columnas: Tiempo"
"01/07/2025  7:20:03,880","   193250000"," ","10","  71,0","      906875","      114055"," 95,80"," Frecuencia"
"01/07/2025  7:20:03,880","   199250000","TELEVISION DEL PACIFICO","11","  67,3","      999375","      122149"," 91,50"," ESTACION"
"01/07/2025  7:20:03,880","   205250000"," ","12","  61,2","      903750","      121375"," 93,20"," CANAL"
"01/07/2025  7:20:03,880","   211250000"," ","13","  57,8","      910625","      107248"," 93,80"," Level"
"01/07/2025  7:20:03,880","   471250000"," ","14","  23,3","      999375","       -1828"," 95,40"," Bandwidth"
"01/07/2025  7:20:03,880","   477250000"," ","15","  30,0","      999375","      -88700"," 94,40"," Offset"
"01/07/2025  7:20:03,880","   483250000"," ","16","  27,5","      999375","        3514"," 97,60"," AM"
"01/07/2025  7:20:03,880","   513250000"," ","21","  26,1","      999375","        4573"," 94,00"," "
"01/07/2025  7:20:03,880","   519250000","ECOTEL","22","  83,4","      172500","        1127"," 24,50","Origen:"
"01/07/2025  7:20:03,880","   525250000"," ","23","  27,1","      999375","         683"," 91,40","Resultados de medic.: TvL029_250701_0101"
"01/07/2025  7:20:03,880","   531250000","TELERAMA","24","  27,0","      999375","        2312"," 94,40","Resultados de medic.: TvL029_250701_0201"
"01/07/2025  7:20:03,880","   537250000","PLUS TV","25","  68,8","      125000","        4044"," 43,00","Resultados de medic.: TvL029_250702_0101"
"01/07/2025  7:20:03,880","   543250000","CANAL UNO","26","  35,2","      999375","        9922"," 97,40","Resultados de medic.: TvL029_250702_0201"
"01/07/2025  7:20:03,880","   549250000"," ","27","  29,1","      999375","        1337"," 97,80","Resultados de medic.: TvL029_250703_0101"
"01/07/2025  7:20:03,880","   555250000"," ","28","  41,5","      999375","        1736"," 94,00","Resultados de medic.: TvL029_250703_0201"
"01/07/2025  7:20:03,880","   561250000"," ","29","  38,9","      999375","        2797"," 93,00","Resultados de medic.: TvL029_250704_0101"
"01/07/2025  7:20:03,880","   567250000","TELEATAHUALPA (RTU)","30","  39,4","      999375","       -7462"," 96,70","Resultados de medic.: TvL029_250704_0201"
"01/07/2025  7:20:03,880","   573250000"," ","31","  35,7","      999375","        1487"," 95,90","Resultados de medic.: TvL029_250705_0101"
"01/07/2025  7:20:03,880","   579250000","TELEVICENTRO TVC","32","  79,4","      220000","        1046"," 54,20","Resultados de medic.: TvL029_250705_0201"
"01/07/2025  7:20:03,880","   585250000"," ","33","  31,4","      999375","       -7902"," 93,80","Resultados de medic.: TvL029_250706_0101"
"01/07/2025  7:20:03,880","   591250000","UCSG TELEVISION","34","  33,4","      999375","        3459"," 94,70","Resultados de medic.: TvL029_250706_0201"
"01/07/2025  7:20:03,880","   603250000","OROMAR","36","  31,8","      999375","        2964"," 94,20","Resultados de medic.: TvL029_250707_0101"
"01/07/2025  7:20:03,880","   615250000"," ","38","  33,8","      999375","        -110"," 97,10","Resultados de medic.: TvL029_250707_0201"
"01/07/2025  7:20:03,880","   621250000","CANAL SUR - TELEVISION MUN","39","  75,6","      110000","          49"," 49,00","Resultados de medic.: TvL029_250708_0101"
"01/07/2025  7:20:03,880","   627250000"," ","40","  33,5","      999375","        3734"," 96,00","Resultados de medic.: TvL029_250708_0201"
"01/07/2025  7:20:03,880","   633250000"," ","41","  34,5","      999375","        2450"," 96,30","Resultados de medic.: TvL029_250709_0101"
"01/07/2025  7:20:03,880","   639250000"," ","42","  37,4","      999375","       78813"," 95,90","Resultados de medic.: TvL029_250709_0201"
"01/07/2025  7:20:03,880","   645250000"," ","43","  36,1","      999375","       -1383"," 95,60","Resultados de medic.: TvL029_250710_0101"
"01/07/2025  7:20:03,880","   651250000"," ","44","  35,6","      999375","        1163"," 93,60","Resultados de medic.: TvL029_250710_0201"
"01/07/2025  7:20:03,880","   657250000"," ","45","  36,1","      999375","         297"," 92,90","Resultados de medic.: TvL029_250711_0101"
"01/07/2025  7:20:03,880","   663250000"," ","46","  38,1","      999375","         -62"," 96,30","Resultados de medic.: TvL029_250711_0201"
"01/07/2025  7:20:03,880","   669250000"," ","47","  38,1","      999375","        6729"," 97,50","Resultados de medic.: TvL029_250712_0101"
"01/07/2025  7:20:03,880","   675250000"," ","48","  38,1","      999375","       -1402"," 97,10","Resultados de medic.: TvL029_250712_0201"
"01/07/2025  7:20:03,880","   681250000"," ","49","  45,8","      999375","      108991"," 77,50","Resultados de medic.: TvL029_250713_0101"
"01/07/2025  7:20:03,880","   687250000"," ","50","  47,2","      999375","         -34"," 95,30","Resultados de medic.: TvL029_250713_0201"
"01/07/2025  7:20:03,880","   693250000"," ","51","  55,4","      999375","       -2066"," 98,10","Resultados de medic.: TvL029_250714_0101"
"01/07/2025  7:20:57,670","    55250000","CORPORACION ECUATORIANA DE","2","  92,6","      125625","          -2"," 58,20","Resultados de medic.: TvL029_250714_0201"
"01/07/2025  7:20:57,670","    61250000"," ","3","  43,9","      999375","       -9740"," 96,60","Resultados de medic.: TvL029_250715_0101"
"01/07/2025  7:20:57,670","    67250000","UV TELEVISION","4","  94,4","      141250","         178"," 72,90","Resultados de medic.: TvL029_250715_0201"
"01/07/2025  7:20:57,670","    77250000","TELEAMAZONAS","5","  75,8","       31250","          11"," 34,80","Resultados de medic.: TvL029_250716_0101"
"01/07/2025  7:20:57,670","    83250000"," ","6","  57,6","      999375","       -7116"," 94,10","Resultados de medic.: TvL029_250716_0201"
"01/07/2025  7:20:57,670","   175250000","ECUADOR TV","7","  92,4","      125625","         -18"," 94,10","Resultados de medic.: TvL029_250717_0101"
"01/07/2025  7:20:57,670","   181250000","CADENA ECUATORIANA DE TELE","8","  80,3","      236250","        1578"," 89,50","Resultados de medic.: TvL029_250717_0201"
"01/07/2025  7:20:57,670","   187250000","RED TELESISTEMA (R.T.S)","9","  87,8","       94375","        -507"," 51,10","Resultados de medic.: TvL029_250718_0101"
"01/07/2025  7:20:57,670","   193250000"," ","10","  70,0","      989375","      117947"," 92,50","Resultados de medic.: TvL029_250718_0201"
"01/07/2025  7:20:57,670","   199250000","TELEVISION DEL PACIFICO","11","  67,9","      999375","      104959"," 93,30","Resultados de medic.: TvL029_250719_0101"
"01/07/2025  7:20:57,670","   205250000"," ","12","  61,0","      898750","      112553"," 95,20","Resultados de medic.: TvL029_250719_0201"
"01/07/2025  7:20:57,670","   211250000"," ","13","  53,5","      999375","      122805"," 92,00","Resultados de medic.: TvL029_250720_0101"
"01/07/2025  7:20:57,670","   471250000"," ","14","  27,9","      999375","        -927"," 94,60","Resultados de medic.: TvL029_250720_0201"
"01/07/2025  7:20:57,670","   477250000"," ","15","  31,7","      999375","      -84198"," 95,20","Resultados de medic.: TvL029_250721_0101"
"01/07/2025  7:20:57,670","   483250000"," ","16","  27,0","      999375","        5631"," 97,30","Resultados de medic.: TvL029_250721_0201"
"01/07/2025  7:20:57,670","   513250000"," ","21","  26,7","      999375","        3184"," 94,90","Resultados de medic.: TvL029_250722_0101"
"01/07/2025  7:20:57,670","   519250000","ECOTEL","22","  83,7","      172500","        1104"," 81,30","Resultados de medic.: TvL029_250722_0201"
"01/07/2025  7:20:57,670","   525250000"," ","23","  28,7","      999375","        7115"," 95,00","Resultados de medic.: TvL029_250723_0101"
"01/07/2025  7:20:57,670","   531250000","TELERAMA","24","  27,3","      999375","       -4710"," 92,20","Resultados de medic.: TvL029_250723_0201"
"01/07/2025  7:20:57,670","   537250000","PLUS TV","25","  69,5","       94375","        4049"," 12,40","Resultados de medic.: TvL029_250724_0101"
"01/07/2025  7:20:57,670","   543250000","CANAL UNO","26","  27,6","      999375","        4628"," 96,50","Resultados de medic.: TvL029_250724_0201"
"01/07/2025  7:20:57,670","   549250000"," ","27","  28,7","      999375","        1323"," 95,80","Resultados de medic.: TvL029_250725_0101"
"01/07/2025  7:20:57,670","   555250000"," ","28","  40,9","      999375","        -694"," 97,00","Resultados de medic.: TvL029_250725_0201"
"01/07/2025  7:20:57,670","   561250000"," ","29","  41,1","      999375","       -4286"," 96,60","Resultados de medic.: TvL029_250726_0101"
"01/07/2025  7:20:57,670","   567250000","TELEATAHUALPA (RTU)","30","  39,3","      999375","        -913"," 97,10","Resultados de medic.: TvL029_250726_0201"
"01/07/2025  7:20:57,670","   573250000"," ","31","  34,2","      999375","       -2440"," 95,10","Resultados de medic.: TvL029_250727_0101"
"01/07/2025  7:20:57,670","   579250000","TELEVICENTRO TVC","32","  79,6","      393125","        1048"," 14,00","Resultados de medic.: TvL029_250727_0201"
"01/07/2025  7:20:57,670","   585250000"," ","33","  35,5","      999375","        2247"," 96,90","Resultados de medic.: TvL029_250728_0101"
"01/07/2025  7:20:57,670","   591250000","UCSG TELEVISION","34","  33,2","      999375","       -2606"," 96,00","Resultados de medic.: TvL029_250728_0201"
"01/07/2025  7:20:57,670","   603250000","OROMAR","36","  33,3","      999375","         290"," 94,60","Resultados de medic.: TvL029_250729_0101"
"01/07/2025  7:20:57,670","   615250000"," ","38","  34,0","      999375","        -117"," 96,30","Resultados de medic.: TvL029_250729_0201"
"01/07/2025  7:20:57,670","   621250000","CANAL SUR - TELEVISION MUN","39","  74,4","      172500","        1597"," 71,20","Resultados de medic.: TvL029_250730_0101"
"01/07/2025  7:20:57,670","   627250000"," ","40","  34,1","      999375","        6486"," 95,10","Resultados de medic.: TvL029_250730_0201"
"01/07/2025  7:20:57,670","   633250000"," ","41","  33,6","      999375","        -940"," 96,40","Resultados de medic.: TvL029_250731_0101"
"01/07/2025  7:20:57,670","   639250000"," ","42","  37,2","      999375","       69998"," 94,60","Resultados de medic.: TvL029_250731_0201"
"01/07/2025  7:20:57,670","   645250000"," ","43","  35,8","      999375","       -1314"," 97,10"," "
"01/07/2025  7:20:57,670","   651250000"," ","44","  34,7","      999375","        2182"," 96,50","Arch. Info: $Temp00252"
"01/07/2025  7:20:57,670","   657250000"," ","45","  37,4","      999375","       -3526"," 95,50"," "
"01/07/2025  7:20:57,670","   663250000"," ","46","  36,9","      999375","        -967"," 95,10","Arch. Info: TvL029_250731_0201"
"01/07/2025  7:20:57,670","   669250000"," ","47","  39,5","      999375","        4311"," 96,40","Unid. de med.: scs-l02"
"01/07/2025  7:20:57,670","   675250000"," ","48","  39,5","      999375","        6163"," 95,70","Longitud: 079°12'47,7""W"
"01/07/2025  7:20:57,670","   681250000"," ","49","  44,7","      999375","       89330"," 90,90","Latitud: 04°01'08,9""S"
"01/07/2025  7:20:57,670","   687250000"," ","50","  47,4","      999375","         909"," 97,60","Tipo result. de medic.: Result. de med."
"01/07/2025  7:20:57,670","   693250000"," ","51","  53,1","      999375","       -6150"," 97,40","Propied. de result. de med.: "
"01/07/2025  7:21:49,124","    55250000","CORPORACION ECUATORIANA DE","2","  92,4","      125625","          -5"," 30,60"," Número de mediciones: 4"
"01/07/2025  7:21:49,124","    61250000"," ","3","  43,9","      999375","      -12480"," 95,10","Definic. de horario:"
"01/07/2025  7:21:49,124","    67250000","UV TELEVISION","4","  94,1","      141250","         179"," 62,40","Nombre: TVloja"
"01/07/2025  7:21:49,124","    77250000","TELEAMAZONAS","5","  75,6","      156875","          11"," 58,90","Fecha: 06/01/2025"
"01/07/2025  7:21:49,124","    83250000"," ","6","  59,5","      999375","      -13160"," 95,00","Hora: 9:35:44"
"01/07/2025  7:21:49,124","   175250000","ECUADOR TV","7","  92,5","      125625","         -16"," 69,50","Definición de medición:"
"01/07/2025  7:21:49,124","   181250000","CADENA ECUATORIANA DE TELE","8","  79,5","      230000","        5635"," 95,40","Nombre: TVLOJAVIDEO"
"01/07/2025  7:21:49,124","   187250000","RED TELESISTEMA (R.T.S)","9","  87,4","      125000","        -376"," 46,50","Fecha: 10/01/2024"
"01/07/2025  7:21:49,124","   193250000"," ","10","  68,6","      999375","      114937"," 93,80","Hora: 10:01:25"
"01/07/2025  7:21:49,124","   199250000","TELEVISION DEL PACIFICO","11","  68,5","      999375","       99393"," 92,90","Tipo de med.: Rastreo de lista de frec."
"01/07/2025  7:21:49,124","   205250000"," ","12","  59,9","      999375","      122453"," 92,40","Lista de frecuencias: TV LOJA TOT"
"01/07/2025  7:21:49,124","   211250000"," ","13","  56,7","      921875","       87752"," 91,50","Squelch: Off"
"01/07/2025  7:21:49,124","   471250000"," ","14","  24,2","      999375","        1255"," 97,60","Parámetro de med.: Level Bandwidth Offset AM"
"01/07/2025  7:21:49,124","   477250000"," ","15","  29,5","      999375","      -92208"," 90,10","Definición de rango:"
"01/07/2025  7:21:49,124","   483250000"," ","16","  24,9","      999375","        5821"," 97,70","Nombre: TVLOJAVIDEO"
"01/07/2025  7:21:49,124","   513250000"," ","21","  26,4","      999375","        2043"," 96,10","Fecha: 07/01/2025"
"01/07/2025  7:21:49,124","   519250000","ECOTEL","22","  84,3","      188750","        1084"," 62,80","Hora: 16:34:54"
"01/07/2025  7:21:49,124","   525250000"," ","23","  31,6","      999375","        5003"," 96,60","No. de subrangos: 1"
"01/07/2025  7:21:49,124","   531250000","TELERAMA","24","  28,9","      999375","        2670"," 94,70","Subrango 1:"
"01/07/2025  7:21:49,124","   537250000","PLUS TV","25","  68,1","      125625","        4051"," 45,60","Frecuencia inicial: 50,000000 MHz"
"01/07/2025  7:21:49,124","   543250000","CANAL UNO","26","  29,6","      999375","        6151"," 94,50","Frecuencia final: 700,000000 MHz"
"01/07/2025  7:21:49,124","   549250000"," ","27","  27,4","      999375","        -719"," 95,70","Dispos. 1:"
"01/07/2025  7:21:49,124","   555250000"," ","28","  40,7","      999375","        3326"," 95,50","Nombre: HE500"
"01/07/2025  7:21:49,124","   561250000"," ","29","  39,3","      999375","         791"," 95,20","Acimut: 0,000 Grad"
"01/07/2025  7:21:49,124","   567250000","TELEATAHUALPA (RTU)","30","  38,3","      999375","        3865"," 96,70","Elevación: 0,000 Grad"
"01/07/2025  7:21:49,124","   573250000"," ","31","  34,9","      999375","       -4596"," 94,90","Altura: 0,00 m"
"01/07/2025  7:21:49,124","   579250000","TELEVICENTRO TVC","32","  79,9","      125000","        1047"," 61,30","Dispos. 2:"
"01/07/2025  7:21:49,124","   585250000"," ","33","  35,6","      999375","       -2109"," 97,00","Nombre: DDF255"
"01/07/2025  7:21:49,124","   591250000","UCSG TELEVISION","34","  32,6","      999375","       -1811"," 94,20","Modo b. DF: Cont"
"01/07/2025  7:21:49,124","   603250000","OROMAR","36","  32,8","      999375","         -61"," 97,10","Ancho ban. FI: 300 kHz"
"01/07/2025  7:21:49,124","   615250000"," ","38","  34,6","      999375","        5548"," 94,60","Tiempo integrac. b. DF: 100 ms"
"01/07/2025  7:21:49,124","   621250000","CANAL SUR - TELEVISION MUN","39","  74,7","      157500","          56"," 90,20","Atenuación FR: Auto"
"01/07/2025  7:21:49,124","   627250000"," ","40","  36,1","      999375","        3915"," 94,10","Atenuación FI: Normal"
"01/07/2025  7:21:49,124","   633250000"," ","41","  34,3","      999375","        1779"," 97,50","Demodulación: AM"
"01/07/2025  7:21:49,124","   639250000"," ","42","  37,4","      999375","       72538"," 94,40","T. Medición: Default"
"01/07/2025  7:21:49,124","   645250000"," ","43","  35,9","      999375","        -464"," 95,80","Detector: Peak"
"01/07/2025  7:21:49,124","   651250000"," ","44","  36,5","      999375","        1951"," 94,20","Medic. ancho de banda x dB bajo: 26,0 dB"
"01/07/2025  7:21:49,124","   657250000"," ","45","  36,2","      999375","        3898"," 94,90","Ancho banda Span: 1,000000 MHz"
"01/07/2025  7:21:49,124","   663250000"," ","46","  36,1","      999375","       -3874"," 96,70",
"01/07/2025  7:21:49,124","   669250000"," ","47","  37,7","      999375","        5122"," 96,70",
"01/07/2025  7:21:49,124","   675250000"," ","48","  37,7","      999375","        3798"," 95,10",
"01/07/2025  7:21:49,124","   681250000"," ","49","  44,8","      999375","      115050"," 94,60",
"01/07/2025  7:21:49,124","   687250000"," ","50","  46,4","      999375","        -737"," 97,00",
"01/07/2025  7:21:49,124","   693250000"," ","51","  55,1","      999375","        1225"," 96,20",
"01/07/2025  17:40:03,450","    55250000","CORPORACION ECUATORIANA DE","2","  92,7","      156875","           5"," 68,70",
"01/07/2025  17:40:03,450","    61250000"," ","3","  39,6","      999375","       -8745"," 96,50",
"01/07/2025  17:40:03,450","    67250000","UV TELEVISION","4","  93,4","      156875","         202"," 33,90",
"01/07/2025  17:40:03,450","    77250000","TELEAMAZONAS","5","  80,1","      125625","          12"," 57,00",
"01/07/2025  17:40:03,450","    83250000"," ","6","  59,5","      999375","      -11685"," 97,00",
"01/07/2025  17:40:03,450","   175250000","ECUADOR TV","7","  91,5","      220000","         -17"," 63,80",
"01/07/2025  17:40:03,450","   181250000","CADENA ECUATORIANA DE TELE","8","  80,3","      590000","        -114"," 86,60",
"01/07/2025  17:40:03,450","   187250000","RED TELESISTEMA (R.T.S)","9","  88,4","       93750","        -437"," 49,90",
"01/07/2025  17:40:03,450","   193250000"," ","10","  68,9","      998750","      109055"," 96,20",
"01/07/2025  17:40:03,450","   199250000","TELEVISION DEL PACIFICO","11","  68,2","      999375","      101438"," 94,80",
"01/07/2025  17:40:03,450","   205250000"," ","12","  59,7","      999375","       86094"," 90,10",
"01/07/2025  17:40:03,450","   211250000"," ","13","  54,5","      881250","      124652"," 94,20",
"01/07/2025  17:40:03,450","   471250000"," ","14","  23,2","      999375","        3584"," 95,70",
"01/07/2025  17:40:03,450","   477250000"," ","15","  30,0","      999375","      -57732"," 95,70",
"01/07/2025  17:40:03,450","   483250000"," ","16","  24,2","      999375","       -2070"," 95,30",
"01/07/2025  17:40:03,450","   513250000"," ","21","  26,5","      999375","       20060"," 96,20",
"01/07/2025  17:40:03,450","   519250000","ECOTEL","22","  84,8","       93750","        1051"," 37,70",
"01/07/2025  17:40:03,450","   525250000"," ","23","  28,9","      999375","        5596"," 96,10",
"01/07/2025  17:40:03,450","   531250000","TELERAMA","24","  28,7","      999375","        -795"," 94,60",
"01/07/2025  17:40:03,450","   537250000","PLUS TV","25","  67,1","       62500","        4032"," 28,10",
"01/07/2025  17:40:03,450","   543250000","CANAL UNO","26","  30,9","      999375","        2618"," 96,40",
"01/07/2025  17:40:03,450","   549250000"," ","27","  27,4","      999375","        4816"," 94,70",
"01/07/2025  17:40:03,450","   555250000"," ","28","  42,1","      999375","        1047"," 94,90",
"01/07/2025  17:40:03,450","   561250000"," ","29","  42,5","      999375","        -700"," 96,00",
"01/07/2025  17:40:03,450","   567250000","TELEATAHUALPA (RTU)","30","  38,6","      999375","       -9054"," 96,40",
"01/07/2025  17:40:03,450","   573250000"," ","31","  34,6","      999375","       -4158"," 96,70",
"01/07/2025  17:40:03,450","   579250000","TELEVICENTRO TVC","32","  80,2","       93750","        1080"," 41,60",
"01/07/2025  17:40:03,450","   585250000"," ","33","  35,7","      999375","        -657"," 96,20",
"01/07/2025  17:40:03,450","   591250000","UCSG TELEVISION","34","  33,9","      999375","       -1808"," 97,30",
"01/07/2025  17:40:03,450","   603250000","OROMAR","36","  31,8","      999375","        6200"," 92,30",
"01/07/2025  17:40:03,450","   615250000"," ","38","  33,4","      999375","        1210"," 96,00",
"01/07/2025  17:40:03,450","   621250000","CANAL SUR - TELEVISION MUN","39","  75,4","      156875","          50"," 73,80",
"01/07/2025  17:40:03,450","   627250000"," ","40","  33,7","      999375","          13"," 94,60",
"01/07/2025  17:40:03,450","   633250000"," ","41","  33,0","      999375","          84"," 96,90",
"01/07/2025  17:40:03,450","   639250000"," ","42","  36,1","      999375","       62882"," 91,60",
"01/07/2025  17:40:03,450","   645250000"," ","43","  35,5","      999375","         358"," 94,00",
"01/07/2025  17:40:03,450","   651250000"," ","44","  34,9","      999375","        1566"," 94,40",
"01/07/2025  17:40:03,450","   657250000"," ","45","  36,3","      999375","       -2371"," 96,90",
"01/07/2025  17:40:03,450","   663250000"," ","46","  37,6","      999375","       -2150"," 94,40",
"01/07/2025  17:40:03,450","   669250000"," ","47","  36,7","      999375","        2907"," 94,70",
"01/07/2025  17:40:03,450","   675250000"," ","48","  41,0","      999375","         788"," 95,60",
"01/07/2025  17:40:03,450","   681250000"," ","49","  44,7","      999375","       72661"," 91,80",
"01/07/2025  17:40:03,450","   687250000"," ","50","  52,2","      999375","        3147"," 95,30",
"01/07/2025  17:40:03,450","   693250000"," ","51","  54,1","      999375","        1681"," 95,30",
"01/07/2025  17:40:55,101","    55250000","CORPORACION ECUATORIANA DE","2","  92,6","      219375","         -25"," 72,00",
"01/07/2025  17:40:55,101","    61250000"," ","3","  41,6","      999375","      -21739"," 96,40",
"01/07/2025  17:40:55,101","    67250000","UV TELEVISION","4","  91,5","      157500","         188"," 68,60",
"01/07/2025  17:40:55,101","    77250000","TELEAMAZONAS","5","  82,5","       63125","          11"," 59,20",
"01/07/2025  17:40:55,101","    83250000"," ","6","  57,4","      999375","       -8590"," 93,40",
"01/07/2025  17:40:55,101","   175250000","ECUADOR TV","7","  91,6","      156875","         -16"," 78,10",
"01/07/2025  17:40:55,101","   181250000","CADENA ECUATORIANA DE TELE","8","  80,5","      428750","        3726"," 42,10",
"01/07/2025  17:40:55,101","   187250000","RED TELESISTEMA (R.T.S)","9","  88,1","      109375","        -318"," 38,30",
"01/07/2025  17:40:55,101","   193250000"," ","10","  68,2","      994375","       99168"," 92,80",
"01/07/2025  17:40:55,101","   199250000","TELEVISION DEL PACIFICO","11","  67,5","      913750","      115534"," 91,70",
"01/07/2025  17:40:55,101","   205250000"," ","12","  60,9","      999375","      109704"," 92,50",
"01/07/2025  17:40:55,101","   211250000"," ","13","  55,6","      999375","      122453"," 95,20",
"01/07/2025  17:40:55,101","   471250000"," ","14","  24,2","      999375","        2653"," 95,70",
"01/07/2025  17:40:55,101","   477250000"," ","15","  28,6","      999375","      -81040"," 85,60",
"01/07/2025  17:40:55,101","   483250000"," ","16","  24,3","      999375","        2352"," 94,50",
"01/07/2025  17:40:55,101","   513250000"," ","21","  28,4","      999375","       16403"," 95,50",
"01/07/2025  17:40:55,101","   519250000","ECOTEL","22","  84,7","      220000","        1064"," 62,30",
"01/07/2025  17:40:55,101","   525250000"," ","23","  27,0","      999375","        4724"," 96,90",
"01/07/2025  17:40:55,101","   531250000","TELERAMA","24","  29,2","      999375","        7190"," 94,90",
"01/07/2025  17:40:55,101","   537250000","PLUS TV","25","  66,6","      126250","        4029"," 42,30",
"01/07/2025  17:40:55,101","   543250000","CANAL UNO","26","  28,9","      999375","        5413"," 95,50",
"01/07/2025  17:40:55,101","   549250000"," ","27","  28,4","      999375","       -1421"," 96,30",
"01/07/2025  17:40:55,101","   555250000"," ","28","  40,9","      999375","        -829"," 93,80",
"01/07/2025  17:40:55,101","   561250000"," ","29","  41,8","      999375","        8068"," 93,20",
"01/07/2025  17:40:55,101","   567250000","TELEATAHUALPA (RTU)","30","  38,8","      999375","       -2191"," 93,50",
"01/07/2025  17:40:55,101","   573250000"," ","31","  35,6","      999375","       -2840"," 99,60",
"01/07/2025  17:40:55,101","   579250000","TELEVICENTRO TVC","32","  80,3","      125625","        1084"," 52,50",
"01/07/2025  17:40:55,101","   585250000"," ","33","  35,0","      999375","        3427"," 95,90",
"01/07/2025  17:40:55,101","   591250000","UCSG TELEVISION","34","  32,0","      999375","       -3002"," 95,40",
"01/07/2025  17:40:55,101","   603250000","OROMAR","36","  32,2","      999375","        1063"," 95,10",
"01/07/2025  17:40:55,101","   615250000"," ","38","  32,6","      999375","        3195"," 91,80",
"01/07/2025  17:40:55,101","   621250000","CANAL SUR - TELEVISION MUN","39","  75,3","      125625","          47"," 82,50",
"01/07/2025  17:40:55,101","   627250000"," ","40","  32,6","      999375","        3056"," 93,60",
"01/07/2025  17:40:55,101","   633250000"," ","41","  35,1","      999375","        1842"," 94,90",
"01/07/2025  17:40:55,101","   639250000"," ","42","  36,0","      999375","       50573"," 94,60",
"01/07/2025  17:40:55,101","   645250000"," ","43","  35,6","      999375","        -966"," 95,30",
"01/07/2025  17:40:55,101","   651250000"," ","44","  35,4","      999375","        3015"," 94,70",
"01/07/2025  17:40:55,101","   657250000"," ","45","  35,5","      999375","       -1250"," 94,50",
"01/07/2025  17:40:55,101","   663250000"," ","46","  37,5","      999375","        1029"," 95,70",
"01/07/2025  17:40:55,101","   669250000"," ","47","  37,2","      999375","       -4465"," 96,80",
"01/07/2025  17:40:55,101","   675250000"," ","48","  38,6","      999375","       -1303"," 95,60",
"01/07/2025  17:40:55,101","   681250000"," ","49","  45,2","      999375","       94905"," 95,00",
"01/07/2025  17:40:55,101","   687250000"," ","50","  48,8","      999375","       -2942"," 96,90",
"01/07/2025  17:40:55,101","   693250000"," ","51","  53,2","      999375","        4903"," 97,00",
"01/07/2025  17:41:49,908","    55250000","CORPORACION ECUATORIANA DE","2","  92,6","      219375","         -13"," 51,40",
"01/07/2025  17:41:49,908","    61250000"," ","3","  43,0","      999375","       -5307"," 96,40",
"01/07/2025  17:41:49,908","    67250000","UV TELEVISION","4","  92,1","      188750","         210"," 81,10",
"01/07/2025  17:41:49,908","    77250000","TELEAMAZONAS","5","  80,6","       63125","           8"," 33,90",
"01/07/2025  17:41:49,908","    83250000"," ","6","  59,7","      999375","      -11171"," 93,20",
"01/07/2025  17:41:49,908","   175250000","ECUADOR TV","7","  91,3","      156875","         -16"," 77,80",
"01/07/2025  17:41:49,908","   181250000","CADENA ECUATORIANA DE TELE","8","  80,5","      283125","        -127"," 35,00",
"01/07/2025  17:41:49,908","   187250000","RED TELESISTEMA (R.T.S)","9","  88,7","      109375","        -362"," 36,10",
"01/07/2025  17:41:49,908","   193250000"," ","10","  70,4","      999375","       92853"," 95,00",
"01/07/2025  17:41:49,908","   199250000","TELEVISION DEL PACIFICO","11","  68,4","      999375","      111836"," 97,00",
"01/07/2025  17:41:49,908","   205250000"," ","12","  60,9","      911250","       85971"," 90,90",
"01/07/2025  17:41:49,908","   211250000"," ","13","  58,8","      999375","      100211"," 95,90",
"01/07/2025  17:41:49,908","   471250000"," ","14","  23,5","      999375","       -2705"," 93,00",
"01/07/2025  17:41:49,908","   477250000"," ","15","  29,1","      999375","      -79522"," 95,70",
"01/07/2025  17:41:49,908","   483250000"," ","16","  25,1","      999375","        2037"," 97,20",
"01/07/2025  17:41:49,908","   513250000"," ","21","  26,7","      999375","       12269"," 96,60",
"01/07/2025  17:41:49,908","   519250000","ECOTEL","22","  85,0","       78125","        1066"," 26,20",
"01/07/2025  17:41:49,908","   525250000"," ","23","  27,9","      999375","        8953"," 95,90",
"01/07/2025  17:41:49,908","   531250000","TELERAMA","24","  29,1","      999375","       -6872"," 93,60",
"01/07/2025  17:41:49,908","   537250000","PLUS TV","25","  67,2","      109375","        4025"," 46,50",
"01/07/2025  17:41:49,908","   543250000","CANAL UNO","26","  29,3","      999375","        6116"," 93,50",
"01/07/2025  17:41:49,908","   549250000"," ","27","  30,2","      999375","       -2461"," 95,90",
"01/07/2025  17:41:49,908","   555250000"," ","28","  42,7","      999375","        6971"," 94,40",
"01/07/2025  17:41:49,908","   561250000"," ","29","  41,4","      999375","       -6958"," 96,30",
"01/07/2025  17:41:49,908","   567250000","TELEATAHUALPA (RTU)","30","  37,9","      999375","       -9187"," 97,30",
"01/07/2025  17:41:49,908","   573250000"," ","31","  33,0","      999375","       -5327"," 93,20",
"01/07/2025  17:41:49,908","   579250000","TELEVICENTRO TVC","32","  79,3","      156875","        1091"," 42,10",
"01/07/2025  17:41:49,908","   585250000"," ","33","  36,5","      999375","       -4547"," 95,10",
"01/07/2025  17:41:49,908","   591250000","UCSG TELEVISION","34","  31,9","      999375","        -422"," 95,70",
"01/07/2025  17:41:49,908","   603250000","OROMAR","36","  32,8","      999375","        1528"," 97,40",
"01/07/2025  17:41:49,908","   615250000"," ","38","  34,5","      999375","        -344"," 94,70",
"01/07/2025  17:41:49,908","   621250000","CANAL SUR - TELEVISION MUN","39","  76,3","      314375","          47"," 89,50",
"01/07/2025  17:41:49,908","   627250000"," ","40","  33,0","      999375","        1442"," 96,90",
"01/07/2025  17:41:49,908","   633250000"," ","41","  34,1","      999375","        2750"," 96,80",
"01/07/2025  17:41:49,908","   639250000"," ","42","  37,8","      999375","       62559"," 94,70",
"01/07/2025  17:41:49,908","   645250000"," ","43","  36,2","      999375","       -6165"," 95,70",
"01/07/2025  17:41:49,908","   651250000"," ","44","  36,3","      999375","        4013"," 95,90",
"01/07/2025  17:41:49,908","   657250000"," ","45","  37,3","      999375","        6382"," 92,10",
"01/07/2025  17:41:49,908","   663250000"," ","46","  39,0","      999375","        1707"," 96,40",
"01/07/2025  17:41:49,908","   669250000"," ","47","  37,3","      999375","        4792"," 95,40",
"01/07/2025  17:41:49,908","   675250000"," ","48","  39,0","      999375","         925"," 95,70",
"01/07/2025  17:41:49,908","   681250000"," ","49","  45,1","      999375","       96228"," 93,50",
"01/07/2025  17:41:49,908","   687250000"," ","50","  48,2","      999375","         797"," 96,70",
"01/07/2025  17:41:49,908","   693250000"," ","51","  50,9","      999375","       -1220"," 97,40",
"02/07/2025  7:20:03,446","    55250000","CORPORACION ECUATORIANA DE","2","  92,9","      219375","         -27"," 86,80",
"02/07/2025  7:20:03,446","    61250000"," ","3","  41,5","      999375","      -27676"," 96,40",
"02/07/2025  7:20:03,446","    67250000","UV TELEVISION","4","  93,7","      141250","         208"," 74,60",
"02/07/2025  7:20:03,446","    77250000","TELEAMAZONAS","5","  73,8","       31875","          12"," 44,10",
"02/07/2025  7:20:03,446","    83250000"," ","6","  60,3","      999375","      -22907"," 96,80",
"02/07/2025  7:20:03,446","   175250000","ECUADOR TV","7","  92,2","      141250","         -15"," 90,30",
"02/07/2025  7:20:03,446","   181250000","CADENA ECUATORIANA DE TELE","8","  80,0","      440000","          54"," 38,30",
"02/07/2025  7:20:03,446","   187250000","RED TELESISTEMA (R.T.S)","9","  88,2","      110000","        -420"," 40,90",
"02/07/2025  7:20:03,446","   193250000"," ","10","  69,6","      900625","      117292"," 93,80",
"02/07/2025  7:20:03,446","   199250000","TELEVISION DEL PACIFICO","11","  66,1","      999375","      114483"," 94,60",
"02/07/2025  7:20:03,446","   205250000"," ","12","  60,5","      868125","      129900"," 94,10",
"02/07/2025  7:20:03,446","   211250000"," ","13","  56,8","      999375","      109174"," 96,00",
"02/07/2025  7:20:03,446","   471250000"," ","14","  24,5","      999375","         787"," 95,70",
"02/07/2025  7:20:03,446","   477250000"," ","15","  30,6","      999375","      -91876"," 62,40",
"02/07/2025  7:20:03,446","   483250000"," ","16","  26,0","      999375","        1002"," 94,90",
"02/07/2025  7:20:03,446","   513250000"," ","21","  26,1","      999375","        6993"," 96,90",
"02/07/2025  7:20:03,446","   519250000","ECOTEL","22","  83,4","      125000","        1097"," 23,50",
"02/07/2025  7:20:03,446","   525250000"," ","23","  28,4","      999375","        7665"," 96,60",
"02/07/2025  7:20:03,446","   531250000","TELERAMA","24","  34,1","      999375","       -5679"," 98,10",
"02/07/2025  7:20:03,446","   537250000","PLUS TV","25","  65,6","       95000","        4154"," 50,00",
"02/07/2025  7:20:03,446","   543250000","CANAL UNO","26","  28,0","      999375","        1094"," 94,10",
"02/07/2025  7:20:03,446","   549250000"," ","27","  29,7","      999375","         -41"," 96,80",
"02/07/2025  7:20:03,446","   555250000"," ","28","  39,8","      999375","        -343"," 95,80",
"02/07/2025  7:20:03,446","   561250000"," ","29","  42,2","      999375","       -7907"," 97,70",
"02/07/2025  7:20:03,446","   567250000","TELEATAHUALPA (RTU)","30","  39,4","      999375","       -2129"," 96,80",
"02/07/2025  7:20:03,446","   573250000"," ","31","  34,0","      999375","        2026"," 93,80",
"02/07/2025  7:20:03,446","   579250000","TELEVICENTRO TVC","32","  80,9","      188125","        1141"," 55,90",
"02/07/2025  7:20:03,446","   585250000"," ","33","  34,4","      999375","       -5837"," 95,60",
"02/07/2025  7:20:03,446","   591250000","UCSG TELEVISION","34","  34,5","      999375","        1899"," 97,00",
"02/07/2025  7:20:03,446","   603250000","OROMAR","36","  33,0","      999375","         761"," 94,60",
"02/07/2025  7:20:03,446","   615250000"," ","38","  32,9","      999375","        9618"," 95,10",
"02/07/2025  7:20:03,446","   621250000","CANAL SUR - TELEVISION MUN","39","  77,4","      204375","          52"," 82,50",
"02/07/2025  7:20:03,446","   627250000"," ","40","  34,9","      999375","        5280"," 97,50",
"02/07/2025  7:20:03,446","   633250000"," ","41","  34,1","      999375","        5676"," 98,90",
"02/07/2025  7:20:03,446","   639250000"," ","42","  36,4","      999375","       46921"," 93,00",
"02/07/2025  7:20:03,446","   645250000"," ","43","  36,3","      999375","        1060"," 96,00",
"02/07/2025  7:20:03,446","   651250000"," ","44","  36,2","      999375","       -1875"," 97,00",
"02/07/2025  7:20:03,446","   657250000"," ","45","  37,0","      999375","        4335"," 93,60",
"02/07/2025  7:20:03,446","   663250000"," ","46","  36,4","      999375","        6235"," 90,10",
"02/07/2025  7:20:03,446","   669250000"," ","47","  38,8","      999375","        6736"," 95,50",
"02/07/2025  7:20:03,446","   675250000"," ","48","  40,2","      999375","       -2637"," 96,00",
"02/07/2025  7:20:03,446","   681250000"," ","49","  46,9","      999375","       95771"," 93,10",
"02/07/2025  7:20:03,446","   687250000"," ","50","  47,1","      999375","       -1220"," 96,30",
"02/07/2025  7:20:03,446","   693250000"," ","51","  56,1","      999375","        4441"," 98,30",
"02/07/2025  7:20:55,121","    55250000","CORPORACION ECUATORIANA DE","2","  92,8","      156875","          -4"," 70,50",
"02/07/2025  7:20:55,121","    61250000"," ","3","  40,0","      999375","      -18812"," 95,60",
"02/07/2025  7:20:55,121","    67250000","UV TELEVISION","4","  94,2","      188750","         191"," 67,90",
"02/07/2025  7:20:55,121","    77250000","TELEAMAZONAS","5","  77,6","       93750","           9"," 48,00",
"02/07/2025  7:20:55,121","    83250000"," ","6","  59,3","      999375","      -24228"," 96,10",
"02/07/2025  7:20:55,121","   175250000","ECUADOR TV","7","  92,2","      125625","         -17"," 68,10",
"02/07/2025  7:20:55,121","   181250000","CADENA ECUATORIANA DE TELE","8","  79,7","      745000","         273"," 94,60",
"02/07/2025  7:20:55,121","   187250000","RED TELESISTEMA (R.T.S)","9","  87,7","      156250","        -392"," 50,80",
"02/07/2025  7:20:55,121","   193250000"," ","10","  68,1","      906875","      109267"," 94,30",
"02/07/2025  7:20:55,121","   199250000","TELEVISION DEL PACIFICO","11","  68,3","      999375","       92224"," 92,70",
"02/07/2025  7:20:55,121","   205250000"," ","12","  62,2","      902500","       92997"," 96,00",
"02/07/2025  7:20:55,121","   211250000"," ","13","  56,5","      998125","      124435"," 93,60",
"02/07/2025  7:20:55,121","   471250000"," ","14","  23,2","      999375","        1126"," 95,30",
"02/07/2025  7:20:55,121","   477250000"," ","15","  31,0","      999375","      -90274"," 92,50",
"02/07/2025  7:20:55,121","   483250000"," ","16","  24,4","      999375","        4850"," 96,90",
"02/07/2025  7:20:55,121","   513250000"," ","21","  27,1","      999375","       16815"," 95,10",
"02/07/2025  7:20:55,121","   519250000","ECOTEL","22","  83,8","      156875","        1065"," 61,60",
"02/07/2025  7:20:55,121","   525250000"," ","23","  27,0","      999375","        6633"," 96,90",
"02/07/2025  7:20:55,121","   531250000","TELERAMA","24","  27,8","      999375","        1784"," 96,10",
"02/07/2025  7:20:55,121","   537250000","PLUS TV","25","  66,7","       63125","        4151"," 50,70",
"02/07/2025  7:20:55,121","   543250000","CANAL UNO","26","  30,0","      999375","         492"," 96,00",
"02/07/2025  7:20:55,121","   549250000"," ","27","  29,2","      999375","           6"," 94,80",
"02/07/2025  7:20:55,121","   555250000"," ","28","  41,7","      999375","        6257"," 94,20",
"02/07/2025  7:20:55,121","   561250000"," ","29","  41,1","      999375","       -3381"," 96,50",
"02/07/2025  7:20:55,121","   567250000","TELEATAHUALPA (RTU)","30","  40,1","      999375","       -6205"," 94,80",
"02/07/2025  7:20:55,121","   573250000"," ","31","  34,7","      999375","       -3945"," 94,40",
"02/07/2025  7:20:55,121","   579250000","TELEVICENTRO TVC","32","  81,2","      125625","        1142"," 73,20",
"02/07/2025  7:20:55,121","   585250000"," ","33","  34,8","      999375","       -4199"," 94,70",
"02/07/2025  7:20:55,121","   591250000","UCSG TELEVISION","34","  32,0","      999375","        3158"," 94,40",
"02/07/2025  7:20:55,121","   603250000","OROMAR","36","  33,2","      999375","        -588"," 95,60",
"02/07/2025  7:20:55,121","   615250000"," ","38","  33,3","      999375","        4200"," 93,10",
"02/07/2025  7:20:55,121","   621250000","CANAL SUR - TELEVISION MUN","39","  77,3","      157500","          46"," 85,80",
"02/07/2025  7:20:55,121","   627250000"," ","40","  34,5","      999375","        3567"," 94,20",
"02/07/2025  7:20:55,121","   633250000"," ","41","  33,8","      999375","        1038"," 97,00",
"02/07/2025  7:20:55,121","   639250000"," ","42","  37,2","      999375","       69080"," 93,60",
"02/07/2025  7:20:55,121","   645250000"," ","43","  34,6","      999375","        -631"," 95,20",
"02/07/2025  7:20:55,121","   651250000"," ","44","  50,9","      999375","        4026"," 99,10",
"02/07/2025  7:20:55,121","   657250000"," ","45","  36,6","      999375","       -3312"," 95,80",
"02/07/2025  7:20:55,121","   663250000"," ","46","  36,2","      999375","        5425"," 94,70",
"02/07/2025  7:20:55,121","   669250000"," ","47","  37,5","      999375","        6360"," 91,60",
"02/07/2025  7:20:55,121","   675250000"," ","48","  38,4","      999375","         384"," 97,50",
"02/07/2025  7:20:55,121","   681250000"," ","49","  46,5","      999375","       82598"," 91,50",
"02/07/2025  7:20:55,121","   687250000"," ","50","  51,2","      999375","        1068"," 97,50",
"02/07/2025  7:20:55,121","   693250000"," ","51","  50,5","      999375","        4653"," 98,30",
"02/07/2025  7:21:49,950","    55250000","CORPORACION ECUATORIANA DE","2","  92,4","      220000","          10"," 64,00",
"02/07/2025  7:21:49,950","    61250000"," ","3","  41,7","      999375","       -8043"," 95,40",
"02/07/2025  7:21:49,950","    67250000","UV TELEVISION","4","  94,4","      219375","         181"," 62,30",
"02/07/2025  7:21:49,950","    77250000","TELEAMAZONAS","5","  77,9","       63125","          10"," 30,00",
"02/07/2025  7:21:49,950","    83250000"," ","6","  61,3","      999375","      -12896"," 96,00",
"02/07/2025  7:21:49,950","   175250000","ECUADOR TV","7","  92,4","      156875","         -15"," 71,90",
"02/07/2025  7:21:49,950","   181250000","CADENA ECUATORIANA DE TELE","8","  79,7","      510625","        2052"," 81,60",
"02/07/2025  7:21:49,950","   187250000","RED TELESISTEMA (R.T.S)","9","  88,3","      251250","        -284"," 58,40",
"02/07/2025  7:21:49,950","   193250000"," ","10","  69,4","      893750","      111301"," 95,30",
"02/07/2025  7:21:49,950","   199250000","TELEVISION DEL PACIFICO","11","  66,7","      996250","       95648"," 95,80",
"02/07/2025  7:21:49,950","   205250000"," ","12","  62,1","      905000","      108198"," 92,80",
"02/07/2025  7:21:49,950","   211250000"," ","13","  52,5","      999375","      124226"," 96,20",
"02/07/2025  7:21:49,950","   471250000"," ","14","  24,5","      999375","       -5659"," 93,70",
"02/07/2025  7:21:49,950","   477250000"," ","15","  31,1","      999375","     -104358"," 90,50",
"02/07/2025  7:21:49,950","   483250000"," ","16","  25,4","      999375","       -2724"," 95,90",
"02/07/2025  7:21:49,950","   513250000"," ","21","  27,2","      999375","       11954"," 95,90",
"02/07/2025  7:21:49,950","   519250000","ECOTEL","22","  83,8","      110000","        1068"," 61,60",
"02/07/2025  7:21:49,950","   525250000"," ","23","  27,5","      999375","         494"," 94,30",
"02/07/2025  7:21:49,950","   531250000","TELERAMA","24","  30,3","      999375","        1612"," 97,10",
"02/07/2025  7:21:49,950","   537250000","PLUS TV","25","  66,7","      110000","        4154"," 30,70",
"02/07/2025  7:21:49,950","   543250000","CANAL UNO","26","  28,1","      999375","        1779"," 97,40",
"02/07/2025  7:21:49,950","   549250000"," ","27","  28,9","      999375","         260"," 96,20",
"02/07/2025  7:21:49,950","   555250000"," ","28","  41,9","      999375","        1133"," 96,00",
"02/07/2025  7:21:49,950","   561250000"," ","29","  42,1","      999375","        1774"," 90,50",
"02/07/2025  7:21:49,950","   567250000","TELEATAHUALPA (RTU)","30","  39,3","      999375","       -2690"," 96,30",
"02/07/2025  7:21:49,950","   573250000"," ","31","  34,1","      999375","       -5854"," 93,80",
"02/07/2025  7:21:49,950","   579250000","TELEVICENTRO TVC","32","  80,9","      125625","        1139"," 51,90",
"02/07/2025  7:21:49,950","   585250000"," ","33","  31,2","      999375","        4514"," 95,30",
"02/07/2025  7:21:49,950","   591250000","UCSG TELEVISION","34","  31,5","      999375","       -1377"," 93,50",
"02/07/2025  7:21:49,950","   603250000","OROMAR","36","  32,9","      999375","        3225"," 94,30",
"02/07/2025  7:21:49,950","   615250000"," ","38","  34,3","      999375","        4724"," 96,10",
"02/07/2025  7:21:49,950","   621250000","CANAL SUR - TELEVISION MUN","39","  76,7","      157500","          50"," 84,70",
"02/07/2025  7:21:49,950","   627250000"," ","40","  32,8","      999375","       10342"," 96,80",
"02/07/2025  7:21:49,950","   633250000"," ","41","  33,4","      999375","        1681"," 95,00",
"02/07/2025  7:21:49,950","   639250000"," ","42","  45,2","      999375","       42625"," 98,10",
"02/07/2025  7:21:49,950","   645250000"," ","43","  35,6","      999375","        3114"," 95,70",
"02/07/2025  7:21:49,950","   651250000"," ","44","  54,9","      999375","        3143"," 99,40",
"02/07/2025  7:21:49,950","   657250000"," ","45","  35,9","      999375","        -557"," 92,70",
"02/07/2025  7:21:49,950","   663250000"," ","46","  37,4","      999375","         412"," 95,30",
"02/07/2025  7:21:49,950","   669250000"," ","47","  37,6","      999375","         510"," 94,90",
"02/07/2025  7:21:49,950","   675250000"," ","48","  39,0","      999375","        3954"," 96,40",
"02/07/2025  7:21:49,950","   681250000"," ","49","  47,0","      996250","       99741"," 91,20",
"02/07/2025  7:21:49,950","   687250000"," ","50","  54,2","      999375","        3753"," 97,10",
"02/07/2025  7:21:49,950","   693250000"," ","51","  51,8","      999375","        2231"," 96,90",
"02/07/2025  17:40:03,873","    55250000","CORPORACION ECUATORIANA DE","2","  92,4","      125625","          16"," 38,30",
"02/07/2025  17:40:03,873","    61250000"," ","3","  41,4","      999375","      -20041"," 95,10",
"02/07/2025  17:40:03,873","    67250000","UV TELEVISION","4","  92,4","      157500","         178"," 76,30",
"02/07/2025  17:40:03,873","    77250000","TELEAMAZONAS","5","  78,9","       62500","          17"," 36,90",
"02/07/2025  17:40:03,873","    83250000"," ","6","  59,0","      999375","      -20135"," 95,70",
"02/07/2025  17:40:03,873","   175250000","ECUADOR TV","7","  92,0","      125625","         -16"," 67,20",
"02/07/2025  17:40:03,873","   181250000","CADENA ECUATORIANA DE TELE","8","  79,6","      411250","        5052"," 94,40",
"02/07/2025  17:40:03,873","   187250000","RED TELESISTEMA (R.T.S)","9","  87,2","      109375","        -430"," 36,70",
"02/07/2025  17:40:03,873","   193250000"," ","10","  70,0","      916875","       96399"," 95,00",
"02/07/2025  17:40:03,873","   199250000","TELEVISION DEL PACIFICO","11","  68,2","      999375","      110587"," 94,80",
"02/07/2025  17:40:03,873","   205250000"," ","12","  65,7","      929375","      111841"," 93,10",
"02/07/2025  17:40:03,873","   211250000"," ","13","  58,5","      999375","      101455"," 92,90",
"02/07/2025  17:40:03,873","   471250000"," ","14","  25,4","      999375","         485"," 95,10",
"02/07/2025  17:40:03,873","   477250000"," ","15","  32,1","      999375","     -100688"," 95,50",
"02/07/2025  17:40:03,873","   483250000"," ","16","  26,4","      999375","        2337"," 95,40",
"02/07/2025  17:40:03,873","   513250000"," ","21","  26,4","      999375","        2348"," 94,70",
"02/07/2025  17:40:03,873","   519250000","ECOTEL","22","  83,6","      125625","        1056"," 60,20",
"02/07/2025  17:40:03,873","   525250000"," ","23","  34,6","      999375","        7992"," 96,90",
"02/07/2025  17:40:03,873","   531250000","TELERAMA","24","  29,1","      999375","       -3710"," 95,90",
"02/07/2025  17:40:03,873","   537250000","PLUS TV","25","  68,7","       62500","        4153"," 21,10",
"02/07/2025  17:40:03,873","   543250000","CANAL UNO","26","  28,4","      999375","        6192"," 94,40",
"02/07/2025  17:40:03,873","   549250000"," ","27","  29,8","      999375","       -1638"," 96,00",
"02/07/2025  17:40:03,873","   555250000"," ","28","  43,2","      999375","        6874"," 97,70",
"02/07/2025  17:40:03,873","   561250000"," ","29","  41,1","      999375","       -7368"," 94,80",
"02/07/2025  17:40:03,873","   567250000","TELEATAHUALPA (RTU)","30","  41,3","      999375","       -3414"," 96,20",
"02/07/2025  17:40:03,873","   573250000"," ","31","  34,8","      999375","       -9583"," 93,40",
"02/07/2025  17:40:03,873","   579250000","TELEVICENTRO TVC","32","  80,8","       94375","        1144"," 34,30",
"02/07/2025  17:40:03,873","   585250000"," ","33","  33,7","      999375","        4035"," 96,50",
"02/07/2025  17:40:03,873","   591250000","UCSG TELEVISION","34","  32,3","      999375","        -129"," 95,60",
"02/07/2025  17:40:03,873","   603250000","OROMAR","36","  32,8","      999375","       -1188"," 97,10",
"02/07/2025  17:40:03,873","   615250000"," ","38","  35,0","      999375","        1099"," 96,60",
"02/07/2025  17:40:03,873","   621250000","CANAL SUR - TELEVISION MUN","39","  75,2","      156875","          47"," 68,60",
"02/07/2025  17:40:03,873","   627250000"," ","40","  33,6","      999375","        -934"," 95,30",
"02/07/2025  17:40:03,873","   633250000"," ","41","  53,6","      999375","        3552"," 99,70",
"02/07/2025  17:40:03,873","   639250000"," ","42","  38,7","      999375","       68907"," 94,10",
"02/07/2025  17:40:03,873","   645250000"," ","43","  34,6","      999375","         769"," 94,10",
"02/07/2025  17:40:03,873","   651250000"," ","44","  37,4","      999375","        2677"," 95,70",
"02/07/2025  17:40:03,873","   657250000"," ","45","  38,0","      999375","        -675"," 96,50",
"02/07/2025  17:40:03,873","   663250000"," ","46","  36,8","      999375","       -3923"," 95,40",
"02/07/2025  17:40:03,873","   669250000"," ","47","  38,4","      999375","        2951"," 96,30",
"02/07/2025  17:40:03,873","   675250000"," ","48","  38,2","      999375","        1470"," 92,50",
"02/07/2025  17:40:03,873","   681250000"," ","49","  46,5","      999375","      115740"," 83,60",
"02/07/2025  17:40:03,873","   687250000"," ","50","  49,4","      999375","       -3513"," 98,20",
"02/07/2025  17:40:03,873","   693250000"," ","51","  56,4","      999375","       -4414"," 95,40",
"02/07/2025  17:40:57,664","    55250000","CORPORACION ECUATORIANA DE","2","  92,5","      125625","          -6"," 69,80",
"02/07/2025  17:40:57,664","    61250000"," ","3","  43,1","      999375","       -4129"," 95,10",
"02/07/2025  17:40:57,664","    67250000","UV TELEVISION","4","  92,8","      141875","         178"," 71,00",
"02/07/2025  17:40:57,664","    77250000","TELEAMAZONAS","5","  79,4","       94375","          13"," 40,50",
"02/07/2025  17:40:57,664","    83250000"," ","6","  60,1","      999375","      -12654"," 94,40",
"02/07/2025  17:40:57,664","   175250000","ECUADOR TV","7","  91,8","      219375","         -19"," 95,90",
"02/07/2025  17:40:57,664","   181250000","CADENA ECUATORIANA DE TELE","8","  80,0","      545000","        3807"," 36,90",
"02/07/2025  17:40:57,664","   187250000","RED TELESISTEMA (R.T.S)","9","  87,8","      125000","        -323"," 38,90",
"02/07/2025  17:40:57,664","   193250000"," ","10","  68,3","      999375","      107270"," 93,90",
"02/07/2025  17:40:57,664","   199250000","TELEVISION DEL PACIFICO","11","  68,9","      999375","      107895"," 94,90",
"02/07/2025  17:40:57,664","   205250000"," ","12","  64,9","      999375","       97673"," 94,20",
"02/07/2025  17:40:57,664","   211250000"," ","13","  58,5","      999375","      122564"," 91,10",
"02/07/2025  17:40:57,664","   471250000"," ","14","  23,7","      999375","       -1580"," 96,90",
"02/07/2025  17:40:57,664","   477250000"," ","15","  30,3","      999375","      -71877"," 87,00",
"02/07/2025  17:40:57,664","   483250000"," ","16","  25,3","      999375","       -2422"," 95,30",
"02/07/2025  17:40:57,664","   513250000"," ","21","  26,4","      999375","       -1087"," 95,00",
"02/07/2025  17:40:57,664","   519250000","ECOTEL","22","  82,7","       93750","        1061"," 39,60",
"02/07/2025  17:40:57,664","   525250000"," ","23","  26,9","      999375","        5247"," 98,40",
"02/07/2025  17:40:57,664","   531250000","TELERAMA","24","  26,7","      999375","        4088"," 94,90",
"02/07/2025  17:40:57,664","   537250000","PLUS TV","25","  70,3","       62500","        4159"," 45,00",
"02/07/2025  17:40:57,664","   543250000","CANAL UNO","26","  30,2","      999375","         -91"," 92,40",
"02/07/2025  17:40:57,664","   549250000"," ","27","  27,8","      999375","         633"," 95,70",
"02/07/2025  17:40:57,664","   555250000"," ","28","  40,4","      999375","        4780"," 94,30",
"02/07/2025  17:40:57,664","   561250000"," ","29","  40,1","      999375","       -6739"," 93,70",
"02/07/2025  17:40:57,664","   567250000","TELEATAHUALPA (RTU)","30","  41,8","      999375","       -4000"," 96,40",
"02/07/2025  17:40:57,664","   573250000"," ","31","  36,6","      999375","        -824"," 94,20",
"02/07/2025  17:40:57,664","   579250000","TELEVICENTRO TVC","32","  80,2","       94375","        1148"," 45,00",
"02/07/2025  17:40:57,664","   585250000"," ","33","  35,7","      999375","         548"," 95,60",
"02/07/2025  17:40:57,664","   591250000","UCSG TELEVISION","34","  43,0","      999375","       -1720"," 98,60",
"02/07/2025  17:40:57,664","   603250000","OROMAR","36","  31,5","      999375","        -237"," 95,10",
"02/07/2025  17:40:57,664","   615250000"," ","38","  46,1","      999375","        2307"," 99,00",
"02/07/2025  17:40:57,664","   621250000","CANAL SUR - TELEVISION MUN","39","  72,7","      141250","          51"," 77,50",
"02/07/2025  17:40:57,664","   627250000"," ","40","  33,9","      999375","        2684"," 96,20",
"02/07/2025  17:40:57,664","   633250000"," ","41","  33,8","      999375","        1666"," 96,30",
"02/07/2025  17:40:57,664","   639250000"," ","42","  39,7","      999375","       79962"," 93,40",
"02/07/2025  17:40:57,664","   645250000"," ","43","  35,7","      999375","       -1878"," 97,00",
"02/07/2025  17:40:57,664","   651250000"," ","44","  37,8","      999375","        1404"," 92,90",
"02/07/2025  17:40:57,664","   657250000"," ","45","  37,5","      999375","       -1007"," 95,90",
"02/07/2025  17:40:57,664","   663250000"," ","46","  38,3","      999375","        -411"," 93,90",
"02/07/2025  17:40:57,664","   669250000"," ","47","  39,2","      999375","         804"," 96,50",
"02/07/2025  17:40:57,664","   675250000"," ","48","  49,6","      999375","        4894"," 97,60",
"02/07/2025  17:40:57,664","   681250000"," ","49","  47,3","      999375","       95209"," 78,90",
"02/07/2025  17:40:57,664","   687250000"," ","50","  53,7","      999375","         -57"," 98,00",
"02/07/2025  17:40:57,664","   693250000"," ","51","  58,0","      999375","        2712"," 93,10",
"02/07/2025  17:41:49,128","    55250000","CORPORACION ECUATORIANA DE","2","  92,6","      125625","         -16"," 60,20",
"02/07/2025  17:41:49,128","    61250000"," ","3","  40,7","      999375","       -2132"," 96,90",
"02/07/2025  17:41:49,128","    67250000","UV TELEVISION","4","  92,5","      141250","         180"," 74,60",
"02/07/2025  17:41:49,128","    77250000","TELEAMAZONAS","5","  80,1","      125625","          11"," 27,70",
"02/07/2025  17:41:49,128","    83250000"," ","6","  59,6","      999375","      -18670"," 94,00",
"02/07/2025  17:41:49,128","   175250000","ECUADOR TV","7","  91,8","      125625","         -16"," 83,20",
"02/07/2025  17:41:49,128","   181250000","CADENA ECUATORIANA DE TELE","8","  79,6","      531250","        9528"," 48,90",
"02/07/2025  17:41:49,128","   187250000","RED TELESISTEMA (R.T.S)","9","  88,0","       62500","        -361"," 28,70",
"02/07/2025  17:41:49,128","   193250000"," ","10","  67,9","      966250","      110827"," 94,30",
"02/07/2025  17:41:49,128","   199250000","TELEVISION DEL PACIFICO","11","  68,3","      999375","      107545"," 96,20",
"02/07/2025  17:41:49,128","   205250000"," ","12","  61,8","      920000","       98596"," 93,80",
"02/07/2025  17:41:49,128","   211250000"," ","13","  57,2","      999375","      111432"," 95,10",
"02/07/2025  17:41:49,128","   471250000"," ","14","  24,3","      999375","        2520"," 95,00",
"02/07/2025  17:41:49,128","   477250000"," ","15","  30,6","      999375","      -84296"," 86,60",
"02/07/2025  17:41:49,128","   483250000"," ","16","  24,6","      999375","        2233"," 94,10",
"02/07/2025  17:41:49,128","   513250000"," ","21","  25,8","      999375","        3759"," 96,20",
"02/07/2025  17:41:49,128","   519250000","ECOTEL","22","  83,6","       63125","        1057"," 35,30",
"02/07/2025  17:41:49,128","   525250000"," ","23","  27,2","      999375","        4519"," 94,60",
"02/07/2025  17:41:49,128","   531250000","TELERAMA","24","  28,4","      999375","         369"," 95,80",
"02/07/2025  17:41:49,128","   537250000","PLUS TV","25","  69,4","        2500","        4158"," 12,40",
"02/07/2025  17:41:49,128","   543250000","CANAL UNO","26","  29,0","      999375","        7053"," 91,60",
"02/07/2025  17:41:49,128","   549250000"," ","27","  29,1","      999375","        3435"," 96,30",
"02/07/2025  17:41:49,128","   555250000"," ","28","  39,3","      999375","        6216"," 93,10",
"02/07/2025  17:41:49,128","   561250000"," ","29","  39,0","      999375","        -533"," 93,00",
"02/07/2025  17:41:49,128","   567250000","TELEATAHUALPA (RTU)","30","  41,6","      999375","       -4705"," 95,20",
"02/07/2025  17:41:49,128","   573250000"," ","31","  35,3","      999375","       -5743"," 95,40",
"02/07/2025  17:41:49,128","   579250000","TELEVICENTRO TVC","32","  80,3","      125625","        1147"," 55,10",
"02/07/2025  17:41:49,128","   585250000"," ","33","  37,9","      999375","         295"," 97,00",
"02/07/2025  17:41:49,128","   591250000","UCSG TELEVISION","34","  31,6","      999375","       -3169"," 95,60",
"02/07/2025  17:41:49,128","   603250000","OROMAR","36","  33,0","      999375","        3936"," 93,40",
"02/07/2025  17:41:49,128","   615250000"," ","38","  32,9","      999375","        2354"," 97,50",
"02/07/2025  17:41:49,128","   621250000","CANAL SUR - TELEVISION MUN","39","  74,4","      141250","          49"," 82,80",
"02/07/2025  17:41:49,128","   627250000"," ","40","  33,0","      999375","       -2862"," 95,00",
"02/07/2025  17:41:49,128","   633250000"," ","41","  33,2","      999375","        3846"," 95,30",
"02/07/2025  17:41:49,128","   639250000"," ","42","  38,8","      999375","       82936"," 87,60",
"02/07/2025  17:41:49,128","   645250000"," ","43","  34,9","      999375","       -2912"," 96,70",
"02/07/2025  17:41:49,128","   651250000"," ","44","  37,4","      999375","       -1338"," 92,50",
"02/07/2025  17:41:49,128","   657250000"," ","45","  36,4","      999375","        1029"," 96,10",
"02/07/2025  17:41:49,128","   663250000"," ","46","  36,6","      999375","        -464"," 96,80",
"02/07/2025  17:41:49,128","   669250000"," ","47","  37,4","      999375","        8032"," 96,60",
"02/07/2025  17:41:49,128","   675250000"," ","48","  39,4","      999375","        5842"," 97,10",
"02/07/2025  17:41:49,128","   681250000"," ","49","  47,5","      999375","       83961"," 46,60",
"02/07/2025  17:41:49,128","   687250000"," ","50","  51,7","      999375","        -818"," 96,90",
"02/07/2025  17:41:49,128","   693250000"," ","51","  57,7","      999375","         -28"," 97,50",
"03/07/2025  7:20:03,873","    55250000","CORPORACION ECUATORIANA DE","2","  92,8","      172500","           4"," 72,40",
"03/07/2025  7:20:03,873","    61250000"," ","3","  39,2","      999375","      -18507"," 95,00",
"03/07/2025  7:20:03,873","    67250000","UV TELEVISION","4","  91,9","      157500","         167"," 84,20",
"03/07/2025  7:20:03,873","    77250000","TELEAMAZONAS","5","  75,9","       31875","           8"," 60,80",
"03/07/2025  7:20:03,873","    83250000"," ","6","  59,0","      999375","      -24919"," 96,20",
"03/07/2025  7:20:03,873","   175250000","ECUADOR TV","7","  92,2","      125625","         -16"," 61,60",
"03/07/2025  7:20:03,873","   181250000","CADENA ECUATORIANA DE TELE","8","  76,7","      818125","        2918"," 94,40",
"03/07/2025  7:20:03,873","   187250000","RED TELESISTEMA (R.T.S)","9","  89,1","       93750","        -101"," 57,50",
"03/07/2025  7:20:03,873","   193250000"," ","10","  68,8","      914375","      119249"," 93,40",
"03/07/2025  7:20:03,873","   199250000","TELEVISION DEL PACIFICO","11","  69,9","      999375","       95085"," 95,10",
"03/07/2025  7:20:03,873","   205250000"," ","12","  61,5","      850625","      130634"," 89,70",
"03/07/2025  7:20:03,873","   211250000"," ","13","  56,0","      921875","      121904"," 91,30",
"03/07/2025  7:20:03,873","   471250000"," ","14","  23,7","      999375","       -1985"," 96,20",
"03/07/2025  7:20:03,873","   477250000"," ","15","  30,8","      999375","      -68171"," 87,60",
"03/07/2025  7:20:03,873","   483250000"," ","16","  25,4","      999375","        1085"," 94,00",
"03/07/2025  7:20:03,873","   513250000"," ","21","  27,1","      999375","         644"," 96,50",
"03/07/2025  7:20:03,873","   519250000","ECOTEL","22","  82,8","      109375","         931"," 48,90",
"03/07/2025  7:20:03,873","   525250000"," ","23","  29,2","      999375","      -37678"," 96,20",
"03/07/2025  7:20:03,873","   531250000","TELERAMA","24","  28,2","      999375","        2625"," 95,80",
"03/07/2025  7:20:03,873","   537250000","PLUS TV","25","  67,6","       47500","        4671"," 12,00",
"03/07/2025  7:20:03,873","   543250000","CANAL UNO","26","  32,5","      999375","        7358"," 96,00",
"03/07/2025  7:20:03,873","   549250000"," ","27","  28,9","      999375","        4001"," 93,10",
"03/07/2025  7:20:03,873","   555250000"," ","28","  40,5","      999375","        4094"," 97,10",
"03/07/2025  7:20:03,873","   561250000"," ","29","  41,4","      999375","       -1468"," 94,40",
"03/07/2025  7:20:03,873","   567250000","TELEATAHUALPA (RTU)","30","  38,6","      999375","       -6214"," 94,60",
"03/07/2025  7:20:03,873","   573250000"," ","31","  37,2","      999375","       -3058"," 96,70",
"03/07/2025  7:20:03,873","   579250000","TELEVICENTRO TVC","32","  81,1","      125625","        1360"," 46,90",
"03/07/2025  7:20:03,873","   585250000"," ","33","  33,0","      999375","        -231"," 95,80",
"03/07/2025  7:20:03,873","   591250000","UCSG TELEVISION","34","  32,4","      999375","        3151"," 96,30",
"03/07/2025  7:20:03,873","   603250000","OROMAR","36","  30,7","      999375","        3833"," 94,70",
"03/07/2025  7:20:03,873","   615250000"," ","38","  32,8","      999375","         281"," 97,50",
"03/07/2025  7:20:03,873","   621250000","CANAL SUR - TELEVISION MUN","39","  67,7","      376875","         745"," 96,40",
"03/07/2025  7:20:03,873","   627250000"," ","40","  32,4","      999375","       10108"," 96,90",
"03/07/2025  7:20:03,873","   633250000"," ","41","  34,4","      999375","       -2248"," 95,50",
"03/07/2025  7:20:03,873","   639250000"," ","42","  36,3","      999375","       54309"," 92,20",
"03/07/2025  7:20:03,873","   645250000"," ","43","  36,4","      999375","        2908"," 96,30",
"03/07/2025  7:20:03,873","   651250000"," ","44","  36,8","      999375","       -3797"," 95,50",
"03/07/2025  7:20:03,873","   657250000"," ","45","  36,6","      999375","        2739"," 92,30",
"03/07/2025  7:20:03,873","   663250000"," ","46","  37,0","      999375","        3853"," 95,20",
"03/07/2025  7:20:03,873","   669250000"," ","47","  38,3","      999375","        5827"," 97,30",
"03/07/2025  7:20:03,873","   675250000"," ","48","  40,2","      999375","         -36"," 97,20",
"03/07/2025  7:20:03,873","   681250000"," ","49","  45,7","      999375","      119687"," 80,80",
"03/07/2025  7:20:03,873","   687250000"," ","50","  47,1","      999375","        7143"," 98,00",
"03/07/2025  7:20:03,873","   693250000"," ","51","  52,8","      999375","        5132"," 96,80",
"03/07/2025  7:20:57,677","    55250000","CORPORACION ECUATORIANA DE","2","  93,1","      188125","         -26"," 89,20",
"03/07/2025  7:20:57,677","    61250000"," ","3","  42,9","      999375","        6568"," 95,90",
"03/07/2025  7:20:57,677","    67250000","UV TELEVISION","4","  91,4","      188750","         189"," 82,60",
"03/07/2025  7:20:57,677","    77250000","TELEAMAZONAS","5","  79,2","       94375","          11"," 57,90",
"03/07/2025  7:20:57,677","    83250000"," ","6","  57,6","      999375","      -32156"," 92,70",
"03/07/2025  7:20:57,677","   175250000","ECUADOR TV","7","  92,8","      125625","         -16"," 57,20",
"03/07/2025  7:20:57,677","   181250000","CADENA ECUATORIANA DE TELE","8","  77,6","      850000","       34396"," 55,10",
"03/07/2025  7:20:57,677","   187250000","RED TELESISTEMA (R.T.S)","9","  89,8","       78125","        -253"," 53,00",
"03/07/2025  7:20:57,677","   193250000"," ","10","  71,2","      894375","      114226"," 93,10",
"03/07/2025  7:20:57,677","   199250000","TELEVISION DEL PACIFICO","11","  70,0","      999375","      123338"," 92,90",
"03/07/2025  7:20:57,677","   205250000"," ","12","  58,2","      895625","      127008"," 96,50",
"03/07/2025  7:20:57,677","   211250000"," ","13","  53,5","      999375","      121919"," 96,60",
"03/07/2025  7:20:57,677","   471250000"," ","14","  23,4","      999375","        6537"," 97,70",
"03/07/2025  7:20:57,677","   477250000"," ","15","  29,6","      999375","      -91075"," 95,60",
"03/07/2025  7:20:57,677","   483250000"," ","16","  24,3","      999375","         418"," 95,30",
"03/07/2025  7:20:57,677","   513250000"," ","21","  27,6","      999375","        3685"," 94,40",
"03/07/2025  7:20:57,677","   519250000","ECOTEL","22","  85,5","      156875","         915"," 53,50",
"03/07/2025  7:20:57,677","   525250000"," ","23","  28,9","      999375","      -15449"," 92,70",
"03/07/2025  7:20:57,677","   531250000","TELERAMA","24","  26,7","      999375","       10952"," 93,70",
"03/07/2025  7:20:57,677","   537250000","PLUS TV","25","  68,1","       94375","        4669"," 44,00",
"03/07/2025  7:20:57,677","   543250000","CANAL UNO","26","  30,6","      999375","        5549"," 96,80",
"03/07/2025  7:20:57,677","   549250000"," ","27","  28,0","      999375","        3715"," 95,10",
"03/07/2025  7:20:57,677","   555250000"," ","28","  39,7","      999375","        2263"," 94,20",
"03/07/2025  7:20:57,677","   561250000"," ","29","  41,5","      999375","         411"," 95,00",
"03/07/2025  7:20:57,677","   567250000","TELEATAHUALPA (RTU)","30","  40,7","      999375","       -7043"," 96,70",
"03/07/2025  7:20:57,677","   573250000"," ","31","  36,6","      999375","       -5972"," 96,90",
"03/07/2025  7:20:57,677","   579250000","TELEVICENTRO TVC","32","  79,5","       94375","        1364"," 41,00",
"03/07/2025  7:20:57,677","   585250000"," ","33","  39,4","      999375","        -114"," 98,00",
"03/07/2025  7:20:57,677","   591250000","UCSG TELEVISION","34","  32,4","      999375","       -1153"," 96,60",
"03/07/2025  7:20:57,677","   603250000","OROMAR","36","  32,5","      999375","        -679"," 95,30",
"03/07/2025  7:20:57,677","   615250000"," ","38","  32,9","      999375","         641"," 95,10",
"03/07/2025  7:20:57,677","   621250000","CANAL SUR - TELEVISION MUN","39","  69,6","      220000","          94"," 87,50",
"03/07/2025  7:20:57,677","   627250000"," ","40","  34,2","      999375","        3934"," 94,70",
"03/07/2025  7:20:57,677","   633250000"," ","41","  34,9","      999375","       -4172"," 96,40",
"03/07/2025  7:20:57,677","   639250000"," ","42","  37,7","      999375","       75487"," 91,40",
"03/07/2025  7:20:57,677","   645250000"," ","43","  35,4","      999375","        3238"," 96,00",
"03/07/2025  7:20:57,677","   651250000"," ","44","  36,0","      999375","        2588"," 95,80",
"03/07/2025  7:20:57,677","   657250000"," ","45","  36,5","      999375","         853"," 94,00",
"03/07/2025  7:20:57,677","   663250000"," ","46","  37,5","      999375","        -127"," 95,80",
"03/07/2025  7:20:57,677","   669250000"," ","47","  37,7","      999375","       -4340"," 93,60",
"03/07/2025  7:20:57,677","   675250000"," ","48","  38,0","      999375","        3382"," 93,80",
"03/07/2025  7:20:57,677","   681250000"," ","49","  46,3","      999375","      117194"," 92,60",
"03/07/2025  7:20:57,677","   687250000"," ","50","  48,8","      999375","        4222"," 98,00",
"03/07/2025  7:20:57,677","   693250000"," ","51","  51,4","      999375","       -5839"," 97,20",
"03/07/2025  7:21:49,128","    55250000","CORPORACION ECUATORIANA DE","2","  93,0","      188125","         -28"," 89,50",
"03/07/2025  7:21:49,128","    61250000"," ","3","  42,5","      999375","        3742"," 92,10",
"03/07/2025  7:21:49,128","    67250000","UV TELEVISION","4","  90,7","      188125","         206"," 65,40",
"03/07/2025  7:21:49,128","    77250000","TELEAMAZONAS","5","  79,0","       63125","          11"," 49,30",
"03/07/2025  7:21:49,128","    83250000"," ","6","  60,7","      999375","      -11045"," 94,50",
"03/07/2025  7:21:49,128","   175250000","ECUADOR TV","7","  91,1","      141250","         -17"," 64,10",
"03/07/2025  7:21:49,128","   181250000","CADENA ECUATORIANA DE TELE","8","  76,8","      900625","       55834"," 96,40",
"03/07/2025  7:21:49,128","   187250000","RED TELESISTEMA (R.T.S)","9","  90,5","       94375","        -173"," 53,60",
"03/07/2025  7:21:49,128","   193250000"," ","10","  67,3","      920625","      122484"," 90,60",
"03/07/2025  7:21:49,128","   199250000","TELEVISION DEL PACIFICO","11","  68,8","      917500","      119212"," 93,60",
"03/07/2025  7:21:49,128","   205250000"," ","12","  62,5","      899375","      139655"," 90,90",
"03/07/2025  7:21:49,128","   211250000"," ","13","  57,6","      906250","      111541"," 92,20",
"03/07/2025  7:21:49,128","   471250000"," ","14","  23,6","      999375","           6"," 98,40",
"03/07/2025  7:21:49,128","   477250000"," ","15","  31,0","      998125","      -87035"," 89,40",
"03/07/2025  7:21:49,128","   483250000"," ","16","  24,6","      999375","        1350"," 94,60",
"03/07/2025  7:21:49,128","   513250000"," ","21","  26,3","      999375","        -448"," 95,30",
"03/07/2025  7:21:49,128","   519250000","ECOTEL","22","  83,2","      188125","         946"," 58,80",
"03/07/2025  7:21:49,128","   525250000"," ","23","  27,0","      999375","       -8402"," 93,90",
"03/07/2025  7:21:49,128","   531250000","TELERAMA","24","  27,0","      999375","        6974"," 97,10",
"03/07/2025  7:21:49,128","   537250000","PLUS TV","25","  68,5","       93750","        4666"," 43,40",
"03/07/2025  7:21:49,128","   543250000","CANAL UNO","26","  28,0","      999375","        4891"," 93,80",
"03/07/2025  7:21:49,128","   549250000"," ","27","  27,4","      999375","        5849"," 94,80",
"03/07/2025  7:21:49,128","   555250000"," ","28","  41,4","      999375","       -1199"," 96,10",
"03/07/2025  7:21:49,128","   561250000"," ","29","  41,9","      999375","        3421"," 94,20",
"03/07/2025  7:21:49,128","   567250000","TELEATAHUALPA (RTU)","30","  40,2","      999375","       -3740"," 95,30",
"03/07/2025  7:21:49,128","   573250000"," ","31","  35,8","      999375","       -5035"," 93,90",
"03/07/2025  7:21:49,128","   579250000","TELEVICENTRO TVC","32","  79,8","      125625","        1363"," 50,30",
"03/07/2025  7:21:49,128","   585250000"," ","33","  34,3","      999375","         242"," 96,00",
"03/07/2025  7:21:49,128","   591250000","UCSG TELEVISION","34","  32,5","      999375","        2924"," 94,20",
"03/07/2025  7:21:49,128","   603250000","OROMAR","36","  31,7","      999375","        1518"," 93,50",
"03/07/2025  7:21:49,128","   615250000"," ","38","  33,8","      999375","        1562"," 96,20",
"03/07/2025  7:21:49,128","   621250000","CANAL SUR - TELEVISION MUN","39","  70,2","      298750","          43"," 84,50",
"03/07/2025  7:21:49,128","   627250000"," ","40","  32,7","      999375","        1446"," 95,00",
"03/07/2025  7:21:49,128","   633250000"," ","41","  34,2","      999375","        3017"," 97,10",
"03/07/2025  7:21:49,128","   639250000"," ","42","  37,1","      999375","       71554"," 96,60",
"03/07/2025  7:21:49,128","   645250000"," ","43","  35,8","      999375","          13"," 94,80",
"03/07/2025  7:21:49,128","   651250000"," ","44","  36,0","      999375","        3033"," 94,00",
"03/07/2025  7:21:49,128","   657250000"," ","45","  36,5","      999375","         178"," 94,00",
"03/07/2025  7:21:49,128","   663250000"," ","46","  38,0","      999375","        4931"," 96,30",
"03/07/2025  7:21:49,128","   669250000"," ","47","  37,1","      999375","        1697"," 96,50",
"03/07/2025  7:21:49,128","   675250000"," ","48","  39,1","      999375","        6073"," 94,50",
"03/07/2025  7:21:49,128","   681250000"," ","49","  48,1","      999375","       97381"," 95,10",
"03/07/2025  7:21:49,128","   687250000"," ","50","  47,5","      999375","        3030"," 97,90",
"03/07/2025  7:21:49,128","   693250000"," ","51","  52,1","      999375","       -7458"," 98,10",
"03/07/2025  17:40:03,894","    55250000","CORPORACION ECUATORIANA DE","2","  92,1","      125625","           5"," 52,10",
"03/07/2025  17:40:03,894","    61250000"," ","3","  39,2","      999375","       -4928"," 96,90",
"03/07/2025  17:40:03,894","    67250000","UV TELEVISION","4","  92,9","      141875","         195"," 69,40",
"03/07/2025  17:40:03,894","    77250000","TELEAMAZONAS","5","  82,6","       94375","           5"," 49,70",
"03/07/2025  17:40:03,894","    83250000"," ","6","  63,4","      999375","      -22783"," 94,70",
"03/07/2025  17:40:03,894","   175250000","ECUADOR TV","7","  92,7","      188125","         -17"," 76,50",
"03/07/2025  17:40:03,894","   181250000","CADENA ECUATORIANA DE TELE","8","  75,3","      895000","       47704"," 97,50",
"03/07/2025  17:40:03,894","   187250000","RED TELESISTEMA (R.T.S)","9","  90,2","       93750","        -269"," 54,40",
"03/07/2025  17:40:03,894","   193250000"," ","10","  72,4","      900625","       98557"," 94,60",
"03/07/2025  17:40:03,894","   199250000","TELEVISION DEL PACIFICO","11","  70,6","      999375","      115931"," 91,70",
"03/07/2025  17:40:03,894","   205250000"," ","12","  64,0","      921875","      108314"," 95,90",
"03/07/2025  17:40:03,894","   211250000"," ","13","  60,1","      999375","      118855"," 93,00",
"03/07/2025  17:40:03,894","   471250000"," ","14","  23,7","      999375","        1467"," 92,10",
"03/07/2025  17:40:03,894","   477250000"," ","15","  32,2","      999375","      -97970"," 96,10",
"03/07/2025  17:40:03,894","   483250000"," ","16","  26,0","      999375","       -1161"," 93,90",
"03/07/2025  17:40:03,894","   513250000"," ","21","  26,5","      999375","        2009"," 94,90",
"03/07/2025  17:40:03,894","   519250000","ECOTEL","22","  82,9","       94375","         918"," 39,20",
"03/07/2025  17:40:03,894","   525250000"," ","23","  29,2","      999375","       -9329"," 94,30",
"03/07/2025  17:40:03,894","   531250000","TELERAMA","24","  29,5","      999375","       15347"," 94,20",
"03/07/2025  17:40:03,894","   537250000","PLUS TV","25","  70,0","       31875","        4527"," 22,70",
"03/07/2025  17:40:03,894","   543250000","CANAL UNO","26","  28,9","      999375","        8372"," 93,80",
"03/07/2025  17:40:03,894","   549250000"," ","27","  30,5","      999375","       -5133"," 94,50",
"03/07/2025  17:40:03,894","   555250000"," ","28","  40,8","      999375","        3974"," 93,50",
"03/07/2025  17:40:03,894","   561250000"," ","29","  42,7","      999375","       -3814"," 95,10",
"03/07/2025  17:40:03,894","   567250000","TELEATAHUALPA (RTU)","30","  39,6","      999375","       -5322"," 95,90",
"03/07/2025  17:40:03,894","   573250000"," ","31","  36,2","      999375","      -13272"," 94,80",
"03/07/2025  17:40:03,894","   579250000","TELEVICENTRO TVC","32","  79,6","      125000","        1489"," 58,50",
"03/07/2025  17:40:03,894","   585250000"," ","33","  33,4","      999375","        -580"," 96,10",
"03/07/2025  17:40:03,894","   591250000","UCSG TELEVISION","34","  32,7","      999375","         139"," 97,30",
"03/07/2025  17:40:03,894","   603250000","OROMAR","36","  32,7","      999375","         180"," 92,90",
"03/07/2025  17:40:03,894","   615250000"," ","38","  32,6","      999375","        3123"," 95,30",
"03/07/2025  17:40:03,894","   621250000","CANAL SUR - TELEVISION MUN","39","  68,5","      173125","          52"," 77,70",
"03/07/2025  17:40:03,894","   627250000"," ","40","  41,4","      999375","        1568"," 98,10",
"03/07/2025  17:40:03,894","   633250000"," ","41","  33,6","      999375","        2005"," 93,30",
"03/07/2025  17:40:03,894","   639250000"," ","42","  38,1","      999375","       82942"," 94,30",
"03/07/2025  17:40:03,894","   645250000"," ","43","  35,7","      999375","        -476"," 96,10",
"03/07/2025  17:40:03,894","   651250000"," ","44","  36,2","      999375","         182"," 94,10",
"03/07/2025  17:40:03,894","   657250000"," ","45","  43,3","      999375","        2692"," 97,70",
"03/07/2025  17:40:03,894","   663250000"," ","46","  37,4","      999375","        3571"," 95,40",
"03/07/2025  17:40:03,894","   669250000"," ","47","  38,5","      999375","        7533"," 97,00",
"03/07/2025  17:40:03,894","   675250000"," ","48","  38,3","      999375","        2819"," 94,10",
"03/07/2025  17:40:03,894","   681250000"," ","49","  45,4","      999375","      107002"," 87,90",
"03/07/2025  17:40:03,894","   687250000"," ","50","  52,6","      999375","        3497"," 97,80",
"03/07/2025  17:40:03,894","   693250000"," ","51","  51,5","      999375","       -1846"," 97,40",
"03/07/2025  17:40:57,688","    55250000","CORPORACION ECUATORIANA DE","2","  91,9","      125625","          -8"," 79,30",
"03/07/2025  17:40:57,688","    61250000"," ","3","  43,4","      999375","       -9641"," 97,80",
"03/07/2025  17:40:57,688","    67250000","UV TELEVISION","4","  93,1","      125625","         183"," 77,10",
"03/07/2025  17:40:57,688","    77250000","TELEAMAZONAS","5","  89,3","       63125","          13"," 31,80",
"03/07/2025  17:40:57,688","    83250000"," ","6","  63,5","      999375","      -23992"," 96,20",
"03/07/2025  17:40:57,688","   175250000","ECUADOR TV","7","  93,4","      141250","         -18"," 78,40",
"03/07/2025  17:40:57,688","   181250000","CADENA ECUATORIANA DE TELE","8","  77,8","      893750","        8892"," 53,90",
"03/07/2025  17:40:57,688","   187250000","RED TELESISTEMA (R.T.S)","9","  91,2","       94375","        -243"," 44,00",
"03/07/2025  17:40:57,688","   193250000"," ","10","  72,4","      999375","       93692"," 93,90",
"03/07/2025  17:40:57,688","   199250000","TELEVISION DEL PACIFICO","11","  70,5","      999375","      102022"," 95,50",
"03/07/2025  17:40:57,688","   205250000"," ","12","  67,0","      921250","      108009"," 93,70",
"03/07/2025  17:40:57,688","   211250000"," ","13","  60,3","      999375","      102388"," 93,00",
"03/07/2025  17:40:57,688","   471250000"," ","14","  24,3","      999375","       -2292"," 93,70",
"03/07/2025  17:40:57,688","   477250000"," ","15","  30,3","      999375","     -102554"," 93,40",
"03/07/2025  17:40:57,688","   483250000"," ","16","  24,9","      999375","       -6146"," 96,20",
"03/07/2025  17:40:57,688","   513250000"," ","21","  26,5","      999375","        5095"," 95,90",
"03/07/2025  17:40:57,688","   519250000","ECOTEL","22","  82,4","       93750","         933"," 37,40",
"03/07/2025  17:40:57,688","   525250000"," ","23","  29,1","      999375","       -4209"," 93,60",
"03/07/2025  17:40:57,688","   531250000","TELERAMA","24","  27,5","      999375","        6251"," 94,50",
"03/07/2025  17:40:57,688","   537250000","PLUS TV","25","  69,6","       47500","        4527"," 24,90",
"03/07/2025  17:40:57,688","   543250000","CANAL UNO","26","  29,9","      999375","       17170"," 96,20",
"03/07/2025  17:40:57,688","   549250000"," ","27","  28,9","      999375","         834"," 92,80",
"03/07/2025  17:40:57,688","   555250000"," ","28","  39,9","      999375","        4247"," 93,70",
"03/07/2025  17:40:57,688","   561250000"," ","29","  43,4","      999375","        2240"," 92,90",
"03/07/2025  17:40:57,688","   567250000","TELEATAHUALPA (RTU)","30","  38,4","      999375","      -10001"," 97,40",
"03/07/2025  17:40:57,688","   573250000"," ","31","  36,3","      999375","       -8596"," 96,00",
"03/07/2025  17:40:57,688","   579250000","TELEVICENTRO TVC","32","  80,2","      125000","        1488"," 61,20",
"03/07/2025  17:40:57,688","   585250000"," ","33","  36,0","      999375","        -671"," 95,90",
"03/07/2025  17:40:57,688","   591250000","UCSG TELEVISION","34","  33,4","      999375","        1547"," 96,60",
"03/07/2025  17:40:57,688","   603250000","OROMAR","36","  32,0","      999375","         415"," 95,30",
"03/07/2025  17:40:57,688","   615250000"," ","38","  34,6","      999375","        3541"," 97,40",
"03/07/2025  17:40:57,688","   621250000","CANAL SUR - TELEVISION MUN","39","  69,5","      188750","          48"," 59,90",
"03/07/2025  17:40:57,688","   627250000"," ","40","  36,6","      999375","          49"," 96,70",
"03/07/2025  17:40:57,688","   633250000"," ","41","  33,6","      999375","         279"," 92,20",
"03/07/2025  17:40:57,688","   639250000"," ","42","  38,1","      999375","       53316"," 94,90",
"03/07/2025  17:40:57,688","   645250000"," ","43","  34,1","      999375","         797","100,00",
"03/07/2025  17:40:57,688","   651250000"," ","44","  36,1","      999375","        2078"," 91,50",
"03/07/2025  17:40:57,688","   657250000"," ","45","  36,3","      999375","        5118"," 95,80",
"03/07/2025  17:40:57,688","   663250000"," ","46","  36,4","      999375","        1810"," 95,60",
"03/07/2025  17:40:57,688","   669250000"," ","47","  38,4","      999375","        4197"," 95,40",
"03/07/2025  17:40:57,688","   675250000"," ","48","  39,3","      999375","        2723"," 94,70",
"03/07/2025  17:40:57,688","   681250000"," ","49","  44,9","      999375","      101387"," 89,80",
"03/07/2025  17:40:57,688","   687250000"," ","50","  50,6","      999375","        3188"," 98,10",
"03/07/2025  17:40:57,688","   693250000"," ","51","  55,9","      999375","        7029"," 97,20",
"03/07/2025  17:41:49,131","    55250000","CORPORACION ECUATORIANA DE","2","  91,9","      156875","           2"," 19,00",
"03/07/2025  17:41:49,131","    61250000"," ","3","  41,7","      999375","      -15702"," 96,50",
"03/07/2025  17:41:49,131","    67250000","UV TELEVISION","4","  92,3","      266875","         189"," 83,40",
"03/07/2025  17:41:49,131","    77250000","TELEAMAZONAS","5","  86,8","       63125","          13"," 35,70",
"03/07/2025  17:41:49,131","    83250000"," ","6","  63,7","      999375","      -11733"," 95,50",
"03/07/2025  17:41:49,131","   175250000","ECUADOR TV","7","  93,0","      125625","         -16"," 76,40",
"03/07/2025  17:41:49,131","   181250000","CADENA ECUATORIANA DE TELE","8","  77,9","      834375","        1015"," 61,50",
"03/07/2025  17:41:49,131","   187250000","RED TELESISTEMA (R.T.S)","9","  91,4","       78125","        -153"," 31,50",
"03/07/2025  17:41:49,131","   193250000"," ","10","  71,9","      998125","       99326"," 96,20",
"03/07/2025  17:41:49,131","   199250000","TELEVISION DEL PACIFICO","11","  71,7","      999375","      107071"," 90,60",
"03/07/2025  17:41:49,131","   205250000"," ","12","  62,2","      877500","       99643"," 95,80",
"03/07/2025  17:41:49,131","   211250000"," ","13","  59,6","      900625","      116649"," 93,90",
"03/07/2025  17:41:49,131","   471250000"," ","14","  25,3","      999375","       -3012"," 97,40",
"03/07/2025  17:41:49,131","   477250000"," ","15","  29,0","      999375","      -90166"," 91,70",
"03/07/2025  17:41:49,131","   483250000"," ","16","  25,8","      999375","        2353"," 96,60",
"03/07/2025  17:41:49,131","   513250000"," ","21","  27,3","      999375","        5046"," 93,90",
"03/07/2025  17:41:49,131","   519250000","ECOTEL","22","  82,7","       78125","         935"," 16,50",
"03/07/2025  17:41:49,131","   525250000"," ","23","  28,5","      999375","       -8457"," 94,10",
"03/07/2025  17:41:49,131","   531250000","TELERAMA","24","  28,1","      999375","       16247"," 96,40",
"03/07/2025  17:41:49,131","   537250000","PLUS TV","25","  69,3","       31875","        4532"," 29,00",
"03/07/2025  17:41:49,131","   543250000","CANAL UNO","26","  29,0","      999375","       10833"," 95,60",
"03/07/2025  17:41:49,131","   549250000"," ","27","  29,6","      999375","        2327"," 97,30",
"03/07/2025  17:41:49,131","   555250000"," ","28","  40,2","      999375","        5090"," 89,20",
"03/07/2025  17:41:49,131","   561250000"," ","29","  42,1","      999375","         914"," 93,00",
"03/07/2025  17:41:49,131","   567250000","TELEATAHUALPA (RTU)","30","  37,1","      999375","      -10919"," 95,80",
"03/07/2025  17:41:49,131","   573250000"," ","31","  35,6","      999375","        -904"," 92,90",
"03/07/2025  17:41:49,131","   579250000","TELEVICENTRO TVC","32","  79,4","       78125","        1493"," 24,30",
"03/07/2025  17:41:49,131","   585250000"," ","33","  33,3","      999375","       -2983"," 97,10",
"03/07/2025  17:41:49,131","   591250000","UCSG TELEVISION","34","  32,6","      999375","       -4441"," 94,90",
"03/07/2025  17:41:49,131","   603250000","OROMAR","36","  33,9","      999375","         862"," 96,80",
"03/07/2025  17:41:49,131","   615250000"," ","38","  36,0","      999375","        2712"," 95,80",
"03/07/2025  17:41:49,131","   621250000","CANAL SUR - TELEVISION MUN","39","  69,1","      188125","          60"," 65,00",
"03/07/2025  17:41:49,131","   627250000"," ","40","  33,1","      999375","        1135"," 96,90",
"03/07/2025  17:41:49,131","   633250000"," ","41","  34,6","      999375","        2814"," 95,60",
"03/07/2025  17:41:49,131","   639250000"," ","42","  37,5","      999375","       81268"," 95,80",
"03/07/2025  17:41:49,131","   645250000"," ","43","  35,0","      999375","        -944"," 94,40",
"03/07/2025  17:41:49,131","   651250000"," ","44","  36,8","      999375","        2369"," 94,10",
"03/07/2025  17:41:49,131","   657250000"," ","45","  36,5","      999375","        1272"," 95,10",
"03/07/2025  17:41:49,131","   663250000"," ","46","  37,3","      999375","         307"," 93,60",
"03/07/2025  17:41:49,131","   669250000"," ","47","  38,3","      999375","        8125"," 94,30",
"03/07/2025  17:41:49,131","   675250000"," ","48","  38,4","      999375","        7876"," 92,50",
"03/07/2025  17:41:49,131","   681250000"," ","49","  45,5","      999375","      101063"," 86,10",
"03/07/2025  17:41:49,131","   687250000"," ","50","  51,5","      999375","        -287"," 98,80",
"03/07/2025  17:41:49,131","   693250000"," ","51","  55,3","      999375","        5693"," 98,50",
"04/07/2025  7:20:03,847","    55250000","CORPORACION ECUATORIANA DE","2","  92,6","      188125","         -40"," 93,80",
"04/07/2025  7:20:03,847","    61250000"," ","3","  38,7","      999375","      -20131"," 95,40",
"04/07/2025  7:20:03,847","    67250000","UV TELEVISION","4","  92,5","      172500","         180"," 70,90",
"04/07/2025  7:20:03,847","    77250000","TELEAMAZONAS","5","  81,9","      125625","          14"," 40,40",
"04/07/2025  7:20:03,847","    83250000"," ","6","  60,6","      999375","      -65023"," 99,00",
"04/07/2025  7:20:03,847","   175250000","ECUADOR TV","7","  94,5","      125625","         -16"," 60,20",
"04/07/2025  7:20:03,847","   181250000","CADENA ECUATORIANA DE TELE","8","  76,4","      712500","         556"," 51,70",
"04/07/2025  7:20:03,847","   187250000","RED TELESISTEMA (R.T.S)","9","  87,9","       94375","         -41"," 65,10",
"04/07/2025  7:20:03,847","   193250000"," ","10","  70,1","      915625","      109453"," 94,50",
"04/07/2025  7:20:03,847","   199250000","TELEVISION DEL PACIFICO","11","  69,7","      999375","      108173"," 95,80",
"04/07/2025  7:20:03,847","   205250000"," ","12","  62,6","      930625","      111914"," 95,30",
"04/07/2025  7:20:03,847","   211250000"," ","13","  59,2","      999375","      106107"," 96,30",
"04/07/2025  7:20:03,847","   471250000"," ","14","  23,9","      999375","        3122"," 96,00",
"04/07/2025  7:20:03,847","   477250000"," ","15","  29,6","      999375","      -75778"," 92,50",
"04/07/2025  7:20:03,847","   483250000"," ","16","  24,8","      999375","          -4"," 97,10",
"04/07/2025  7:20:03,847","   513250000"," ","21","  26,2","      999375","        1772"," 94,00",
"04/07/2025  7:20:03,847","   519250000","ECOTEL","22","  83,4","      251250","         921"," 77,00",
"04/07/2025  7:20:03,847","   525250000"," ","23","  29,1","      999375","      -19446"," 92,20",
"04/07/2025  7:20:03,847","   531250000","TELERAMA","24","  29,8","      999375","       23086"," 96,90",
"04/07/2025  7:20:03,847","   537250000","PLUS TV","25","  69,4","      126250","        4680"," 39,40",
"04/07/2025  7:20:03,847","   543250000","CANAL UNO","26","  31,2","      999375","        2510"," 94,90",
"04/07/2025  7:20:03,847","   549250000"," ","27","  27,6","      999375","        4976"," 92,00",
"04/07/2025  7:20:03,847","   555250000"," ","28","  39,3","      999375","        5437"," 93,20",
"04/07/2025  7:20:03,847","   561250000"," ","29","  42,0","      999375","       -1252"," 95,50",
"04/07/2025  7:20:03,847","   567250000","TELEATAHUALPA (RTU)","30","  39,3","      999375","       -5890"," 95,60",
"04/07/2025  7:20:03,847","   573250000"," ","31","  36,1","      999375","       -5418"," 95,90",
"04/07/2025  7:20:03,847","   579250000","TELEVICENTRO TVC","32","  79,7","      125625","        1759"," 51,80",
"04/07/2025  7:20:03,847","   585250000"," ","33","  33,0","      999375","       15622"," 96,40",
"04/07/2025  7:20:03,847","   591250000","UCSG TELEVISION","34","  30,4","      999375","       -3143"," 96,50",
"04/07/2025  7:20:03,847","   603250000","OROMAR","36","  31,0","      999375","        1144"," 94,90",
"04/07/2025  7:20:03,847","   615250000"," ","38","  32,0","      999375","         238"," 93,50",
"04/07/2025  7:20:03,847","   621250000","CANAL SUR - TELEVISION MUN","39","  67,4","      196250","          48"," 77,10",
"04/07/2025  7:20:03,847","   627250000"," ","40","  32,9","      999375","        5215"," 93,80",
"04/07/2025  7:20:03,847","   633250000"," ","41","  33,7","      999375","       -2613"," 94,10",
"04/07/2025  7:20:03,847","   639250000"," ","42","  38,8","      999375","       60735"," 94,30",
"04/07/2025  7:20:03,847","   645250000"," ","43","  34,9","      999375","        -916"," 96,00",
"04/07/2025  7:20:03,847","   651250000"," ","44","  36,1","      999375","        2067"," 93,30",
"04/07/2025  7:20:03,847","   657250000"," ","45","  37,4","      999375","         451"," 95,60",
"04/07/2025  7:20:03,847","   663250000"," ","46","  36,5","      999375","        2487"," 93,00",
"04/07/2025  7:20:03,847","   669250000"," ","47","  38,5","      999375","        2489"," 94,10",
"04/07/2025  7:20:03,847","   675250000"," ","48","  36,9","      999375","         403"," 93,50",
"04/07/2025  7:20:03,847","   681250000"," ","49","  45,4","      999375","       99142"," 62,80",
"04/07/2025  7:20:03,847","   687250000"," ","50","  51,6","      999375","         -93"," 97,00",
"04/07/2025  7:20:03,847","   693250000"," ","51","  51,8","      999375","        -817"," 98,60",
"04/07/2025  7:20:57,642","    55250000","CORPORACION ECUATORIANA DE","2","  92,2","      188750","         -30"," 81,30",
"04/07/2025  7:20:57,642","    61250000"," ","3","  41,6","      999375","      -10373"," 95,40",
"04/07/2025  7:20:57,642","    67250000","UV TELEVISION","4","  92,8","      156875","         169"," 57,70",
"04/07/2025  7:20:57,642","    77250000","TELEAMAZONAS","5","  84,4","      125625","           9"," 43,90",
"04/07/2025  7:20:57,642","    83250000"," ","6","  61,1","      999375","      -62050"," 95,20",
"04/07/2025  7:20:57,642","   175250000","ECUADOR TV","7","  94,6","      141250","       -1069"," 74,00",
"04/07/2025  7:20:57,642","   181250000","CADENA ECUATORIANA DE TELE","8","  76,1","      794375","        3809"," 94,20",
"04/07/2025  7:20:57,642","   187250000","RED TELESISTEMA (R.T.S)","9","  88,4","      125625","        -174"," 47,00",
"04/07/2025  7:20:57,642","   193250000"," ","10","  67,3","      913125","      113200"," 92,30",
"04/07/2025  7:20:57,642","   199250000","TELEVISION DEL PACIFICO","11","  69,3","      999375","      111901"," 96,20",
"04/07/2025  7:20:57,642","   205250000"," ","12","  62,9","      922500","      133280"," 91,10",
"04/07/2025  7:20:57,642","   211250000"," ","13","  61,3","      999375","       93368"," 93,90",
"04/07/2025  7:20:57,642","   471250000"," ","14","  25,1","      999375","        2231"," 96,70",
"04/07/2025  7:20:57,642","   477250000"," ","15","  29,1","      999375","      -98579"," 85,90",
"04/07/2025  7:20:57,642","   483250000"," ","16","  24,8","      999375","       -2033"," 97,60",
"04/07/2025  7:20:57,642","   513250000"," ","21","  27,3","      999375","       -1105"," 95,20",
"04/07/2025  7:20:57,642","   519250000","ECOTEL","22","  82,6","      251250","         927"," 78,70",
"04/07/2025  7:20:57,642","   525250000"," ","23","  33,1","      999375","         979"," 97,20",
"04/07/2025  7:20:57,642","   531250000","TELERAMA","24","  28,7","      999375","       -5853"," 93,90",
"04/07/2025  7:20:57,642","   537250000","PLUS TV","25","  67,5","      125000","        4682"," 58,00",
"04/07/2025  7:20:57,642","   543250000","CANAL UNO","26","  29,7","      999375","        7068"," 97,20",
"04/07/2025  7:20:57,642","   549250000"," ","27","  29,1","      999375","        1862"," 97,20",
"04/07/2025  7:20:57,642","   555250000"," ","28","  36,6","      999375","       -2454"," 97,90",
"04/07/2025  7:20:57,642","   561250000"," ","29","  39,9","      999375","       -1223"," 91,80",
"04/07/2025  7:20:57,642","   567250000","TELEATAHUALPA (RTU)","30","  40,0","      999375","       -8630"," 95,10",
"04/07/2025  7:20:57,642","   573250000"," ","31","  37,1","      999375","       -2440"," 96,40",
"04/07/2025  7:20:57,642","   579250000","TELEVICENTRO TVC","32","  79,9","      141250","        1760"," 48,90",
"04/07/2025  7:20:57,642","   585250000"," ","33","  41,1","      999375","        3733"," 97,90",
"04/07/2025  7:20:57,642","   591250000","UCSG TELEVISION","34","  33,6","      999375","       13541"," 96,20",
"04/07/2025  7:20:57,642","   603250000","OROMAR","36","  32,7","      999375","        3915"," 95,40",
"04/07/2025  7:20:57,642","   615250000"," ","38","  34,8","      999375","         421"," 97,40",
"04/07/2025  7:20:57,642","   621250000","CANAL SUR - TELEVISION MUN","39","  68,6","      235625","          54"," 89,50",
"04/07/2025  7:20:57,642","   627250000"," ","40","  32,8","      999375","        3950"," 95,70",
"04/07/2025  7:20:57,642","   633250000"," ","41","  33,4","      999375","        -588"," 99,20",
"04/07/2025  7:20:57,642","   639250000"," ","42","  37,0","      999375","       80127"," 93,00",
"04/07/2025  7:20:57,642","   645250000"," ","43","  34,8","      999375","        1404"," 93,50",
"04/07/2025  7:20:57,642","   651250000"," ","44","  36,4","      999375","       -2112"," 94,20",
"04/07/2025  7:20:57,642","   657250000"," ","45","  36,3","      999375","         279"," 93,90",
"04/07/2025  7:20:57,642","   663250000"," ","46","  36,9","      999375","        1014"," 95,10",
"04/07/2025  7:20:57,642","   669250000"," ","47","  38,4","      999375","        4514"," 94,70",
"04/07/2025  7:20:57,642","   675250000"," ","48","  39,8","      999375","       -2103"," 95,80",
"04/07/2025  7:20:57,642","   681250000"," ","49","  45,2","      999375","      100064"," 82,50",
"04/07/2025  7:20:57,642","   687250000"," ","50","  50,0","      999375","         867"," 98,20",
"04/07/2025  7:20:57,642","   693250000"," ","51","  55,0","      999375","          77"," 98,40",
"04/07/2025  7:21:49,125","    55250000","CORPORACION ECUATORIANA DE","2","  92,6","      220000","         -27"," 87,30",
"04/07/2025  7:21:49,125","    61250000"," ","3","  39,6","      999375","       -9443"," 97,70",
"04/07/2025  7:21:49,125","    67250000","UV TELEVISION","4","  91,8","      157500","         204"," 35,80",
"04/07/2025  7:21:49,125","    77250000","TELEAMAZONAS","5","  78,7","       63125","          10"," 68,40",
"04/07/2025  7:21:49,125","    83250000"," ","6","  59,6","      999375","      -55138"," 94,10",
"04/07/2025  7:21:49,125","   175250000","ECUADOR TV","7","  94,4","      125625","         -16"," 59,50",
"04/07/2025  7:21:49,125","   181250000","CADENA ECUATORIANA DE TELE","8","  76,5","      761875","         502"," 56,50",
"04/07/2025  7:21:49,125","   187250000","RED TELESISTEMA (R.T.S)","9","  88,7","       63125","        -185"," 49,10",
"04/07/2025  7:21:49,125","   193250000"," ","10","  68,5","      898750","      108180"," 95,00",
"04/07/2025  7:21:49,125","   199250000","TELEVISION DEL PACIFICO","11","  69,2","      998125","       98528"," 96,20",
"04/07/2025  7:21:49,125","   205250000"," ","12","  62,8","      998750","      112217"," 95,50",
"04/07/2025  7:21:49,125","   211250000"," ","13","  57,8","      999375","      108239"," 95,20",
"04/07/2025  7:21:49,125","   471250000"," ","14","  25,9","      999375","       -3538"," 95,20",
"04/07/2025  7:21:49,125","   477250000"," ","15","  29,8","      999375","      -54696"," 94,50",
"04/07/2025  7:21:49,125","   483250000"," ","16","  51,2","      999375","        1917"," 99,70",
"04/07/2025  7:21:49,125","   513250000"," ","21","  26,3","      999375","        2004"," 95,60",
"04/07/2025  7:21:49,125","   519250000","ECOTEL","22","  83,9","      251250","         921"," 67,90",
"04/07/2025  7:21:49,125","   525250000"," ","23","  28,4","      999375","      -28008"," 93,30",
"04/07/2025  7:21:49,125","   531250000","TELERAMA","24","  28,4","      999375","       19611"," 96,70",
"04/07/2025  7:21:49,125","   537250000","PLUS TV","25","  69,0","       63750","        4683"," 38,80",
"04/07/2025  7:21:49,125","   543250000","CANAL UNO","26","  29,6","      999375","        7695"," 96,40",
"04/07/2025  7:21:49,125","   549250000"," ","27","  29,6","      999375","       -1126"," 97,40",
"04/07/2025  7:21:49,125","   555250000"," ","28","  37,8","      999375","        3401"," 93,50",
"04/07/2025  7:21:49,125","   561250000"," ","29","  40,2","      999375","       -5479"," 93,70",
"04/07/2025  7:21:49,125","   567250000","TELEATAHUALPA (RTU)","30","  41,0","      999375","      -10192"," 94,50",
"04/07/2025  7:21:49,125","   573250000"," ","31","  41,1","      999375","       -7071"," 97,10",
"04/07/2025  7:21:49,125","   579250000","TELEVICENTRO TVC","32","  79,8","      110000","        1755"," 78,60",
"04/07/2025  7:21:49,125","   585250000"," ","33","  40,7","      999375","       11675"," 97,50",
"04/07/2025  7:21:49,125","   591250000","UCSG TELEVISION","34","  32,9","      999375","        -226"," 97,40",
"04/07/2025  7:21:49,125","   603250000","OROMAR","36","  31,4","      999375","       -2918"," 93,00",
"04/07/2025  7:21:49,125","   615250000"," ","38","  32,9","      999375","       -5473"," 95,10",
"04/07/2025  7:21:49,125","   621250000","CANAL SUR - TELEVISION MUN","39","  69,8","      220000","        -732"," 93,80",
"04/07/2025  7:21:49,125","   627250000"," ","40","  34,4","      999375","        4954"," 96,40",
"04/07/2025  7:21:49,125","   633250000"," ","41","  34,7","      999375","        2005"," 95,70",
"04/07/2025  7:21:49,125","   639250000"," ","42","  38,3","      999375","       79346"," 88,80",
"04/07/2025  7:21:49,125","   645250000"," ","43","  34,4","      999375","        5353"," 93,30",
"04/07/2025  7:21:49,125","   651250000"," ","44","  35,5","      999375","       -3802"," 93,60",
"04/07/2025  7:21:49,125","   657250000"," ","45","  37,5","      999375","        1897"," 94,60",
"04/07/2025  7:21:49,125","   663250000"," ","46","  36,9","      999375","        1674"," 95,10",
"04/07/2025  7:21:49,125","   669250000"," ","47","  38,8","      999375","        2271"," 94,30",
"04/07/2025  7:21:49,125","   675250000"," ","48","  39,1","      999375","        3916"," 96,20",
"04/07/2025  7:21:49,125","   681250000"," ","49","  46,4","      999375","      105988"," 90,70",
"04/07/2025  7:21:49,125","   687250000"," ","50","  49,1","      999375","        4386"," 97,60",
"04/07/2025  7:21:49,125","   693250000"," ","51","  54,7","      999375","        2268"," 97,90",
"04/07/2025  17:40:03,953","    55250000","CORPORACION ECUATORIANA DE","2","  92,9","      125625","         -16"," 40,00",
"04/07/2025  17:40:03,953","    61250000"," ","3","  40,1","      999375","      -37844"," 96,10",
"04/07/2025  17:40:03,953","    67250000","UV TELEVISION","4","  94,4","      157500","         187"," 70,10",
"04/07/2025  17:40:03,953","    77250000","TELEAMAZONAS","5","  80,5","       94375","          12"," 46,40",
"04/07/2025  17:40:03,953","    83250000"," ","6","  63,5","      999375","      -16980"," 95,10",
"04/07/2025  17:40:03,953","   175250000","ECUADOR TV","7","  93,8","      156875","         -16"," 77,50",
"04/07/2025  17:40:03,953","   181250000","CADENA ECUATORIANA DE TELE","8","  80,6","      828750","        2421"," 95,10",
"04/07/2025  17:40:03,953","   187250000","RED TELESISTEMA (R.T.S)","9","  89,8","      156875","        -169"," 54,50",
"04/07/2025  17:40:03,953","   193250000"," ","10","  70,6","      999375","      112049"," 92,30",
"04/07/2025  17:40:03,953","   199250000","TELEVISION DEL PACIFICO","11","  70,4","      999375","      109623"," 92,70",
"04/07/2025  17:40:03,953","   205250000"," ","12","  64,5","      999375","       96648"," 95,30",
"04/07/2025  17:40:03,953","   211250000"," ","13","  58,5","      999375","      114083"," 93,30",
"04/07/2025  17:40:03,953","   471250000"," ","14","  28,4","      999375","       -5721"," 95,80",
"04/07/2025  17:40:03,953","   477250000"," ","15","  30,1","      999375","      -61290"," 94,20",
"04/07/2025  17:40:03,953","   483250000"," ","16","  25,4","      999375","        1260"," 95,60",
"04/07/2025  17:40:03,953","   513250000"," ","21","  29,6","      999375","       37255"," 97,90",
"04/07/2025  17:40:03,953","   519250000","ECOTEL","22","  82,5","      110000","        1003"," 40,90",
"04/07/2025  17:40:03,953","   525250000"," ","23","  42,0","      999375","      -35667"," 99,00",
"04/07/2025  17:40:03,953","   531250000","TELERAMA","24","  28,1","      999375","       31705"," 94,10",
"04/07/2025  17:40:03,953","   537250000","PLUS TV","25","  67,5","        1875","        4459"," 18,40",
"04/07/2025  17:40:03,953","   543250000","CANAL UNO","26","  27,9","      999375","        8300"," 96,00",
"04/07/2025  17:40:03,953","   549250000"," ","27","  29,0","      999375","        1637"," 94,40",
"04/07/2025  17:40:03,953","   555250000"," ","28","  41,3","      999375","        2675"," 94,10",
"04/07/2025  17:40:03,953","   561250000"," ","29","  42,0","      999375","        4466"," 93,40",
"04/07/2025  17:40:03,953","   567250000","TELEATAHUALPA (RTU)","30","  39,4","      999375","       -9303"," 93,00",
"04/07/2025  17:40:03,953","   573250000"," ","31","  36,2","      999375","       -5940"," 95,10",
"04/07/2025  17:40:03,953","   579250000","TELEVICENTRO TVC","32","  80,3","      172500","        1470"," 67,60",
"04/07/2025  17:40:03,953","   585250000"," ","33","  36,5","      999375","         343"," 96,00",
"04/07/2025  17:40:03,953","   591250000","UCSG TELEVISION","34","  33,5","      999375","        2158"," 94,60",
"04/07/2025  17:40:03,953","   603250000","OROMAR","36","  32,7","      999375","          17"," 94,50",
"04/07/2025  17:40:03,953","   615250000"," ","38","  35,0","      999375","       -3189"," 95,60",
"04/07/2025  17:40:03,953","   621250000","CANAL SUR - TELEVISION MUN","39","  72,4","      173125","          49"," 47,50",
"04/07/2025  17:40:03,953","   627250000"," ","40","  32,4","      999375","       -1217"," 94,70",
"04/07/2025  17:40:03,953","   633250000"," ","41","  33,8","      999375","       -7219"," 94,20",
"04/07/2025  17:40:03,953","   639250000"," ","42","  37,9","      999375","       73906"," 90,70",
"04/07/2025  17:40:03,953","   645250000"," ","43","  35,1","      999375","       -1262"," 95,80",
"04/07/2025  17:40:03,953","   651250000"," ","44","  35,9","      999375","        1793"," 95,00",
"04/07/2025  17:40:03,953","   657250000"," ","45","  40,3","      999375","        3352"," 96,60",
"04/07/2025  17:40:03,953","   663250000"," ","46","  37,4","      999375","        3224"," 95,70",
"04/07/2025  17:40:03,953","   669250000"," ","47","  38,8","      999375","        7269"," 97,40",
"04/07/2025  17:40:03,953","   675250000"," ","48","  39,4","      999375","        2767"," 95,70",
"04/07/2025  17:40:03,953","   681250000"," ","49","  47,5","      999375","       96405"," 74,50",
"04/07/2025  17:40:03,953","   687250000"," ","50","  52,9","      999375","        -612"," 94,90",
"04/07/2025  17:40:03,953","   693250000"," ","51","  57,7","      999375","       -1630"," 97,20",
"04/07/2025  17:40:57,747","    55250000","CORPORACION ECUATORIANA DE","2","  93,0","       78125","          -5"," 40,30",
"04/07/2025  17:40:57,747","    61250000"," ","3","  42,7","      999375","       -2054"," 96,30",
"04/07/2025  17:40:57,747","    67250000","UV TELEVISION","4","  94,0","      157500","         180"," 80,90",
"04/07/2025  17:40:57,747","    77250000","TELEAMAZONAS","5","  78,9","       78750","          11"," 44,30",
"04/07/2025  17:40:57,747","    83250000"," ","6","  63,2","      999375","      -26462"," 94,30",
"04/07/2025  17:40:57,747","   175250000","ECUADOR TV","7","  93,6","      250625","         -16"," 96,10",
"04/07/2025  17:40:57,747","   181250000","CADENA ECUATORIANA DE TELE","8","  81,0","      808750","        4258"," 93,00",
"04/07/2025  17:40:57,747","   187250000","RED TELESISTEMA (R.T.S)","9","  90,1","       93750","        -183"," 35,70",
"04/07/2025  17:40:57,747","   193250000"," ","10","  70,9","      923125","      107093"," 93,00",
"04/07/2025  17:40:57,747","   199250000","TELEVISION DEL PACIFICO","11","  71,3","      999375","      108160"," 94,70",
"04/07/2025  17:40:57,747","   205250000"," ","12","  61,1","      999375","      107428"," 96,00",
"04/07/2025  17:40:57,747","   211250000"," ","13","  59,9","      998125","       74120"," 94,40",
"04/07/2025  17:40:57,747","   471250000"," ","14","  24,0","      999375","       -1187"," 94,00",
"04/07/2025  17:40:57,747","   477250000"," ","15","  30,6","      999375","      -82176"," 95,10",
"04/07/2025  17:40:57,747","   483250000"," ","16","  26,0","      999375","         859"," 93,90",
"04/07/2025  17:40:57,747","   513250000"," ","21","  31,7","      999375","       25390"," 97,10",
"04/07/2025  17:40:57,747","   519250000","ECOTEL","22","  82,5","       48750","        1002"," 38,10",
"04/07/2025  17:40:57,747","   525250000"," ","23","  29,6","      999375","      -14175"," 95,00",
"04/07/2025  17:40:57,747","   531250000","TELERAMA","24","  28,8","      999375","        4639"," 96,00",
"04/07/2025  17:40:57,747","   537250000","PLUS TV","25","  67,7","        1875","        4461"," 19,80",
"04/07/2025  17:40:57,747","   543250000","CANAL UNO","26","  31,0","      999375","       11670"," 95,90",
"04/07/2025  17:40:57,747","   549250000"," ","27","  29,6","      999375","        3968"," 95,90",
"04/07/2025  17:40:57,747","   555250000"," ","28","  41,6","      999375","         758"," 96,00",
"04/07/2025  17:40:57,747","   561250000"," ","29","  42,9","      999375","       -6408"," 97,00",
"04/07/2025  17:40:57,747","   567250000","TELEATAHUALPA (RTU)","30","  40,8","      999375","       -5657"," 96,20",
"04/07/2025  17:40:57,747","   573250000"," ","31","  35,7","      999375","       -7930"," 94,70",
"04/07/2025  17:40:57,747","   579250000","TELEVICENTRO TVC","32","  80,8","      110000","        1474"," 34,60",
"04/07/2025  17:40:57,747","   585250000"," ","33","  37,2","      999375","        1255"," 97,00",
"04/07/2025  17:40:57,747","   591250000","UCSG TELEVISION","34","  32,8","      999375","        4706"," 95,90",
"04/07/2025  17:40:57,747","   603250000","OROMAR","36","  33,7","      999375","       -1180"," 95,60",
"04/07/2025  17:40:57,747","   615250000"," ","38","  36,1","      999375","        -306"," 97,30",
"04/07/2025  17:40:57,747","   621250000","CANAL SUR - TELEVISION MUN","39","  71,5","      172500","          52"," 70,00",
"04/07/2025  17:40:57,747","   627250000"," ","40","  33,2","      999375","         574"," 91,50",
"04/07/2025  17:40:57,747","   633250000"," ","41","  33,8","      999375","         978"," 97,10",
"04/07/2025  17:40:57,747","   639250000"," ","42","  40,4","      999375","       73242"," 96,20",
"04/07/2025  17:40:57,747","   645250000"," ","43","  36,3","      999375","        2418"," 93,40",
"04/07/2025  17:40:57,747","   651250000"," ","44","  38,0","      999375","        1487"," 95,80",
"04/07/2025  17:40:57,747","   657250000"," ","45","  36,5","      999375","         352"," 94,80",
"04/07/2025  17:40:57,747","   663250000"," ","46","  37,6","      999375","        1649"," 94,10",
"04/07/2025  17:40:57,747","   669250000"," ","47","  40,0","      999375","        5580"," 96,60",
"04/07/2025  17:40:57,747","   675250000"," ","48","  39,9","      999375","        3919"," 95,60",
"04/07/2025  17:40:57,747","   681250000"," ","49","  46,2","      999375","      105963"," 91,20",
"04/07/2025  17:40:57,747","   687250000"," ","50","  54,8","      999375","        2851"," 98,80",
"04/07/2025  17:40:57,747","   693250000"," ","51","  53,2","      999375","        1442"," 97,90",
"04/07/2025  17:41:49,246","    55250000","CORPORACION ECUATORIANA DE","2","  93,1","      156875","         -21"," 94,80",
"04/07/2025  17:41:49,246","    61250000"," ","3","  43,4","      999375","      -11616"," 92,20",
"04/07/2025  17:41:49,246","    67250000","UV TELEVISION","4","  94,4","      141250","         181"," 73,20",
"04/07/2025  17:41:49,246","    77250000","TELEAMAZONAS","5","  81,6","       63125","          11"," 37,30",
"04/07/2025  17:41:49,246","    83250000"," ","6","  61,4","      999375","      -27962"," 96,60",
"04/07/2025  17:41:49,246","   175250000","ECUADOR TV","7","  94,0","      158125","         -16"," 84,20",
"04/07/2025  17:41:49,246","   181250000","CADENA ECUATORIANA DE TELE","8","  80,1","      870000","       18854"," 95,50",
"04/07/2025  17:41:49,246","   187250000","RED TELESISTEMA (R.T.S)","9","  90,0","      125000","        -220"," 17,20",
"04/07/2025  17:41:49,246","   193250000"," ","10","  71,9","      999375","       87671"," 95,40",
"04/07/2025  17:41:49,246","   199250000","TELEVISION DEL PACIFICO","11","  71,2","      999375","      111815"," 92,60",
"04/07/2025  17:41:49,246","   205250000"," ","12","  61,9","      999375","      107641"," 94,10",
"04/07/2025  17:41:49,246","   211250000"," ","13","  60,0","      996250","       89275"," 91,80",
"04/07/2025  17:41:49,246","   471250000"," ","14","  24,5","      999375","        4462"," 97,10",
"04/07/2025  17:41:49,246","   477250000"," ","15","  30,9","      999375","      -67374"," 92,40",
"04/07/2025  17:41:49,246","   483250000"," ","16","  24,8","      999375","         647"," 95,60",
"04/07/2025  17:41:49,246","   513250000"," ","21","  28,1","      999375","       24719"," 94,70",
"04/07/2025  17:41:49,246","   519250000","ECOTEL","22","  83,2","       48750","        1008"," 20,10",
"04/07/2025  17:41:49,246","   525250000"," ","23","  29,8","      999375","      -42797"," 94,70",
"04/07/2025  17:41:49,246","   531250000","TELERAMA","24","  27,5","      999375","        7181"," 96,00",
"04/07/2025  17:41:49,246","   537250000","PLUS TV","25","  68,7","        1875","        4458"," 15,70",
"04/07/2025  17:41:49,246","   543250000","CANAL UNO","26","  31,8","      999375","       11296"," 95,50",
"04/07/2025  17:41:49,246","   549250000"," ","27","  28,2","      999375","        2788"," 96,90",
"04/07/2025  17:41:49,246","   555250000"," ","28","  41,4","      999375","         810"," 94,50",
"04/07/2025  17:41:49,246","   561250000"," ","29","  40,2","      999375","        3607"," 95,40",
"04/07/2025  17:41:49,246","   567250000","TELEATAHUALPA (RTU)","30","  38,9","      999375","       -2514"," 96,80",
"04/07/2025  17:41:49,246","   573250000"," ","31","  36,6","      999375","       -4187"," 96,00",
"04/07/2025  17:41:49,246","   579250000","TELEVICENTRO TVC","32","  80,2","      330000","        1475"," 54,10",
"04/07/2025  17:41:49,246","   585250000"," ","33","  37,6","      999375","       -4019"," 96,30",
"04/07/2025  17:41:49,246","   591250000","UCSG TELEVISION","34","  31,6","      999375","       -2783"," 91,70",
"04/07/2025  17:41:49,246","   603250000","OROMAR","36","  32,9","      999375","       -1622"," 97,50",
"04/07/2025  17:41:49,246","   615250000"," ","38","  36,8","      999375","         -66"," 95,90",
"04/07/2025  17:41:49,246","   621250000","CANAL SUR - TELEVISION MUN","39","  71,7","      141250","          50"," 31,30",
"04/07/2025  17:41:49,246","   627250000"," ","40","  34,3","      999375","        2710"," 96,30",
"04/07/2025  17:41:49,246","   633250000"," ","41","  37,1","      999375","        4584"," 97,20",
"04/07/2025  17:41:49,246","   639250000"," ","42","  37,8","      999375","       76163"," 89,30",
"04/07/2025  17:41:49,246","   645250000"," ","43","  37,4","      999375","       -2277"," 96,20",
"04/07/2025  17:41:49,246","   651250000"," ","44","  37,2","      999375","        1071"," 96,30",
"04/07/2025  17:41:49,246","   657250000"," ","45","  38,1","      999375","        5578"," 95,90",
"04/07/2025  17:41:49,246","   663250000"," ","46","  37,4","      999375","        5846"," 96,10",
"04/07/2025  17:41:49,246","   669250000"," ","47","  38,6","      999375","        1103"," 95,50",
"04/07/2025  17:41:49,246","   675250000"," ","48","  38,8","      999375","        2775"," 97,00",
"04/07/2025  17:41:49,246","   681250000"," ","49","  48,3","      999375","       95337"," 95,80",
"04/07/2025  17:41:49,246","   687250000"," ","50","  55,0","      999375","        4682"," 93,00",
"04/07/2025  17:41:49,246","   693250000"," ","51","  52,2","      999375","        3568"," 97,10",
"05/07/2025  7:20:03,864","    55250000","CORPORACION ECUATORIANA DE","2","  92,4","      204375","         -41"," 92,20",
"05/07/2025  7:20:03,864","    61250000"," ","3","  42,1","      999375","      -10673"," 94,80",
"05/07/2025  7:20:03,864","    67250000","UV TELEVISION","4","  93,2","      140625","         171"," 70,00",
"05/07/2025  7:20:03,864","    77250000","TELEAMAZONAS","5","  89,9","       31875","          13"," 28,10",
"05/07/2025  7:20:03,864","    83250000"," ","6","  63,8","      999375","      -30966"," 96,00",
"05/07/2025  7:20:03,864","   175250000","ECUADOR TV","7","  93,9","      156875","         -17"," 74,30",
"05/07/2025  7:20:03,864","   181250000","CADENA ECUATORIANA DE TELE","8","  76,6","      858750","        6721"," 96,20",
"05/07/2025  7:20:03,864","   187250000","RED TELESISTEMA (R.T.S)","9","  89,8","       63125","        -236"," 39,30",
"05/07/2025  7:20:03,864","   193250000"," ","10","  70,1","      999375","      111555"," 93,20",
"05/07/2025  7:20:03,864","   199250000","TELEVISION DEL PACIFICO","11","  69,7","      999375","      113106"," 91,00",
"05/07/2025  7:20:03,864","   205250000"," ","12","  60,5","      940000","      102248"," 95,50",
"05/07/2025  7:20:03,864","   211250000"," ","13","  58,1","      999375","      120564"," 88,50",
"05/07/2025  7:20:03,864","   471250000"," ","14","  25,5","      999375","        4680"," 95,40",
"05/07/2025  7:20:03,864","   477250000"," ","15","  30,0","      999375","      -89525"," 94,50",
"05/07/2025  7:20:03,864","   483250000"," ","16","  29,6","      999375","        1230"," 97,10",
"05/07/2025  7:20:03,864","   513250000"," ","21","  29,0","      999375","       49419"," 96,70",
"05/07/2025  7:20:03,864","   519250000","ECOTEL","22","  83,3","       78125","         961"," 52,40",
"05/07/2025  7:20:03,864","   525250000"," ","23","  28,6","      999375","      -22722"," 95,40",
"05/07/2025  7:20:03,864","   531250000","TELERAMA","24","  27,8","      999375","         982"," 97,00",
"05/07/2025  7:20:03,864","   537250000","PLUS TV","25","  66,1","      173125","        4584"," 63,00",
"05/07/2025  7:20:03,864","   543250000","CANAL UNO","26","  29,4","      999375","        4843"," 97,20",
"05/07/2025  7:20:03,864","   549250000"," ","27","  28,4","      999375","        -803"," 96,30",
"05/07/2025  7:20:03,864","   555250000"," ","28","  39,5","      999375","        6455"," 95,00",
"05/07/2025  7:20:03,864","   561250000"," ","29","  41,6","      999375","       -3374"," 94,50",
"05/07/2025  7:20:03,864","   567250000","TELEATAHUALPA (RTU)","30","  39,1","      999375","       -5111"," 97,30",
"05/07/2025  7:20:03,864","   573250000"," ","31","  36,5","      999375","       -9290"," 96,20",
"05/07/2025  7:20:03,864","   579250000","TELEVICENTRO TVC","32","  80,1","      125625","        1651"," 35,60",
"05/07/2025  7:20:03,864","   585250000"," ","33","  39,4","      999375","        5548"," 95,70",
"05/07/2025  7:20:03,864","   591250000","UCSG TELEVISION","34","  32,0","      999375","        2364"," 96,70",
"05/07/2025  7:20:03,864","   603250000","OROMAR","36","  32,3","      999375","         337"," 95,20",
"05/07/2025  7:20:03,864","   615250000"," ","38","  32,8","      999375","        3349"," 95,40",
"05/07/2025  7:20:03,864","   621250000","CANAL SUR - TELEVISION MUN","39","  71,7","       65000","          55"," 28,00",
"05/07/2025  7:20:03,864","   627250000"," ","40","  34,1","      999375","        4476"," 96,40",
"05/07/2025  7:20:03,864","   633250000"," ","41","  43,5","      999375","         365"," 98,90",
"05/07/2025  7:20:03,864","   639250000"," ","42","  50,8","      999375","       40239"," 98,60",
"05/07/2025  7:20:03,864","   645250000"," ","43","  35,3","      999375","        3092"," 93,50",
"05/07/2025  7:20:03,864","   651250000"," ","44","  42,0","      999375","        4016"," 97,30",
"05/07/2025  7:20:03,864","   657250000"," ","45","  36,6","      999375","       -2551"," 95,20",
"05/07/2025  7:20:03,864","   663250000"," ","46","  36,8","      999375","        3899"," 97,30",
"05/07/2025  7:20:03,864","   669250000"," ","47","  38,7","      999375","        7066"," 94,30",
"05/07/2025  7:20:03,864","   675250000"," ","48","  39,8","      999375","        5772"," 96,40",
"05/07/2025  7:20:03,864","   681250000"," ","49","  45,7","      999375","       99678"," 91,90",
"05/07/2025  7:20:03,864","   687250000"," ","50","  49,1","      999375","        -318"," 96,80",
"05/07/2025  7:20:03,864","   693250000"," ","51","  53,7","      999375","        4328"," 98,00",
"05/07/2025  7:20:57,655","    55250000","CORPORACION ECUATORIANA DE","2","  92,5","      156875","         -18"," 89,50",
"05/07/2025  7:20:57,655","    61250000"," ","3","  39,9","      999375","      -18976"," 96,90",
"05/07/2025  7:20:57,655","    67250000","UV TELEVISION","4","  90,6","      141250","         177"," 69,10",
"05/07/2025  7:20:57,655","    77250000","TELEAMAZONAS","5","  88,4","      156875","           9"," 37,00",
"05/07/2025  7:20:57,655","    83250000"," ","6","  62,0","      999375","      -36299"," 92,40",
"05/07/2025  7:20:57,655","   175250000","ECUADOR TV","7","  94,1","      314375","         -17"," 89,40",
"05/07/2025  7:20:57,655","   181250000","CADENA ECUATORIANA DE TELE","8","  78,4","      881250","        3865"," 58,00",
"05/07/2025  7:20:57,655","   187250000","RED TELESISTEMA (R.T.S)","9","  90,2","       94375","        -181"," 56,80",
"05/07/2025  7:20:57,655","   193250000"," ","10","  70,2","      999375","      100073"," 90,80",
"05/07/2025  7:20:57,655","   199250000","TELEVISION DEL PACIFICO","11","  69,9","      999375","       98791"," 95,30",
"05/07/2025  7:20:57,655","   205250000"," ","12","  65,5","      940000","       49746"," 96,50",
"05/07/2025  7:20:57,655","   211250000"," ","13","  60,7","      999375","      124048"," 96,50",
"05/07/2025  7:20:57,655","   471250000"," ","14","  24,4","      999375","         997"," 98,00",
"05/07/2025  7:20:57,655","   477250000"," ","15","  29,6","      999375","      -83979"," 93,90",
"05/07/2025  7:20:57,655","   483250000"," ","16","  25,9","      999375","        -534"," 96,90",
"05/07/2025  7:20:57,655","   513250000"," ","21","  27,1","      999375","       11730"," 97,80",
"05/07/2025  7:20:57,655","   519250000","ECOTEL","22","  83,5","      110000","         963"," 41,20",
"05/07/2025  7:20:57,655","   525250000"," ","23","  28,0","      999375","      -20357"," 96,30",
"05/07/2025  7:20:57,655","   531250000","TELERAMA","24","  27,4","      999375","       13462"," 94,50",
"05/07/2025  7:20:57,655","   537250000","PLUS TV","25","  67,7","       95000","        4580"," 65,60",
"05/07/2025  7:20:57,655","   543250000","CANAL UNO","26","  30,1","      999375","        -164"," 98,00",
"05/07/2025  7:20:57,655","   549250000"," ","27","  29,5","      999375","        5405"," 95,30",
"05/07/2025  7:20:57,655","   555250000"," ","28","  39,7","      999375","        3272"," 92,10",
"05/07/2025  7:20:57,655","   561250000"," ","29","  41,5","      999375","          49"," 95,80",
"05/07/2025  7:20:57,655","   567250000","TELEATAHUALPA (RTU)","30","  39,5","      999375","      -12220"," 95,60",
"05/07/2025  7:20:57,655","   573250000"," ","31","  35,1","      999375","       -8912"," 95,20",
"05/07/2025  7:20:57,655","   579250000","TELEVICENTRO TVC","32","  80,4","      156875","        1652"," 40,90",
"05/07/2025  7:20:57,655","   585250000"," ","33","  34,6","      999375","       -7011"," 96,60",
"05/07/2025  7:20:57,655","   591250000","UCSG TELEVISION","34","  32,1","      999375","       -1375"," 95,50",
"05/07/2025  7:20:57,655","   603250000","OROMAR","36","  33,7","      999375","        5227"," 94,50",
"05/07/2025  7:20:57,655","   615250000"," ","38","  32,1","      999375","        1714"," 95,40",
"05/07/2025  7:20:57,655","   621250000","CANAL SUR - TELEVISION MUN","39","  71,1","      125625","          52"," 30,00",
"05/07/2025  7:20:57,655","   627250000"," ","40","  34,0","      999375","        6516"," 93,90",
"05/07/2025  7:20:57,655","   633250000"," ","41","  33,1","      999375","        -514"," 93,70",
"05/07/2025  7:20:57,655","   639250000"," ","42","  35,7","      999375","       37967"," 95,40",
"05/07/2025  7:20:57,655","   645250000"," ","43","  34,5","      999375","        2523"," 92,30",
"05/07/2025  7:20:57,655","   651250000"," ","44","  37,4","      999375","       -1947"," 97,10",
"05/07/2025  7:20:57,655","   657250000"," ","45","  35,9","      999375","        1942"," 92,90",
"05/07/2025  7:20:57,655","   663250000"," ","46","  36,7","      999375","        3569"," 92,40",
"05/07/2025  7:20:57,655","   669250000"," ","47","  37,3","      999375","        7086"," 95,10",
"05/07/2025  7:20:57,655","   675250000"," ","48","  38,2","      999375","        3655"," 95,40",
"05/07/2025  7:20:57,655","   681250000"," ","49","  46,6","      999375","       91227"," 81,20",
"05/07/2025  7:20:57,655","   687250000"," ","50","  49,5","      999375","        4854"," 97,80",
"05/07/2025  7:20:57,655","   693250000"," ","51","  54,1","      999375","       -4138"," 97,60",
"05/07/2025  7:21:49,122","    55250000","CORPORACION ECUATORIANA DE","2","  92,5","      188125","          20"," 93,00",
"05/07/2025  7:21:49,122","    61250000"," ","3","  41,7","      770625","      -33941"," 94,50",
"05/07/2025  7:21:49,122","    67250000","UV TELEVISION","4","  93,4","      141250","         178"," 70,60",
"05/07/2025  7:21:49,122","    77250000","TELEAMAZONAS","5","  88,2","       93750","          10"," 56,80",
"05/07/2025  7:21:49,122","    83250000"," ","6","  62,4","      999375","      -25004"," 94,20",
"05/07/2025  7:21:49,122","   175250000","ECUADOR TV","7","  94,0","      205000","         -16"," 79,80",
"05/07/2025  7:21:49,122","   181250000","CADENA ECUATORIANA DE TELE","8","  77,6","      820625","       47859"," 97,50",
"05/07/2025  7:21:49,122","   187250000","RED TELESISTEMA (R.T.S)","9","  90,7","       94375","        -244"," 54,10",
"05/07/2025  7:21:49,122","   193250000"," ","10","  69,3","      908125","      113360"," 95,70",
"05/07/2025  7:21:49,122","   199250000","TELEVISION DEL PACIFICO","11","  69,8","      999375","       92251"," 92,40",
"05/07/2025  7:21:49,122","   205250000"," ","12","  63,5","      999375","       99180"," 93,10",
"05/07/2025  7:21:49,122","   211250000"," ","13","  58,1","      999375","      114718"," 92,50",
"05/07/2025  7:21:49,122","   471250000"," ","14","  24,0","      999375","        -331"," 94,60",
"05/07/2025  7:21:49,122","   477250000"," ","15","  29,3","      999375","      -92045"," 94,20",
"05/07/2025  7:21:49,122","   483250000"," ","16","  24,1","      999375","        4112"," 96,80",
"05/07/2025  7:21:49,122","   513250000"," ","21","  28,6","      999375","       15948"," 95,60",
"05/07/2025  7:21:49,122","   519250000","ECOTEL","22","  83,6","      110000","         943"," 42,80",
"05/07/2025  7:21:49,122","   525250000"," ","23","  27,4","      999375","      -15111"," 96,80",
"05/07/2025  7:21:49,122","   531250000","TELERAMA","24","  29,3","      999375","        3845"," 96,70",
"05/07/2025  7:21:49,122","   537250000","PLUS TV","25","  67,4","       94375","        4575"," 67,40",
"05/07/2025  7:21:49,122","   543250000","CANAL UNO","26","  29,9","      999375","       11357"," 96,00",
"05/07/2025  7:21:49,122","   549250000"," ","27","  27,3","      999375","        1141"," 98,20",
"05/07/2025  7:21:49,122","   555250000"," ","28","  39,8","      999375","         -28"," 93,70",
"05/07/2025  7:21:49,122","   561250000"," ","29","  41,6","      999375","       -1860"," 97,90",
"05/07/2025  7:21:49,122","   567250000","TELEATAHUALPA (RTU)","30","  40,0","      999375","      -10045"," 97,70",
"05/07/2025  7:21:49,122","   573250000"," ","31","  36,3","      999375","       -4627"," 96,00",
"05/07/2025  7:21:49,122","   579250000","TELEVICENTRO TVC","32","  81,0","      125625","        1653"," 37,20",
"05/07/2025  7:21:49,122","   585250000"," ","33","  39,8","      999375","       -4923"," 96,70",
"05/07/2025  7:21:49,122","   591250000","UCSG TELEVISION","34","  33,1","      999375","       -7620"," 96,00",
"05/07/2025  7:21:49,122","   603250000","OROMAR","36","  32,3","      999375","        3191"," 95,90",
"05/07/2025  7:21:49,122","   615250000"," ","38","  32,9","      999375","       -1882"," 94,10",
"05/07/2025  7:21:49,122","   621250000","CANAL SUR - TELEVISION MUN","39","  72,3","       65000","          53"," 27,90",
"05/07/2025  7:21:49,122","   627250000"," ","40","  33,4","      999375","        4899"," 91,70",
"05/07/2025  7:21:49,122","   633250000"," ","41","  33,7","      999375","         449"," 95,90",
"05/07/2025  7:21:49,122","   639250000"," ","42","  37,1","      999375","       31687"," 95,10",
"05/07/2025  7:21:49,122","   645250000"," ","43","  35,8","      999375","        3305"," 94,50",
"05/07/2025  7:21:49,122","   651250000"," ","44","  37,9","      999375","         -65"," 96,60",
"05/07/2025  7:21:49,122","   657250000"," ","45","  38,0","      999375","        3204"," 97,10",
"05/07/2025  7:21:49,122","   663250000"," ","46","  36,3","      999375","        4302"," 94,80",
"05/07/2025  7:21:49,122","   669250000"," ","47","  37,9","      999375","        5001"," 92,70",
"05/07/2025  7:21:49,122","   675250000"," ","48","  37,8","      999375","        6423"," 96,60",
"05/07/2025  7:21:49,122","   681250000"," ","49","  45,6","      999375","      122328"," 89,30",
"05/07/2025  7:21:49,122","   687250000"," ","50","  49,2","      999375","        4026"," 97,20",
"05/07/2025  7:21:49,122","   693250000"," ","51","  52,7","      999375","       -4239"," 94,60",
"05/07/2025  17:40:03,908","    55250000","CORPORACION ECUATORIANA DE","2","  91,4","      125625","          -5"," 57,00",
"05/07/2025  17:40:03,908","    61250000"," ","3","  40,1","      999375","      -14130"," 90,90",
"05/07/2025  17:40:03,908","    67250000","UV TELEVISION","4","  91,7","      188750","         197"," 59,50",
"05/07/2025  17:40:03,908","    77250000","TELEAMAZONAS","5","  89,0","       94375","          11"," 34,60",
"05/07/2025  17:40:03,908","    83250000"," ","6","  61,9","      999375","      -41557"," 94,90",
"05/07/2025  17:40:03,908","   175250000","ECUADOR TV","7","  94,1","      125625","         -17"," 72,80",
"05/07/2025  17:40:03,908","   181250000","CADENA ECUATORIANA DE TELE","8","  79,8","      253750","        -105"," 37,70",
"05/07/2025  17:40:03,908","   187250000","RED TELESISTEMA (R.T.S)","9","  87,6","       62500","        -507"," 34,10",
"05/07/2025  17:40:03,908","   193250000"," ","10","  69,4","      999375","      103686"," 94,50",
"05/07/2025  17:40:03,908","   199250000","TELEVISION DEL PACIFICO","11","  67,7","      998750","      113661"," 94,20",
"05/07/2025  17:40:03,908","   205250000"," ","12","  59,5","      999375","      116692"," 94,60",
"05/07/2025  17:40:03,908","   211250000"," ","13","  59,9","      999375","       78031"," 96,00",
"05/07/2025  17:40:03,908","   471250000"," ","14","  25,2","      999375","         646"," 95,30",
"05/07/2025  17:40:03,908","   477250000"," ","15","  31,1","      999375","      -67942"," 92,20",
"05/07/2025  17:40:03,908","   483250000"," ","16","  23,8","      999375","       -3213"," 92,60",
"05/07/2025  17:40:03,908","   513250000"," ","21","  26,4","      999375","        8092"," 94,70",
"05/07/2025  17:40:03,908","   519250000","ECOTEL","22","  83,3","      110000","        1124"," 49,80",
"05/07/2025  17:40:03,908","   525250000"," ","23","  27,8","      999375","      -14669"," 95,50",
"05/07/2025  17:40:03,908","   531250000","TELERAMA","24","  27,6","      999375","      -10238"," 96,00",
"05/07/2025  17:40:03,908","   537250000","PLUS TV","25","  68,0","      110000","        4082"," 61,80",
"05/07/2025  17:40:03,908","   543250000","CANAL UNO","26","  29,0","      999375","       19696"," 93,20",
"05/07/2025  17:40:03,908","   549250000"," ","27","  28,1","      999375","        4325"," 93,50",
"05/07/2025  17:40:03,908","   555250000"," ","28","  39,0","      999375","        1120"," 95,60",
"05/07/2025  17:40:03,908","   561250000"," ","29","  41,3","      999375","        1940"," 91,60",
"05/07/2025  17:40:03,908","   567250000","TELEATAHUALPA (RTU)","30","  40,5","      999375","       -7805"," 95,20",
"05/07/2025  17:40:03,908","   573250000"," ","31","  35,3","      999375","       -6841"," 96,10",
"05/07/2025  17:40:03,908","   579250000","TELEVICENTRO TVC","32","  79,0","       93750","        1076"," 43,10",
"05/07/2025  17:40:03,908","   585250000"," ","33","  34,0","      999375","        2711"," 95,60",
"05/07/2025  17:40:03,908","   591250000","UCSG TELEVISION","34","  31,8","      999375","       -1618"," 96,00",
"05/07/2025  17:40:03,908","   603250000","OROMAR","36","  32,9","      999375","        -921"," 95,50",
"05/07/2025  17:40:03,908","   615250000"," ","38","  33,7","      999375","        -425"," 94,90",
"05/07/2025  17:40:03,908","   621250000","CANAL SUR - TELEVISION MUN","39","  69,1","      235625","          43"," 61,80",
"05/07/2025  17:40:03,908","   627250000"," ","40","  32,7","      999375","        -943"," 95,20",
"05/07/2025  17:40:03,908","   633250000"," ","41","  33,2","      999375","         506"," 96,80",
"05/07/2025  17:40:03,908","   639250000"," ","42","  37,5","      999375","       79684"," 93,50",
"05/07/2025  17:40:03,908","   645250000"," ","43","  35,3","      999375","        1775"," 95,90",
"05/07/2025  17:40:03,908","   651250000"," ","44","  37,6","      999375","       -1190"," 96,20",
"05/07/2025  17:40:03,908","   657250000"," ","45","  37,6","      999375","         365"," 94,00",
"05/07/2025  17:40:03,908","   663250000"," ","46","  36,8","      999375","        1049"," 95,00",
"05/07/2025  17:40:03,908","   669250000"," ","47","  37,0","      999375","        8136"," 96,50",
"05/07/2025  17:40:03,908","   675250000"," ","48","  38,0","      999375","        3299"," 92,40",
"05/07/2025  17:40:03,908","   681250000"," ","49","  46,0","      999375","       80597"," 92,20",
"05/07/2025  17:40:03,908","   687250000"," ","50","  47,8","      999375","         888"," 97,00",
"05/07/2025  17:40:03,908","   693250000"," ","51","  51,0","      999375","        1239"," 96,50",
"05/07/2025  17:40:57,698","    55250000","CORPORACION ECUATORIANA DE","2","  91,4","      125625","          -1"," 61,30",
"05/07/2025  17:40:57,698","    61250000"," ","3","  41,4","      999375","        4343"," 96,90",
"05/07/2025  17:40:57,698","    67250000","UV TELEVISION","4","  91,3","      157500","         212"," 53,40",
"05/07/2025  17:40:57,698","    77250000","TELEAMAZONAS","5","  89,4","       94375","          13"," 42,10",
"05/07/2025  17:40:57,698","    83250000"," ","6","  61,6","      999375","      -51183"," 94,40",
"05/07/2025  17:40:57,698","   175250000","ECUADOR TV","7","  94,6","      219375","         -17"," 69,70",
"05/07/2025  17:40:57,698","   181250000","CADENA ECUATORIANA DE TELE","8","  78,9","      266875","        -110"," 89,20",
"05/07/2025  17:40:57,698","   187250000","RED TELESISTEMA (R.T.S)","9","  88,4","       78750","        -430"," 44,00",
"05/07/2025  17:40:57,698","   193250000"," ","10","  68,6","      994375","      105110"," 94,80",
"05/07/2025  17:40:57,698","   199250000","TELEVISION DEL PACIFICO","11","  70,3","      999375","      111092"," 93,20",
"05/07/2025  17:40:57,698","   205250000"," ","12","  62,7","      999375","      113258"," 92,60",
"05/07/2025  17:40:57,698","   211250000"," ","13","  58,4","      999375","      104106"," 91,60",
"05/07/2025  17:40:57,698","   471250000"," ","14","  23,8","      999375","        -588"," 95,40",
"05/07/2025  17:40:57,698","   477250000"," ","15","  30,6","      999375","      -83436"," 67,50",
"05/07/2025  17:40:57,698","   483250000"," ","16","  26,5","      999375","         645"," 94,00",
"05/07/2025  17:40:57,698","   513250000"," ","21","  28,0","      999375","       30136"," 97,30",
"05/07/2025  17:40:57,698","   519250000","ECOTEL","22","  83,6","      110000","        1123"," 39,40",
"05/07/2025  17:40:57,698","   525250000"," ","23","  29,4","      999375","      -15509"," 94,00",
"05/07/2025  17:40:57,698","   531250000","TELERAMA","24","  31,0","      999375","        8531"," 97,30",
"05/07/2025  17:40:57,698","   537250000","PLUS TV","25","  68,0","       93750","        4081"," 58,10",
"05/07/2025  17:40:57,698","   543250000","CANAL UNO","26","  27,7","      999375","       21333"," 95,90",
"05/07/2025  17:40:57,698","   549250000"," ","27","  28,5","      999375","        4208"," 99,00",
"05/07/2025  17:40:57,698","   555250000"," ","28","  37,5","      999375","        -533"," 93,50",
"05/07/2025  17:40:57,698","   561250000"," ","29","  40,2","      999375","      -11591"," 92,20",
"05/07/2025  17:40:57,698","   567250000","TELEATAHUALPA (RTU)","30","  39,6","      999375","       -6404"," 94,40",
"05/07/2025  17:40:57,698","   573250000"," ","31","  35,8","      999375","       -4933"," 94,40",
"05/07/2025  17:40:57,698","   579250000","TELEVICENTRO TVC","32","  79,7","       93750","        1075"," 36,80",
"05/07/2025  17:40:57,698","   585250000"," ","33","  36,0","      999375","        3597"," 96,50",
"05/07/2025  17:40:57,698","   591250000","UCSG TELEVISION","34","  32,9","      999375","        -923"," 92,90",
"05/07/2025  17:40:57,698","   603250000","OROMAR","36","  31,6","      999375","         199"," 93,80",
"05/07/2025  17:40:57,698","   615250000"," ","38","  33,0","      999375","         643"," 92,10",
"05/07/2025  17:40:57,698","   621250000","CANAL SUR - TELEVISION MUN","39","  71,1","      220000","          47"," 49,00",
"05/07/2025  17:40:57,698","   627250000"," ","40","  34,7","      999375","        1369"," 92,80",
"05/07/2025  17:40:57,698","   633250000"," ","41","  34,2","      999375","        -700"," 94,10",
"05/07/2025  17:40:57,698","   639250000"," ","42","  38,8","      999375","       67577"," 95,50",
"05/07/2025  17:40:57,698","   645250000"," ","43","  35,3","      999375","        2692"," 91,90",
"05/07/2025  17:40:57,698","   651250000"," ","44","  36,0","      999375","       -2972"," 93,20",
"05/07/2025  17:40:57,698","   657250000"," ","45","  36,9","      999375","        1012"," 94,20",
"05/07/2025  17:40:57,698","   663250000"," ","46","  39,5","      999375","        -680"," 97,10",
"05/07/2025  17:40:57,698","   669250000"," ","47","  36,7","      999375","        5439"," 94,30",
"05/07/2025  17:40:57,698","   675250000"," ","48","  39,1","      999375","        -512"," 95,50",
"05/07/2025  17:40:57,698","   681250000"," ","49","  45,7","      999375","      112329"," 84,60",
"05/07/2025  17:40:57,698","   687250000"," ","50","  47,7","      999375","        2790"," 97,40",
"05/07/2025  17:40:57,698","   693250000"," ","51","  52,0","      999375","        2908"," 96,80",
"05/07/2025  17:41:49,126","    55250000","CORPORACION ECUATORIANA DE","2","  91,5","      125625","          -6"," 77,40",
"05/07/2025  17:41:49,126","    61250000"," ","3","  43,2","      999375","         322"," 96,40",
"05/07/2025  17:41:49,126","    67250000","UV TELEVISION","4","  93,0","      157500","         207"," 24,80",
"05/07/2025  17:41:49,126","    77250000","TELEAMAZONAS","5","  88,5","       31875","          10"," 36,60",
"05/07/2025  17:41:49,126","    83250000"," ","6","  61,6","      999375","      -72573"," 95,30",
"05/07/2025  17:41:49,126","   175250000","ECUADOR TV","7","  94,3","       30625","         -16"," 33,10",
"05/07/2025  17:41:49,126","   181250000","CADENA ECUATORIANA DE TELE","8","  79,0","      220000","         221"," 94,70",
"05/07/2025  17:41:49,126","   187250000","RED TELESISTEMA (R.T.S)","9","  89,2","       93750","        -442"," 32,70",
"05/07/2025  17:41:49,126","   193250000"," ","10","  69,1","      999375","      110326"," 94,00",
"05/07/2025  17:41:49,126","   199250000","TELEVISION DEL PACIFICO","11","  68,5","      988750","      111403"," 94,40",
"05/07/2025  17:41:49,126","   205250000"," ","12","  63,2","      936875","      106263"," 95,30",
"05/07/2025  17:41:49,126","   211250000"," ","13","  57,7","      910625","      109964"," 87,90",
"05/07/2025  17:41:49,126","   471250000"," ","14","  23,8","      999375","        6059"," 97,80",
"05/07/2025  17:41:49,126","   477250000"," ","15","  30,9","      999375","      -88278"," 87,40",
"05/07/2025  17:41:49,126","   483250000"," ","16","  24,1","      999375","        3615"," 93,70",
"05/07/2025  17:41:49,126","   513250000"," ","21","  25,1","      999375","       14814"," 95,50",
"05/07/2025  17:41:49,126","   519250000","ECOTEL","22","  84,1","      141250","        1119"," 47,30",
"05/07/2025  17:41:49,126","   525250000"," ","23","  29,3","      999375","      -26345"," 96,70",
"05/07/2025  17:41:49,126","   531250000","TELERAMA","24","  28,2","      999375","       10446"," 93,30",
"05/07/2025  17:41:49,126","   537250000","PLUS TV","25","  68,4","      109375","        4086"," 33,70",
"05/07/2025  17:41:49,126","   543250000","CANAL UNO","26","  34,3","      999375","       26615"," 96,10",
"05/07/2025  17:41:49,126","   549250000"," ","27","  28,7","      999375","        2344"," 97,70",
"05/07/2025  17:41:49,126","   555250000"," ","28","  38,6","      999375","       -1478"," 95,40",
"05/07/2025  17:41:49,126","   561250000"," ","29","  41,3","      999375","         618"," 94,10",
"05/07/2025  17:41:49,126","   567250000","TELEATAHUALPA (RTU)","30","  39,3","      999375","       -6351"," 94,80",
"05/07/2025  17:41:49,126","   573250000"," ","31","  34,8","      999375","       -4012"," 96,20",
"05/07/2025  17:41:49,126","   579250000","TELEVICENTRO TVC","32","  79,1","      109375","        1080"," 41,50",
"05/07/2025  17:41:49,126","   585250000"," ","33","  39,2","      999375","       -2151"," 96,90",
"05/07/2025  17:41:49,126","   591250000","UCSG TELEVISION","34","  32,0","      999375","        3151"," 95,70",
"05/07/2025  17:41:49,126","   603250000","OROMAR","36","  32,1","      999375","        -686"," 94,40",
"05/07/2025  17:41:49,126","   615250000"," ","38","  34,9","      999375","         122"," 96,40",
"05/07/2025  17:41:49,126","   621250000","CANAL SUR - TELEVISION MUN","39","  69,4","      235625","          47"," 58,80",
"05/07/2025  17:41:49,126","   627250000"," ","40","  34,8","      999375","       -4094"," 96,50",
"05/07/2025  17:41:49,126","   633250000"," ","41","  33,0","      999375","        4534"," 95,50",
"05/07/2025  17:41:49,126","   639250000"," ","42","  35,6","      999375","       25696"," 96,20",
"05/07/2025  17:41:49,126","   645250000"," ","43","  34,7","      999375","        1916"," 96,70",
"05/07/2025  17:41:49,126","   651250000"," ","44","  37,0","      999375","         664"," 95,90",
"05/07/2025  17:41:49,126","   657250000"," ","45","  37,2","      999375","        -186"," 95,40",
"05/07/2025  17:41:49,126","   663250000"," ","46","  37,6","      999375","        1353"," 96,10",
"05/07/2025  17:41:49,126","   669250000"," ","47","  38,5","      999375","        3515"," 92,80",
"05/07/2025  17:41:49,126","   675250000"," ","48","  38,8","      999375","        4434"," 94,30",
"05/07/2025  17:41:49,126","   681250000"," ","49","  47,3","      999375","       93953"," 79,00",
"05/07/2025  17:41:49,126","   687250000"," ","50","  46,5","      999375","       -4000"," 95,80",
"05/07/2025  17:41:49,126","   693250000"," ","51","  56,0","      999375","       -2661"," 96,20",
"06/07/2025  7:20:03,866","    55250000","CORPORACION ECUATORIANA DE","2","  91,6","      219375","          21"," 69,20",
"06/07/2025  7:20:03,866","    61250000"," ","3","  40,1","      999375","        4052"," 95,00",
"06/07/2025  7:20:03,866","    67250000","UV TELEVISION","4","  92,9","      157500","         197"," 65,80",
"06/07/2025  7:20:03,866","    77250000","TELEAMAZONAS","5","  85,9","       94375","           9"," 32,50",
"06/07/2025  7:20:03,866","    83250000"," ","6","  66,1","      999375","      -22953"," 94,90",
"06/07/2025  7:20:03,866","   175250000","ECUADOR TV","7","  94,8","      188125","         -20"," 80,30",
"06/07/2025  7:20:03,866","   181250000","CADENA ECUATORIANA DE TELE","8","  79,6","      870000","        1488"," 81,40",
"06/07/2025  7:20:03,866","   187250000","RED TELESISTEMA (R.T.S)","9","  90,2","      125625","        -171"," 61,30",
"06/07/2025  7:20:03,866","   193250000"," ","10","  74,7","      998125","      103388"," 96,30",
"06/07/2025  7:20:03,866","   199250000","TELEVISION DEL PACIFICO","11","  73,3","      999375","      105990"," 96,70",
"06/07/2025  7:20:03,866","   205250000"," ","12","  64,7","      936875","       96422"," 90,80",
"06/07/2025  7:20:03,866","   211250000"," ","13","  58,0","      925000","      122944"," 96,40",
"06/07/2025  7:20:03,866","   471250000"," ","14","  25,0","      999375","       -1858"," 96,70",
"06/07/2025  7:20:03,866","   477250000"," ","15","  30,1","      999375","      -91888"," 86,90",
"06/07/2025  7:20:03,866","   483250000"," ","16","  24,3","      999375","       -2631"," 95,30",
"06/07/2025  7:20:03,866","   513250000"," ","21","  28,3","      999375","       28832"," 95,00",
"06/07/2025  7:20:03,866","   519250000","ECOTEL","22","  83,7","      109375","         995"," 41,60",
"06/07/2025  7:20:03,866","   525250000"," ","23","  28,7","      999375","          47"," 94,50",
"06/07/2025  7:20:03,866","   531250000","TELERAMA","24","  29,4","      999375","        2722"," 95,50",
"06/07/2025  7:20:03,866","   537250000","PLUS TV","25","  66,4","      125625","        4561"," 51,90",
"06/07/2025  7:20:03,866","   543250000","CANAL UNO","26","  28,1","      999375","       14495"," 95,10",
"06/07/2025  7:20:03,866","   549250000"," ","27","  29,7","      999375","        4367"," 95,40",
"06/07/2025  7:20:03,866","   555250000"," ","28","  44,3","      999375","       -2326"," 95,40",
"06/07/2025  7:20:03,866","   561250000"," ","29","  41,3","      999375","       -1825"," 90,80",
"06/07/2025  7:20:03,866","   567250000","TELEATAHUALPA (RTU)","30","  40,1","      999375","       -4292"," 96,60",
"06/07/2025  7:20:03,866","   573250000"," ","31","  35,6","      999375","       -3923"," 92,60",
"06/07/2025  7:20:03,866","   579250000","TELEVICENTRO TVC","32","  79,1","      110000","        1522"," 55,10",
"06/07/2025  7:20:03,866","   585250000"," ","33","  38,2","      999375","        3247"," 97,60",
"06/07/2025  7:20:03,866","   591250000","UCSG TELEVISION","34","  31,6","      999375","        1795"," 92,50",
"06/07/2025  7:20:03,866","   603250000","OROMAR","36","  32,1","      999375","       -1117"," 96,10",
"06/07/2025  7:20:03,866","   615250000"," ","38","  33,7","      999375","        2724"," 95,80",
"06/07/2025  7:20:03,866","   621250000","CANAL SUR - TELEVISION MUN","39","  67,2","      392500","          90"," 94,30",
"06/07/2025  7:20:03,866","   627250000"," ","40","  33,0","      999375","        2902"," 96,20",
"06/07/2025  7:20:03,866","   633250000"," ","41","  32,9","      999375","        2220"," 94,80",
"06/07/2025  7:20:03,866","   639250000"," ","42","  35,8","      999375","       52461"," 97,50",
"06/07/2025  7:20:03,866","   645250000"," ","43","  35,4","      999375","        5085"," 93,90",
"06/07/2025  7:20:03,866","   651250000"," ","44","  36,1","      999375","        3786"," 94,00",
"06/07/2025  7:20:03,866","   657250000"," ","45","  37,5","      999375","        2275"," 95,60",
"06/07/2025  7:20:03,866","   663250000"," ","46","  37,3","      999375","        4935"," 97,80",
"06/07/2025  7:20:03,866","   669250000"," ","47","  37,6","      999375","        4593"," 93,80",
"06/07/2025  7:20:03,866","   675250000"," ","48","  41,8","      999375","        7552"," 95,70",
"06/07/2025  7:20:03,866","   681250000"," ","49","  45,3","      999375","       99633"," 91,70",
"06/07/2025  7:20:03,866","   687250000"," ","50","  50,9","      999375","        2366"," 97,80",
"06/07/2025  7:20:03,866","   693250000"," ","51","  52,5","      999375","        9575"," 97,90",
"06/07/2025  7:20:57,658","    55250000","CORPORACION ECUATORIANA DE","2","  91,9","      219375","          44"," 72,80",
"06/07/2025  7:20:57,658","    61250000"," ","3","  48,4","      999375","      -19979"," 91,20",
"06/07/2025  7:20:57,658","    67250000","UV TELEVISION","4","  93,8","      157500","         181"," 84,30",
"06/07/2025  7:20:57,658","    77250000","TELEAMAZONAS","5","  82,4","       94375","          12"," 33,00",
"06/07/2025  7:20:57,658","    83250000"," ","6","  64,7","      999375","      -24802"," 95,20",
"06/07/2025  7:20:57,658","   175250000","ECUADOR TV","7","  94,6","      141250","         -16"," 86,00",
"06/07/2025  7:20:57,658","   181250000","CADENA ECUATORIANA DE TELE","8","  79,7","      886250","        1385"," 96,30",
"06/07/2025  7:20:57,658","   187250000","RED TELESISTEMA (R.T.S)","9","  89,5","       93750","         -73"," 46,20",
"06/07/2025  7:20:57,658","   193250000"," ","10","  72,2","      999375","       97057"," 96,10",
"06/07/2025  7:20:57,658","   199250000","TELEVISION DEL PACIFICO","11","  70,2","      999375","      122267"," 94,90",
"06/07/2025  7:20:57,658","   205250000"," ","12","  62,9","      920625","      119199"," 90,60",
"06/07/2025  7:20:57,658","   211250000"," ","13","  60,7","      998750","      117841"," 94,80",
"06/07/2025  7:20:57,658","   471250000"," ","14","  25,2","      999375","        1561"," 95,20",
"06/07/2025  7:20:57,658","   477250000"," ","15","  29,7","      999375","      -85737"," 94,90",
"06/07/2025  7:20:57,658","   483250000"," ","16","  24,4","      999375","        2123"," 95,40",
"06/07/2025  7:20:57,658","   513250000"," ","21","  29,7","      999375","        8771"," 96,70",
"06/07/2025  7:20:57,658","   519250000","ECOTEL","22","  84,1","      125000","        1008"," 45,10",
"06/07/2025  7:20:57,658","   525250000"," ","23","  28,7","      999375","      -17618"," 92,30",
"06/07/2025  7:20:57,658","   531250000","TELERAMA","24","  28,2","      999375","       -8466"," 94,30",
"06/07/2025  7:20:57,658","   537250000","PLUS TV","25","  64,9","      125625","        4560"," 52,60",
"06/07/2025  7:20:57,658","   543250000","CANAL UNO","26","  30,3","      999375","       10623"," 93,70",
"06/07/2025  7:20:57,658","   549250000"," ","27","  28,7","      999375","        1451"," 93,00",
"06/07/2025  7:20:57,658","   555250000"," ","28","  41,6","      999375","        -379"," 96,30",
"06/07/2025  7:20:57,658","   561250000"," ","29","  41,7","      999375","       -1749"," 95,70",
"06/07/2025  7:20:57,658","   567250000","TELEATAHUALPA (RTU)","30","  40,4","      999375","       -5869"," 95,20",
"06/07/2025  7:20:57,658","   573250000"," ","31","  34,8","      999375","       -4156"," 96,40",
"06/07/2025  7:20:57,658","   579250000","TELEVICENTRO TVC","32","  79,5","      125000","        1527"," 51,40",
"06/07/2025  7:20:57,658","   585250000"," ","33","  45,1","      999375","       -3817"," 97,70",
"06/07/2025  7:20:57,658","   591250000","UCSG TELEVISION","34","  32,5","      999375","        4801"," 95,60",
"06/07/2025  7:20:57,658","   603250000","OROMAR","36","  33,3","      999375","       -1372"," 96,30",
"06/07/2025  7:20:57,658","   615250000"," ","38","  35,1","      999375","        -449"," 96,70",
"06/07/2025  7:20:57,658","   621250000","CANAL SUR - TELEVISION MUN","39","  69,9","      424375","          54"," 63,40",
"06/07/2025  7:20:57,658","   627250000"," ","40","  34,7","      999375","        4672"," 94,90",
"06/07/2025  7:20:57,658","   633250000"," ","41","  33,4","      999375","       -2751"," 95,00",
"06/07/2025  7:20:57,658","   639250000"," ","42","  36,4","      999375","       52964"," 94,30",
"06/07/2025  7:20:57,658","   645250000"," ","43","  34,6","      999375","       -1937"," 92,30",
"06/07/2025  7:20:57,658","   651250000"," ","44","  37,1","      999375","        -888"," 94,60",
"06/07/2025  7:20:57,658","   657250000"," ","45","  37,1","      999375","        2512"," 97,50",
"06/07/2025  7:20:57,658","   663250000"," ","46","  39,5","      999375","        1744"," 96,30",
"06/07/2025  7:20:57,658","   669250000"," ","47","  37,8","      999375","        9927"," 93,60",
"06/07/2025  7:20:57,658","   675250000"," ","48","  38,3","      999375","        4381"," 95,70",
"06/07/2025  7:20:57,658","   681250000"," ","49","  45,1","      999375","       86437"," 80,60",
"06/07/2025  7:20:57,658","   687250000"," ","50","  49,4","      999375","        1164"," 97,00",
"06/07/2025  7:20:57,658","   693250000"," ","51","  53,1","      999375","        8784"," 97,20",
"06/07/2025  7:21:49,125","    55250000","CORPORACION ECUATORIANA DE","2","  91,8","      156875","         -40"," 67,10",
"06/07/2025  7:21:49,125","    61250000"," ","3","  41,4","      999375","       -4023"," 97,00",
"06/07/2025  7:21:49,125","    67250000","UV TELEVISION","4","  93,5","      157500","         198"," 68,00",
"06/07/2025  7:21:49,125","    77250000","TELEAMAZONAS","5","  88,4","       94375","          10"," 42,70",
"06/07/2025  7:21:49,125","    83250000"," ","6","  64,9","      999375","      -11225"," 93,50",
"06/07/2025  7:21:49,125","   175250000","ECUADOR TV","7","  94,6","      125625","         -17"," 57,90",
"06/07/2025  7:21:49,125","   181250000","CADENA ECUATORIANA DE TELE","8","  79,8","      850000","       16094"," 50,90",
"06/07/2025  7:21:49,125","   187250000","RED TELESISTEMA (R.T.S)","9","  89,3","       62500","        -242"," 49,70",
"06/07/2025  7:21:49,125","   193250000"," ","10","  69,8","      911250","      112942"," 92,00",
"06/07/2025  7:21:49,125","   199250000","TELEVISION DEL PACIFICO","11","  71,0","      999375","      120958"," 96,20",
"06/07/2025  7:21:49,125","   205250000"," ","12","  62,2","      995625","      122871"," 92,80",
"06/07/2025  7:21:49,125","   211250000"," ","13","  59,8","      999375","      119558"," 94,90",
"06/07/2025  7:21:49,125","   471250000"," ","14","  26,2","      999375","         963"," 94,40",
"06/07/2025  7:21:49,125","   477250000"," ","15","  29,8","      999375","      -87538"," 87,70",
"06/07/2025  7:21:49,125","   483250000"," ","16","  24,8","      999375","        5377"," 96,20",
"06/07/2025  7:21:49,125","   513250000"," ","21","  28,1","      999375","       32932"," 97,30",
"06/07/2025  7:21:49,125","   519250000","ECOTEL","22","  83,6","       93750","         999"," 34,20",
"06/07/2025  7:21:49,125","   525250000"," ","23","  30,9","      999375","      -20238"," 94,70",
"06/07/2025  7:21:49,125","   531250000","TELERAMA","24","  28,3","      999375","        2553"," 94,40",
"06/07/2025  7:21:49,125","   537250000","PLUS TV","25","  66,9","       62500","        4559"," 33,00",
"06/07/2025  7:21:49,125","   543250000","CANAL UNO","26","  28,4","      999375","       10173"," 94,30",
"06/07/2025  7:21:49,125","   549250000"," ","27","  27,5","      999375","       -1838"," 93,70",
"06/07/2025  7:21:49,125","   555250000"," ","28","  41,4","      999375","        4499"," 94,80",
"06/07/2025  7:21:49,125","   561250000"," ","29","  42,1","      999375","       -4002"," 94,90",
"06/07/2025  7:21:49,125","   567250000","TELEATAHUALPA (RTU)","30","  40,0","      999375","       -4043"," 97,20",
"06/07/2025  7:21:49,125","   573250000"," ","31","  35,1","      999375","        -103"," 96,40",
"06/07/2025  7:21:49,125","   579250000","TELEVICENTRO TVC","32","  79,4","      125625","        1516"," 54,30",
"06/07/2025  7:21:49,125","   585250000"," ","33","  33,2","      999375","        -303"," 95,80",
"06/07/2025  7:21:49,125","   591250000","UCSG TELEVISION","34","  33,4","      999375","        1954"," 93,90",
"06/07/2025  7:21:49,125","   603250000","OROMAR","36","  33,0","      999375","        2662"," 97,10",
"06/07/2025  7:21:49,125","   615250000"," ","38","  33,7","      998750","       -3698"," 94,60",
"06/07/2025  7:21:49,125","   621250000","CANAL SUR - TELEVISION MUN","39","  70,5","      204375","          49"," 76,90",
"06/07/2025  7:21:49,125","   627250000"," ","40","  34,9","      999375","        1554"," 98,10",
"06/07/2025  7:21:49,125","   633250000"," ","41","  33,2","      999375","         990"," 93,00",
"06/07/2025  7:21:49,125","   639250000"," ","42","  36,6","      999375","       49194"," 96,90",
"06/07/2025  7:21:49,125","   645250000"," ","43","  35,5","      999375","        4721"," 96,00",
"06/07/2025  7:21:49,125","   651250000"," ","44","  36,4","      999375","        3105"," 97,00",
"06/07/2025  7:21:49,125","   657250000"," ","45","  36,5","      999375","        -354"," 96,60",
"06/07/2025  7:21:49,125","   663250000"," ","46","  38,6","      999375","         124"," 95,90",
"06/07/2025  7:21:49,125","   669250000"," ","47","  38,7","      999375","        9640"," 94,80",
"06/07/2025  7:21:49,125","   675250000"," ","48","  38,9","      999375","        5522"," 95,40",
"06/07/2025  7:21:49,125","   681250000"," ","49","  45,4","      999375","      119095"," 84,80",
"06/07/2025  7:21:49,125","   687250000"," ","50","  49,2","      999375","        6987"," 98,30",
"06/07/2025  7:21:49,125","   693250000"," ","51","  53,8","      999375","        1187"," 97,50",
"06/07/2025  17:40:03,869","    55250000","CORPORACION ECUATORIANA DE","2","  91,2","       94375","         -30"," 71,70",
"06/07/2025  17:40:03,869","    61250000"," ","3","  40,7","      999375","       -1740"," 95,50",
"06/07/2025  17:40:03,869","    67250000","UV TELEVISION","4","  92,4","      188750","         174"," 72,70",
"06/07/2025  17:40:03,869","    77250000","TELEAMAZONAS","5","  87,9","      110000","          12"," 51,00",
"06/07/2025  17:40:03,869","    83250000"," ","6","  62,2","      999375","      -50300"," 94,10",
"06/07/2025  17:40:03,869","   175250000","ECUADOR TV","7","  94,3","      156875","         -17"," 57,90",
"06/07/2025  17:40:03,869","   181250000","CADENA ECUATORIANA DE TELE","8","  80,1","      330000","         185"," 75,70",
"06/07/2025  17:40:03,869","   187250000","RED TELESISTEMA (R.T.S)","9","  89,1","       93750","        -412"," 35,60",
"06/07/2025  17:40:03,869","   193250000"," ","10","  69,7","      999375","      104070"," 95,20",
"06/07/2025  17:40:03,869","   199250000","TELEVISION DEL PACIFICO","11","  69,2","      999375","       90956"," 95,60",
"06/07/2025  17:40:03,869","   205250000"," ","12","  65,0","      998125","      101229"," 89,50",
"06/07/2025  17:40:03,869","   211250000"," ","13","  60,0","      996250","       91053"," 94,10",
"06/07/2025  17:40:03,869","   471250000"," ","14","  24,6","      999375","        -493"," 95,20",
"06/07/2025  17:40:03,869","   477250000"," ","15","  31,2","      999375","      -89558"," 90,80",
"06/07/2025  17:40:03,869","   483250000"," ","16","  24,7","      999375","        2025"," 96,40",
"06/07/2025  17:40:03,869","   513250000"," ","21","  26,1","      999375","        4235"," 94,50",
"06/07/2025  17:40:03,869","   519250000","ECOTEL","22","  84,3","      110000","        1121"," 49,60",
"06/07/2025  17:40:03,869","   525250000"," ","23","  28,4","      999375","       -3123"," 96,00",
"06/07/2025  17:40:03,869","   531250000","TELERAMA","24","  27,6","      999375","       -2488"," 98,50",
"06/07/2025  17:40:03,869","   537250000","PLUS TV","25","  68,8","      156875","        4117"," 49,10",
"06/07/2025  17:40:03,869","   543250000","CANAL UNO","26","  28,9","      999375","        3882"," 94,60",
"06/07/2025  17:40:03,869","   549250000"," ","27","  28,4","      999375","        -500"," 97,30",
"06/07/2025  17:40:03,869","   555250000"," ","28","  37,7","      999375","        -326"," 94,30",
"06/07/2025  17:40:03,869","   561250000"," ","29","  42,0","      999375","        2565"," 91,00",
"06/07/2025  17:40:03,869","   567250000","TELEATAHUALPA (RTU)","30","  38,5","      999375","       -5354"," 95,20",
"06/07/2025  17:40:03,869","   573250000"," ","31","  34,3","      999375","       -4024"," 94,80",
"06/07/2025  17:40:03,869","   579250000","TELEVICENTRO TVC","32","  78,3","      125625","        1147"," 42,60",
"06/07/2025  17:40:03,869","   585250000"," ","33","  33,2","      999375","       -5888"," 96,30",
"06/07/2025  17:40:03,869","   591250000","UCSG TELEVISION","34","  32,1","      999375","       -1195"," 95,10",
"06/07/2025  17:40:03,869","   603250000","OROMAR","36","  31,9","      999375","       -5847"," 93,20",
"06/07/2025  17:40:03,869","   615250000"," ","38","  34,0","      999375","        4064"," 98,30",
"06/07/2025  17:40:03,869","   621250000","CANAL SUR - TELEVISION MUN","39","  71,1","      172500","          48"," 56,00",
"06/07/2025  17:40:03,869","   627250000"," ","40","  34,2","      999375","         744"," 96,40",
"06/07/2025  17:40:03,869","   633250000"," ","41","  32,1","      999375","        1564"," 95,20",
"06/07/2025  17:40:03,869","   639250000"," ","42","  37,9","      999375","       49644"," 95,00",
"06/07/2025  17:40:03,869","   645250000"," ","43","  35,3","      999375","        3447"," 94,60",
"06/07/2025  17:40:03,869","   651250000"," ","44","  36,9","      999375","        3992"," 93,80",
"06/07/2025  17:40:03,869","   657250000"," ","45","  37,1","      999375","        2863"," 95,40",
"06/07/2025  17:40:03,869","   663250000"," ","46","  38,0","      999375","         904"," 95,60",
"06/07/2025  17:40:03,869","   669250000"," ","47","  37,3","      999375","       10065"," 96,60",
"06/07/2025  17:40:03,869","   675250000"," ","48","  38,7","      999375","        3664"," 96,90",
"06/07/2025  17:40:03,869","   681250000"," ","49","  46,1","      999375","       71559"," 87,60",
"06/07/2025  17:40:03,869","   687250000"," ","50","  51,2","      999375","        -241"," 96,20",
"06/07/2025  17:40:03,869","   693250000"," ","51","  56,8","      999375","          17"," 97,90",
"06/07/2025  17:40:57,659","    55250000","CORPORACION ECUATORIANA DE","2","  91,2","      188125","         -26"," 88,60",
"06/07/2025  17:40:57,659","    61250000"," ","3","  42,3","      999375","      -22917"," 94,50",
"06/07/2025  17:40:57,659","    67250000","UV TELEVISION","4","  93,5","      188750","         209"," 60,40",
"06/07/2025  17:40:57,659","    77250000","TELEAMAZONAS","5","  89,5","      125625","          12"," 54,40",
"06/07/2025  17:40:57,659","    83250000"," ","6","  63,2","      999375","      -24055"," 92,40",
"06/07/2025  17:40:57,659","   175250000","ECUADOR TV","7","  94,4","      204375","         -14"," 71,40",
"06/07/2025  17:40:57,659","   181250000","CADENA ECUATORIANA DE TELE","8","  79,2","      413125","        8065"," 97,50",
"06/07/2025  17:40:57,659","   187250000","RED TELESISTEMA (R.T.S)","9","  89,6","      141250","        -460"," 42,30",
"06/07/2025  17:40:57,659","   193250000"," ","10","  69,1","      995000","       97080"," 92,00",
"06/07/2025  17:40:57,659","   199250000","TELEVISION DEL PACIFICO","11","  70,9","      999375","      103160"," 89,80",
"06/07/2025  17:40:57,659","   205250000"," ","12","  65,9","      999375","       78459"," 93,50",
"06/07/2025  17:40:57,659","   211250000"," ","13","  59,7","      999375","      102081"," 92,80",
"06/07/2025  17:40:57,659","   471250000"," ","14","  23,3","      999375","        -868"," 97,00",
"06/07/2025  17:40:57,659","   477250000"," ","15","  29,3","      999375","      -87801"," 94,10",
"06/07/2025  17:40:57,659","   483250000"," ","16","  24,3","      999375","        1485"," 95,40",
"06/07/2025  17:40:57,659","   513250000"," ","21","  26,1","      999375","       31540"," 94,50",
"06/07/2025  17:40:57,659","   519250000","ECOTEL","22","  83,2","      110000","        1133"," 28,00",
"06/07/2025  17:40:57,659","   525250000"," ","23","  27,9","      999375","        1936"," 95,00",
"06/07/2025  17:40:57,659","   531250000","TELERAMA","24","  27,7","      999375","       10136"," 94,90",
"06/07/2025  17:40:57,659","   537250000","PLUS TV","25","  66,6","      156875","        4118"," 39,10",
"06/07/2025  17:40:57,659","   543250000","CANAL UNO","26","  31,4","      999375","        9833"," 96,80",
"06/07/2025  17:40:57,659","   549250000"," ","27","  27,8","      999375","        1813"," 93,90",
"06/07/2025  17:40:57,659","   555250000"," ","28","  40,4","      999375","       -2227"," 95,40",
"06/07/2025  17:40:57,659","   561250000"," ","29","  41,2","      999375","       -7979"," 94,70",
"06/07/2025  17:40:57,659","   567250000","TELEATAHUALPA (RTU)","30","  39,7","      999375","       -9243"," 95,00",
"06/07/2025  17:40:57,659","   573250000"," ","31","  37,6","      999375","          26"," 93,60",
"06/07/2025  17:40:57,659","   579250000","TELEVICENTRO TVC","32","  79,4","      157500","        1140"," 69,10",
"06/07/2025  17:40:57,659","   585250000"," ","33","  35,2","      999375","        5813"," 97,00",
"06/07/2025  17:40:57,659","   591250000","UCSG TELEVISION","34","  31,5","      999375","       -1767"," 94,20",
"06/07/2025  17:40:57,659","   603250000","OROMAR","36","  33,0","      999375","        -108"," 95,80",
"06/07/2025  17:40:57,659","   615250000"," ","38","  34,7","      999375","       -1302"," 94,50",
"06/07/2025  17:40:57,659","   621250000","CANAL SUR - TELEVISION MUN","39","  70,5","      172500","          50"," 50,40",
"06/07/2025  17:40:57,659","   627250000"," ","40","  34,4","      999375","         325"," 94,10",
"06/07/2025  17:40:57,659","   633250000"," ","41","  34,0","      999375","        3073"," 96,00",
"06/07/2025  17:40:57,659","   639250000"," ","42","  36,1","      999375","       42327"," 91,00",
"06/07/2025  17:40:57,659","   645250000"," ","43","  45,3","      999375","       -2352"," 99,00",
"06/07/2025  17:40:57,659","   651250000"," ","44","  37,0","      999375","         127"," 97,20",
"06/07/2025  17:40:57,659","   657250000"," ","45","  36,5","      999375","        1095"," 97,00",
"06/07/2025  17:40:57,659","   663250000"," ","46","  37,7","      999375","       -2050"," 95,50",
"06/07/2025  17:40:57,659","   669250000"," ","47","  37,6","      999375","        2503"," 93,40",
"06/07/2025  17:40:57,659","   675250000"," ","48","  39,1","      999375","         763"," 94,50",
"06/07/2025  17:40:57,659","   681250000"," ","49","  45,2","      999375","       91953"," 84,90",
"06/07/2025  17:40:57,659","   687250000"," ","50","  54,5","      999375","        3766"," 97,20",
"06/07/2025  17:40:57,659","   693250000"," ","51","  55,9","      999375","       -2280"," 97,20",
"06/07/2025  17:41:49,111","    55250000","CORPORACION ECUATORIANA DE","2","  91,2","      141250","           6"," 72,60",
"06/07/2025  17:41:49,111","    61250000"," ","3","  46,5","      999375","        6756"," 97,50",
"06/07/2025  17:41:49,111","    67250000","UV TELEVISION","4","  93,0","      235625","         177"," 45,20",
"06/07/2025  17:41:49,111","    77250000","TELEAMAZONAS","5","  87,1","      125625","          11"," 28,40",
"06/07/2025  17:41:49,111","    83250000"," ","6","  62,6","      999375","      -47242"," 95,70",
"06/07/2025  17:41:49,111","   175250000","ECUADOR TV","7","  94,4","      156875","         -17"," 73,60",
"06/07/2025  17:41:49,111","   181250000","CADENA ECUATORIANA DE TELE","8","  80,2","      456250","       12994"," 97,70",
"06/07/2025  17:41:49,111","   187250000","RED TELESISTEMA (R.T.S)","9","  89,0","      110000","        -485"," 30,70",
"06/07/2025  17:41:49,111","   193250000"," ","10","  70,2","      998125","       95548"," 94,60",
"06/07/2025  17:41:49,111","   199250000","TELEVISION DEL PACIFICO","11","  69,7","      999375","       76820"," 90,20",
"06/07/2025  17:41:49,111","   205250000"," ","12","  64,3","      999375","       89706"," 95,90",
"06/07/2025  17:41:49,111","   211250000"," ","13","  60,2","      999375","       92912"," 95,80",
"06/07/2025  17:41:49,111","   471250000"," ","14","  26,0","      999375","        -104"," 96,30",
"06/07/2025  17:41:49,111","   477250000"," ","15","  29,8","      999375","      -81601"," 88,30",
"06/07/2025  17:41:49,111","   483250000"," ","16","  26,3","      999375","        3173"," 93,90",
"06/07/2025  17:41:49,111","   513250000"," ","21","  29,3","      999375","       33151"," 94,30",
"06/07/2025  17:41:49,111","   519250000","ECOTEL","22","  83,1","      110000","        1113"," 17,70",
"06/07/2025  17:41:49,111","   525250000"," ","23","  28,6","      999375","      -39335"," 95,20",
"06/07/2025  17:41:49,111","   531250000","TELERAMA","24","  26,5","      999375","       11257"," 96,50",
"06/07/2025  17:41:49,111","   537250000","PLUS TV","25","  66,6","      125625","        4118"," 47,00",
"06/07/2025  17:41:49,111","   543250000","CANAL UNO","26","  28,6","      999375","        7734"," 96,00",
"06/07/2025  17:41:49,111","   549250000"," ","27","  27,7","      999375","        3134"," 94,90",
"06/07/2025  17:41:49,111","   555250000"," ","28","  39,2","      999375","       -3175"," 93,20",
"06/07/2025  17:41:49,111","   561250000"," ","29","  42,0","      999375","       -6801"," 94,50",
"06/07/2025  17:41:49,111","   567250000","TELEATAHUALPA (RTU)","30","  41,9","      999375","      -12689"," 96,60",
"06/07/2025  17:41:49,111","   573250000"," ","31","  36,7","      999375","       -3641"," 95,90",
"06/07/2025  17:41:49,111","   579250000","TELEVICENTRO TVC","32","  78,8","      156875","        1144"," 38,20",
"06/07/2025  17:41:49,111","   585250000"," ","33","  32,9","      999375","         287"," 96,40",
"06/07/2025  17:41:49,111","   591250000","UCSG TELEVISION","34","  32,3","      999375","       -3239"," 96,80",
"06/07/2025  17:41:49,111","   603250000","OROMAR","36","  32,8","      999375","       -2527"," 94,10",
"06/07/2025  17:41:49,111","   615250000"," ","38","  38,3","      999375","        3275"," 96,90",
"06/07/2025  17:41:49,111","   621250000","CANAL SUR - TELEVISION MUN","39","  69,4","      171875","          45"," 55,40",
"06/07/2025  17:41:49,111","   627250000"," ","40","  33,2","      999375","        4345"," 97,00",
"06/07/2025  17:41:49,111","   633250000"," ","41","  34,6","      999375","        2488"," 95,00",
"06/07/2025  17:41:49,111","   639250000"," ","42","  38,6","      999375","       84386"," 93,60",
"06/07/2025  17:41:49,111","   645250000"," ","43","  35,4","      999375","       -2156"," 95,90",
"06/07/2025  17:41:49,111","   651250000"," ","44","  37,7","      999375","        1964"," 95,00",
"06/07/2025  17:41:49,111","   657250000"," ","45","  35,8","      999375","        3445"," 99,20",
"06/07/2025  17:41:49,111","   663250000"," ","46","  37,7","      999375","       -2492"," 95,50",
"06/07/2025  17:41:49,111","   669250000"," ","47","  39,6","      999375","        5971"," 96,50",
"06/07/2025  17:41:49,111","   675250000"," ","48","  40,1","      999375","       -2871"," 96,80",
"06/07/2025  17:41:49,111","   681250000"," ","49","  46,2","      999375","      104185"," 84,30",
"06/07/2025  17:41:49,111","   687250000"," ","50","  49,7","      999375","          45"," 94,90",
"06/07/2025  17:41:49,111","   693250000"," ","51","  56,9","      999375","         366"," 94,90",
"07/07/2025  7:20:03,858","    55250000","CORPORACION ECUATORIANA DE","2","  91,6","      188125","         -42"," 74,10",
"07/07/2025  7:20:03,858","    61250000"," ","3","  41,8","      999375","        -347"," 92,70",
"07/07/2025  7:20:03,858","    67250000","UV TELEVISION","4","  91,2","      157500","         205"," 23,90",
"07/07/2025  7:20:03,858","    77250000","TELEAMAZONAS","5","  89,7","      110000","           9"," 45,80",
"07/07/2025  7:20:03,858","    83250000"," ","6","  64,0","      999375","      -34924"," 91,90",
"07/07/2025  7:20:03,858","   175250000","ECUADOR TV","7","  94,4","      219375","         -21"," 76,70",
"07/07/2025  7:20:03,858","   181250000","CADENA ECUATORIANA DE TELE","8","  80,7","      871875","         328"," 75,40",
"07/07/2025  7:20:03,858","   187250000","RED TELESISTEMA (R.T.S)","9","  89,5","      188750","        -217"," 50,20",
"07/07/2025  7:20:03,858","   193250000"," ","10","  72,7","      888750","      109311"," 93,00",
"07/07/2025  7:20:03,858","   199250000","TELEVISION DEL PACIFICO","11","  69,9","      917500","      115625"," 92,60",
"07/07/2025  7:20:03,858","   205250000"," ","12","  63,0","      888125","      121005"," 93,60",
"07/07/2025  7:20:03,858","   211250000"," ","13","  61,7","      917500","      103697"," 92,80",
"07/07/2025  7:20:03,858","   471250000"," ","14","  23,2","      999375","        6633"," 93,70",
"07/07/2025  7:20:03,858","   477250000"," ","15","  29,3","      999375","      -75869"," 94,00",
"07/07/2025  7:20:03,858","   483250000"," ","16","  24,0","      999375","        2293"," 95,80",
"07/07/2025  7:20:03,858","   513250000"," ","21","  30,3","      999375","       46568"," 96,00",
"07/07/2025  7:20:03,858","   519250000","ECOTEL","22","  83,6","      220000","        1001"," 66,20",
"07/07/2025  7:20:03,858","   525250000"," ","23","  29,0","      999375","       -4178"," 97,30",
"07/07/2025  7:20:03,858","   531250000","TELERAMA","24","  27,5","      999375","        3282"," 93,30",
"07/07/2025  7:20:03,858","   537250000","PLUS TV","25","  66,7","      125000","        4687"," 36,30",
"07/07/2025  7:20:03,858","   543250000","CANAL UNO","26","  30,3","      999375","        3006"," 96,20",
"07/07/2025  7:20:03,858","   549250000"," ","27","  27,7","      999375","        2108"," 95,60",
"07/07/2025  7:20:03,858","   555250000"," ","28","  40,1","      999375","        7045"," 93,90",
"07/07/2025  7:20:03,858","   561250000"," ","29","  40,1","      999375","       -4885"," 92,90",
"07/07/2025  7:20:03,858","   567250000","TELEATAHUALPA (RTU)","30","  38,8","      999375","       -3268"," 94,80",
"07/07/2025  7:20:03,858","   573250000"," ","31","  36,4","      999375","       -2634"," 95,70",
"07/07/2025  7:20:03,858","   579250000","TELEVICENTRO TVC","32","  78,7","      156875","        1385"," 64,40",
"07/07/2025  7:20:03,858","   585250000"," ","33","  44,0","      999375","        1221"," 98,00",
"07/07/2025  7:20:03,858","   591250000","UCSG TELEVISION","34","  32,3","      999375","       -2874"," 95,60",
"07/07/2025  7:20:03,858","   603250000","OROMAR","36","  32,7","      999375","       -1435"," 95,70",
"07/07/2025  7:20:03,858","   615250000"," ","38","  33,4","      999375","        1610"," 93,70",
"07/07/2025  7:20:03,858","   621250000","CANAL SUR - TELEVISION MUN","39","  71,0","      188750","          55"," 80,40",
"07/07/2025  7:20:03,858","   627250000"," ","40","  34,3","      999375","        1834"," 94,10",
"07/07/2025  7:20:03,858","   633250000"," ","41","  34,0","      999375","        2412"," 95,30",
"07/07/2025  7:20:03,858","   639250000"," ","42","  37,9","      999375","       47573"," 95,50",
"07/07/2025  7:20:03,858","   645250000"," ","43","  37,6","      999375","         -14"," 94,20",
"07/07/2025  7:20:03,858","   651250000"," ","44","  35,7","      999375","         915"," 94,90",
"07/07/2025  7:20:03,858","   657250000"," ","45","  36,6","      999375","        3369"," 95,90",
"07/07/2025  7:20:03,858","   663250000"," ","46","  38,3","      999375","          67"," 96,10",
"07/07/2025  7:20:03,858","   669250000"," ","47","  38,3","      999375","        7724"," 92,40",
"07/07/2025  7:20:03,858","   675250000"," ","48","  38,9","      999375","         469"," 96,70",
"07/07/2025  7:20:03,858","   681250000"," ","49","  45,4","      999375","       88520"," 93,40",
"07/07/2025  7:20:03,858","   687250000"," ","50","  47,4","      999375","         395"," 96,80",
"07/07/2025  7:20:03,858","   693250000"," ","51","  54,4","      999375","       -1358"," 98,20",
"07/07/2025  7:20:57,661","    55250000","CORPORACION ECUATORIANA DE","2","  92,3","      188750","           8"," 94,20",
"07/07/2025  7:20:57,661","    61250000"," ","3","  41,1","      999375","      -16097"," 94,10",
"07/07/2025  7:20:57,661","    67250000","UV TELEVISION","4","  92,5","      157500","         167"," 73,20",
"07/07/2025  7:20:57,661","    77250000","TELEAMAZONAS","5","  88,7","       94375","          13"," 11,20",
"07/07/2025  7:20:57,661","    83250000"," ","6","  64,8","      999375","      -40486"," 96,50",
"07/07/2025  7:20:57,661","   175250000","ECUADOR TV","7","  94,9","      251875","         -17"," 90,50",
"07/07/2025  7:20:57,661","   181250000","CADENA ECUATORIANA DE TELE","8","  79,5","      908125","       24964"," 84,00",
"07/07/2025  7:20:57,661","   187250000","RED TELESISTEMA (R.T.S)","9","  89,6","      125625","        -273"," 50,00",
"07/07/2025  7:20:57,661","   193250000"," ","10","  71,6","      990000","      112525"," 95,90",
"07/07/2025  7:20:57,661","   199250000","TELEVISION DEL PACIFICO","11","  73,9","      999375","      106458"," 95,40",
"07/07/2025  7:20:57,661","   205250000"," ","12","  62,8","      873750","      128132"," 89,80",
"07/07/2025  7:20:57,661","   211250000"," ","13","  58,3","      926875","      112431"," 90,20",
"07/07/2025  7:20:57,661","   471250000"," ","14","  24,0","      999375","        -158"," 95,80",
"07/07/2025  7:20:57,661","   477250000"," ","15","  29,7","      999375","      -82364"," 96,10",
"07/07/2025  7:20:57,661","   483250000"," ","16","  24,7","      999375","       -1719"," 95,60",
"07/07/2025  7:20:57,661","   513250000"," ","21","  30,3","      999375","       37913"," 90,60",
"07/07/2025  7:20:57,661","   519250000","ECOTEL","22","  83,5","      125000","         984"," 68,60",
"07/07/2025  7:20:57,661","   525250000"," ","23","  28,8","      999375","      -22449"," 91,70",
"07/07/2025  7:20:57,661","   531250000","TELERAMA","24","  29,4","      999375","        9025"," 96,30",
"07/07/2025  7:20:57,661","   537250000","PLUS TV","25","  67,7","       93750","        4681"," 48,70",
"07/07/2025  7:20:57,661","   543250000","CANAL UNO","26","  30,0","      999375","        6788"," 95,30",
"07/07/2025  7:20:57,661","   549250000"," ","27","  27,5","      999375","        4460"," 94,80",
"07/07/2025  7:20:57,661","   555250000"," ","28","  41,2","      999375","        3113"," 91,90",
"07/07/2025  7:20:57,661","   561250000"," ","29","  41,9","      999375","       -2501"," 95,50",
"07/07/2025  7:20:57,661","   567250000","TELEATAHUALPA (RTU)","30","  39,5","      999375","       -3138"," 94,50",
"07/07/2025  7:20:57,661","   573250000"," ","31","  36,0","      999375","        -430"," 92,90",
"07/07/2025  7:20:57,661","   579250000","TELEVICENTRO TVC","32","  78,8","      110000","        1395"," 38,10",
"07/07/2025  7:20:57,661","   585250000"," ","33","  42,4","      999375","        8171"," 96,60",
"07/07/2025  7:20:57,661","   591250000","UCSG TELEVISION","34","  32,7","      999375","        2553"," 95,80",
"07/07/2025  7:20:57,661","   603250000","OROMAR","36","  33,4","      999375","        1451"," 93,40",
"07/07/2025  7:20:57,661","   615250000"," ","38","  37,4","      999375","        4162"," 94,80",
"07/07/2025  7:20:57,661","   621250000","CANAL SUR - TELEVISION MUN","39","  71,1","      204375","          66"," 91,10",
"07/07/2025  7:20:57,661","   627250000"," ","40","  34,8","      999375","        4752"," 94,10",
"07/07/2025  7:20:57,661","   633250000"," ","41","  34,4","      999375","        1226"," 96,50",
"07/07/2025  7:20:57,661","   639250000"," ","42","  36,4","      999375","       87416"," 95,70",
"07/07/2025  7:20:57,661","   645250000"," ","43","  35,5","      999375","        1496"," 93,70",
"07/07/2025  7:20:57,661","   651250000"," ","44","  36,5","      999375","        2615"," 94,30",
"07/07/2025  7:20:57,661","   657250000"," ","45","  37,6","      999375","       -4638"," 94,40",
"07/07/2025  7:20:57,661","   663250000"," ","46","  37,6","      999375","        3283"," 96,10",
"07/07/2025  7:20:57,661","   669250000"," ","47","  38,0","      999375","        8876"," 95,10",
"07/07/2025  7:20:57,661","   675250000"," ","48","  39,1","      999375","        5826"," 93,40",
"07/07/2025  7:20:57,661","   681250000"," ","49","  46,4","      999375","       99109"," 92,30",
"07/07/2025  7:20:57,661","   687250000"," ","50","  47,4","      999375","        -712"," 96,50",
"07/07/2025  7:20:57,661","   693250000"," ","51","  54,2","      999375","         432"," 97,40",
"07/07/2025  7:21:49,132","    55250000","CORPORACION ECUATORIANA DE","2","  91,8","      188125","          19"," 87,90",
"07/07/2025  7:21:49,132","    61250000"," ","3","  40,4","      999375","      -12357"," 94,20",
"07/07/2025  7:21:49,132","    67250000","UV TELEVISION","4","  92,5","      203750","         199"," 29,10",
"07/07/2025  7:21:49,132","    77250000","TELEAMAZONAS","5","  88,4","      110000","          11"," 31,80",
"07/07/2025  7:21:49,132","    83250000"," ","6","  63,4","      999375","      -26625"," 94,80",
"07/07/2025  7:21:49,132","   175250000","ECUADOR TV","7","  94,9","      314375","         -17"," 76,00",
"07/07/2025  7:21:49,132","   181250000","CADENA ECUATORIANA DE TELE","8","  78,0","      903750","       32587"," 97,30",
"07/07/2025  7:21:49,132","   187250000","RED TELESISTEMA (R.T.S)","9","  89,1","       94375","        -141"," 51,10",
"07/07/2025  7:21:49,132","   193250000"," ","10","  69,6","      900000","      106996"," 96,10",
"07/07/2025  7:21:49,132","   199250000","TELEVISION DEL PACIFICO","11","  72,5","      999375","      116616"," 95,70",
"07/07/2025  7:21:49,132","   205250000"," ","12","  64,2","      913125","      109748"," 90,10",
"07/07/2025  7:21:49,132","   211250000"," ","13","  60,1","      999375","      119180"," 93,70",
"07/07/2025  7:21:49,132","   471250000"," ","14","  22,8","      999375","        3971"," 94,80",
"07/07/2025  7:21:49,132","   477250000"," ","15","  29,7","      999375","     -103985"," 90,70",
"07/07/2025  7:21:49,132","   483250000"," ","16","  26,3","      999375","        -625"," 97,50",
"07/07/2025  7:21:49,132","   513250000"," ","21","  29,3","      999375","       43951"," 94,70",
"07/07/2025  7:21:49,132","   519250000","ECOTEL","22","  83,3","      125000","         998"," 40,80",
"07/07/2025  7:21:49,132","   525250000"," ","23","  28,7","      999375","      -22203"," 93,10",
"07/07/2025  7:21:49,132","   531250000","TELERAMA","24","  28,5","      999375","        2520"," 97,30",
"07/07/2025  7:21:49,132","   537250000","PLUS TV","25","  66,6","       93750","        4683"," 33,50",
"07/07/2025  7:21:49,132","   543250000","CANAL UNO","26","  29,3","      999375","        9543"," 95,70",
"07/07/2025  7:21:49,132","   549250000"," ","27","  28,4","      999375","        1437"," 94,60",
"07/07/2025  7:21:49,132","   555250000"," ","28","  40,8","      999375","         852"," 95,00",
"07/07/2025  7:21:49,132","   561250000"," ","29","  40,5","      999375","        1183"," 94,60",
"07/07/2025  7:21:49,132","   567250000","TELEATAHUALPA (RTU)","30","  40,5","      999375","       -8446"," 95,70",
"07/07/2025  7:21:49,132","   573250000"," ","31","  36,9","      999375","       -4064"," 97,00",
"07/07/2025  7:21:49,132","   579250000","TELEVICENTRO TVC","32","  78,7","      125625","        1396"," 65,60",
"07/07/2025  7:21:49,132","   585250000"," ","33","  39,5","      999375","        1509"," 96,60",
"07/07/2025  7:21:49,132","   591250000","UCSG TELEVISION","34","  32,6","      999375","        3473"," 97,30",
"07/07/2025  7:21:49,132","   603250000","OROMAR","36","  34,1","      999375","        -403"," 93,90",
"07/07/2025  7:21:49,132","   615250000"," ","38","  36,0","      999375","        5086"," 96,50",
"07/07/2025  7:21:49,132","   621250000","CANAL SUR - TELEVISION MUN","39","  69,2","      203750","          83"," 71,70",
"07/07/2025  7:21:49,132","   627250000"," ","40","  35,0","      999375","        5222"," 96,60",
"07/07/2025  7:21:49,132","   633250000"," ","41","  34,0","      999375","        1360"," 95,30",
"07/07/2025  7:21:49,132","   639250000"," ","42","  36,1","      999375","       55993"," 97,30",
"07/07/2025  7:21:49,132","   645250000"," ","43","  36,3","      999375","       -2172"," 99,10",
"07/07/2025  7:21:49,132","   651250000"," ","44","  36,3","      999375","        3342"," 94,10",
"07/07/2025  7:21:49,132","   657250000"," ","45","  36,9","      999375","        2889"," 95,30",
"07/07/2025  7:21:49,132","   663250000"," ","46","  38,3","      999375","         -25"," 96,20",
"07/07/2025  7:21:49,132","   669250000"," ","47","  40,9","      999375","        4047"," 97,00",
"07/07/2025  7:21:49,132","   675250000"," ","48","  38,4","      999375","        3752"," 97,90",
"07/07/2025  7:21:49,132","   681250000"," ","49","  45,9","      999375","       91834"," 90,90",
"07/07/2025  7:21:49,132","   687250000"," ","50","  53,6","      999375","        2085"," 94,90",
"07/07/2025  7:21:49,132","   693250000"," ","51","  51,8","      999375","        3273"," 95,90",
"07/07/2025  17:40:03,844","    55250000","CORPORACION ECUATORIANA DE","2","  91,1","      156875","          12"," 58,30",
"07/07/2025  17:40:03,844","    61250000"," ","3","  42,5","      999375","        2920"," 96,80",
"07/07/2025  17:40:03,844","    67250000","UV TELEVISION","4","  92,4","      141875","         193"," 68,30",
"07/07/2025  17:40:03,844","    77250000","TELEAMAZONAS","5","  87,6","       63125","          11"," 31,90",
"07/07/2025  17:40:03,844","    83250000"," ","6","  63,1","      999375","      -14011"," 96,60",
"07/07/2025  17:40:03,844","   175250000","ECUADOR TV","7","  94,6","      156875","         -14"," 93,20",
"07/07/2025  17:40:03,844","   181250000","CADENA ECUATORIANA DE TELE","8","  79,7","      814375","        -207"," 84,20",
"07/07/2025  17:40:03,844","   187250000","RED TELESISTEMA (R.T.S)","9","  88,6","       94375","        -586"," 35,80",
"07/07/2025  17:40:03,844","   193250000"," ","10","  70,1","      999375","      110407"," 96,60",
"07/07/2025  17:40:03,844","   199250000","TELEVISION DEL PACIFICO","11","  72,3","      999375","      104270"," 95,80",
"07/07/2025  17:40:03,844","   205250000"," ","12","  62,7","      919375","      106032"," 91,80",
"07/07/2025  17:40:03,844","   211250000"," ","13","  59,2","      996875","      111671"," 94,50",
"07/07/2025  17:40:03,844","   471250000"," ","14","  26,3","      999375","       -5011"," 95,50",
"07/07/2025  17:40:03,844","   477250000"," ","15","  30,0","      999375","      -72560"," 91,20",
"07/07/2025  17:40:03,844","   483250000"," ","16","  25,7","      999375","       -4165"," 94,20",
"07/07/2025  17:40:03,844","   513250000"," ","21","  26,0","      999375","         537"," 94,20",
"07/07/2025  17:40:03,844","   519250000","ECOTEL","22","  84,5","      110000","        1148"," 44,50",
"07/07/2025  17:40:03,844","   525250000"," ","23","  28,0","      999375","      -13090"," 95,60",
"07/07/2025  17:40:03,844","   531250000","TELERAMA","24","  27,4","      999375","        5570"," 95,60",
"07/07/2025  17:40:03,844","   537250000","PLUS TV","25","  67,6","      125000","        3814"," 47,20",
"07/07/2025  17:40:03,844","   543250000","CANAL UNO","26","  28,9","      999375","        6668"," 95,50",
"07/07/2025  17:40:03,844","   549250000"," ","27","  28,0","      999375","        4131"," 92,70",
"07/07/2025  17:40:03,844","   555250000"," ","28","  40,1","      999375","         796"," 93,50",
"07/07/2025  17:40:03,844","   561250000"," ","29","  41,8","      999375","         604"," 95,90",
"07/07/2025  17:40:03,844","   567250000","TELEATAHUALPA (RTU)","30","  39,6","      999375","       -4306"," 96,00",
"07/07/2025  17:40:03,844","   573250000"," ","31","  35,6","      999375","        -697"," 94,50",
"07/07/2025  17:40:03,844","   579250000","TELEVICENTRO TVC","32","  78,5","      172500","        1040"," 64,10",
"07/07/2025  17:40:03,844","   585250000"," ","33","  40,2","      999375","       -2155"," 97,20",
"07/07/2025  17:40:03,844","   591250000","UCSG TELEVISION","34","  34,7","      999375","        3935"," 96,60",
"07/07/2025  17:40:03,844","   603250000","OROMAR","36","  32,7","      999375","        -790"," 95,40",
"07/07/2025  17:40:03,844","   615250000"," ","38","  33,1","      999375","        -609"," 95,10",
"07/07/2025  17:40:03,844","   621250000","CANAL SUR - TELEVISION MUN","39","  69,8","      172500","          55"," 29,40",
"07/07/2025  17:40:03,844","   627250000"," ","40","  33,0","      999375","         -89"," 95,00",
"07/07/2025  17:40:03,844","   633250000"," ","41","  34,2","      999375","        -298"," 95,70",
"07/07/2025  17:40:03,844","   639250000"," ","42","  36,4","      999375","       67463"," 94,60",
"07/07/2025  17:40:03,844","   645250000"," ","43","  36,2","      999375","         288"," 95,10",
"07/07/2025  17:40:03,844","   651250000"," ","44","  37,3","      999375","         914"," 94,70",
"07/07/2025  17:40:03,844","   657250000"," ","45","  37,8","      999375","        -753"," 96,40",
"07/07/2025  17:40:03,844","   663250000"," ","46","  38,3","      999375","        3198"," 92,70",
"07/07/2025  17:40:03,844","   669250000"," ","47","  38,5","      999375","       11445"," 94,40",
"07/07/2025  17:40:03,844","   675250000"," ","48","  38,6","      999375","        2875"," 94,20",
"07/07/2025  17:40:03,844","   681250000"," ","49","  46,4","      999375","       93704"," 95,70",
"07/07/2025  17:40:03,844","   687250000"," ","50","  53,4","      999375","       -1974"," 95,30",
"07/07/2025  17:40:03,844","   693250000"," ","51","  54,2","      999375","       13417"," 96,90",
"07/07/2025  17:40:57,635","    55250000","CORPORACION ECUATORIANA DE","2","  91,4","      156875","         -14"," 57,20",
"07/07/2025  17:40:57,635","    61250000"," ","3","  42,2","      999375","       -1679"," 92,90",
"07/07/2025  17:40:57,635","    67250000","UV TELEVISION","4","  93,5","      220000","         186"," 48,50",
"07/07/2025  17:40:57,635","    77250000","TELEAMAZONAS","5","  87,8","       63125","          12"," 30,90",
"07/07/2025  17:40:57,635","    83250000"," ","6","  63,7","      999375","      -47305"," 94,60",
"07/07/2025  17:40:57,635","   175250000","ECUADOR TV","7","  94,5","      156875","         -16"," 76,30",
"07/07/2025  17:40:57,635","   181250000","CADENA ECUATORIANA DE TELE","8","  80,9","      858125","         738"," 50,10",
"07/07/2025  17:40:57,635","   187250000","RED TELESISTEMA (R.T.S)","9","  88,8","      141250","        -562"," 54,70",
"07/07/2025  17:40:57,635","   193250000"," ","10","  72,7","      999375","       96353"," 94,90",
"07/07/2025  17:40:57,635","   199250000","TELEVISION DEL PACIFICO","11","  71,3","      999375","      104856"," 96,30",
"07/07/2025  17:40:57,635","   205250000"," ","12","  62,7","      912500","      118327"," 96,50",
"07/07/2025  17:40:57,635","   211250000"," ","13","  61,6","      999375","       90337"," 93,50",
"07/07/2025  17:40:57,635","   471250000"," ","14","  23,3","      999375","        -428"," 97,00",
"07/07/2025  17:40:57,635","   477250000"," ","15","  30,1","      999375","      -72898"," 95,50",
"07/07/2025  17:40:57,635","   483250000"," ","16","  24,6","      999375","        3341"," 96,10",
"07/07/2025  17:40:57,635","   513250000"," ","21","  26,8","      999375","        1110"," 94,90",
"07/07/2025  17:40:57,635","   519250000","ECOTEL","22","  84,9","      110000","        1143"," 48,70",
"07/07/2025  17:40:57,635","   525250000"," ","23","  29,9","      999375","      -20936"," 94,30",
"07/07/2025  17:40:57,635","   531250000","TELERAMA","24","  27,6","      999375","       -1750"," 97,80",
"07/07/2025  17:40:57,635","   537250000","PLUS TV","25","  67,7","      125000","        3826"," 46,70",
"07/07/2025  17:40:57,635","   543250000","CANAL UNO","26","  28,8","      999375","        4889"," 95,80",
"07/07/2025  17:40:57,635","   549250000"," ","27","  28,6","      999375","        5006"," 97,30",
"07/07/2025  17:40:57,635","   555250000"," ","28","  40,1","      999375","        3702"," 91,40",
"07/07/2025  17:40:57,635","   561250000"," ","29","  42,2","      999375","        5183"," 96,00",
"07/07/2025  17:40:57,635","   567250000","TELEATAHUALPA (RTU)","30","  41,5","      999375","       -6908"," 96,70",
"07/07/2025  17:40:57,635","   573250000"," ","31","  36,1","      999375","       -7647"," 96,10",
"07/07/2025  17:40:57,635","   579250000","TELEVICENTRO TVC","32","  79,1","      125625","        1048"," 55,30",
"07/07/2025  17:40:57,635","   585250000"," ","33","  45,2","      999375","        1219"," 97,80",
"07/07/2025  17:40:57,635","   591250000","UCSG TELEVISION","34","  31,5","      999375","        2214"," 95,20",
"07/07/2025  17:40:57,635","   603250000","OROMAR","36","  35,0","      999375","        2586"," 96,20",
"07/07/2025  17:40:57,635","   615250000"," ","38","  33,8","      999375","       -3146"," 94,20",
"07/07/2025  17:40:57,635","   621250000","CANAL SUR - TELEVISION MUN","39","  71,1","      172500","          45"," 67,70",
"07/07/2025  17:40:57,635","   627250000"," ","40","  34,0","      999375","        3548"," 94,80",
"07/07/2025  17:40:57,635","   633250000"," ","41","  33,2","      999375","        2188"," 94,90",
"07/07/2025  17:40:57,635","   639250000"," ","42","  38,7","      999375","       63829"," 93,50",
"07/07/2025  17:40:57,635","   645250000"," ","43","  34,9","      999375","       -3476"," 93,30",
"07/07/2025  17:40:57,635","   651250000"," ","44","  36,9","      999375","        3758"," 97,50",
"07/07/2025  17:40:57,635","   657250000"," ","45","  37,6","      999375","       -3317"," 96,30",
"07/07/2025  17:40:57,635","   663250000"," ","46","  36,4","      999375","       -1636"," 91,70",
"07/07/2025  17:40:57,635","   669250000"," ","47","  39,9","      999375","        4468"," 95,20",
"07/07/2025  17:40:57,635","   675250000"," ","48","  38,4","      999375","        2554"," 95,10",
"07/07/2025  17:40:57,635","   681250000"," ","49","  46,2","      999375","       89521"," 87,70",
"07/07/2025  17:40:57,635","   687250000"," ","50","  50,2","      999375","        5859"," 98,00",
"07/07/2025  17:40:57,635","   693250000"," ","51","  57,8","      999375","        2813"," 95,90",
"07/07/2025  17:41:49,096","    55250000","CORPORACION ECUATORIANA DE","2","  91,0","      125625","          14"," 53,10",
"07/07/2025  17:41:49,096","    61250000"," ","3","  42,1","      999375","        -331"," 96,70",
"07/07/2025  17:41:49,096","    67250000","UV TELEVISION","4","  93,3","      141875","         190"," 62,60",
"07/07/2025  17:41:49,096","    77250000","TELEAMAZONAS","5","  89,4","       94375","          12"," 51,60",
"07/07/2025  17:41:49,096","    83250000"," ","6","  65,4","      999375","      -39989"," 94,80",
"07/07/2025  17:41:49,096","   175250000","ECUADOR TV","7","  94,3","      250625","         -17"," 65,80",
"07/07/2025  17:41:49,096","   181250000","CADENA ECUATORIANA DE TELE","8","  80,9","      865625","         340"," 50,40",
"07/07/2025  17:41:49,096","   187250000","RED TELESISTEMA (R.T.S)","9","  88,6","      110000","        -452"," 37,60",
"07/07/2025  17:41:49,096","   193250000"," ","10","  72,2","      916875","      122463"," 96,80",
"07/07/2025  17:41:49,096","   199250000","TELEVISION DEL PACIFICO","11","  70,8","      999375","      109968"," 94,90",
"07/07/2025  17:41:49,096","   205250000"," ","12","  64,4","      999375","      108667"," 91,70",
"07/07/2025  17:41:49,096","   211250000"," ","13","  59,8","      999375","      119696"," 94,30",
"07/07/2025  17:41:49,096","   471250000"," ","14","  53,6","      999375","        7305"," 99,90",
"07/07/2025  17:41:49,096","   477250000"," ","15","  30,1","      999375","      -89059"," 84,30",
"07/07/2025  17:41:49,096","   483250000"," ","16","  24,7","      999375","         483"," 94,70",
"07/07/2025  17:41:49,096","   513250000"," ","21","  26,6","      999375","        1990"," 97,10",
"07/07/2025  17:41:49,096","   519250000","ECOTEL","22","  85,7","      125625","        1120"," 45,60",
"07/07/2025  17:41:49,096","   525250000"," ","23","  46,6","      999375","       -1489"," 99,60",
"07/07/2025  17:41:49,096","   531250000","TELERAMA","24","  27,6","      999375","        2250"," 94,20",
"07/07/2025  17:41:49,096","   537250000","PLUS TV","25","  66,8","      251250","        3829"," 52,40",
"07/07/2025  17:41:49,096","   543250000","CANAL UNO","26","  28,2","      999375","       12693"," 92,90",
"07/07/2025  17:41:49,096","   549250000"," ","27","  26,2","      999375","         246"," 93,60",
"07/07/2025  17:41:49,096","   555250000"," ","28","  41,1","      999375","         654"," 94,90",
"07/07/2025  17:41:49,096","   561250000"," ","29","  40,9","      999375","       -1951"," 95,30",
"07/07/2025  17:41:49,096","   567250000","TELEATAHUALPA (RTU)","30","  39,2","      999375","       -4753"," 96,30",
"07/07/2025  17:41:49,096","   573250000"," ","31","  36,0","      999375","       -6099"," 95,40",
"07/07/2025  17:41:49,096","   579250000","TELEVICENTRO TVC","32","  78,7","      251250","        1044"," 62,40",
"07/07/2025  17:41:49,096","   585250000"," ","33","  59,2","      999375","        6783"," 99,60",
"07/07/2025  17:41:49,096","   591250000","UCSG TELEVISION","34","  31,0","      999375","        2181"," 96,70",
"07/07/2025  17:41:49,096","   603250000","OROMAR","36","  33,0","      999375","       -3860"," 97,10",
"07/07/2025  17:41:49,096","   615250000"," ","38","  35,7","      999375","          44"," 93,60",
"07/07/2025  17:41:49,096","   621250000","CANAL SUR - TELEVISION MUN","39","  69,0","      188125","          49"," 85,30",
"07/07/2025  17:41:49,096","   627250000"," ","40","  34,9","      999375","        2781"," 94,40",
"07/07/2025  17:41:49,096","   633250000"," ","41","  34,0","      999375","         777"," 96,00",
"07/07/2025  17:41:49,096","   639250000"," ","42","  37,8","      999375","       82656"," 93,50",
"07/07/2025  17:41:49,096","   645250000"," ","43","  35,7","      999375","        2884"," 96,60",
"07/07/2025  17:41:49,096","   651250000"," ","44","  37,5","      999375","        2895"," 95,80",
"07/07/2025  17:41:49,096","   657250000"," ","45","  36,2","      999375","        1353"," 98,00",
"07/07/2025  17:41:49,096","   663250000"," ","46","  38,1","      999375","        3087"," 93,10",
"07/07/2025  17:41:49,096","   669250000"," ","47","  38,9","      999375","        4605"," 92,80",
"07/07/2025  17:41:49,096","   675250000"," ","48","  38,7","      999375","         606"," 90,40",
"07/07/2025  17:41:49,096","   681250000"," ","49","  47,0","      999375","       95151"," 94,40",
"07/07/2025  17:41:49,096","   687250000"," ","50","  49,0","      999375","         861"," 95,70",
"07/07/2025  17:41:49,096","   693250000"," ","51","  53,4","      999375","       -1119"," 97,50",
"08/07/2025  7:20:03,882","    55250000","CORPORACION ECUATORIANA DE","2","  91,8","      125625","           4"," 75,40",
"08/07/2025  7:20:03,882","    61250000"," ","3","  39,4","      999375","      -31101"," 94,70",
"08/07/2025  7:20:03,882","    67250000","UV TELEVISION","4","  91,2","      188750","         207"," 72,40",
"08/07/2025  7:20:03,882","    77250000","TELEAMAZONAS","5","  84,0","      125625","          10"," 28,60",
"08/07/2025  7:20:03,882","    83250000"," ","6","  58,9","      999375","      -44749"," 93,80",
"08/07/2025  7:20:03,882","   175250000","ECUADOR TV","7","  94,4","      125625","         -16"," 89,60",
"08/07/2025  7:20:03,882","   181250000","CADENA ECUATORIANA DE TELE","8","  80,2","      365000","        3029"," 95,80",
"08/07/2025  7:20:03,882","   187250000","RED TELESISTEMA (R.T.S)","9","  88,7","       94375","        -227"," 41,60",
"08/07/2025  7:20:03,882","   193250000"," ","10","  67,8","      890625","      121277"," 92,80",
"08/07/2025  7:20:03,882","   199250000","TELEVISION DEL PACIFICO","11","  67,4","      999375","      130609"," 94,40",
"08/07/2025  7:20:03,882","   205250000"," ","12","  59,9","      939375","      132182"," 92,00",
"08/07/2025  7:20:03,882","   211250000"," ","13","  58,4","      999375","      125637"," 96,20",
"08/07/2025  7:20:03,882","   471250000"," ","14","  24,4","      999375","       -1386"," 97,40",
"08/07/2025  7:20:03,882","   477250000"," ","15","  28,7","      999375","      -85644"," 89,60",
"08/07/2025  7:20:03,882","   483250000"," ","16","  24,5","      999375","       -4090"," 97,00",
"08/07/2025  7:20:03,882","   513250000"," ","21","  27,2","      999375","        -378"," 96,70",
"08/07/2025  7:20:03,882","   519250000","ECOTEL","22","  83,7","      157500","        1043"," 71,40",
"08/07/2025  7:20:03,882","   525250000"," ","23","  27,7","      999375","       -6063"," 91,50",
"08/07/2025  7:20:03,882","   531250000","TELERAMA","24","  28,5","      999375","        9564"," 95,00",
"08/07/2025  7:20:03,882","   537250000","PLUS TV","25","  66,4","       94375","        4428"," 37,40",
"08/07/2025  7:20:03,882","   543250000","CANAL UNO","26","  29,9","      999375","        8155"," 93,20",
"08/07/2025  7:20:03,882","   549250000"," ","27","  28,8","      999375","         829"," 95,80",
"08/07/2025  7:20:03,882","   555250000"," ","28","  37,6","      999375","        5543"," 96,80",
"08/07/2025  7:20:03,882","   561250000"," ","29","  42,8","      999375","       -8038"," 94,90",
"08/07/2025  7:20:03,882","   567250000","TELEATAHUALPA (RTU)","30","  39,0","      999375","      -10987"," 94,70",
"08/07/2025  7:20:03,882","   573250000"," ","31","  34,5","      999375","       -2025"," 95,30",
"08/07/2025  7:20:03,882","   579250000","TELEVICENTRO TVC","32","  77,9","      188125","        1340"," 60,50",
"08/07/2025  7:20:03,882","   585250000"," ","33","  33,6","      999375","         567"," 92,00",
"08/07/2025  7:20:03,882","   591250000","UCSG TELEVISION","34","  32,3","      999375","       -1321"," 94,60",
"08/07/2025  7:20:03,882","   603250000","OROMAR","36","  31,6","      999375","        1162"," 93,40",
"08/07/2025  7:20:03,882","   615250000"," ","38","  35,8","      999375","        1792"," 96,20",
"08/07/2025  7:20:03,882","   621250000","CANAL SUR - TELEVISION MUN","39","  69,8","      204375","          58"," 76,60",
"08/07/2025  7:20:03,882","   627250000"," ","40","  33,3","      999375","        3555"," 93,90",
"08/07/2025  7:20:03,882","   633250000"," ","41","  35,2","      999375","        3290"," 95,00",
"08/07/2025  7:20:03,882","   639250000"," ","42","  35,8","      999375","       37443"," 96,00",
"08/07/2025  7:20:03,882","   645250000"," ","43","  36,2","      999375","        4497"," 94,70",
"08/07/2025  7:20:03,882","   651250000"," ","44","  37,0","      999375","       -3580"," 93,60",
"08/07/2025  7:20:03,882","   657250000"," ","45","  39,3","      999375","         993"," 93,90",
"08/07/2025  7:20:03,882","   663250000"," ","46","  39,5","      999375","       -1615"," 94,90",
"08/07/2025  7:20:03,882","   669250000"," ","47","  41,0","      999375","        -462"," 94,80",
"08/07/2025  7:20:03,882","   675250000"," ","48","  38,9","      999375","        3842"," 96,00",
"08/07/2025  7:20:03,882","   681250000"," ","49","  44,0","      999375","      102956"," 89,70",
"08/07/2025  7:20:03,882","   687250000"," ","50","  54,6","      999375","        3078"," 97,00",
"08/07/2025  7:20:03,882","   693250000"," ","51","  58,1","      999375","         447"," 95,60",
"08/07/2025  7:20:57,674","    55250000","CORPORACION ECUATORIANA DE","2","  91,6","      219375","           8"," 39,50",
"08/07/2025  7:20:57,674","    61250000"," ","3","  39,2","      999375","      -12276"," 96,60",
"08/07/2025  7:20:57,674","    67250000","UV TELEVISION","4","  90,2","      157500","         189"," 26,30",
"08/07/2025  7:20:57,674","    77250000","TELEAMAZONAS","5","  87,1","      125625","           8"," 42,90",
"08/07/2025  7:20:57,674","    83250000"," ","6","  58,7","      999375","      -46967"," 93,90",
"08/07/2025  7:20:57,674","   175250000","ECUADOR TV","7","  94,3","      141250","         -16"," 93,80",
"08/07/2025  7:20:57,674","   181250000","CADENA ECUATORIANA DE TELE","8","  80,0","      296250","         900"," 95,80",
"08/07/2025  7:20:57,674","   187250000","RED TELESISTEMA (R.T.S)","9","  88,4","       94375","        -271"," 39,10",
"08/07/2025  7:20:57,674","   193250000"," ","10","  69,7","      918125","      106641"," 94,50",
"08/07/2025  7:20:57,674","   199250000","TELEVISION DEL PACIFICO","11","  70,0","      901875","      121845"," 92,50",
"08/07/2025  7:20:57,674","   205250000"," ","12","  61,1","      915000","      116036"," 92,90",
"08/07/2025  7:20:57,674","   211250000"," ","13","  58,5","      999375","      105719"," 94,90",
"08/07/2025  7:20:57,674","   471250000"," ","14","  23,4","      999375","       -2026"," 95,20",
"08/07/2025  7:20:57,674","   477250000"," ","15","  28,4","      999375","      -72089"," 94,80",
"08/07/2025  7:20:57,674","   483250000"," ","16","  36,8","      999375","       -3030"," 98,60",
"08/07/2025  7:20:57,674","   513250000"," ","21","  27,1","      999375","        3341"," 94,60",
"08/07/2025  7:20:57,674","   519250000","ECOTEL","22","  84,1","      125625","        1045"," 54,30",
"08/07/2025  7:20:57,674","   525250000"," ","23","  29,4","      999375","      -16372"," 98,10",
"08/07/2025  7:20:57,674","   531250000","TELERAMA","24","  27,8","      999375","        4464"," 94,90",
"08/07/2025  7:20:57,674","   537250000","PLUS TV","25","  68,1","      125625","        4423"," 12,20",
"08/07/2025  7:20:57,674","   543250000","CANAL UNO","26","  31,0","      999375","        7048"," 93,70",
"08/07/2025  7:20:57,674","   549250000"," ","27","  29,0","      999375","        5841"," 95,90",
"08/07/2025  7:20:57,674","   555250000"," ","28","  37,2","      999375","       -3790"," 94,60",
"08/07/2025  7:20:57,674","   561250000"," ","29","  42,9","      999375","       -5422"," 97,50",
"08/07/2025  7:20:57,674","   567250000","TELEATAHUALPA (RTU)","30","  39,8","      999375","       -6785"," 97,80",
"08/07/2025  7:20:57,674","   573250000"," ","31","  34,7","      999375","       -2934"," 95,20",
"08/07/2025  7:20:57,674","   579250000","TELEVICENTRO TVC","32","  78,1","      109375","        1338"," 25,10",
"08/07/2025  7:20:57,674","   585250000"," ","33","  34,1","      999375","        3081"," 94,30",
"08/07/2025  7:20:57,674","   591250000","UCSG TELEVISION","34","  32,4","      999375","       -2269"," 93,50",
"08/07/2025  7:20:57,674","   603250000","OROMAR","36","  33,9","      999375","         655"," 96,00",
"08/07/2025  7:20:57,674","   615250000"," ","38","  37,9","      999375","        1067"," 96,80",
"08/07/2025  7:20:57,674","   621250000","CANAL SUR - TELEVISION MUN","39","  68,2","      220000","          50"," 57,30",
"08/07/2025  7:20:57,674","   627250000"," ","40","  35,0","      999375","       10864"," 96,00",
"08/07/2025  7:20:57,674","   633250000"," ","41","  33,8","      999375","        1409"," 94,50",
"08/07/2025  7:20:57,674","   639250000"," ","42","  36,8","      999375","       53763"," 98,60",
"08/07/2025  7:20:57,674","   645250000"," ","43","  35,9","      999375","         617"," 97,10",
"08/07/2025  7:20:57,674","   651250000"," ","44","  36,9","      999375","        3898"," 94,40",
"08/07/2025  7:20:57,674","   657250000"," ","45","  36,1","      999375","       -3195"," 93,80",
"08/07/2025  7:20:57,674","   663250000"," ","46","  36,7","      999375","         771"," 95,00",
"08/07/2025  7:20:57,674","   669250000"," ","47","  37,6","      999375","        4924"," 93,40",
"08/07/2025  7:20:57,674","   675250000"," ","48","  38,4","      999375","       -3791"," 96,90",
"08/07/2025  7:20:57,674","   681250000"," ","49","  44,9","      999375","       99066"," 88,60",
"08/07/2025  7:20:57,674","   687250000"," ","50","  52,3","      999375","        1334"," 96,10",
"08/07/2025  7:20:57,674","   693250000"," ","51","  55,5","      999375","        1355"," 94,70",
"08/07/2025  7:21:49,140","    55250000","CORPORACION ECUATORIANA DE","2","  91,9","      251875","         -24"," 94,90",
"08/07/2025  7:21:49,140","    61250000"," ","3","  40,3","      994375","      -47038"," 97,30",
"08/07/2025  7:21:49,140","    67250000","UV TELEVISION","4","  90,7","      188750","         194"," 69,10",
"08/07/2025  7:21:49,140","    77250000","TELEAMAZONAS","5","  86,8","       94375","          14"," 30,20",
"08/07/2025  7:21:49,140","    83250000"," ","6","  60,4","      999375","      -59489"," 93,70",
"08/07/2025  7:21:49,140","   175250000","ECUADOR TV","7","  94,7","      156875","         -16"," 38,20",
"08/07/2025  7:21:49,140","   181250000","CADENA ECUATORIANA DE TELE","8","  80,2","      510625","        9015"," 92,00",
"08/07/2025  7:21:49,140","   187250000","RED TELESISTEMA (R.T.S)","9","  88,7","       95000","        -248"," 52,60",
"08/07/2025  7:21:49,140","   193250000"," ","10","  69,2","      871875","      124251"," 91,70",
"08/07/2025  7:21:49,140","   199250000","TELEVISION DEL PACIFICO","11","  68,0","      924375","      125582"," 95,10",
"08/07/2025  7:21:49,140","   205250000"," ","12","  61,8","      871875","      133284"," 95,70",
"08/07/2025  7:21:49,140","   211250000"," ","13","  59,1","      854375","      118364"," 95,50",
"08/07/2025  7:21:49,140","   471250000"," ","14","  23,1","      999375","         982"," 96,00",
"08/07/2025  7:21:49,140","   477250000"," ","15","  28,8","      999375","      -74660"," 88,60",
"08/07/2025  7:21:49,140","   483250000"," ","16","  25,0","      999375","        2957"," 93,30",
"08/07/2025  7:21:49,140","   513250000"," ","21","  26,1","      999375","        5134"," 96,90",
"08/07/2025  7:21:49,140","   519250000","ECOTEL","22","  83,8","      140625","        1025"," 60,30",
"08/07/2025  7:21:49,140","   525250000"," ","23","  28,7","      999375","       -6807"," 95,20",
"08/07/2025  7:21:49,140","   531250000","TELERAMA","24","  27,1","      999375","        9049"," 96,60",
"08/07/2025  7:21:49,140","   537250000","PLUS TV","25","  66,4","       95000","        4425"," 67,50",
"08/07/2025  7:21:49,140","   543250000","CANAL UNO","26","  30,8","      999375","        1601"," 97,30",
"08/07/2025  7:21:49,140","   549250000"," ","27","  26,9","      999375","         164"," 94,80",
"08/07/2025  7:21:49,140","   555250000"," ","28","  37,1","      999375","       -1744"," 93,30",
"08/07/2025  7:21:49,140","   561250000"," ","29","  40,9","      999375","         388"," 93,00",
"08/07/2025  7:21:49,140","   567250000","TELEATAHUALPA (RTU)","30","  39,6","      999375","      -11044"," 96,10",
"08/07/2025  7:21:49,140","   573250000"," ","31","  35,3","      999375","       -1300"," 97,20",
"08/07/2025  7:21:49,140","   579250000","TELEVICENTRO TVC","32","  77,7","       94375","        1341"," 23,40",
"08/07/2025  7:21:49,140","   585250000"," ","33","  33,1","      999375","        1590"," 95,90",
"08/07/2025  7:21:49,140","   591250000","UCSG TELEVISION","34","  31,5","      999375","        4097"," 96,20",
"08/07/2025  7:21:49,140","   603250000","OROMAR","36","  32,1","      999375","        1618"," 95,80",
"08/07/2025  7:21:49,140","   615250000"," ","38","  38,1","      999375","        5173"," 96,70",
"08/07/2025  7:21:49,140","   621250000","CANAL SUR - TELEVISION MUN","39","  70,0","      188750","          51"," 49,10",
"08/07/2025  7:21:49,140","   627250000"," ","40","  35,2","      999375","        6007"," 97,30",
"08/07/2025  7:21:49,140","   633250000"," ","41","  33,0","      999375","       -5009"," 95,30",
"08/07/2025  7:21:49,140","   639250000"," ","42","  37,8","      999375","       78683"," 91,20",
"08/07/2025  7:21:49,140","   645250000"," ","43","  35,8","      999375","       -4242"," 93,00",
"08/07/2025  7:21:49,140","   651250000"," ","44","  38,2","      999375","        5300"," 96,40",
"08/07/2025  7:21:49,140","   657250000"," ","45","  36,5","      999375","         452"," 94,00",
"08/07/2025  7:21:49,140","   663250000"," ","46","  37,7","      999375","        2340"," 95,50",
"08/07/2025  7:21:49,140","   669250000"," ","47","  37,6","      999375","        4220"," 95,60",
"08/07/2025  7:21:49,140","   675250000"," ","48","  39,3","      999375","        -116"," 96,50",
"08/07/2025  7:21:49,140","   681250000"," ","49","  44,9","      999375","       88786"," 93,30",
"08/07/2025  7:21:49,140","   687250000"," ","50","  54,6","      999375","        1160"," 96,00",
"08/07/2025  7:21:49,140","   693250000"," ","51","  60,1","      999375","          54"," 96,20",
"08/07/2025  17:40:03,909","    55250000","CORPORACION ECUATORIANA DE","2","  92,8","      141250","         -21"," 60,70",
"08/07/2025  17:40:03,909","    61250000"," ","3","  42,9","      999375","      -23224"," 96,70",
"08/07/2025  17:40:03,909","    67250000","UV TELEVISION","4","  95,9","      157500","         177"," 54,40",
"08/07/2025  17:40:03,909","    77250000","TELEAMAZONAS","5","  85,2","       94375","           9"," 36,80",
"08/07/2025  17:40:03,909","    83250000"," ","6","  63,9","      999375","      -28901"," 94,40",
"08/07/2025  17:40:03,909","   175250000","ECUADOR TV","7","  94,5","      156875","         -16"," 69,10",
"08/07/2025  17:40:03,909","   181250000","CADENA ECUATORIANA DE TELE","8","  80,7","      871250","        1120"," 79,00",
"08/07/2025  17:40:03,909","   187250000","RED TELESISTEMA (R.T.S)","9","  88,0","       94375","        -456"," 54,10",
"08/07/2025  17:40:03,909","   193250000"," ","10","  72,3","      918750","       94649"," 97,10",
"08/07/2025  17:40:03,909","   199250000","TELEVISION DEL PACIFICO","11","  70,3","      999375","       98654"," 96,10",
"08/07/2025  17:40:03,909","   205250000"," ","12","  61,3","      900000","      104641"," 89,70",
"08/07/2025  17:40:03,909","   211250000"," ","13","  61,3","      913125","       62977"," 96,20",
"08/07/2025  17:40:03,909","   471250000"," ","14","  23,3","      999375","        3664"," 93,80",
"08/07/2025  17:40:03,909","   477250000"," ","15","  28,8","      999375","     -102592"," 92,70",
"08/07/2025  17:40:03,909","   483250000"," ","16","  24,2","      999375","        5404"," 94,70",
"08/07/2025  17:40:03,909","   513250000"," ","21","  27,1","      999375","        5759"," 97,30",
"08/07/2025  17:40:03,909","   519250000","ECOTEL","22","  83,2","      110000","        1122"," 54,10",
"08/07/2025  17:40:03,909","   525250000"," ","23","  28,7","      999375","      -13220"," 95,70",
"08/07/2025  17:40:03,909","   531250000","TELERAMA","24","  29,9","      999375","        3023"," 96,90",
"08/07/2025  17:40:03,909","   537250000","PLUS TV","25","  65,9","       31875","        4134"," 28,60",
"08/07/2025  17:40:03,909","   543250000","CANAL UNO","26","  29,6","      999375","       13544"," 95,90",
"08/07/2025  17:40:03,909","   549250000"," ","27","  27,0","      999375","        2545"," 93,00",
"08/07/2025  17:40:03,909","   555250000"," ","28","  41,4","      999375","        -881"," 95,10",
"08/07/2025  17:40:03,909","   561250000"," ","29","  42,6","      999375","        -151"," 95,20",
"08/07/2025  17:40:03,909","   567250000","TELEATAHUALPA (RTU)","30","  39,9","      999375","       -2958"," 94,60",
"08/07/2025  17:40:03,909","   573250000"," ","31","  35,0","      999375","       -1160"," 94,20",
"08/07/2025  17:40:03,909","   579250000","TELEVICENTRO TVC","32","  78,3","      251875","        1133"," 62,50",
"08/07/2025  17:40:03,909","   585250000"," ","33","  34,7","      999375","         873"," 95,50",
"08/07/2025  17:40:03,909","   591250000","UCSG TELEVISION","34","  30,6","      999375","       -6135"," 92,10",
"08/07/2025  17:40:03,909","   603250000","OROMAR","36","  32,3","      999375","        1314"," 96,90",
"08/07/2025  17:40:03,909","   615250000"," ","38","  32,8","      999375","        1793"," 95,00",
"08/07/2025  17:40:03,909","   621250000","CANAL SUR - TELEVISION MUN","39","  66,7","      298750","         101"," 77,40",
"08/07/2025  17:40:03,909","   627250000"," ","40","  34,6","      999375","        6092"," 96,50",
"08/07/2025  17:40:03,909","   633250000"," ","41","  34,4","      999375","       -1297"," 97,20",
"08/07/2025  17:40:03,909","   639250000"," ","42","  37,3","      999375","       68597"," 93,60",
"08/07/2025  17:40:03,909","   645250000"," ","43","  35,3","      999375","       -3858"," 94,20",
"08/07/2025  17:40:03,909","   651250000"," ","44","  36,6","      999375","        2475"," 95,30",
"08/07/2025  17:40:03,909","   657250000"," ","45","  36,9","      999375","        3204"," 95,30",
"08/07/2025  17:40:03,909","   663250000"," ","46","  39,2","      999375","        3126"," 97,60",
"08/07/2025  17:40:03,909","   669250000"," ","47","  37,3","      999375","       -5150"," 95,90",
"08/07/2025  17:40:03,909","   675250000"," ","48","  38,4","      999375","        5290"," 95,80",
"08/07/2025  17:40:03,909","   681250000"," ","49","  46,4","      999375","       87165"," 93,20",
"08/07/2025  17:40:03,909","   687250000"," ","50","  54,2","      999375","        3885"," 95,80",
"08/07/2025  17:40:03,909","   693250000"," ","51","  57,8","      999375","        3315"," 97,60",
"08/07/2025  17:40:57,715","    55250000","CORPORACION ECUATORIANA DE","2","  93,0","      156875","         -27"," 80,50",
"08/07/2025  17:40:57,715","    61250000"," ","3","  43,3","      999375","      -33507"," 93,10",
"08/07/2025  17:40:57,715","    67250000","UV TELEVISION","4","  95,8","      141250","         187"," 51,00",
"08/07/2025  17:40:57,715","    77250000","TELEAMAZONAS","5","  84,9","      125625","          10"," 40,50",
"08/07/2025  17:40:57,715","    83250000"," ","6","  64,1","      999375","      -41041"," 93,50",
"08/07/2025  17:40:57,715","   175250000","ECUADOR TV","7","  94,7","      141250","         -16"," 70,20",
"08/07/2025  17:40:57,715","   181250000","CADENA ECUATORIANA DE TELE","8","  80,5","      820000","        -290"," 81,80",
"08/07/2025  17:40:57,715","   187250000","RED TELESISTEMA (R.T.S)","9","  87,7","      176875","        -533"," 38,90",
"08/07/2025  17:40:57,715","   193250000"," ","10","  70,1","      929375","      113063"," 95,10",
"08/07/2025  17:40:57,715","   199250000","TELEVISION DEL PACIFICO","11","  72,1","      999375","      103814"," 92,50",
"08/07/2025  17:40:57,715","   205250000"," ","12","  63,7","      999375","       81234"," 95,70",
"08/07/2025  17:40:57,715","   211250000"," ","13","  59,9","      842500","      110086"," 94,50",
"08/07/2025  17:40:57,715","   471250000"," ","14","  24,3","      999375","        2900"," 94,40",
"08/07/2025  17:40:57,715","   477250000"," ","15","  29,1","      999375","      -83567"," 92,90",
"08/07/2025  17:40:57,715","   483250000"," ","16","  24,5","      999375","       -1617"," 92,90",
"08/07/2025  17:40:57,715","   513250000"," ","21","  25,9","      999375","        1823"," 95,90",
"08/07/2025  17:40:57,715","   519250000","ECOTEL","22","  83,7","      156875","        1115"," 44,70",
"08/07/2025  17:40:57,715","   525250000"," ","23","  29,8","      999375","      -16405"," 95,30",
"08/07/2025  17:40:57,715","   531250000","TELERAMA","24","  27,9","      999375","        4245"," 95,60",
"08/07/2025  17:40:57,715","   537250000","PLUS TV","25","  64,9","       46875","        4135"," 27,70",
"08/07/2025  17:40:57,715","   543250000","CANAL UNO","26","  30,1","      999375","        8508"," 94,80",
"08/07/2025  17:40:57,715","   549250000"," ","27","  30,1","      999375","        4674"," 96,10",
"08/07/2025  17:40:57,715","   555250000"," ","28","  40,1","      999375","         733"," 93,40",
"08/07/2025  17:40:57,715","   561250000"," ","29","  41,5","      999375","       -6198"," 92,80",
"08/07/2025  17:40:57,715","   567250000","TELEATAHUALPA (RTU)","30","  39,2","      999375","       -6283"," 95,20",
"08/07/2025  17:40:57,715","   573250000"," ","31","  36,3","      999375","       -2216"," 95,00",
"08/07/2025  17:40:57,715","   579250000","TELEVICENTRO TVC","32","  77,7","      126250","        1133"," 61,00",
"08/07/2025  17:40:57,715","   585250000"," ","33","  35,4","      999375","         -69"," 96,10",
"08/07/2025  17:40:57,715","   591250000","UCSG TELEVISION","34","  33,6","      999375","        1800"," 94,60",
"08/07/2025  17:40:57,715","   603250000","OROMAR","36","  33,8","      999375","        1008"," 95,90",
"08/07/2025  17:40:57,715","   615250000"," ","38","  34,8","      999375","         -61"," 95,20",
"08/07/2025  17:40:57,715","   621250000","CANAL SUR - TELEVISION MUN","39","  68,2","      377500","        3093"," 87,60",
"08/07/2025  17:40:57,715","   627250000"," ","40","  32,9","      999375","        7186"," 95,70",
"08/07/2025  17:40:57,715","   633250000"," ","41","  33,0","      999375","        3922"," 95,50",
"08/07/2025  17:40:57,715","   639250000"," ","42","  36,2","      999375","       64567"," 92,30",
"08/07/2025  17:40:57,715","   645250000"," ","43","  37,1","      999375","        1452"," 93,90",
"08/07/2025  17:40:57,715","   651250000"," ","44","  38,4","      999375","       -1770"," 95,30",
"08/07/2025  17:40:57,715","   657250000"," ","45","  37,3","      999375","        2065"," 94,40",
"08/07/2025  17:40:57,715","   663250000"," ","46","  37,7","      999375","        4619"," 95,80",
"08/07/2025  17:40:57,715","   669250000"," ","47","  38,4","      999375","        7405"," 97,00",
"08/07/2025  17:40:57,715","   675250000"," ","48","  40,0","      999375","        2447"," 95,10",
"08/07/2025  17:40:57,715","   681250000"," ","49","  46,2","      999375","       80066"," 92,20",
"08/07/2025  17:40:57,715","   687250000"," ","50","  51,8","      999375","         -32"," 97,80",
"08/07/2025  17:40:57,715","   693250000"," ","51","  54,6","      999375","        4204"," 97,60",
"08/07/2025  17:41:49,153","    55250000","CORPORACION ECUATORIANA DE","2","  92,9","      156875","           0"," 92,40",
"08/07/2025  17:41:49,153","    61250000"," ","3","  43,1","      999375","      -26691"," 96,30",
"08/07/2025  17:41:49,153","    67250000","UV TELEVISION","4","  95,8","      156875","         184"," 73,70",
"08/07/2025  17:41:49,153","    77250000","TELEAMAZONAS","5","  85,0","       78750","          12"," 26,90",
"08/07/2025  17:41:49,153","    83250000"," ","6","  63,7","      999375","      -30546"," 95,30",
"08/07/2025  17:41:49,153","   175250000","ECUADOR TV","7","  94,6","      156875","         -18"," 87,60",
"08/07/2025  17:41:49,153","   181250000","CADENA ECUATORIANA DE TELE","8","  80,1","      838125","        -209"," 67,00",
"08/07/2025  17:41:49,153","   187250000","RED TELESISTEMA (R.T.S)","9","  87,7","       94375","        -536"," 57,80",
"08/07/2025  17:41:49,153","   193250000"," ","10","  72,1","      995625","      111020"," 95,70",
"08/07/2025  17:41:49,153","   199250000","TELEVISION DEL PACIFICO","11","  69,8","      999375","      108440"," 92,50",
"08/07/2025  17:41:49,153","   205250000"," ","12","  63,5","      925000","      128066"," 94,50",
"08/07/2025  17:41:49,153","   211250000"," ","13","  61,0","      875625","       95642"," 87,50",
"08/07/2025  17:41:49,153","   471250000"," ","14","  27,3","      999375","       -1312"," 98,30",
"08/07/2025  17:41:49,153","   477250000"," ","15","  29,9","      999375","      -79356"," 92,80",
"08/07/2025  17:41:49,153","   483250000"," ","16","  25,1","      999375","        4722"," 97,20",
"08/07/2025  17:41:49,153","   513250000"," ","21","  26,4","      999375","        6318"," 96,20",
"08/07/2025  17:41:49,153","   519250000","ECOTEL","22","  83,1","      126250","        1132"," 49,80",
"08/07/2025  17:41:49,153","   525250000"," ","23","  28,3","      999375","      -17265"," 93,30",
"08/07/2025  17:41:49,153","   531250000","TELERAMA","24","  27,5","      999375","        8552"," 93,80",
"08/07/2025  17:41:49,153","   537250000","PLUS TV","25","  64,9","       47500","        4138"," 44,80",
"08/07/2025  17:41:49,153","   543250000","CANAL UNO","26","  29,9","      999375","        2623"," 93,90",
"08/07/2025  17:41:49,153","   549250000"," ","27","  28,0","      999375","         583"," 96,10",
"08/07/2025  17:41:49,153","   555250000"," ","28","  40,3","      999375","        4660"," 93,00",
"08/07/2025  17:41:49,153","   561250000"," ","29","  41,7","      999375","       -7464"," 94,30",
"08/07/2025  17:41:49,153","   567250000","TELEATAHUALPA (RTU)","30","  40,4","      999375","       -5195"," 95,10",
"08/07/2025  17:41:49,153","   573250000"," ","31","  34,7","      999375","       -3120"," 93,10",
"08/07/2025  17:41:49,153","   579250000","TELEVICENTRO TVC","32","  78,0","      125625","        1134"," 55,50",
"08/07/2025  17:41:49,153","   585250000"," ","33","  35,4","      999375","        1976"," 96,10",
"08/07/2025  17:41:49,153","   591250000","UCSG TELEVISION","34","  44,6","      999375","       -3626"," 98,90",
"08/07/2025  17:41:49,153","   603250000","OROMAR","36","  33,7","      999375","        5033"," 97,90",
"08/07/2025  17:41:49,153","   615250000"," ","38","  35,2","      999375","        1752"," 95,10",
"08/07/2025  17:41:49,153","   621250000","CANAL SUR - TELEVISION MUN","39","  68,0","      188750","          59"," 53,70",
"08/07/2025  17:41:49,153","   627250000"," ","40","  33,4","      999375","        1685"," 95,20",
"08/07/2025  17:41:49,153","   633250000"," ","41","  33,8","      999375","        3104"," 96,00",
"08/07/2025  17:41:49,153","   639250000"," ","42","  36,7","      999375","       63638"," 95,30",
"08/07/2025  17:41:49,153","   645250000"," ","43","  35,8","      999375","        1434"," 95,50",
"08/07/2025  17:41:49,153","   651250000"," ","44","  37,6","      999375","        2748"," 94,90",
"08/07/2025  17:41:49,153","   657250000"," ","45","  37,5","      999375","        1753"," 95,60",
"08/07/2025  17:41:49,153","   663250000"," ","46","  38,2","      999375","         776"," 96,40",
"08/07/2025  17:41:49,153","   669250000"," ","47","  39,5","      999375","        2675"," 96,40",
"08/07/2025  17:41:49,153","   675250000"," ","48","  39,4","      999375","        5496"," 93,50",
"08/07/2025  17:41:49,153","   681250000"," ","49","  45,5","      999375","       90465"," 92,30",
"08/07/2025  17:41:49,153","   687250000"," ","50","  51,3","      999375","       -2079"," 97,50",
"08/07/2025  17:41:49,153","   693250000"," ","51","  52,7","      999375","       -4339"," 97,30",
"09/07/2025  7:20:03,884","    55250000","CORPORACION ECUATORIANA DE","2","  93,2","      156875","         -31"," 53,50",
"09/07/2025  7:20:03,884","    61250000"," ","3","  42,7","      999375","      -29145"," 94,90",
"09/07/2025  7:20:03,884","    67250000","UV TELEVISION","4","  94,1","      157500","         199"," 71,80",
"09/07/2025  7:20:03,884","    77250000","TELEAMAZONAS","5","  83,8","       63125","          15"," 29,00",
"09/07/2025  7:20:03,884","    83250000"," ","6","  65,5","      999375","      -35000"," 95,90",
"09/07/2025  7:20:03,884","   175250000","ECUADOR TV","7","  94,8","      156875","         -17"," 87,10",
"09/07/2025  7:20:03,884","   181250000","CADENA ECUATORIANA DE TELE","8","  80,2","      837500","       94275"," 96,30",
"09/07/2025  7:20:03,884","   187250000","RED TELESISTEMA (R.T.S)","9","  88,2","       93750","        -329"," 41,50",
"09/07/2025  7:20:03,884","   193250000"," ","10","  70,9","      893125","      104272"," 92,90",
"09/07/2025  7:20:03,884","   199250000","TELEVISION DEL PACIFICO","11","  70,8","      999375","      112391"," 94,20",
"09/07/2025  7:20:03,884","   205250000"," ","12","  57,8","      875625","      125611"," 96,00",
"09/07/2025  7:20:03,884","   211250000"," ","13","  56,9","      999375","      124257"," 93,40",
"09/07/2025  7:20:03,884","   471250000"," ","14","  23,8","      999375","         345"," 95,40",
"09/07/2025  7:20:03,884","   477250000"," ","15","  29,7","      999375","      -82254"," 95,00",
"09/07/2025  7:20:03,884","   483250000"," ","16","  24,9","      999375","         774"," 96,80",
"09/07/2025  7:20:03,884","   513250000"," ","21","  25,8","      999375","        3201"," 95,30",
"09/07/2025  7:20:03,884","   519250000","ECOTEL","22","  82,3","      125625","        1058"," 64,20",
"09/07/2025  7:20:03,884","   525250000"," ","23","  28,1","      999375","        9081"," 97,30",
"09/07/2025  7:20:03,884","   531250000","TELERAMA","24","  28,2","      999375","        2026"," 95,20",
"09/07/2025  7:20:03,884","   537250000","PLUS TV","25","  64,9","       93750","        4289"," 30,20",
"09/07/2025  7:20:03,884","   543250000","CANAL UNO","26","  29,9","      999375","        -422"," 96,30",
"09/07/2025  7:20:03,884","   549250000"," ","27","  28,8","      999375","        1921"," 95,50",
"09/07/2025  7:20:03,884","   555250000"," ","28","  41,0","      999375","        5812"," 95,50",
"09/07/2025  7:20:03,884","   561250000"," ","29","  39,4","      999375","        6035"," 91,90",
"09/07/2025  7:20:03,884","   567250000","TELEATAHUALPA (RTU)","30","  39,0","      999375","       -3520"," 97,30",
"09/07/2025  7:20:03,884","   573250000"," ","31","  35,0","      999375","        1494"," 94,60",
"09/07/2025  7:20:03,884","   579250000","TELEVICENTRO TVC","32","  78,1","      141250","        1248"," 54,60",
"09/07/2025  7:20:03,884","   585250000"," ","33","  32,5","      999375","       -4445"," 96,20",
"09/07/2025  7:20:03,884","   591250000","UCSG TELEVISION","34","  31,0","      999375","       -3008"," 94,90",
"09/07/2025  7:20:03,884","   603250000","OROMAR","36","  33,4","      999375","         766"," 96,30",
"09/07/2025  7:20:03,884","   615250000"," ","38","  33,7","      999375","        4284"," 96,10",
"09/07/2025  7:20:03,884","   621250000","CANAL SUR - TELEVISION MUN","39","  68,0","      235625","         687"," 93,20",
"09/07/2025  7:20:03,884","   627250000"," ","40","  36,0","      999375","       19217"," 96,40",
"09/07/2025  7:20:03,884","   633250000"," ","41","  33,4","      999375","         -91"," 95,00",
"09/07/2025  7:20:03,884","   639250000"," ","42","  36,7","      999375","       56059"," 94,20",
"09/07/2025  7:20:03,884","   645250000"," ","43","  35,3","      999375","        3690"," 92,60",
"09/07/2025  7:20:03,884","   651250000"," ","44","  37,1","      999375","         582"," 95,00",
"09/07/2025  7:20:03,884","   657250000"," ","45","  37,7","      999375","        4392"," 94,00",
"09/07/2025  7:20:03,884","   663250000"," ","46","  37,7","      999375","        1150"," 93,80",
"09/07/2025  7:20:03,884","   669250000"," ","47","  38,2","      999375","        5679"," 96,90",
"09/07/2025  7:20:03,884","   675250000"," ","48","  37,9","      999375","        3242"," 95,20",
"09/07/2025  7:20:03,884","   681250000"," ","49","  46,5","      999375","       69681"," 86,40",
"09/07/2025  7:20:03,884","   687250000"," ","50","  50,6","      999375","        1814"," 96,30",
"09/07/2025  7:20:03,884","   693250000"," ","51","  52,2","      999375","       -1540"," 97,20",
"09/07/2025  7:20:57,676","    55250000","CORPORACION ECUATORIANA DE","2","  92,9","      188125","         -15"," 67,00",
"09/07/2025  7:20:57,676","    61250000"," ","3","  40,8","      999375","      -39109"," 93,20",
"09/07/2025  7:20:57,676","    67250000","UV TELEVISION","4","  94,1","      157500","         193"," 64,10",
"09/07/2025  7:20:57,676","    77250000","TELEAMAZONAS","5","  83,9","       63125","           9"," 45,30",
"09/07/2025  7:20:57,676","    83250000"," ","6","  65,2","      999375","      -42707"," 95,30",
"09/07/2025  7:20:57,676","   175250000","ECUADOR TV","7","  94,7","      219375","         -16"," 92,70",
"09/07/2025  7:20:57,676","   181250000","CADENA ECUATORIANA DE TELE","8","  81,2","      766875","       26581"," 46,10",
"09/07/2025  7:20:57,676","   187250000","RED TELESISTEMA (R.T.S)","9","  88,3","      175000","        -293"," 46,60",
"09/07/2025  7:20:57,676","   193250000"," ","10","  73,3","      898125","      105071"," 94,60",
"09/07/2025  7:20:57,676","   199250000","TELEVISION DEL PACIFICO","11","  70,5","      999375","      120713"," 95,40",
"09/07/2025  7:20:57,676","   205250000"," ","12","  63,5","      921875","      130456"," 94,50",
"09/07/2025  7:20:57,676","   211250000"," ","13","  58,4","      999375","      121315"," 94,30",
"09/07/2025  7:20:57,676","   471250000"," ","14","  24,0","      999375","        4727"," 95,50",
"09/07/2025  7:20:57,676","   477250000"," ","15","  30,3","      999375","      -81999"," 89,40",
"09/07/2025  7:20:57,676","   483250000"," ","16","  24,7","      999375","        1734"," 95,60",
"09/07/2025  7:20:57,676","   513250000"," ","21","  26,5","      999375","        -595"," 97,30",
"09/07/2025  7:20:57,676","   519250000","ECOTEL","22","  81,8","      251250","        1065"," 19,40",
"09/07/2025  7:20:57,676","   525250000"," ","23","  28,2","      999375","       17418"," 94,90",
"09/07/2025  7:20:57,676","   531250000","TELERAMA","24","  28,8","      999375","        1844"," 96,30",
"09/07/2025  7:20:57,676","   537250000","PLUS TV","25","  64,2","       94375","        4291"," 30,30",
"09/07/2025  7:20:57,676","   543250000","CANAL UNO","26","  30,3","      999375","        4411"," 95,90",
"09/07/2025  7:20:57,676","   549250000"," ","27","  28,0","      999375","        3875"," 97,50",
"09/07/2025  7:20:57,676","   555250000"," ","28","  40,7","      999375","       -1001"," 90,70",
"09/07/2025  7:20:57,676","   561250000"," ","29","  40,0","      999375","       -1807"," 94,10",
"09/07/2025  7:20:57,676","   567250000","TELEATAHUALPA (RTU)","30","  38,0","      999375","       -5316"," 94,60",
"09/07/2025  7:20:57,676","   573250000"," ","31","  36,0","      999375","       -2194"," 96,50",
"09/07/2025  7:20:57,676","   579250000","TELEVICENTRO TVC","32","  77,7","      125625","        1251"," 49,30",
"09/07/2025  7:20:57,676","   585250000"," ","33","  35,3","      999375","       12255"," 96,80",
"09/07/2025  7:20:57,676","   591250000","UCSG TELEVISION","34","  31,4","      999375","       -1408"," 93,40",
"09/07/2025  7:20:57,676","   603250000","OROMAR","36","  32,5","      999375","       -1313"," 95,90",
"09/07/2025  7:20:57,676","   615250000"," ","38","  34,2","      999375","        6088"," 94,80",
"09/07/2025  7:20:57,676","   621250000","CANAL SUR - TELEVISION MUN","39","  67,6","      298750","          53"," 79,10",
"09/07/2025  7:20:57,676","   627250000"," ","40","  33,4","      999375","        9210"," 94,20",
"09/07/2025  7:20:57,676","   633250000"," ","41","  32,9","      999375","       -5801"," 92,30",
"09/07/2025  7:20:57,676","   639250000"," ","42","  37,5","      999375","       66495"," 96,00",
"09/07/2025  7:20:57,676","   645250000"," ","43","  34,9","      999375","         559"," 95,70",
"09/07/2025  7:20:57,676","   651250000"," ","44","  36,7","      999375","       -1410"," 95,70",
"09/07/2025  7:20:57,676","   657250000"," ","45","  37,0","      999375","         726"," 95,30",
"09/07/2025  7:20:57,676","   663250000"," ","46","  37,8","      999375","        -981"," 93,90",
"09/07/2025  7:20:57,676","   669250000"," ","47","  38,0","      999375","        2004"," 96,10",
"09/07/2025  7:20:57,676","   675250000"," ","48","  39,1","      999375","        4650"," 93,90",
"09/07/2025  7:20:57,676","   681250000"," ","49","  46,6","      999375","       81155"," 93,50",
"09/07/2025  7:20:57,676","   687250000"," ","50","  51,0","      999375","        1954"," 97,80",
"09/07/2025  7:20:57,676","   693250000"," ","51","  55,8","      999375","         430"," 95,30",
"09/07/2025  7:21:49,136","    55250000","CORPORACION ECUATORIANA DE","2","  93,1","      188125","         -15"," 63,10",
"09/07/2025  7:21:49,136","    61250000"," ","3","  43,9","      710000","      -34531"," 96,30",
"09/07/2025  7:21:49,136","    67250000","UV TELEVISION","4","  94,4","      157500","         183"," 56,00",
"09/07/2025  7:21:49,136","    77250000","TELEAMAZONAS","5","  84,1","       78750","          14"," 49,10",
"09/07/2025  7:21:49,136","    83250000"," ","6","  64,1","      999375","      -25270"," 95,50",
"09/07/2025  7:21:49,136","   175250000","ECUADOR TV","7","  94,5","      156875","         -17"," 87,80",
"09/07/2025  7:21:49,136","   181250000","CADENA ECUATORIANA DE TELE","8","  80,3","      871250","        3220"," 54,90",
"09/07/2025  7:21:49,136","   187250000","RED TELESISTEMA (R.T.S)","9","  89,0","      188750","        -406"," 50,80",
"09/07/2025  7:21:49,136","   193250000"," ","10","  75,4","      906250","      120515"," 94,90",
"09/07/2025  7:21:49,136","   199250000","TELEVISION DEL PACIFICO","11","  72,2","      999375","      108130"," 95,30",
"09/07/2025  7:21:49,136","   205250000"," ","12","  64,4","      999375","      114938"," 96,50",
"09/07/2025  7:21:49,136","   211250000"," ","13","  60,6","      999375","       95064"," 95,90",
"09/07/2025  7:21:49,136","   471250000"," ","14","  24,5","      999375","        3177"," 95,70",
"09/07/2025  7:21:49,136","   477250000"," ","15","  32,1","      999375","      -78807"," 96,70",
"09/07/2025  7:21:49,136","   483250000"," ","16","  27,4","      999375","        2317"," 97,10",
"09/07/2025  7:21:49,136","   513250000"," ","21","  27,5","      999375","        3067"," 96,30",
"09/07/2025  7:21:49,136","   519250000","ECOTEL","22","  82,2","      157500","        1063"," 20,70",
"09/07/2025  7:21:49,136","   525250000"," ","23","  28,6","      999375","        8549"," 93,20",
"09/07/2025  7:21:49,136","   531250000","TELERAMA","24","  26,8","      999375","       10548"," 92,00",
"09/07/2025  7:21:49,136","   537250000","PLUS TV","25","  65,9","       94375","        4293"," 46,30",
"09/07/2025  7:21:49,136","   543250000","CANAL UNO","26","  28,8","      999375","        7791"," 92,50",
"09/07/2025  7:21:49,136","   549250000"," ","27","  29,4","      999375","        -350"," 96,40",
"09/07/2025  7:21:49,136","   555250000"," ","28","  41,0","      999375","        4288"," 92,60",
"09/07/2025  7:21:49,136","   561250000"," ","29","  40,3","      999375","       -2374"," 95,00",
"09/07/2025  7:21:49,136","   567250000","TELEATAHUALPA (RTU)","30","  38,6","      999375","       -6909"," 94,70",
"09/07/2025  7:21:49,136","   573250000"," ","31","  34,0","      999375","       -4176"," 95,00",
"09/07/2025  7:21:49,136","   579250000","TELEVICENTRO TVC","32","  77,9","      110000","        1247"," 59,00",
"09/07/2025  7:21:49,136","   585250000"," ","33","  35,2","      999375","       -1233"," 92,00",
"09/07/2025  7:21:49,136","   591250000","UCSG TELEVISION","34","  31,6","      999375","        4896"," 94,20",
"09/07/2025  7:21:49,136","   603250000","OROMAR","36","  32,0","      999375","        -599"," 95,40",
"09/07/2025  7:21:49,136","   615250000"," ","38","  35,7","      999375","        -624"," 95,60",
"09/07/2025  7:21:49,136","   621250000","CANAL SUR - TELEVISION MUN","39","  68,4","      219375","          53"," 88,10",
"09/07/2025  7:21:49,136","   627250000"," ","40","  33,3","      999375","        8817"," 93,40",
"09/07/2025  7:21:49,136","   633250000"," ","41","  34,3","      999375","        3787"," 97,20",
"09/07/2025  7:21:49,136","   639250000"," ","42","  38,0","      999375","       57568"," 92,50",
"09/07/2025  7:21:49,136","   645250000"," ","43","  34,3","      999375","        2611"," 94,60",
"09/07/2025  7:21:49,136","   651250000"," ","44","  36,3","      999375","       -1150"," 95,50",
"09/07/2025  7:21:49,136","   657250000"," ","45","  37,3","      999375","         702"," 95,20",
"09/07/2025  7:21:49,136","   663250000"," ","46","  37,8","      999375","       -1222"," 92,90",
"09/07/2025  7:21:49,136","   669250000"," ","47","  39,6","      999375","        -371"," 96,50",
"09/07/2025  7:21:49,136","   675250000"," ","48","  39,1","      999375","        3113"," 96,10",
"09/07/2025  7:21:49,136","   681250000"," ","49","  46,6","      999375","       84387"," 90,50",
"09/07/2025  7:21:49,136","   687250000"," ","50","  48,6","      999375","         534"," 97,80",
"09/07/2025  7:21:49,136","   693250000"," ","51","  54,0","      999375","         286"," 96,60",
"09/07/2025  17:40:03,009","    55250000","CORPORACION ECUATORIANA DE","2","  84,4","     1800000","          15"," 47,50",
"09/07/2025  17:40:03,009","    61250000"," ","3","  44,3","     1800000","       -1225"," 96,10",
"09/07/2025  17:40:03,009","    67250000","UV TELEVISION","4","  78,4","     1800000","         158"," 72,50",
"09/07/2025  17:40:03,009","    77250000","TELEAMAZONAS","5","  85,9","     1800000","           9"," 32,30",
"09/07/2025  17:40:03,009","    83250000"," ","6","  63,2","     1800000","      -14467"," 93,50",
"09/07/2025  17:40:03,009","   175250000","ECUADOR TV","7","  89,2","     1800000","         990"," 98,70",
"09/07/2025  17:40:03,009","   181250000","CADENA ECUATORIANA DE TELE","8","  78,3","     1800000","         110"," 95,80",
"09/07/2025  17:40:03,009","   187250000","RED TELESISTEMA (R.T.S)","9","  94,0","     1800000","        -353"," 36,20",
"09/07/2025  17:40:03,009","   193250000"," ","10","  67,3","     1800000","      111220"," 92,80",
"09/07/2025  17:40:03,009","   199250000","TELEVISION DEL PACIFICO","11","  65,2","     1800000","      105359"," 97,20",
"09/07/2025  17:40:03,009","   205250000"," ","12","  60,8","     1800000","      116538"," 89,50",
"09/07/2025  17:40:03,009","   211250000"," ","13","  58,9","     1800000","      122839"," 95,10",
"09/07/2025  17:40:03,009","   471250000"," ","14","  35,0","     1800000","       -1665"," 97,10",
"09/07/2025  17:40:03,009","   477250000"," ","15","  36,0","     1800000","      -11934"," 97,50",
"09/07/2025  17:40:03,009","   483250000"," ","16","  34,0","     1800000","        2021"," 95,10",
"09/07/2025  17:40:03,009","   513250000"," ","21","  37,0","     1800000","        1935"," 96,60",
"09/07/2025  17:40:03,009","   519250000","ECOTEL","22","  80,2","     1200000","        1081"," 24,70",
"09/07/2025  17:40:03,009","   525250000"," ","23","  38,8","     1800000","       -1493"," 96,60",
"09/07/2025  17:40:03,009","   531250000","TELERAMA","24","  40,1","     1800000","       -2630"," 98,00",
"09/07/2025  17:40:03,009","   537250000","PLUS TV","25","  68,9","     1800000","        4148"," 63,40",
"09/07/2025  17:40:03,009","   543250000","CANAL UNO","26","  39,0","     1800000","        -149"," 97,70",
"09/07/2025  17:40:03,009","   549250000"," ","27","  38,4","     1800000","        -927"," 95,20",
"09/07/2025  17:40:03,009","   555250000"," ","28","  40,1","     1800000","        2335"," 94,10",
"09/07/2025  17:40:03,009","   561250000"," ","29","  46,2","     1800000","       -6467"," 95,90",
"09/07/2025  17:40:03,009","   567250000","TELEATAHUALPA (RTU)","30","  40,6","     1800000","         883"," 93,20",
"09/07/2025  17:40:03,009","   573250000"," ","31","  42,4","     1800000","        2640"," 94,90",
"09/07/2025  17:40:03,009","   579250000","TELEVICENTRO TVC","32","  83,2","     1800000","        1177"," 60,50",
"09/07/2025  17:40:03,009","   585250000"," ","33","  42,9","     1800000","       -2039"," 94,60",
"09/07/2025  17:40:03,009","   591250000","UCSG TELEVISION","34","  43,1","     1800000","        1801"," 94,90",
"09/07/2025  17:40:03,009","   603250000","OROMAR","36","  48,3","     1800000","       -2671"," 95,20",
"09/07/2025  17:40:03,009","   615250000"," ","38","  49,6","     1800000","        3771"," 94,80",
"09/07/2025  17:40:03,009","   621250000","CANAL SUR - TELEVISION MUN","39","  99,5","     1800000","          51"," 26,80",
"09/07/2025  17:40:03,009","   627250000"," ","40","  46,4","     1800000","        4511"," 96,00",
"09/07/2025  17:40:03,009","   633250000"," ","41","  47,4","     1800000","        1906"," 96,80",
"09/07/2025  17:40:03,009","   639250000"," ","42","  47,0","     1800000","        -654"," 94,70",
"09/07/2025  17:40:03,009","   645250000"," ","43","  48,8","     1800000","        4913"," 97,10",
"09/07/2025  17:40:03,009","   651250000"," ","44","  47,5","     1800000","         387"," 93,70",
"09/07/2025  17:40:03,009","   657250000"," ","45","  49,4","     1800000","        -697"," 95,40",
"09/07/2025  17:40:03,009","   663250000"," ","46","  49,4","     1800000","        5788"," 95,80",
"09/07/2025  17:40:03,009","   669250000"," ","47","  49,7","     1800000","         -97"," 95,50",
"09/07/2025  17:40:03,009","   675250000"," ","48","  50,6","     1800000","        1014"," 96,20",
"09/07/2025  17:40:03,009","   681250000"," ","49","  51,7","     1800000","       15991"," 95,90",
"09/07/2025  17:40:03,009","   687250000"," ","50","  68,9","     1800000","        -631"," 97,60",
"09/07/2025  17:40:03,009","   693250000"," ","51","  67,7","     1800000","        2119"," 97,00",
"09/07/2025  17:40:57,753","    55250000","CORPORACION ECUATORIANA DE","2","  84,1","     1800000","          15"," 59,00",
"09/07/2025  17:40:57,753","    61250000"," ","3","  45,4","     1800000","       -2919"," 97,70",
"09/07/2025  17:40:57,753","    67250000","UV TELEVISION","4","  76,4","     1800000","         205"," 68,90",
"09/07/2025  17:40:57,753","    77250000","TELEAMAZONAS","5","  85,8","     1800000","          12"," 30,30",
"09/07/2025  17:40:57,753","    83250000"," ","6","  63,2","     1800000","      -14473"," 95,50",
"09/07/2025  17:40:57,753","   175250000","ECUADOR TV","7","  89,9","     1800000","         -15"," 89,10",
"09/07/2025  17:40:57,753","   181250000","CADENA ECUATORIANA DE TELE","8","  77,7","     1800000","        5484"," 96,20",
"09/07/2025  17:40:57,753","   187250000","RED TELESISTEMA (R.T.S)","9","  94,0","     1600000","        -393"," 39,70",
"09/07/2025  17:40:57,753","   193250000"," ","10","  66,5","     1800000","      115323"," 94,40",
"09/07/2025  17:40:57,753","   199250000","TELEVISION DEL PACIFICO","11","  65,0","     1800000","      113323"," 91,10",
"09/07/2025  17:40:57,753","   205250000"," ","12","  61,6","     1800000","       88709"," 93,40",
"09/07/2025  17:40:57,753","   211250000"," ","13","  60,4","     1800000","       93261"," 95,60",
"09/07/2025  17:40:57,753","   471250000"," ","14","  33,2","     1800000","       -1388"," 94,10",
"09/07/2025  17:40:57,753","   477250000"," ","15","  35,8","     1800000","      -11695"," 94,20",
"09/07/2025  17:40:57,753","   483250000"," ","16","  34,9","     1800000","        3973"," 95,50",
"09/07/2025  17:40:57,753","   513250000"," ","21","  38,3","     1800000","        3276"," 94,10",
"09/07/2025  17:40:57,753","   519250000","ECOTEL","22","  79,7","     1000000","        1086"," 26,00",
"09/07/2025  17:40:57,753","   525250000"," ","23","  37,4","     1800000","        1161"," 95,40",
"09/07/2025  17:40:57,753","   531250000","TELERAMA","24","  38,2","     1800000","        2252"," 94,10",
"09/07/2025  17:40:57,753","   537250000","PLUS TV","25","  68,7","     1800000","        4154"," 31,40",
"09/07/2025  17:40:57,753","   543250000","CANAL UNO","26","  42,7","     1800000","       -2157"," 97,10",
"09/07/2025  17:40:57,753","   549250000"," ","27","  39,4","     1800000","        1415"," 93,90",
"09/07/2025  17:40:57,753","   555250000"," ","28","  40,1","     1800000","        3245"," 94,60",
"09/07/2025  17:40:57,753","   561250000"," ","29","  46,5","     1800000","        1285"," 94,70",
"09/07/2025  17:40:57,753","   567250000","TELEATAHUALPA (RTU)","30","  41,7","     1800000","       -3952"," 96,70",
"09/07/2025  17:40:57,753","   573250000"," ","31","  41,8","     1800000","       -1286"," 96,80",
"09/07/2025  17:40:57,753","   579250000","TELEVICENTRO TVC","32","  83,8","     1800000","        1182"," 58,00",
"09/07/2025  17:40:57,753","   585250000"," ","33","  44,1","     1800000","        -877"," 97,50",
"09/07/2025  17:40:57,753","   591250000","UCSG TELEVISION","34","  43,3","     1800000","       -1113"," 95,80",
"09/07/2025  17:40:57,753","   603250000","OROMAR","36","  45,0","     1800000","        3615"," 98,40",
"09/07/2025  17:40:57,753","   615250000"," ","38","  51,9","     1800000","        -139"," 95,90",
"09/07/2025  17:40:57,753","   621250000","CANAL SUR - TELEVISION MUN","39","  98,4","     1800000","          49"," 56,60",
"09/07/2025  17:40:57,753","   627250000"," ","40","  45,7","     1800000","        4150"," 94,90",
"09/07/2025  17:40:57,753","   633250000"," ","41","  46,9","     1800000","        2471"," 96,20",
"09/07/2025  17:40:57,753","   639250000"," ","42","  48,1","     1800000","        1412"," 96,80",
"09/07/2025  17:40:57,753","   645250000"," ","43","  49,0","     1800000","       -4146"," 95,10",
"09/07/2025  17:40:57,753","   651250000"," ","44","  47,0","     1800000","       -2161"," 93,70",
"09/07/2025  17:40:57,753","   657250000"," ","45","  49,6","     1800000","       -4997"," 97,00",
"09/07/2025  17:40:57,753","   663250000"," ","46","  49,0","     1800000","       -1439"," 96,20",
"09/07/2025  17:40:57,753","   669250000"," ","47","  50,1","     1800000","        2177"," 95,60",
"09/07/2025  17:40:57,753","   675250000"," ","48","  52,4","     1800000","        5351"," 96,50",
"09/07/2025  17:40:57,753","   681250000"," ","49","  55,2","     1800000","        9463"," 94,80",
"09/07/2025  17:40:57,753","   687250000"," ","50","  67,4","     1800000","        5706"," 96,80",
"09/07/2025  17:40:57,753","   693250000"," ","51","  73,6","     1800000","        2032"," 96,20",
"09/07/2025  17:41:49,156","    55250000","CORPORACION ECUATORIANA DE","2","  84,4","     1800000","         -10"," 60,10",
"09/07/2025  17:41:49,156","    61250000"," ","3","  45,6","     1800000","        4510"," 95,20",
"09/07/2025  17:41:49,156","    67250000","UV TELEVISION","4","  71,1","     1800000","       14699"," 95,60",
"09/07/2025  17:41:49,156","    77250000","TELEAMAZONAS","5","  86,2","     1800000","          11"," 56,60",
"09/07/2025  17:41:49,156","    83250000"," ","6","  64,1","     1800000","      -10523"," 95,30",
"09/07/2025  17:41:49,156","   175250000","ECUADOR TV","7","  89,6","     1800000","          11"," 97,50",
"09/07/2025  17:41:49,156","   181250000","CADENA ECUATORIANA DE TELE","8","  78,0","     1800000","        4539"," 95,40",
"09/07/2025  17:41:49,156","   187250000","RED TELESISTEMA (R.T.S)","9","  93,5","     1800000","        -360"," 36,30",
"09/07/2025  17:41:49,156","   193250000"," ","10","  65,9","     1800000","      120582"," 93,70",
"09/07/2025  17:41:49,156","   199250000","TELEVISION DEL PACIFICO","11","  65,8","     1800000","       97357"," 96,20",
"09/07/2025  17:41:49,156","   205250000"," ","12","  59,3","     1800000","      123501"," 94,30",
"09/07/2025  17:41:49,156","   211250000"," ","13","  59,9","     1800000","      117500"," 92,50",
"09/07/2025  17:41:49,156","   471250000"," ","14","  35,6","     1800000","        3762"," 96,90",
"09/07/2025  17:41:49,156","   477250000"," ","15","  35,1","     1800000","      -33863"," 94,40",
"09/07/2025  17:41:49,156","   483250000"," ","16","  34,6","     1800000","        1007"," 94,70",
"09/07/2025  17:41:49,156","   513250000"," ","21","  37,0","     1800000","       -1391"," 95,30",
"09/07/2025  17:41:49,156","   519250000","ECOTEL","22","  81,4","     1200000","        1090"," 54,30",
"09/07/2025  17:41:49,156","   525250000"," ","23","  37,2","     1800000","        2052"," 92,50",
"09/07/2025  17:41:49,156","   531250000","TELERAMA","24","  38,4","     1800000","        1135"," 97,40",
"09/07/2025  17:41:49,156","   537250000","PLUS TV","25","  68,7","     1800000","        4157"," 43,30",
"09/07/2025  17:41:49,156","   543250000","CANAL UNO","26","  39,6","     1800000","        1915"," 95,00",
"09/07/2025  17:41:49,156","   549250000"," ","27","  38,4","     1800000","         616"," 93,40",
"09/07/2025  17:41:49,156","   555250000"," ","28","  41,5","     1800000","        1995"," 96,50",
"09/07/2025  17:41:49,156","   561250000"," ","29","  46,6","     1800000","        2912"," 96,20",
"09/07/2025  17:41:49,156","   567250000","TELEATAHUALPA (RTU)","30","  41,2","     1800000","        -404"," 95,30",
"09/07/2025  17:41:49,156","   573250000"," ","31","  41,4","     1800000","         299"," 95,20",
"09/07/2025  17:41:49,156","   579250000","TELEVICENTRO TVC","32","  83,4","     1800000","        1183"," 59,20",
"09/07/2025  17:41:49,156","   585250000"," ","33","  43,2","     1800000","        -470"," 96,10",
"09/07/2025  17:41:49,156","   591250000","UCSG TELEVISION","34","  43,2","     1800000","        -329"," 94,50",
"09/07/2025  17:41:49,156","   603250000","OROMAR","36","  45,6","     1800000","        2825"," 96,50",
"09/07/2025  17:41:49,156","   615250000"," ","38","  47,2","     1800000","       -2390"," 93,10",
"09/07/2025  17:41:49,156","   621250000","CANAL SUR - TELEVISION MUN","39","  99,5","     1800000","          51"," 35,10",
"09/07/2025  17:41:49,156","   627250000"," ","40","  45,3","     1800000","        3342"," 96,10",
"09/07/2025  17:41:49,156","   633250000"," ","41","  45,8","     1800000","       -2156"," 93,70",
"09/07/2025  17:41:49,156","   639250000"," ","42","  46,9","     1800000","        -758"," 95,20",
"09/07/2025  17:41:49,156","   645250000"," ","43","  47,4","     1800000","        4137"," 94,10",
"09/07/2025  17:41:49,156","   651250000"," ","44","  49,2","     1800000","        1225"," 97,60",
"09/07/2025  17:41:49,156","   657250000"," ","45","  49,6","     1800000","        -969"," 96,30",
"09/07/2025  17:41:49,156","   663250000"," ","46","  48,5","     1800000","        1672"," 95,40",
"09/07/2025  17:41:49,156","   669250000"," ","47","  50,1","     1800000","        -784"," 96,50",
"09/07/2025  17:41:49,156","   675250000"," ","48","  51,6","     1800000","       -1295"," 95,80",
"09/07/2025  17:41:49,156","   681250000"," ","49","  52,6","     1800000","       11632"," 96,80",
"09/07/2025  17:41:49,156","   687250000"," ","50","  66,9","     1800000","        4044"," 95,70",
"09/07/2025  17:41:49,156","   693250000"," ","51","  69,0","     1800000","        8982"," 95,60",
"10/07/2025  7:20:03,027","    55250000","CORPORACION ECUATORIANA DE","2","  84,8","     1800000","         -26"," 53,70",
"10/07/2025  7:20:03,027","    61250000"," ","3","  44,7","     1800000","       10158"," 95,00",
"10/07/2025  7:20:03,027","    67250000","UV TELEVISION","4","  78,7","     1800000","         187"," 33,70",
"10/07/2025  7:20:03,027","    77250000","TELEAMAZONAS","5","  86,4","     1800000","          10"," 45,70",
"10/07/2025  7:20:03,027","    83250000"," ","6","  65,1","     1800000","      -13159"," 96,70",
"10/07/2025  7:20:03,027","   175250000","ECUADOR TV","7","  89,2","     1800000","         -16"," 47,80",
"10/07/2025  7:20:03,027","   181250000","CADENA ECUATORIANA DE TELE","8","  79,8","     1800000","        3805"," 81,00",
"10/07/2025  7:20:03,027","   187250000","RED TELESISTEMA (R.T.S)","9","  94,2","     1800000","        -265"," 50,30",
"10/07/2025  7:20:03,027","   193250000"," ","10","  66,3","     1800000","      119567"," 94,60",
"10/07/2025  7:20:03,027","   199250000","TELEVISION DEL PACIFICO","11","  67,6","     1800000","      105413"," 96,00",
"10/07/2025  7:20:03,027","   205250000"," ","12","  62,6","     1800000","      104808"," 91,70",
"10/07/2025  7:20:03,027","   211250000"," ","13","  60,7","     1800000","      103305"," 90,70",
"10/07/2025  7:20:03,027","   471250000"," ","14","  33,3","     1800000","        -218"," 95,60",
"10/07/2025  7:20:03,027","   477250000"," ","15","  36,1","     1800000","      -32435"," 93,30",
"10/07/2025  7:20:03,027","   483250000"," ","16","  34,9","     1800000","        -164"," 95,40",
"10/07/2025  7:20:03,027","   513250000"," ","21","  36,8","     1800000","        4102"," 96,30",
"10/07/2025  7:20:03,027","   519250000","ECOTEL","22","  77,2","     1600000","        1052"," 50,20",
"10/07/2025  7:20:03,027","   525250000"," ","23","  37,5","     1800000","        1266"," 96,10",
"10/07/2025  7:20:03,027","   531250000","TELERAMA","24","  39,0","     1800000","        7016"," 92,80",
"10/07/2025  7:20:03,027","   537250000","PLUS TV","25","  66,2","     1800000","        4259"," 40,20",
"10/07/2025  7:20:03,027","   543250000","CANAL UNO","26","  38,7","     1800000","        4851"," 95,90",
"10/07/2025  7:20:03,027","   549250000"," ","27","  39,8","     1800000","        1793"," 95,60",
"10/07/2025  7:20:03,027","   555250000"," ","28","  40,1","     1800000","         236"," 93,30",
"10/07/2025  7:20:03,027","   561250000"," ","29","  45,6","     1800000","         450"," 93,00",
"10/07/2025  7:20:03,027","   567250000","TELEATAHUALPA (RTU)","30","  40,4","     1800000","       -1429"," 93,30",
"10/07/2025  7:20:03,027","   573250000"," ","31","  41,6","     1800000","        1466"," 96,20",
"10/07/2025  7:20:03,027","   579250000","TELEVICENTRO TVC","32","  81,3","     1800000","        1234"," 58,30",
"10/07/2025  7:20:03,027","   585250000"," ","33","  41,7","     1800000","       -1513"," 94,90",
"10/07/2025  7:20:03,027","   591250000","UCSG TELEVISION","34","  43,2","     1800000","        4243"," 95,90",
"10/07/2025  7:20:03,027","   603250000","OROMAR","36","  45,0","     1800000","        1007"," 94,60",
"10/07/2025  7:20:03,027","   615250000"," ","38","  48,7","     1800000","       -1418"," 95,00",
"10/07/2025  7:20:03,027","   621250000","CANAL SUR - TELEVISION MUN","39","  98,9","     1400000","          50"," 76,50",
"10/07/2025  7:20:03,027","   627250000"," ","40","  45,6","     1800000","       -2133"," 91,90",
"10/07/2025  7:20:03,027","   633250000"," ","41","  47,5","     1800000","        4542"," 96,50",
"10/07/2025  7:20:03,027","   639250000"," ","42","  48,2","     1800000","        3122"," 96,90",
"10/07/2025  7:20:03,027","   645250000"," ","43","  46,9","     1800000","        3795"," 94,10",
"10/07/2025  7:20:03,027","   651250000"," ","44","  51,3","     1800000","       53079"," 95,60",
"10/07/2025  7:20:03,027","   657250000"," ","45","  49,6","     1800000","        2640"," 94,60",
"10/07/2025  7:20:03,027","   663250000"," ","46","  50,0","     1800000","        3210"," 94,40",
"10/07/2025  7:20:03,027","   669250000"," ","47","  49,2","     1800000","          44"," 94,20",
"10/07/2025  7:20:03,027","   675250000"," ","48","  52,9","     1800000","        2178"," 97,10",
"10/07/2025  7:20:03,027","   681250000"," ","49","  51,2","     1800000","       13999"," 94,90",
"10/07/2025  7:20:03,027","   687250000"," ","50","  64,6","     1800000","        3385"," 94,80",
"10/07/2025  7:20:03,027","   693250000"," ","51","  68,2","     1800000","        8471"," 97,30",
"10/07/2025  7:20:57,773","    55250000","CORPORACION ECUATORIANA DE","2","  85,3","     1800000","         -25"," 59,20",
"10/07/2025  7:20:57,773","    61250000"," ","3","  45,0","     1800000","        5087"," 96,70",
"10/07/2025  7:20:57,773","    67250000","UV TELEVISION","4","  78,4","     1800000","       -1446"," 99,00",
"10/07/2025  7:20:57,773","    77250000","TELEAMAZONAS","5","  87,0","     1800000","          12"," 57,40",
"10/07/2025  7:20:57,773","    83250000"," ","6","  63,0","     1800000","      -15549"," 95,40",
"10/07/2025  7:20:57,773","   175250000","ECUADOR TV","7","  89,2","     1800000","         -15"," 67,90",
"10/07/2025  7:20:57,773","   181250000","CADENA ECUATORIANA DE TELE","8","  78,5","     1800000","       12162"," 92,00",
"10/07/2025  7:20:57,773","   187250000","RED TELESISTEMA (R.T.S)","9","  94,0","     1800000","        -398"," 37,10",
"10/07/2025  7:20:57,773","   193250000"," ","10","  67,7","     1800000","      101983"," 94,30",
"10/07/2025  7:20:57,773","   199250000","TELEVISION DEL PACIFICO","11","  66,2","     1800000","      121010"," 93,50",
"10/07/2025  7:20:57,773","   205250000"," ","12","  61,5","     1800000","      107564"," 93,20",
"10/07/2025  7:20:57,773","   211250000"," ","13","  59,8","     1800000","      108823"," 89,40",
"10/07/2025  7:20:57,773","   471250000"," ","14","  33,4","     1800000","        2186"," 96,20",
"10/07/2025  7:20:57,773","   477250000"," ","15","  35,3","     1800000","      -18092"," 96,20",
"10/07/2025  7:20:57,773","   483250000"," ","16","  34,3","     1800000","       -2471"," 94,70",
"10/07/2025  7:20:57,773","   513250000"," ","21","  36,5","     1800000","        1442"," 93,80",
"10/07/2025  7:20:57,773","   519250000","ECOTEL","22","  78,3","     1600000","        1045"," 55,50",
"10/07/2025  7:20:57,773","   525250000"," ","23","  36,9","     1800000","        4432"," 93,00",
"10/07/2025  7:20:57,773","   531250000","TELERAMA","24","  41,2","     1800000","        7042"," 95,80",
"10/07/2025  7:20:57,773","   537250000","PLUS TV","25","  70,3","     1800000","        4261"," 71,50",
"10/07/2025  7:20:57,773","   543250000","CANAL UNO","26","  39,5","     1800000","        1106"," 94,90",
"10/07/2025  7:20:57,773","   549250000"," ","27","  38,8","     1800000","       -1406"," 96,10",
"10/07/2025  7:20:57,773","   555250000"," ","28","  40,1","     1800000","        4669"," 93,80",
"10/07/2025  7:20:57,773","   561250000"," ","29","  47,8","     1800000","       -2872"," 96,60",
"10/07/2025  7:20:57,773","   567250000","TELEATAHUALPA (RTU)","30","  42,2","     1800000","       -1032"," 93,90",
"10/07/2025  7:20:57,773","   573250000"," ","31","  42,9","     1800000","        -907"," 96,80",
"10/07/2025  7:20:57,773","   579250000","TELEVICENTRO TVC","32","  82,3","     1800000","        1230"," 51,10",
"10/07/2025  7:20:57,773","   585250000"," ","33","  42,8","     1800000","       -1210"," 94,80",
"10/07/2025  7:20:57,773","   591250000","UCSG TELEVISION","34","  43,5","     1800000","         421"," 91,80",
"10/07/2025  7:20:57,773","   603250000","OROMAR","36","  44,9","     1800000","        1929"," 95,70",
"10/07/2025  7:20:57,773","   615250000"," ","38","  46,7","     1800000","        3493"," 92,20",
"10/07/2025  7:20:57,773","   621250000","CANAL SUR - TELEVISION MUN","39","  99,9","     1400000","          49"," 80,40",
"10/07/2025  7:20:57,773","   627250000"," ","40","  45,2","     1800000","         184"," 95,30",
"10/07/2025  7:20:57,773","   633250000"," ","41","  45,7","     1800000","         -58"," 95,40",
"10/07/2025  7:20:57,773","   639250000"," ","42","  46,4","     1800000","        2839"," 94,40",
"10/07/2025  7:20:57,773","   645250000"," ","43","  47,1","     1800000","        1733"," 93,80",
"10/07/2025  7:20:57,773","   651250000"," ","44","  50,8","     1800000","       63334"," 95,10",
"10/07/2025  7:20:57,773","   657250000"," ","45","  48,1","     1800000","        2571"," 90,10",
"10/07/2025  7:20:57,773","   663250000"," ","46","  49,7","     1800000","        2078"," 91,10",
"10/07/2025  7:20:57,773","   669250000"," ","47","  50,6","     1800000","       -3134"," 93,50",
"10/07/2025  7:20:57,773","   675250000"," ","48","  51,8","     1800000","         595"," 95,50",
"10/07/2025  7:20:57,773","   681250000"," ","49","  52,1","     1800000","       27177"," 93,80",
"10/07/2025  7:20:57,773","   687250000"," ","50","  64,6","     1800000","        5021"," 97,10",
"10/07/2025  7:20:57,773","   693250000"," ","51","  71,0","     1800000","        1576"," 94,90",
"10/07/2025  7:21:49,247","    55250000","CORPORACION ECUATORIANA DE","2","  85,4","     1800000","         -16"," 44,00",
"10/07/2025  7:21:49,247","    61250000"," ","3","  44,2","     1800000","       -6561"," 94,70",
"10/07/2025  7:21:49,247","    67250000","UV TELEVISION","4","  81,2","     1800000","         185"," 83,90",
"10/07/2025  7:21:49,247","    77250000","TELEAMAZONAS","5","  87,4","     1800000","          12"," 35,40",
"10/07/2025  7:21:49,247","    83250000"," ","6","  63,8","     1800000","      -18312"," 96,50",
"10/07/2025  7:21:49,247","   175250000","ECUADOR TV","7","  89,1","     1800000","         -18"," 82,00",
"10/07/2025  7:21:49,247","   181250000","CADENA ECUATORIANA DE TELE","8","  78,6","     1800000","        2376"," 94,60",
"10/07/2025  7:21:49,247","   187250000","RED TELESISTEMA (R.T.S)","9","  94,2","     1800000","        -432"," 39,40",
"10/07/2025  7:21:49,247","   193250000"," ","10","  65,3","     1800000","      100932"," 93,00",
"10/07/2025  7:21:49,247","   199250000","TELEVISION DEL PACIFICO","11","  65,2","     1800000","       92849"," 95,30",
"10/07/2025  7:21:49,247","   205250000"," ","12","  61,8","     1800000","      123679"," 95,40",
"10/07/2025  7:21:49,247","   211250000"," ","13","  60,4","     1800000","      113382"," 97,10",
"10/07/2025  7:21:49,247","   471250000"," ","14","  35,3","     1800000","        -470"," 96,10",
"10/07/2025  7:21:49,247","   477250000"," ","15","  35,7","     1800000","      -15949"," 95,50",
"10/07/2025  7:21:49,247","   483250000"," ","16","  34,2","     1800000","       -2645"," 95,40",
"10/07/2025  7:21:49,247","   513250000"," ","21","  36,4","     1800000","        3892"," 96,20",
"10/07/2025  7:21:49,247","   519250000","ECOTEL","22","  78,6","     1800000","        1063"," 29,30",
"10/07/2025  7:21:49,247","   525250000"," ","23","  37,7","     1800000","        2634"," 96,50",
"10/07/2025  7:21:49,247","   531250000","TELERAMA","24","  38,6","     1800000","       -1364"," 94,50",
"10/07/2025  7:21:49,247","   537250000","PLUS TV","25","  68,5","     1800000","        4249"," 68,00",
"10/07/2025  7:21:49,247","   543250000","CANAL UNO","26","  40,1","     1800000","        1015"," 97,20",
"10/07/2025  7:21:49,247","   549250000"," ","27","  39,2","     1800000","       -2628"," 93,80",
"10/07/2025  7:21:49,247","   555250000"," ","28","  40,3","     1800000","        1051"," 97,00",
"10/07/2025  7:21:49,247","   561250000"," ","29","  46,0","     1800000","        1215"," 91,80",
"10/07/2025  7:21:49,247","   567250000","TELEATAHUALPA (RTU)","30","  41,1","     1800000","        -519"," 95,40",
"10/07/2025  7:21:49,247","   573250000"," ","31","  42,0","     1800000","        -370"," 94,90",
"10/07/2025  7:21:49,247","   579250000","TELEVICENTRO TVC","32","  83,2","     1800000","        1236"," 64,50",
"10/07/2025  7:21:49,247","   585250000"," ","33","  44,2","     1800000","         609"," 93,90",
"10/07/2025  7:21:49,247","   591250000","UCSG TELEVISION","34","  51,8","     1800000","        -388"," 98,70",
"10/07/2025  7:21:49,247","   603250000","OROMAR","36","  46,5","     1800000","        -410"," 97,60",
"10/07/2025  7:21:49,247","   615250000"," ","38","  51,0","     1800000","        1156"," 96,60",
"10/07/2025  7:21:49,247","   621250000","CANAL SUR - TELEVISION MUN","39","  99,4","     1400000","          47"," 82,60",
"10/07/2025  7:21:49,247","   627250000"," ","40","  46,3","     1800000","       -5441"," 96,90",
"10/07/2025  7:21:49,247","   633250000"," ","41","  45,9","     1800000","        2480"," 95,50",
"10/07/2025  7:21:49,247","   639250000"," ","42","  47,5","     1800000","        1540"," 96,20",
"10/07/2025  7:21:49,247","   645250000"," ","43","  46,6","     1800000","       -2939"," 94,10",
"10/07/2025  7:21:49,247","   651250000"," ","44","  52,9","     1800000","       65855"," 94,70",
"10/07/2025  7:21:49,247","   657250000"," ","45","  48,3","     1800000","        7603"," 94,00",
"10/07/2025  7:21:49,247","   663250000"," ","46","  48,8","     1800000","        2104"," 93,30",
"10/07/2025  7:21:49,247","   669250000"," ","47","  50,1","     1800000","        2624"," 97,10",
"10/07/2025  7:21:49,247","   675250000"," ","48","  49,8","     1800000","         680"," 97,00",
"10/07/2025  7:21:49,247","   681250000"," ","49","  51,9","     1800000","       12632"," 96,60",
"10/07/2025  7:21:49,247","   687250000"," ","50","  65,4","     1800000","        5878"," 97,90",
"10/07/2025  7:21:49,247","   693250000"," ","51","  67,2","     1800000","        2933"," 97,10",
"10/07/2025  17:40:03,987","    55250000","CORPORACION ECUATORIANA DE","2","  84,7","      125625","         -20"," 70,00",
"10/07/2025  17:40:03,987","    61250000"," ","3","  46,6","      999375","         534"," 94,50",
"10/07/2025  17:40:03,987","    67250000","UV TELEVISION","4","  77,5","      141250","         193"," 61,30",
"10/07/2025  17:40:03,987","    77250000","TELEAMAZONAS","5","  84,7","       63125","          13"," 35,30",
"10/07/2025  17:40:03,987","    83250000"," ","6","  62,0","      999375","       -1166"," 96,10",
"10/07/2025  17:40:03,987","   175250000","ECUADOR TV","7","  88,0","      125625","         -20"," 70,40",
"10/07/2025  17:40:03,987","   181250000","CADENA ECUATORIANA DE TELE","8","  78,4","      297500","        1000"," 79,80",
"10/07/2025  17:40:03,987","   187250000","RED TELESISTEMA (R.T.S)","9","  93,9","       94375","        -377"," 41,30",
"10/07/2025  17:40:03,987","   193250000"," ","10","  66,1","      931875","       94535"," 95,70",
"10/07/2025  17:40:03,987","   199250000","TELEVISION DEL PACIFICO","11","  66,1","      995625","      110903"," 88,90",
"10/07/2025  17:40:03,987","   205250000"," ","12","  61,0","      890000","      117868"," 95,60",
"10/07/2025  17:40:03,987","   211250000"," ","13","  59,4","      999375","      112964"," 93,80",
"10/07/2025  17:40:03,987","   471250000"," ","14","  34,1","      999375","        1247"," 95,80",
"10/07/2025  17:40:03,987","   477250000"," ","15","  35,4","      999375","      -14387"," 93,70",
"10/07/2025  17:40:03,987","   483250000"," ","16","  34,3","      999375","        1261"," 95,90",
"10/07/2025  17:40:03,987","   513250000"," ","21","  36,1","      999375","        4025"," 94,30",
"10/07/2025  17:40:03,987","   519250000","ECOTEL","22","  80,8","      172500","        1086"," 22,30",
"10/07/2025  17:40:03,987","   525250000"," ","23","  38,6","      999375","       -7831"," 95,90",
"10/07/2025  17:40:03,987","   531250000","TELERAMA","24","  38,5","      999375","       -2626"," 95,80",
"10/07/2025  17:40:03,987","   537250000","PLUS TV","25","  68,6","      141250","        4209"," 55,00",
"10/07/2025  17:40:03,987","   543250000","CANAL UNO","26","  39,7","      999375","        3133"," 95,80",
"10/07/2025  17:40:03,987","   549250000"," ","27","  39,7","      999375","        -254"," 96,30",
"10/07/2025  17:40:03,987","   555250000"," ","28","  40,4","      999375","        4400"," 93,70",
"10/07/2025  17:40:03,987","   561250000"," ","29","  44,3","      999375","        1163"," 93,00",
"10/07/2025  17:40:03,987","   567250000","TELEATAHUALPA (RTU)","30","  42,0","      999375","        3489"," 94,90",
"10/07/2025  17:40:03,987","   573250000"," ","31","  42,2","      999375","        1019"," 96,20",
"10/07/2025  17:40:03,987","   579250000","TELEVICENTRO TVC","32","  82,1","      219375","        1155"," 66,90",
"10/07/2025  17:40:03,987","   585250000"," ","33","  44,4","      999375","        1783"," 95,80",
"10/07/2025  17:40:03,987","   591250000","UCSG TELEVISION","34","  44,1","      999375","       12557"," 98,10",
"10/07/2025  17:40:03,987","   603250000","OROMAR","36","  46,7","      999375","        1536"," 95,10",
"10/07/2025  17:40:03,987","   615250000"," ","38","  47,7","      999375","        1351"," 93,30",
"10/07/2025  17:40:03,987","   621250000","CANAL SUR - TELEVISION MUN","39","  99,3","      156875","          49"," 71,90",
"10/07/2025  17:40:03,987","   627250000"," ","40","  45,1","      999375","        -377"," 93,90",
"10/07/2025  17:40:03,987","   633250000"," ","41","  46,5","      999375","        -260"," 93,90",
"10/07/2025  17:40:03,987","   639250000"," ","42","  46,6","      999375","        3927"," 95,90",
"10/07/2025  17:40:03,987","   645250000"," ","43","  47,7","      999375","       -6786"," 94,40",
"10/07/2025  17:40:03,987","   651250000"," ","44","  49,1","      999375","        2390"," 95,90",
"10/07/2025  17:40:03,987","   657250000"," ","45","  49,1","      999375","        3928"," 95,30",
"10/07/2025  17:40:03,987","   663250000"," ","46","  48,4","      999375","        2607"," 95,40",
"10/07/2025  17:40:03,987","   669250000"," ","47","  48,7","      999375","        2346"," 93,20",
"10/07/2025  17:40:03,987","   675250000"," ","48","  50,0","      999375","       -2251"," 95,90",
"10/07/2025  17:40:03,987","   681250000"," ","49","  51,0","      999375","       21638"," 94,70",
"10/07/2025  17:40:03,987","   687250000"," ","50","  67,8","      999375","          50"," 95,50",
"10/07/2025  17:40:03,987","   693250000"," ","51","  68,5","      999375","         276"," 95,90",
"10/07/2025  17:40:57,777","    55250000","CORPORACION ECUATORIANA DE","2","  84,8","      125625","           1"," 40,20",
"10/07/2025  17:40:57,777","    61250000"," ","3","  46,4","      999375","       -9095"," 94,40",
"10/07/2025  17:40:57,777","    67250000","UV TELEVISION","4","  80,4","      173125","         179"," 70,30",
"10/07/2025  17:40:57,777","    77250000","TELEAMAZONAS","5","  84,6","       63125","          14"," 36,90",
"10/07/2025  17:40:57,777","    83250000"," ","6","  62,9","      999375","        4037"," 94,00",
"10/07/2025  17:40:57,777","   175250000","ECUADOR TV","7","  87,7","      141250","         -15"," 22,80",
"10/07/2025  17:40:57,777","   181250000","CADENA ECUATORIANA DE TELE","8","  78,4","      305625","         -32"," 77,50",
"10/07/2025  17:40:57,777","   187250000","RED TELESISTEMA (R.T.S)","9","  93,6","       94375","        -452"," 35,70",
"10/07/2025  17:40:57,777","   193250000"," ","10","  66,2","      999375","       96323"," 93,90",
"10/07/2025  17:40:57,777","   199250000","TELEVISION DEL PACIFICO","11","  65,7","      999375","      108180"," 96,90",
"10/07/2025  17:40:57,777","   205250000"," ","12","  60,4","      935625","      103131"," 93,20",
"10/07/2025  17:40:57,777","   211250000"," ","13","  58,2","      888125","      129246"," 92,40",
"10/07/2025  17:40:57,777","   471250000"," ","14","  34,4","      999375","        -921"," 94,40",
"10/07/2025  17:40:57,777","   477250000"," ","15","  35,3","      999375","      -17977"," 95,90",
"10/07/2025  17:40:57,777","   483250000"," ","16","  35,0","      999375","       -1203"," 95,40",
"10/07/2025  17:40:57,777","   513250000"," ","21","  36,0","      999375","         440"," 96,20",
"10/07/2025  17:40:57,777","   519250000","ECOTEL","22","  79,1","       78125","        1082"," 27,90",
"10/07/2025  17:40:57,777","   525250000"," ","23","  37,8","      999375","       -8481"," 93,70",
"10/07/2025  17:40:57,777","   531250000","TELERAMA","24","  38,4","      999375","       -1717"," 96,70",
"10/07/2025  17:40:57,777","   537250000","PLUS TV","25","  68,2","      156875","        4213"," 37,30",
"10/07/2025  17:40:57,777","   543250000","CANAL UNO","26","  39,4","      999375","         743"," 94,00",
"10/07/2025  17:40:57,777","   549250000"," ","27","  38,9","      999375","        4562"," 95,60",
"10/07/2025  17:40:57,777","   555250000"," ","28","  41,1","      999375","         341"," 93,00",
"10/07/2025  17:40:57,777","   561250000"," ","29","  46,0","      999375","         462"," 95,80",
"10/07/2025  17:40:57,777","   567250000","TELEATAHUALPA (RTU)","30","  41,3","      999375","       -3426"," 94,00",
"10/07/2025  17:40:57,777","   573250000"," ","31","  40,2","      999375","        2343"," 94,30",
"10/07/2025  17:40:57,777","   579250000","TELEVICENTRO TVC","32","  80,5","       62500","        1165"," 59,30",
"10/07/2025  17:40:57,777","   585250000"," ","33","  45,3","      999375","       -1525"," 96,40",
"10/07/2025  17:40:57,777","   591250000","UCSG TELEVISION","34","  45,5","      999375","       -2345"," 96,50",
"10/07/2025  17:40:57,777","   603250000","OROMAR","36","  45,9","      999375","         946"," 94,10",
"10/07/2025  17:40:57,777","   615250000"," ","38","  49,1","      999375","        1594"," 96,50",
"10/07/2025  17:40:57,777","   621250000","CANAL SUR - TELEVISION MUN","39","  98,8","      125625","          49"," 47,30",
"10/07/2025  17:40:57,777","   627250000"," ","40","  46,0","      999375","         -29"," 95,40",
"10/07/2025  17:40:57,777","   633250000"," ","41","  45,8","      999375","        5750"," 93,40",
"10/07/2025  17:40:57,777","   639250000"," ","42","  46,7","      999375","       -1460"," 95,50",
"10/07/2025  17:40:57,777","   645250000"," ","43","  48,9","      999375","       -3812"," 97,30",
"10/07/2025  17:40:57,777","   651250000"," ","44","  47,9","      999375","        4040"," 93,10",
"10/07/2025  17:40:57,777","   657250000"," ","45","  49,0","      999375","        5302"," 94,60",
"10/07/2025  17:40:57,777","   663250000"," ","46","  66,3","      999375","        3120"," 99,10",
"10/07/2025  17:40:57,777","   669250000"," ","47","  63,7","      999375","        3087"," 98,70",
"10/07/2025  17:40:57,777","   675250000"," ","48","  51,8","      999375","        3048"," 97,40",
"10/07/2025  17:40:57,777","   681250000"," ","49","  51,6","      999375","       11768"," 96,20",
"10/07/2025  17:40:57,777","   687250000"," ","50","  69,1","      999375","        4356"," 95,60",
"10/07/2025  17:40:57,777","   693250000"," ","51","  68,6","      999375","        5465"," 97,40",
"10/07/2025  17:41:49,232","    55250000","CORPORACION ECUATORIANA DE","2","  84,9","      156875","          -3"," 45,30",
"10/07/2025  17:41:49,232","    61250000"," ","3","  43,5","      999375","        -499"," 96,30",
"10/07/2025  17:41:49,232","    67250000","UV TELEVISION","4","  82,7","      156875","         209"," 34,40",
"10/07/2025  17:41:49,232","    77250000","TELEAMAZONAS","5","  84,8","       31875","          10"," 54,50",
"10/07/2025  17:41:49,232","    83250000"," ","6","  63,0","      999375","        5186"," 93,40",
"10/07/2025  17:41:49,232","   175250000","ECUADOR TV","7","  87,8","      188125","         -17"," 71,40",
"10/07/2025  17:41:49,232","   181250000","CADENA ECUATORIANA DE TELE","8","  78,6","      477500","        1090"," 96,00",
"10/07/2025  17:41:49,232","   187250000","RED TELESISTEMA (R.T.S)","9","  93,7","       93750","        -477"," 29,20",
"10/07/2025  17:41:49,232","   193250000"," ","10","  65,5","      996250","      107759"," 92,60",
"10/07/2025  17:41:49,232","   199250000","TELEVISION DEL PACIFICO","11","  64,2","      999375","      110994"," 93,30",
"10/07/2025  17:41:49,232","   205250000"," ","12","  61,2","      920625","      129564"," 78,20",
"10/07/2025  17:41:49,232","   211250000"," ","13","  59,9","      928125","      118599"," 92,90",
"10/07/2025  17:41:49,232","   471250000"," ","14","  34,1","      999375","        2235"," 98,40",
"10/07/2025  17:41:49,232","   477250000"," ","15","  35,4","      999375","      -14885"," 96,40",
"10/07/2025  17:41:49,232","   483250000"," ","16","  33,1","      999375","       -4001"," 91,40",
"10/07/2025  17:41:49,232","   513250000"," ","21","  35,8","      999375","       -1720"," 94,90",
"10/07/2025  17:41:49,232","   519250000","ECOTEL","22","  80,9","      157500","        1096"," 21,90",
"10/07/2025  17:41:49,232","   525250000"," ","23","  39,3","      999375","      -14639"," 95,30",
"10/07/2025  17:41:49,232","   531250000","TELERAMA","24","  37,8","      999375","       -8279"," 91,50",
"10/07/2025  17:41:49,232","   537250000","PLUS TV","25","  68,7","       46875","        4211"," 34,30",
"10/07/2025  17:41:49,232","   543250000","CANAL UNO","26","  39,6","      999375","        1729"," 94,50",
"10/07/2025  17:41:49,232","   549250000"," ","27","  39,5","      999375","        5471"," 95,60",
"10/07/2025  17:41:49,232","   555250000"," ","28","  42,3","      999375","        1935"," 95,40",
"10/07/2025  17:41:49,232","   561250000"," ","29","  43,8","      999375","       -1728"," 93,00",
"10/07/2025  17:41:49,232","   567250000","TELEATAHUALPA (RTU)","30","  42,3","      999375","        -722"," 95,30",
"10/07/2025  17:41:49,232","   573250000"," ","31","  41,4","      999375","        5281"," 93,30",
"10/07/2025  17:41:49,232","   579250000","TELEVICENTRO TVC","32","  81,3","      156875","        1159"," 51,90",
"10/07/2025  17:41:49,232","   585250000"," ","33","  44,4","      999375","        2897"," 97,10",
"10/07/2025  17:41:49,232","   591250000","UCSG TELEVISION","34","  42,4","      999375","       -3951"," 95,80",
"10/07/2025  17:41:49,232","   603250000","OROMAR","36","  47,4","      999375","        -715"," 95,30",
"10/07/2025  17:41:49,232","   615250000"," ","38","  50,7","      999375","        -716"," 96,50",
"10/07/2025  17:41:49,232","   621250000","CANAL SUR - TELEVISION MUN","39","  99,3","      156875","          50"," 67,90",
"10/07/2025  17:41:49,232","   627250000"," ","40","  45,8","      999375","        1910"," 97,30",
"10/07/2025  17:41:49,232","   633250000"," ","41","  46,8","      999375","         537"," 94,80",
"10/07/2025  17:41:49,232","   639250000"," ","42","  46,6","      999375","        -233"," 94,30",
"10/07/2025  17:41:49,232","   645250000"," ","43","  47,4","      999375","        3303"," 95,10",
"10/07/2025  17:41:49,232","   651250000"," ","44","  47,6","      999375","         432"," 94,40",
"10/07/2025  17:41:49,232","   657250000"," ","45","  49,1","      999375","       -1440"," 94,30",
"10/07/2025  17:41:49,232","   663250000"," ","46","  50,9","      999375","        4745"," 96,80",
"10/07/2025  17:41:49,232","   669250000"," ","47","  49,9","      999375","        2767"," 93,50",
"10/07/2025  17:41:49,232","   675250000"," ","48","  59,6","      999375","       -2800"," 97,00",
"10/07/2025  17:41:49,232","   681250000"," ","49","  52,1","      999375","       13371"," 95,30",
"10/07/2025  17:41:49,232","   687250000"," ","50","  73,2","      999375","        4837"," 96,80",
"10/07/2025  17:41:49,232","   693250000"," ","51","  68,3","      999375","         810"," 95,60",
"11/07/2025  7:20:03,873","    55250000","CORPORACION ECUATORIANA DE","2","  85,0","      156875","          25"," 49,50",
"11/07/2025  7:20:03,873","    61250000"," ","3","  48,0","      461250","       -2597"," 97,10",
"11/07/2025  7:20:03,873","    67250000","UV TELEVISION","4","  84,1","      345625","         194"," 70,80",
"11/07/2025  7:20:03,873","    77250000","TELEAMAZONAS","5","  92,0","       94375","          11"," 38,30",
"11/07/2025  7:20:03,873","    83250000"," ","6","  63,6","      999375","      -23105"," 96,30",
"11/07/2025  7:20:03,873","   175250000","ECUADOR TV","7","  87,5","      172500","         -16"," 49,80",
"11/07/2025  7:20:03,873","   181250000","CADENA ECUATORIANA DE TELE","8","  77,3","      820000","         113"," 93,90",
"11/07/2025  7:20:03,873","   187250000","RED TELESISTEMA (R.T.S)","9","  95,4","      126250","        -360"," 40,60",
"11/07/2025  7:20:03,873","   193250000"," ","10","  64,8","      950000","      112633"," 96,20",
"11/07/2025  7:20:03,873","   199250000","TELEVISION DEL PACIFICO","11","  64,1","      999375","      115064"," 93,80",
"11/07/2025  7:20:03,873","   205250000"," ","12","  61,0","      906250","      119500"," 76,90",
"11/07/2025  7:20:03,873","   211250000"," ","13","  59,6","      999375","      107256"," 92,30",
"11/07/2025  7:20:03,873","   471250000"," ","14","  35,4","      999375","         556"," 95,50",
"11/07/2025  7:20:03,873","   477250000"," ","15","  35,5","      999375","      -21571"," 95,40",
"11/07/2025  7:20:03,873","   483250000"," ","16","  35,6","      999375","         107"," 94,30",
"11/07/2025  7:20:03,873","   513250000"," ","21","  37,0","      999375","        4479"," 95,60",
"11/07/2025  7:20:03,873","   519250000","ECOTEL","22","  81,6","      110000","        1006"," 36,20",
"11/07/2025  7:20:03,873","   525250000"," ","23","  39,0","      999375","      -10369"," 96,20",
"11/07/2025  7:20:03,873","   531250000","TELERAMA","24","  40,1","      999375","        -539"," 94,30",
"11/07/2025  7:20:03,873","   537250000","PLUS TV","25","  67,8","      141250","        4387"," 41,10",
"11/07/2025  7:20:03,873","   543250000","CANAL UNO","26","  39,2","      999375","        2137"," 96,70",
"11/07/2025  7:20:03,873","   549250000"," ","27","  40,4","      999375","        4238"," 96,30",
"11/07/2025  7:20:03,873","   555250000"," ","28","  40,0","      999375","        4132"," 93,30",
"11/07/2025  7:20:03,873","   561250000"," ","29","  45,6","      999375","          51"," 93,40",
"11/07/2025  7:20:03,873","   567250000","TELEATAHUALPA (RTU)","30","  40,4","      999375","        -236"," 93,70",
"11/07/2025  7:20:03,873","   573250000"," ","31","  42,9","      999375","        -704"," 96,50",
"11/07/2025  7:20:03,873","   579250000","TELEVICENTRO TVC","32","  82,6","      330625","        1390"," 73,50",
"11/07/2025  7:20:03,873","   585250000"," ","33","  50,2","      999375","         683"," 97,90",
"11/07/2025  7:20:03,873","   591250000","UCSG TELEVISION","34","  45,6","      999375","        2682"," 96,80",
"11/07/2025  7:20:03,873","   603250000","OROMAR","36","  48,9","      999375","       -3148"," 95,80",
"11/07/2025  7:20:03,873","   615250000"," ","38","  46,9","      999375","        2794"," 97,30",
"11/07/2025  7:20:03,873","   621250000","CANAL SUR - TELEVISION MUN","39","  98,7","      141250","          50"," 79,30",
"11/07/2025  7:20:03,873","   627250000"," ","40","  46,6","      999375","        4382"," 95,50",
"11/07/2025  7:20:03,873","   633250000"," ","41","  46,0","      999375","        -413"," 94,50",
"11/07/2025  7:20:03,873","   639250000"," ","42","  46,7","      999375","       -5395"," 95,40",
"11/07/2025  7:20:03,873","   645250000"," ","43","  48,0","      999375","        2463"," 96,30",
"11/07/2025  7:20:03,873","   651250000"," ","44","  49,0","      999375","        3189"," 97,20",
"11/07/2025  7:20:03,873","   657250000"," ","45","  49,3","      999375","        2952"," 95,10",
"11/07/2025  7:20:03,873","   663250000"," ","46","  50,1","      999375","       -2181"," 94,10",
"11/07/2025  7:20:03,873","   669250000"," ","47","  49,3","      999375","        2861"," 94,60",
"11/07/2025  7:20:03,873","   675250000"," ","48","  51,2","      999375","        4244"," 95,90",
"11/07/2025  7:20:03,873","   681250000"," ","49","  51,7","      999375","        9972"," 96,00",
"11/07/2025  7:20:03,873","   687250000"," ","50","  65,5","      999375","        3556"," 96,70",
"11/07/2025  7:20:03,873","   693250000"," ","51","  65,6","      999375","       11075"," 95,80",
"11/07/2025  7:20:57,663","    55250000","CORPORACION ECUATORIANA DE","2","  85,0","      156875","           2"," 88,60",
"11/07/2025  7:20:57,663","    61250000"," ","3","  45,3","      999375","        1558"," 95,30",
"11/07/2025  7:20:57,663","    67250000","UV TELEVISION","4","  81,3","      188750","         192"," 56,50",
"11/07/2025  7:20:57,663","    77250000","TELEAMAZONAS","5","  89,5","      110000","          10"," 58,50",
"11/07/2025  7:20:57,663","    83250000"," ","6","  62,1","      999375","        1921"," 95,70",
"11/07/2025  7:20:57,663","   175250000","ECUADOR TV","7","  87,3","      125625","         -17"," 71,90",
"11/07/2025  7:20:57,663","   181250000","CADENA ECUATORIANA DE TELE","8","  75,8","      806875","        1915"," 61,90",
"11/07/2025  7:20:57,663","   187250000","RED TELESISTEMA (R.T.S)","9","  95,5","      125000","        -347"," 49,40",
"11/07/2025  7:20:57,663","   193250000"," ","10","  67,4","      935625","      110033"," 94,50",
"11/07/2025  7:20:57,663","   199250000","TELEVISION DEL PACIFICO","11","  64,4","      999375","      100343"," 95,70",
"11/07/2025  7:20:57,663","   205250000"," ","12","  61,8","      936875","      121933"," 96,00",
"11/07/2025  7:20:57,663","   211250000"," ","13","  57,5","      998750","      123876"," 91,30",
"11/07/2025  7:20:57,663","   471250000"," ","14","  34,4","      999375","       -2514"," 94,60",
"11/07/2025  7:20:57,663","   477250000"," ","15","  35,8","      999375","      -20338"," 92,80",
"11/07/2025  7:20:57,663","   483250000"," ","16","  36,2","      999375","        -963"," 96,20",
"11/07/2025  7:20:57,663","   513250000"," ","21","  36,0","      999375","        2352"," 92,20",
"11/07/2025  7:20:57,663","   519250000","ECOTEL","22","  81,0","      110000","         998"," 53,80",
"11/07/2025  7:20:57,663","   525250000"," ","23","  47,5","      999375","      -13727"," 97,80",
"11/07/2025  7:20:57,663","   531250000","TELERAMA","24","  41,6","      999375","        9630"," 96,80",
"11/07/2025  7:20:57,663","   537250000","PLUS TV","25","  67,1","      141250","        4381"," 37,90",
"11/07/2025  7:20:57,663","   543250000","CANAL UNO","26","  38,7","      999375","        4175"," 95,10",
"11/07/2025  7:20:57,663","   549250000"," ","27","  40,8","      999375","         670"," 96,70",
"11/07/2025  7:20:57,663","   555250000"," ","28","  40,3","      999375","       -2595"," 95,00",
"11/07/2025  7:20:57,663","   561250000"," ","29","  47,2","      999375","        5284"," 90,60",
"11/07/2025  7:20:57,663","   567250000","TELEATAHUALPA (RTU)","30","  40,6","      999375","        -951"," 94,20",
"11/07/2025  7:20:57,663","   573250000"," ","31","  41,8","      999375","         -10"," 94,40",
"11/07/2025  7:20:57,663","   579250000","TELEVICENTRO TVC","32","  79,5","      330000","        1392"," 18,70",
"11/07/2025  7:20:57,663","   585250000"," ","33","  42,8","      999375","        1988"," 93,90",
"11/07/2025  7:20:57,663","   591250000","UCSG TELEVISION","34","  47,5","      999375","       -3111"," 98,10",
"11/07/2025  7:20:57,663","   603250000","OROMAR","36","  45,2","      999375","        1431"," 94,60",
"11/07/2025  7:20:57,663","   615250000"," ","38","  49,9","      999375","       -1507"," 97,30",
"11/07/2025  7:20:57,663","   621250000","CANAL SUR - TELEVISION MUN","39","  99,4","      156875","          52"," 68,70",
"11/07/2025  7:20:57,663","   627250000"," ","40","  46,7","      999375","        3969"," 95,00",
"11/07/2025  7:20:57,663","   633250000"," ","41","  45,7","      999375","       -2916"," 94,50",
"11/07/2025  7:20:57,663","   639250000"," ","42","  46,1","      999375","       -2921"," 94,40",
"11/07/2025  7:20:57,663","   645250000"," ","43","  47,2","      999375","         304"," 92,20",
"11/07/2025  7:20:57,663","   651250000"," ","44","  48,8","      999375","        5219"," 97,00",
"11/07/2025  7:20:57,663","   657250000"," ","45","  49,4","      999375","        6440"," 94,70",
"11/07/2025  7:20:57,663","   663250000"," ","46","  49,8","      999375","         218"," 93,90",
"11/07/2025  7:20:57,663","   669250000"," ","47","  52,0","      999375","        1298"," 96,10",
"11/07/2025  7:20:57,663","   675250000"," ","48","  50,2","      999375","         114"," 91,90",
"11/07/2025  7:20:57,663","   681250000"," ","49","  51,3","      999375","       18298"," 96,50",
"11/07/2025  7:20:57,663","   687250000"," ","50","  66,9","      999375","        3138"," 96,50",
"11/07/2025  7:20:57,663","   693250000"," ","51","  69,1","      999375","        1312"," 95,50",
"11/07/2025  7:21:49,108","    55250000","CORPORACION ECUATORIANA DE","2","  85,1","      156875","           4"," 42,30",
"11/07/2025  7:21:49,108","    61250000"," ","3","  61,0","      999375","       -6503"," 99,30",
"11/07/2025  7:21:49,108","    67250000","UV TELEVISION","4","  83,1","      250625","         205"," 27,70",
"11/07/2025  7:21:49,108","    77250000","TELEAMAZONAS","5","  90,0","      110000","          10"," 52,20",
"11/07/2025  7:21:49,108","    83250000"," ","6","  64,5","      999375","       -7333"," 97,00",
"11/07/2025  7:21:49,108","   175250000","ECUADOR TV","7","  87,4","      251875","         -15"," 82,60",
"11/07/2025  7:21:49,108","   181250000","CADENA ECUATORIANA DE TELE","8","  74,6","      841250","       21701"," 66,40",
"11/07/2025  7:21:49,108","   187250000","RED TELESISTEMA (R.T.S)","9","  95,3","       95000","        -362"," 53,30",
"11/07/2025  7:21:49,108","   193250000"," ","10","  68,1","      935625","      104471"," 94,00",
"11/07/2025  7:21:49,108","   199250000","TELEVISION DEL PACIFICO","11","  65,0","      999375","      110586"," 92,10",
"11/07/2025  7:21:49,108","   205250000"," ","12","  60,2","      933750","      107803"," 94,30",
"11/07/2025  7:21:49,108","   211250000"," ","13","  58,6","      999375","      122690"," 93,80",
"11/07/2025  7:21:49,108","   471250000"," ","14","  34,5","      999375","        1023"," 93,30",
"11/07/2025  7:21:49,108","   477250000"," ","15","  36,5","      999375","      -11839"," 95,60",
"11/07/2025  7:21:49,108","   483250000"," ","16","  35,9","      999375","         683"," 96,90",
"11/07/2025  7:21:49,108","   513250000"," ","21","  38,2","      999375","        3911"," 95,80",
"11/07/2025  7:21:49,108","   519250000","ECOTEL","22","  80,7","      140625","         981"," 45,90",
"11/07/2025  7:21:49,108","   525250000"," ","23","  37,4","      999375","      -14273"," 94,00",
"11/07/2025  7:21:49,108","   531250000","TELERAMA","24","  38,5","      999375","        4508"," 94,00",
"11/07/2025  7:21:49,108","   537250000","PLUS TV","25","  69,1","      203750","        4393"," 68,00",
"11/07/2025  7:21:49,108","   543250000","CANAL UNO","26","  39,3","      999375","       -1936"," 95,60",
"11/07/2025  7:21:49,108","   549250000"," ","27","  39,4","      999375","        1372"," 94,80",
"11/07/2025  7:21:49,108","   555250000"," ","28","  39,4","      999375","        4213"," 95,90",
"11/07/2025  7:21:49,108","   561250000"," ","29","  46,5","      999375","        6387"," 93,20",
"11/07/2025  7:21:49,108","   567250000","TELEATAHUALPA (RTU)","30","  40,4","      999375","        2337"," 95,60",
"11/07/2025  7:21:49,108","   573250000"," ","31","  41,7","      999375","        2708"," 96,20",
"11/07/2025  7:21:49,108","   579250000","TELEVICENTRO TVC","32","  82,4","      110000","        1376"," 15,40",
"11/07/2025  7:21:49,108","   585250000"," ","33","  42,4","      999375","        4705"," 93,80",
"11/07/2025  7:21:49,108","   591250000","UCSG TELEVISION","34","  43,1","      999375","        3097"," 94,80",
"11/07/2025  7:21:49,108","   603250000","OROMAR","36","  47,1","      999375","        1621"," 96,30",
"11/07/2025  7:21:49,108","   615250000"," ","38","  53,3","      999375","        -219"," 94,80",
"11/07/2025  7:21:49,108","   621250000","CANAL SUR - TELEVISION MUN","39","  99,5","      156875","          52"," 71,40",
"11/07/2025  7:21:49,108","   627250000"," ","40","  46,1","      999375","       -2909"," 95,60",
"11/07/2025  7:21:49,108","   633250000"," ","41","  47,3","      999375","       -4424"," 97,00",
"11/07/2025  7:21:49,108","   639250000"," ","42","  46,8","      999375","        4990"," 95,30",
"11/07/2025  7:21:49,108","   645250000"," ","43","  47,5","      999375","        3972"," 95,70",
"11/07/2025  7:21:49,108","   651250000"," ","44","  47,5","      999375","          -6"," 94,80",
"11/07/2025  7:21:49,108","   657250000"," ","45","  49,5","      999375","        3374"," 93,90",
"11/07/2025  7:21:49,108","   663250000"," ","46","  51,7","      999375","        2240"," 95,10",
"11/07/2025  7:21:49,108","   669250000"," ","47","  49,8","      999375","        5905"," 95,30",
"11/07/2025  7:21:49,108","   675250000"," ","48","  51,4","      999375","        1980"," 97,90",
"11/07/2025  7:21:49,108","   681250000"," ","49","  52,0","      999375","        7594"," 92,40",
"11/07/2025  7:21:49,108","   687250000"," ","50","  68,4","      999375","        1480"," 96,80",
"11/07/2025  7:21:49,108","   693250000"," ","51","  65,2","      999375","        6477"," 96,00",
"11/07/2025  17:40:03,863","    55250000","CORPORACION ECUATORIANA DE","2","  91,8","     1800000","         -14"," 45,90",
"11/07/2025  17:40:03,863","    61250000"," ","3","  43,3","     1800000","      -55406"," 96,00",
"11/07/2025  17:40:03,863","    67250000","UV TELEVISION","4","  93,0","     1800000","         180"," 59,10",
"11/07/2025  17:40:03,863","    77250000","TELEAMAZONAS","5","  86,8","     1800000","           8"," 50,60",
"11/07/2025  17:40:03,863","    83250000"," ","6","  63,3","     1800000","      -14775"," 96,10",
"11/07/2025  17:40:03,863","   175250000","ECUADOR TV","7","  92,3","     1800000","         -16"," 81,40",
"11/07/2025  17:40:03,863","   181250000","CADENA ECUATORIANA DE TELE","8","  79,8","     1800000","        2287"," 91,20",
"11/07/2025  17:40:03,863","   187250000","RED TELESISTEMA (R.T.S)","9","  89,3","     1800000","        -415"," 35,50",
"11/07/2025  17:40:03,863","   193250000"," ","10","  73,1","     1800000","      100755"," 93,50",
"11/07/2025  17:40:03,863","   199250000","TELEVISION DEL PACIFICO","11","  70,7","     1800000","      100484"," 94,60",
"11/07/2025  17:40:03,863","   205250000"," ","12","  64,8","     1800000","      109614"," 96,30",
"11/07/2025  17:40:03,863","   211250000"," ","13","  59,2","     1800000","      126522"," 93,40",
"11/07/2025  17:40:03,863","   471250000"," ","14","  26,2","     1800000","       -3983"," 96,90",
"11/07/2025  17:40:03,863","   477250000"," ","15","  30,1","     1800000","      -99782"," 87,70",
"11/07/2025  17:40:03,863","   483250000"," ","16","  27,8","     1800000","      -51820"," 94,10",
"11/07/2025  17:40:03,863","   513250000"," ","21","  30,0","     1800000","       13577"," 96,30",
"11/07/2025  17:40:03,863","   519250000","ECOTEL","22","  82,2","     1600000","        1088"," 41,60",
"11/07/2025  17:40:03,863","   525250000"," ","23","  35,7","     1800000","       10997"," 97,50",
"11/07/2025  17:40:03,863","   531250000","TELERAMA","24","  28,5","     1800000","       12129"," 97,00",
"11/07/2025  17:40:03,863","   537250000","PLUS TV","25","  69,5","     1600000","        4253"," 49,60",
"11/07/2025  17:40:03,863","   543250000","CANAL UNO","26","  28,2","     1800000","       11517"," 94,50",
"11/07/2025  17:40:03,863","   549250000"," ","27","  29,3","     1800000","       -2751"," 98,10",
"11/07/2025  17:40:03,863","   555250000"," ","28","  40,9","     1800000","          -3"," 96,40",
"11/07/2025  17:40:03,863","   561250000"," ","29","  41,5","     1800000","       -3462"," 94,10",
"11/07/2025  17:40:03,863","   567250000","TELEATAHUALPA (RTU)","30","  38,0","     1800000","       -3726"," 95,80",
"11/07/2025  17:40:03,863","   573250000"," ","31","  35,6","     1800000","       -9653"," 93,20",
"11/07/2025  17:40:03,863","   579250000","TELEVICENTRO TVC","32","  77,8","     1800000","        1219"," 52,00",
"11/07/2025  17:40:03,863","   585250000"," ","33","  33,4","     1800000","        1858"," 96,10",
"11/07/2025  17:40:03,863","   591250000","UCSG TELEVISION","34","  33,3","     1800000","        1287"," 95,80",
"11/07/2025  17:40:03,863","   603250000","OROMAR","36","  33,2","     1800000","       -4139"," 95,30",
"11/07/2025  17:40:03,863","   615250000"," ","38","  39,3","     1800000","       69031"," 84,60",
"11/07/2025  17:40:03,863","   621250000","CANAL SUR - TELEVISION MUN","39","  65,6","     1800000","         442"," 69,50",
"11/07/2025  17:40:03,863","   627250000"," ","40","  34,4","     1800000","       16194"," 93,20",
"11/07/2025  17:40:03,863","   633250000"," ","41","  35,9","     1800000","       18421"," 97,40",
"11/07/2025  17:40:03,863","   639250000"," ","42","  37,3","     1800000","       89051"," 87,20",
"11/07/2025  17:40:03,863","   645250000"," ","43","  36,6","     1800000","         531"," 96,10",
"11/07/2025  17:40:03,863","   651250000"," ","44","  37,8","     1800000","        2602"," 95,90",
"11/07/2025  17:40:03,863","   657250000"," ","45","  36,6","     1800000","          88"," 94,00",
"11/07/2025  17:40:03,863","   663250000"," ","46","  39,1","     1800000","       -2307"," 97,30",
"11/07/2025  17:40:03,863","   669250000"," ","47","  40,7","     1800000","        5323"," 94,60",
"11/07/2025  17:40:03,863","   675250000"," ","48","  41,7","     1800000","       34219"," 92,60",
"11/07/2025  17:40:03,863","   681250000"," ","49","  46,3","     1800000","       81226"," 86,70",
"11/07/2025  17:40:03,863","   687250000"," ","50","  49,7","     1800000","        -101"," 97,80",
"11/07/2025  17:40:03,863","   693250000"," ","51","  53,9","     1800000","       -5903"," 97,30",
"11/07/2025  17:40:56,484","    55250000","CORPORACION ECUATORIANA DE","2","  91,6","     1800000","          26"," 69,90",
"11/07/2025  17:40:56,484","    61250000"," ","3","  41,4","     1800000","      -12291"," 94,20",
"11/07/2025  17:40:56,484","    67250000","UV TELEVISION","4","  92,6","     1800000","         210"," 82,90",
"11/07/2025  17:40:56,484","    77250000","TELEAMAZONAS","5","  82,8","     1800000","           7"," 49,20",
"11/07/2025  17:40:56,484","    83250000"," ","6","  62,9","     1800000","      -34184"," 96,80",
"11/07/2025  17:40:56,484","   175250000","ECUADOR TV","7","  92,6","     1800000","         -16"," 87,60",
"11/07/2025  17:40:56,484","   181250000","CADENA ECUATORIANA DE TELE","8","  79,9","     1800000","        3297"," 97,00",
"11/07/2025  17:40:56,484","   187250000","RED TELESISTEMA (R.T.S)","9","  89,8","     1800000","        -423"," 37,30",
"11/07/2025  17:40:56,484","   193250000"," ","10","  71,0","     1800000","       99598"," 96,90",
"11/07/2025  17:40:56,484","   199250000","TELEVISION DEL PACIFICO","11","  68,8","     1800000","      118508"," 92,10",
"11/07/2025  17:40:56,484","   205250000"," ","12","  63,5","     1800000","      106037"," 93,20",
"11/07/2025  17:40:56,484","   211250000"," ","13","  58,2","     1800000","      129449"," 94,10",
"11/07/2025  17:40:56,484","   471250000"," ","14","  23,1","     1800000","        3270"," 95,60",
"11/07/2025  17:40:56,484","   477250000"," ","15","  30,9","     1800000","      -87657"," 89,20",
"11/07/2025  17:40:56,484","   483250000"," ","16","  27,6","     1800000","      -39780"," 93,30",
"11/07/2025  17:40:56,484","   513250000"," ","21","  27,6","     1800000","       -4051"," 95,40",
"11/07/2025  17:40:56,484","   519250000","ECOTEL","22","  83,2","     1600000","        1068"," 53,50",
"11/07/2025  17:40:56,484","   525250000"," ","23","  31,7","     1800000","      -31439"," 97,60",
"11/07/2025  17:40:56,484","   531250000","TELERAMA","24","  28,1","     1800000","        6817"," 94,50",
"11/07/2025  17:40:56,484","   537250000","PLUS TV","25","  67,9","     1800000","        4252"," 30,90",
"11/07/2025  17:40:56,484","   543250000","CANAL UNO","26","  28,2","     1800000","        8205"," 97,40",
"11/07/2025  17:40:56,484","   549250000"," ","27","  27,6","     1800000","         286"," 94,10",
"11/07/2025  17:40:56,484","   555250000"," ","28","  42,0","     1800000","        1223"," 93,40",
"11/07/2025  17:40:56,484","   561250000"," ","29","  43,4","     1800000","         605"," 92,90",
"11/07/2025  17:40:56,484","   567250000","TELEATAHUALPA (RTU)","30","  39,0","     1800000","       -8624"," 96,00",
"11/07/2025  17:40:56,484","   573250000"," ","31","  35,3","     1800000","       -6095"," 96,10",
"11/07/2025  17:40:56,484","   579250000","TELEVICENTRO TVC","32","  78,8","     1600000","        1216"," 53,20",
"11/07/2025  17:40:56,484","   585250000"," ","33","  38,1","     1800000","       -1536"," 95,40",
"11/07/2025  17:40:56,484","   591250000","UCSG TELEVISION","34","  34,3","     1800000","        3937"," 95,70",
"11/07/2025  17:40:56,484","   603250000","OROMAR","36","  32,5","     1800000","         177"," 96,00",
"11/07/2025  17:40:56,484","   615250000"," ","38","  39,6","     1800000","       75792"," 94,50",
"11/07/2025  17:40:56,484","   621250000","CANAL SUR - TELEVISION MUN","39","  70,5","     1800000","          52"," 52,40",
"11/07/2025  17:40:56,484","   627250000"," ","40","  32,5","     1800000","       -2013"," 92,70",
"11/07/2025  17:40:56,484","   633250000"," ","41","  35,4","     1800000","       32637"," 97,50",
"11/07/2025  17:40:56,484","   639250000"," ","42","  38,3","     1800000","       94181"," 88,60",
"11/07/2025  17:40:56,484","   645250000"," ","43","  35,3","     1800000","       -1901"," 97,10",
"11/07/2025  17:40:56,484","   651250000"," ","44","  36,8","     1800000","        2582"," 93,70",
"11/07/2025  17:40:56,484","   657250000"," ","45","  39,6","     1800000","        4371"," 94,40",
"11/07/2025  17:40:56,484","   663250000"," ","46","  38,5","     1800000","       -1600"," 94,90",
"11/07/2025  17:40:56,484","   669250000"," ","47","  38,6","     1800000","        4061"," 94,40",
"11/07/2025  17:40:56,484","   675250000"," ","48","  41,0","     1800000","       45093"," 93,30",
"11/07/2025  17:40:56,484","   681250000"," ","49","  47,3","     1800000","       77141"," 91,00",
"11/07/2025  17:40:56,484","   687250000"," ","50","  50,3","     1800000","        1977"," 97,50",
"11/07/2025  17:40:56,484","   693250000"," ","51","  55,6","     1800000","        3104"," 98,30",
"11/07/2025  17:41:48,102","    55250000","CORPORACION ECUATORIANA DE","2","  91,4","     1800000","         -23"," 48,80",
"11/07/2025  17:41:48,102","    61250000"," ","3","  41,4","     1800000","      -23248"," 94,20",
"11/07/2025  17:41:48,102","    67250000","UV TELEVISION","4","  93,0","     1800000","         202"," 60,30",
"11/07/2025  17:41:48,102","    77250000","TELEAMAZONAS","5","  88,6","     1800000","          12"," 51,90",
"11/07/2025  17:41:48,102","    83250000"," ","6","  63,7","     1800000","      -14069"," 94,20",
"11/07/2025  17:41:48,102","   175250000","ECUADOR TV","7","  92,7","     1600000","         -16"," 75,90",
"11/07/2025  17:41:48,102","   181250000","CADENA ECUATORIANA DE TELE","8","  80,0","     1800000","         -86"," 69,00",
"11/07/2025  17:41:48,102","   187250000","RED TELESISTEMA (R.T.S)","9","  90,0","     1800000","        -317"," 45,20",
"11/07/2025  17:41:48,102","   193250000"," ","10","  72,2","     1800000","       96515"," 93,10",
"11/07/2025  17:41:48,102","   199250000","TELEVISION DEL PACIFICO","11","  71,1","     1800000","       91832"," 94,90",
"11/07/2025  17:41:48,102","   205250000"," ","12","  62,7","     1800000","       93227"," 96,00",
"11/07/2025  17:41:48,102","   211250000"," ","13","  60,5","     1800000","       95846"," 93,20",
"11/07/2025  17:41:48,102","   471250000"," ","14","  25,4","     1800000","        1449"," 96,90",
"11/07/2025  17:41:48,102","   477250000"," ","15","  27,7","     1800000","        2800"," 97,10",
"11/07/2025  17:41:48,102","   483250000"," ","16","  25,4","     1800000","          -4"," 95,90",
"11/07/2025  17:41:48,102","   513250000"," ","21","  30,1","     1800000","       13094"," 97,10",
"11/07/2025  17:41:48,102","   519250000","ECOTEL","22","  83,3","     1400000","        1072"," 57,60",
"11/07/2025  17:41:48,102","   525250000"," ","23","  28,7","     1800000","      -12316"," 97,20",
"11/07/2025  17:41:48,102","   531250000","TELERAMA","24","  27,9","     1800000","      -11022"," 92,70",
"11/07/2025  17:41:48,102","   537250000","PLUS TV","25","  67,9","     1600000","        4254"," 53,20",
"11/07/2025  17:41:48,102","   543250000","CANAL UNO","26","  36,0","     1800000","        6489"," 97,70",
"11/07/2025  17:41:48,102","   549250000"," ","27","  27,7","     1800000","        2682"," 94,60",
"11/07/2025  17:41:48,102","   555250000"," ","28","  41,1","     1800000","        3474"," 94,80",
"11/07/2025  17:41:48,102","   561250000"," ","29","  40,8","     1800000","       -5450"," 93,50",
"11/07/2025  17:41:48,102","   567250000","TELEATAHUALPA (RTU)","30","  40,3","     1800000","       -5664"," 95,00",
"11/07/2025  17:41:48,102","   573250000"," ","31","  37,3","     1800000","       -1089"," 95,50",
"11/07/2025  17:41:48,102","   579250000","TELEVICENTRO TVC","32","  73,9","     1800000","        1216"," 70,00",
"11/07/2025  17:41:48,102","   585250000"," ","33","  30,3","     1800000","         448"," 95,90",
"11/07/2025  17:41:48,102","   591250000","UCSG TELEVISION","34","  35,2","     1800000","        -902"," 97,20",
"11/07/2025  17:41:48,102","   603250000","OROMAR","36","  33,0","     1800000","        -240"," 94,60",
"11/07/2025  17:41:48,102","   615250000"," ","38","  38,5","     1800000","       68599"," 80,30",
"11/07/2025  17:41:48,102","   621250000","CANAL SUR - TELEVISION MUN","39","  72,3","     1800000","          42"," 83,00",
"11/07/2025  17:41:48,102","   627250000"," ","40","  38,0","     1800000","       -2439"," 97,20",
"11/07/2025  17:41:48,102","   633250000"," ","41","  33,6","     1800000","       18854"," 94,10",
"11/07/2025  17:41:48,102","   639250000"," ","42","  37,5","     1800000","       58080"," 93,30",
"11/07/2025  17:41:48,102","   645250000"," ","43","  35,0","     1800000","        1440"," 92,60",
"11/07/2025  17:41:48,102","   651250000"," ","44","  36,9","     1800000","        -371"," 96,20",
"11/07/2025  17:41:48,102","   657250000"," ","45","  48,3","     1800000","        -353"," 98,10",
"11/07/2025  17:41:48,102","   663250000"," ","46","  39,2","     1800000","         376"," 98,20",
"11/07/2025  17:41:48,102","   669250000"," ","47","  38,7","     1800000","        2156"," 95,40",
"11/07/2025  17:41:48,102","   675250000"," ","48","  43,5","     1800000","       38833"," 94,90",
"11/07/2025  17:41:48,102","   681250000"," ","49","  46,6","     1800000","       62587"," 94,00",
"11/07/2025  17:41:48,102","   687250000"," ","50","  48,7","     1800000","       -1713"," 97,00",
"11/07/2025  17:41:48,102","   693250000"," ","51","  55,7","     1800000","        2322"," 97,70",
"12/07/2025  7:20:03,851","    55250000","CORPORACION ECUATORIANA DE","2","  92,7","     1800000","          -8"," 94,00",
"12/07/2025  7:20:03,851","    61250000"," ","3","  41,3","     1800000","        -959"," 96,00",
"12/07/2025  7:20:03,851","    67250000","UV TELEVISION","4","  90,9","     1800000","         187"," 70,80",
"12/07/2025  7:20:03,851","    77250000","TELEAMAZONAS","5","  87,3","     1800000","          15"," 41,10",
"12/07/2025  7:20:03,851","    83250000"," ","6","  65,4","     1800000","      -12482"," 95,70",
"12/07/2025  7:20:03,851","   175250000","ECUADOR TV","7","  94,7","     1600000","         -16"," 82,60",
"12/07/2025  7:20:03,851","   181250000","CADENA ECUATORIANA DE TELE","8","  81,6","     1800000","        1778"," 91,00",
"12/07/2025  7:20:03,851","   187250000","RED TELESISTEMA (R.T.S)","9","  90,3","     1800000","        -241"," 50,40",
"12/07/2025  7:20:03,851","   193250000"," ","10","  75,3","     1800000","       92845"," 95,50",
"12/07/2025  7:20:03,851","   199250000","TELEVISION DEL PACIFICO","11","  70,9","     1800000","      111151"," 96,20",
"12/07/2025  7:20:03,851","   205250000"," ","12","  63,7","     1800000","      103152"," 94,10",
"12/07/2025  7:20:03,851","   211250000"," ","13","  59,2","     1800000","      115410"," 93,00",
"12/07/2025  7:20:03,851","   471250000"," ","14","  25,1","     1800000","        3354"," 96,50",
"12/07/2025  7:20:03,851","   477250000"," ","15","  29,7","     1800000","      -51860"," 96,30",
"12/07/2025  7:20:03,851","   483250000"," ","16","  27,1","     1800000","      -23960"," 93,60",
"12/07/2025  7:20:03,851","   513250000"," ","21","  27,8","     1800000","        1803"," 97,00",
"12/07/2025  7:20:03,851","   519250000","ECOTEL","22","  82,8","     1400000","        1016"," 58,20",
"12/07/2025  7:20:03,851","   525250000"," ","23","  30,4","     1800000","       -4349"," 95,80",
"12/07/2025  7:20:03,851","   531250000","TELERAMA","24","  29,8","     1800000","         485"," 96,90",
"12/07/2025  7:20:03,851","   537250000","PLUS TV","25","  67,9","     1800000","        4413"," 45,20",
"12/07/2025  7:20:03,851","   543250000","CANAL UNO","26","  30,5","     1800000","        8668"," 94,80",
"12/07/2025  7:20:03,851","   549250000"," ","27","  28,3","     1800000","        3333"," 93,90",
"12/07/2025  7:20:03,851","   555250000"," ","28","  43,0","     1800000","       -2327"," 94,90",
"12/07/2025  7:20:03,851","   561250000"," ","29","  41,3","     1800000","         558"," 94,10",
"12/07/2025  7:20:03,851","   567250000","TELEATAHUALPA (RTU)","30","  41,4","     1800000","       -6664"," 96,00",
"12/07/2025  7:20:03,851","   573250000"," ","31","  34,5","     1800000","       -3750"," 95,30",
"12/07/2025  7:20:03,851","   579250000","TELEVICENTRO TVC","32","  77,2","     1800000","        1449"," 39,50",
"12/07/2025  7:20:03,851","   585250000"," ","33","  41,6","     1800000","          81"," 97,70",
"12/07/2025  7:20:03,851","   591250000","UCSG TELEVISION","34","  33,4","     1800000","          44"," 95,30",
"12/07/2025  7:20:03,851","   603250000","OROMAR","36","  32,1","     1800000","         694"," 94,40",
"12/07/2025  7:20:03,851","   615250000"," ","38","  37,9","     1800000","       65041"," 94,50",
"12/07/2025  7:20:03,851","   621250000","CANAL SUR - TELEVISION MUN","39","  68,9","     1800000","          49"," 88,60",
"12/07/2025  7:20:03,851","   627250000"," ","40","  35,3","     1800000","        2970"," 96,20",
"12/07/2025  7:20:03,851","   633250000"," ","41","  34,9","     1800000","       16546"," 96,10",
"12/07/2025  7:20:03,851","   639250000"," ","42","  39,0","     1800000","       82335"," 95,00",
"12/07/2025  7:20:03,851","   645250000"," ","43","  36,1","     1800000","        4818"," 96,20",
"12/07/2025  7:20:03,851","   651250000"," ","44","  38,0","     1800000","        5815"," 97,30",
"12/07/2025  7:20:03,851","   657250000"," ","45","  37,1","     1800000","        2084"," 93,70",
"12/07/2025  7:20:03,851","   663250000"," ","46","  38,6","     1800000","         564"," 94,70",
"12/07/2025  7:20:03,851","   669250000"," ","47","  38,7","     1800000","        5660"," 97,10",
"12/07/2025  7:20:03,851","   675250000"," ","48","  40,2","     1800000","       51521"," 92,20",
"12/07/2025  7:20:03,851","   681250000"," ","49","  45,8","     1800000","       88090"," 96,00",
"12/07/2025  7:20:03,851","   687250000"," ","50","  49,0","     1800000","        9038"," 97,30",
"12/07/2025  7:20:03,851","   693250000"," ","51","  54,7","     1800000","        2364"," 98,50",
"12/07/2025  7:20:56,465","    55250000","CORPORACION ECUATORIANA DE","2","  92,7","     1800000","          25"," 93,30",
"12/07/2025  7:20:56,465","    61250000"," ","3","  45,8","     1800000","      -39447"," 96,20",
"12/07/2025  7:20:56,465","    67250000","UV TELEVISION","4","  91,7","     1800000","         173"," 70,10",
"12/07/2025  7:20:56,465","    77250000","TELEAMAZONAS","5","  88,1","     1800000","           9"," 25,50",
"12/07/2025  7:20:56,465","    83250000"," ","6","  67,5","     1800000","        2986"," 97,10",
"12/07/2025  7:20:56,465","   175250000","ECUADOR TV","7","  94,7","     1800000","         -15"," 82,10",
"12/07/2025  7:20:56,465","   181250000","CADENA ECUATORIANA DE TELE","8","  81,3","     1800000","       27452"," 71,10",
"12/07/2025  7:20:56,465","   187250000","RED TELESISTEMA (R.T.S)","9","  89,0","     1800000","        -361"," 53,30",
"12/07/2025  7:20:56,465","   193250000"," ","10","  72,6","     1800000","      111853"," 93,90",
"12/07/2025  7:20:56,465","   199250000","TELEVISION DEL PACIFICO","11","  72,5","     1800000","       97006"," 94,30",
"12/07/2025  7:20:56,465","   205250000"," ","12","  61,8","     1800000","      114349"," 94,50",
"12/07/2025  7:20:56,465","   211250000"," ","13","  60,1","     1800000","      100927"," 96,80",
"12/07/2025  7:20:56,465","   471250000"," ","14","  25,1","     1800000","        -170"," 96,00",
"12/07/2025  7:20:56,465","   477250000"," ","15","  30,9","     1800000","      -93141"," 90,60",
"12/07/2025  7:20:56,465","   483250000"," ","16","  27,0","     1800000","      -33916"," 95,00",
"12/07/2025  7:20:56,465","   513250000"," ","21","  28,5","     1800000","      -11774"," 95,80",
"12/07/2025  7:20:56,465","   519250000","ECOTEL","22","  82,0","     1600000","        1019"," 51,70",
"12/07/2025  7:20:56,465","   525250000"," ","23","  30,3","     1800000","      -14039"," 97,00",
"12/07/2025  7:20:56,465","   531250000","TELERAMA","24","  27,6","     1800000","       14970"," 91,90",
"12/07/2025  7:20:56,465","   537250000","PLUS TV","25","  68,0","     1800000","        4412"," 59,90",
"12/07/2025  7:20:56,465","   543250000","CANAL UNO","26","  29,4","     1800000","        9959"," 93,30",
"12/07/2025  7:20:56,465","   549250000"," ","27","  28,1","     1800000","       -2581"," 95,50",
"12/07/2025  7:20:56,465","   555250000"," ","28","  42,3","     1800000","       10873"," 96,60",
"12/07/2025  7:20:56,465","   561250000"," ","29","  41,3","     1800000","        3758"," 93,90",
"12/07/2025  7:20:56,465","   567250000","TELEATAHUALPA (RTU)","30","  40,0","     1800000","       -6056"," 95,40",
"12/07/2025  7:20:56,465","   573250000"," ","31","  35,4","     1800000","       -2088"," 92,90",
"12/07/2025  7:20:56,465","   579250000","TELEVICENTRO TVC","32","  77,8","     1800000","        1453"," 52,90",
"12/07/2025  7:20:56,465","   585250000"," ","33","  37,8","     1800000","        5128"," 96,80",
"12/07/2025  7:20:56,465","   591250000","UCSG TELEVISION","34","  30,5","     1800000","        2594"," 92,80",
"12/07/2025  7:20:56,465","   603250000","OROMAR","36","  31,9","     1800000","       -2721"," 95,70",
"12/07/2025  7:20:56,465","   615250000"," ","38","  39,1","     1800000","       69403"," 93,90",
"12/07/2025  7:20:56,465","   621250000","CANAL SUR - TELEVISION MUN","39","  69,6","     1800000","          54"," 57,30",
"12/07/2025  7:20:56,465","   627250000"," ","40","  33,6","     1800000","        1808"," 95,30",
"12/07/2025  7:20:56,465","   633250000"," ","41","  33,7","     1800000","       14467"," 95,20",
"12/07/2025  7:20:56,465","   639250000"," ","42","  37,8","     1800000","       77622"," 95,90",
"12/07/2025  7:20:56,465","   645250000"," ","43","  36,8","     1800000","        1196"," 97,40",
"12/07/2025  7:20:56,465","   651250000"," ","44","  37,0","     1800000","        4860"," 96,90",
"12/07/2025  7:20:56,465","   657250000"," ","45","  38,0","     1800000","         346"," 95,90",
"12/07/2025  7:20:56,465","   663250000"," ","46","  39,2","     1800000","        2424"," 95,40",
"12/07/2025  7:20:56,465","   669250000"," ","47","  38,3","     1800000","        6981"," 93,70",
"12/07/2025  7:20:56,465","   675250000"," ","48","  41,6","     1800000","       34549"," 94,00",
"12/07/2025  7:20:56,465","   681250000"," ","49","  47,3","     1800000","       78448"," 78,80",
"12/07/2025  7:20:56,465","   687250000"," ","50","  52,8","     1800000","        4231"," 97,00",
"12/07/2025  7:20:56,465","   693250000"," ","51","  51,5","     1800000","       -2738"," 97,00",
"12/07/2025  7:21:48,077","    55250000","CORPORACION ECUATORIANA DE","2","  92,7","     1800000","           2"," 89,90",
"12/07/2025  7:21:48,077","    61250000"," ","3","  40,1","     1800000","        -656"," 95,00",
"12/07/2025  7:21:48,077","    67250000","UV TELEVISION","4","  91,7","     1800000","         180"," 71,90",
"12/07/2025  7:21:48,077","    77250000","TELEAMAZONAS","5","  86,9","     1800000","          12"," 27,10",
"12/07/2025  7:21:48,077","    83250000"," ","6","  66,4","     1800000","        3445"," 95,90",
"12/07/2025  7:21:48,077","   175250000","ECUADOR TV","7","  94,7","     1800000","         -17"," 83,00",
"12/07/2025  7:21:48,077","   181250000","CADENA ECUATORIANA DE TELE","8","  81,8","     1800000","        1667"," 67,10",
"12/07/2025  7:21:48,077","   187250000","RED TELESISTEMA (R.T.S)","9","  89,0","     1800000","        -348"," 30,10",
"12/07/2025  7:21:48,077","   193250000"," ","10","  76,1","     1800000","      118040"," 94,90",
"12/07/2025  7:21:48,077","   199250000","TELEVISION DEL PACIFICO","11","  77,0","     1800000","      100022"," 96,00",
"12/07/2025  7:21:48,077","   205250000"," ","12","  65,5","     1800000","       79025"," 94,20",
"12/07/2025  7:21:48,077","   211250000"," ","13","  62,0","     1800000","       93917"," 94,80",
"12/07/2025  7:21:48,077","   471250000"," ","14","  25,3","     1800000","       -1123"," 94,80",
"12/07/2025  7:21:48,077","   477250000"," ","15","  30,0","     1800000","      -84990"," 95,00",
"12/07/2025  7:21:48,077","   483250000"," ","16","  26,0","     1800000","      -42432"," 93,20",
"12/07/2025  7:21:48,077","   513250000"," ","21","  29,5","     1800000","       71602"," 94,20",
"12/07/2025  7:21:48,077","   519250000","ECOTEL","22","  82,4","     1400000","        1001"," 53,70",
"12/07/2025  7:21:48,077","   525250000"," ","23","  30,9","     1800000","        9351"," 96,10",
"12/07/2025  7:21:48,077","   531250000","TELERAMA","24","  29,7","     1800000","        3123"," 96,70",
"12/07/2025  7:21:48,077","   537250000","PLUS TV","25","  68,0","     1600000","        4412"," 63,50",
"12/07/2025  7:21:48,077","   543250000","CANAL UNO","26","  30,1","     1800000","        8013"," 96,90",
"12/07/2025  7:21:48,077","   549250000"," ","27","  28,2","     1800000","       -1291"," 96,20",
"12/07/2025  7:21:48,077","   555250000"," ","28","  45,4","     1800000","        -105"," 93,50",
"12/07/2025  7:21:48,077","   561250000"," ","29","  42,4","     1800000","       -6449"," 95,70",
"12/07/2025  7:21:48,077","   567250000","TELEATAHUALPA (RTU)","30","  40,2","     1800000","       -5050"," 97,50",
"12/07/2025  7:21:48,077","   573250000"," ","31","  35,9","     1800000","       -3194"," 95,00",
"12/07/2025  7:21:48,077","   579250000","TELEVICENTRO TVC","32","  77,2","     1800000","        1449"," 57,50",
"12/07/2025  7:21:48,077","   585250000"," ","33","  39,2","     1800000","       -3851"," 97,70",
"12/07/2025  7:21:48,077","   591250000","UCSG TELEVISION","34","  33,5","     1800000","         311"," 95,30",
"12/07/2025  7:21:48,077","   603250000","OROMAR","36","  32,9","     1800000","       -1454"," 95,20",
"12/07/2025  7:21:48,077","   615250000"," ","38","  39,4","     1800000","       76116"," 94,70",
"12/07/2025  7:21:48,077","   621250000","CANAL SUR - TELEVISION MUN","39","  70,6","     1800000","          50"," 27,80",
"12/07/2025  7:21:48,077","   627250000"," ","40","  31,9","     1800000","        3527"," 97,40",
"12/07/2025  7:21:48,077","   633250000"," ","41","  33,9","     1800000","        2958"," 93,50",
"12/07/2025  7:21:48,077","   639250000"," ","42","  37,6","     1800000","       49480"," 94,20",
"12/07/2025  7:21:48,077","   645250000"," ","43","  35,8","     1800000","        2218"," 94,50",
"12/07/2025  7:21:48,077","   651250000"," ","44","  36,2","     1800000","        4350"," 95,50",
"12/07/2025  7:21:48,077","   657250000"," ","45","  36,4","     1800000","         951"," 93,60",
"12/07/2025  7:21:48,077","   663250000"," ","46","  38,0","     1800000","        2755"," 94,40",
"12/07/2025  7:21:48,077","   669250000"," ","47","  37,6","     1800000","        4768"," 93,20",
"12/07/2025  7:21:48,077","   675250000"," ","48","  40,5","     1800000","       33742"," 95,30",
"12/07/2025  7:21:48,077","   681250000"," ","49","  46,6","     1800000","      117410"," 88,00",
"12/07/2025  7:21:48,077","   687250000"," ","50","  50,0","     1800000","        3228"," 96,60",
"12/07/2025  7:21:48,077","   693250000"," ","51","  53,4","     1800000","        2415"," 94,20",
"12/07/2025  17:40:03,871","    55250000","CORPORACION ECUATORIANA DE","2","  91,8","     1800000","          -4"," 41,00",
"12/07/2025  17:40:03,871","    61250000"," ","3","  44,8","     1800000","      -25445"," 95,90",
"12/07/2025  17:40:03,871","    67250000","UV TELEVISION","4","  91,7","     1800000","         198"," 50,20",
"12/07/2025  17:40:03,871","    77250000","TELEAMAZONAS","5","  84,4","     1800000","           1"," 29,80",
"12/07/2025  17:40:03,871","    83250000"," ","6","  67,0","     1800000","      -33124"," 95,20",
"12/07/2025  17:40:03,871","   175250000","ECUADOR TV","7","  94,3","     1600000","         -16"," 74,80",
"12/07/2025  17:40:03,871","   181250000","CADENA ECUATORIANA DE TELE","8","  80,9","     1800000","        -140"," 86,00",
"12/07/2025  17:40:03,871","   187250000","RED TELESISTEMA (R.T.S)","9","  88,4","     1800000","        -229"," 32,10",
"12/07/2025  17:40:03,871","   193250000"," ","10","  72,9","     1800000","       91944"," 96,00",
"12/07/2025  17:40:03,871","   199250000","TELEVISION DEL PACIFICO","11","  71,5","     1800000","      102891"," 96,40",
"12/07/2025  17:40:03,871","   205250000"," ","12","  62,4","     1800000","      112845"," 89,00",
"12/07/2025  17:40:03,871","   211250000"," ","13","  61,3","     1800000","      108350"," 93,80",
"12/07/2025  17:40:03,871","   471250000"," ","14","  24,9","     1800000","        2676"," 95,90",
"12/07/2025  17:40:03,871","   477250000"," ","15","  30,3","     1800000","      -86822"," 86,80",
"12/07/2025  17:40:03,871","   483250000"," ","16","  27,7","     1800000","      -40307"," 94,40",
"12/07/2025  17:40:03,871","   513250000"," ","21","  28,3","     1800000","       29071"," 93,60",
"12/07/2025  17:40:03,871","   519250000","ECOTEL","22","  83,1","     1600000","        1074"," 39,60",
"12/07/2025  17:40:03,871","   525250000"," ","23","  31,3","     1800000","        3826"," 94,30",
"12/07/2025  17:40:03,871","   531250000","TELERAMA","24","  28,4","     1800000","        8892"," 92,00",
"12/07/2025  17:40:03,871","   537250000","PLUS TV","25","  68,5","     1600000","        4329"," 27,30",
"12/07/2025  17:40:03,871","   543250000","CANAL UNO","26","  29,3","     1800000","       10077"," 95,10",
"12/07/2025  17:40:03,871","   549250000"," ","27","  27,5","     1800000","        1375"," 95,90",
"12/07/2025  17:40:03,871","   555250000"," ","28","  43,0","     1800000","        -479"," 95,10",
"12/07/2025  17:40:03,871","   561250000"," ","29","  41,8","     1800000","        1149"," 92,80",
"12/07/2025  17:40:03,871","   567250000","TELEATAHUALPA (RTU)","30","  40,7","     1800000","       -8304"," 97,30",
"12/07/2025  17:40:03,871","   573250000"," ","31","  36,4","     1800000","       -4511"," 97,50",
"12/07/2025  17:40:03,871","   579250000","TELEVICENTRO TVC","32","  77,9","     1800000","        1258"," 14,70",
"12/07/2025  17:40:03,871","   585250000"," ","33","  37,7","     1800000","       -4192"," 96,00",
"12/07/2025  17:40:03,871","   591250000","UCSG TELEVISION","34","  31,9","     1800000","        3675"," 97,00",
"12/07/2025  17:40:03,871","   603250000","OROMAR","36","  32,8","     1800000","        2746"," 94,80",
"12/07/2025  17:40:03,871","   615250000"," ","38","  39,2","     1800000","       69553"," 92,90",
"12/07/2025  17:40:03,871","   621250000","CANAL SUR - TELEVISION MUN","39","  68,0","     1800000","          50"," 36,50",
"12/07/2025  17:40:03,871","   627250000"," ","40","  32,5","     1800000","        1283"," 94,80",
"12/07/2025  17:40:03,871","   633250000"," ","41","  34,4","     1800000","       23704"," 93,50",
"12/07/2025  17:40:03,871","   639250000"," ","42","  37,6","     1800000","       87926"," 91,50",
"12/07/2025  17:40:03,871","   645250000"," ","43","  36,9","     1800000","        -769"," 96,00",
"12/07/2025  17:40:03,871","   651250000"," ","44","  37,1","     1800000","       -4465"," 96,30",
"12/07/2025  17:40:03,871","   657250000"," ","45","  36,5","     1800000","        2299"," 94,00",
"12/07/2025  17:40:03,871","   663250000"," ","46","  38,1","     1800000","       -1820"," 96,00",
"12/07/2025  17:40:03,871","   669250000"," ","47","  38,1","     1800000","        4718"," 95,20",
"12/07/2025  17:40:03,871","   675250000"," ","48","  42,0","     1800000","       31528"," 94,90",
"12/07/2025  17:40:03,871","   681250000"," ","49","  45,6","     1800000","       96495"," 85,80",
"12/07/2025  17:40:03,871","   687250000"," ","50","  54,7","     1800000","        4843"," 97,40",
"12/07/2025  17:40:03,871","   693250000"," ","51","  55,3","     1800000","        1366"," 97,30",
"12/07/2025  17:40:56,488","    55250000","CORPORACION ECUATORIANA DE","2","  92,0","     1800000","          -5"," 69,80",
"12/07/2025  17:40:56,488","    61250000"," ","3","  48,3","     1800000","      -45441"," 97,00",
"12/07/2025  17:40:56,488","    67250000","UV TELEVISION","4","  91,7","     1800000","         177"," 59,80",
"12/07/2025  17:40:56,488","    77250000","TELEAMAZONAS","5","  85,0","     1800000","          13"," 52,20",
"12/07/2025  17:40:56,488","    83250000"," ","6","  66,3","     1800000","       -8311"," 94,00",
"12/07/2025  17:40:56,488","   175250000","ECUADOR TV","7","  94,4","     1800000","         -16"," 61,10",
"12/07/2025  17:40:56,488","   181250000","CADENA ECUATORIANA DE TELE","8","  80,9","     1800000","       14884"," 87,70",
"12/07/2025  17:40:56,488","   187250000","RED TELESISTEMA (R.T.S)","9","  89,4","     1800000","        -395"," 52,70",
"12/07/2025  17:40:56,488","   193250000"," ","10","  73,9","     1800000","      106891"," 92,20",
"12/07/2025  17:40:56,488","   199250000","TELEVISION DEL PACIFICO","11","  71,0","     1800000","      100017"," 94,30",
"12/07/2025  17:40:56,488","   205250000"," ","12","  66,1","     1800000","      111643"," 96,40",
"12/07/2025  17:40:56,488","   211250000"," ","13","  60,1","     1800000","      115510"," 93,00",
"12/07/2025  17:40:56,488","   471250000"," ","14","  25,0","     1800000","       -1021"," 95,90",
"12/07/2025  17:40:56,488","   477250000"," ","15","  29,5","     1800000","      -83006"," 92,50",
"12/07/2025  17:40:56,488","   483250000"," ","16","  27,3","     1800000","      -42055"," 96,70",
"12/07/2025  17:40:56,488","   513250000"," ","21","  28,9","     1800000","       23476"," 95,30",
"12/07/2025  17:40:56,488","   519250000","ECOTEL","22","  81,8","     1800000","        1070"," 40,00",
"12/07/2025  17:40:56,488","   525250000"," ","23","  29,0","     1800000","        1947"," 94,90",
"12/07/2025  17:40:56,488","   531250000","TELERAMA","24","  28,9","     1800000","       15353"," 96,30",
"12/07/2025  17:40:56,488","   537250000","PLUS TV","25","  68,5","     1800000","        4329"," 34,80",
"12/07/2025  17:40:56,488","   543250000","CANAL UNO","26","  41,7","     1800000","       11437"," 99,40",
"12/07/2025  17:40:56,488","   549250000"," ","27","  29,0","     1800000","       -2880"," 97,50",
"12/07/2025  17:40:56,488","   555250000"," ","28","  42,6","     1800000","        3162"," 95,40",
"12/07/2025  17:40:56,488","   561250000"," ","29","  42,0","     1800000","       -3048"," 90,00",
"12/07/2025  17:40:56,488","   567250000","TELEATAHUALPA (RTU)","30","  38,9","     1800000","       -9389"," 94,00",
"12/07/2025  17:40:56,488","   573250000"," ","31","  36,0","     1800000","       -2701"," 95,20",
"12/07/2025  17:40:56,488","   579250000","TELEVICENTRO TVC","32","  77,9","     1800000","        1257"," 59,00",
"12/07/2025  17:40:56,488","   585250000"," ","33","  34,8","     1800000","        6045"," 97,10",
"12/07/2025  17:40:56,488","   591250000","UCSG TELEVISION","34","  31,4","     1800000","       -3402"," 96,80",
"12/07/2025  17:40:56,488","   603250000","OROMAR","36","  33,1","     1800000","       -2408"," 94,10",
"12/07/2025  17:40:56,488","   615250000"," ","38","  40,1","     1800000","       96439"," 76,20",
"12/07/2025  17:40:56,488","   621250000","CANAL SUR - TELEVISION MUN","39","  70,2","     1800000","          54"," 30,30",
"12/07/2025  17:40:56,488","   627250000"," ","40","  33,8","     1800000","        4758"," 95,40",
"12/07/2025  17:40:56,488","   633250000"," ","41","  35,6","     1800000","       22668"," 95,80",
"12/07/2025  17:40:56,488","   639250000"," ","42","  37,6","     1800000","       83592"," 95,30",
"12/07/2025  17:40:56,488","   645250000"," ","43","  36,4","     1800000","        1581"," 93,70",
"12/07/2025  17:40:56,488","   651250000"," ","44","  36,0","     1800000","        1392"," 95,20",
"12/07/2025  17:40:56,488","   657250000"," ","45","  37,2","     1800000","        2096"," 96,10",
"12/07/2025  17:40:56,488","   663250000"," ","46","  38,4","     1800000","        1582"," 96,50",
"12/07/2025  17:40:56,488","   669250000"," ","47","  38,5","     1800000","        6391"," 93,70",
"12/07/2025  17:40:56,488","   675250000"," ","48","  42,2","     1800000","       38917"," 93,20",
"12/07/2025  17:40:56,488","   681250000"," ","49","  45,5","     1800000","       94206"," 88,70",
"12/07/2025  17:40:56,488","   687250000"," ","50","  52,8","     1800000","        -230"," 94,90",
"12/07/2025  17:40:56,488","   693250000"," ","51","  55,2","     1800000","        3893"," 96,70",
"12/07/2025  17:41:48,141","    55250000","CORPORACION ECUATORIANA DE","2","  92,4","     1800000","          -7"," 32,10",
"12/07/2025  17:41:48,141","    61250000"," ","3","  40,9","     1800000","      -22065"," 95,00",
"12/07/2025  17:41:48,141","    67250000","UV TELEVISION","4","  92,1","     1800000","         189"," 76,50",
"12/07/2025  17:41:48,141","    77250000","TELEAMAZONAS","5","  85,2","     1800000","          10"," 22,60",
"12/07/2025  17:41:48,141","    83250000"," ","6","  69,3","     1800000","       10124"," 94,40",
"12/07/2025  17:41:48,141","   175250000","ECUADOR TV","7","  93,8","     1600000","         -16"," 77,70",
"12/07/2025  17:41:48,141","   181250000","CADENA ECUATORIANA DE TELE","8","  82,2","     1800000","       19119"," 94,00",
"12/07/2025  17:41:48,141","   187250000","RED TELESISTEMA (R.T.S)","9","  89,1","     1800000","        -202"," 51,00",
"12/07/2025  17:41:48,141","   193250000"," ","10","  74,0","     1800000","      114527"," 94,30",
"12/07/2025  17:41:48,141","   199250000","TELEVISION DEL PACIFICO","11","  72,2","     1800000","      107135"," 95,10",
"12/07/2025  17:41:48,141","   205250000"," ","12","  65,4","     1800000","      115922"," 92,80",
"12/07/2025  17:41:48,141","   211250000"," ","13","  61,5","     1800000","      109126"," 82,10",
"12/07/2025  17:41:48,141","   471250000"," ","14","  24,0","     1800000","         546"," 94,90",
"12/07/2025  17:41:48,141","   477250000"," ","15","  30,0","     1800000","      -93330"," 89,40",
"12/07/2025  17:41:48,141","   483250000"," ","16","  26,7","     1800000","      -27796"," 93,70",
"12/07/2025  17:41:48,141","   513250000"," ","21","  30,0","     1800000","       41503"," 94,70",
"12/07/2025  17:41:48,141","   519250000","ECOTEL","22","  84,0","     1600000","        1057"," 34,20",
"12/07/2025  17:41:48,141","   525250000"," ","23","  31,7","     1800000","        3969"," 93,80",
"12/07/2025  17:41:48,141","   531250000","TELERAMA","24","  28,1","     1800000","        7523"," 96,50",
"12/07/2025  17:41:48,141","   537250000","PLUS TV","25","  67,5","     1800000","        4332"," 47,80",
"12/07/2025  17:41:48,141","   543250000","CANAL UNO","26","  28,3","     1800000","        3297"," 94,30",
"12/07/2025  17:41:48,141","   549250000"," ","27","  28,1","     1800000","        1346"," 96,90",
"12/07/2025  17:41:48,141","   555250000"," ","28","  43,8","     1800000","       -2163"," 95,90",
"12/07/2025  17:41:48,141","   561250000"," ","29","  41,3","     1800000","        3367"," 96,50",
"12/07/2025  17:41:48,141","   567250000","TELEATAHUALPA (RTU)","30","  41,0","     1800000","       -1283"," 96,70",
"12/07/2025  17:41:48,141","   573250000"," ","31","  35,6","     1800000","       -1782"," 94,80",
"12/07/2025  17:41:48,141","   579250000","TELEVICENTRO TVC","32","  78,2","     1800000","        1254"," 60,90",
"12/07/2025  17:41:48,141","   585250000"," ","33","  35,1","     1800000","       -2670"," 97,00",
"12/07/2025  17:41:48,141","   591250000","UCSG TELEVISION","34","  34,2","     1800000","        2579"," 96,40",
"12/07/2025  17:41:48,141","   603250000","OROMAR","36","  33,1","     1800000","         760"," 94,10",
"12/07/2025  17:41:48,141","   615250000"," ","38","  40,2","     1800000","       84364"," 93,80",
"12/07/2025  17:41:48,141","   621250000","CANAL SUR - TELEVISION MUN","39","  68,1","     1800000","          53"," 32,60",
"12/07/2025  17:41:48,141","   627250000"," ","40","  33,8","     1800000","        2238"," 94,40",
"12/07/2025  17:41:48,141","   633250000"," ","41","  33,9","     1800000","       31525"," 93,50",
"12/07/2025  17:41:48,141","   639250000"," ","42","  39,1","     1800000","       72478"," 96,40",
"12/07/2025  17:41:48,141","   645250000"," ","43","  36,9","     1800000","       -1917"," 96,60",
"12/07/2025  17:41:48,141","   651250000"," ","44","  36,6","     1800000","        1475"," 93,60",
"12/07/2025  17:41:48,141","   657250000"," ","45","  36,4","     1800000","        7045"," 93,90",
"12/07/2025  17:41:48,141","   663250000"," ","46","  38,0","     1800000","         -55"," 96,10",
"12/07/2025  17:41:48,141","   669250000"," ","47","  54,7","     1800000","        4561"," 98,80",
"12/07/2025  17:41:48,141","   675250000"," ","48","  42,2","     1800000","       31185"," 95,70",
"12/07/2025  17:41:48,141","   681250000"," ","49","  47,5","     1800000","       91328"," 91,20",
"12/07/2025  17:41:48,141","   687250000"," ","50","  52,1","     1800000","        2114"," 96,50",
"12/07/2025  17:41:48,141","   693250000"," ","51","  52,5","     1800000","        3436"," 97,10",
"13/07/2025  7:20:03,873","    55250000","CORPORACION ECUATORIANA DE","2","  91,8","     1800000","         -16"," 68,00",
"13/07/2025  7:20:03,873","    61250000"," ","3","  51,4","     1800000","        1602"," 98,80",
"13/07/2025  7:20:03,873","    67250000","UV TELEVISION","4","  91,5","     1400000","         195"," 65,90",
"13/07/2025  7:20:03,873","    77250000","TELEAMAZONAS","5","  89,3","     1800000","          14"," 30,80",
"13/07/2025  7:20:03,873","    83250000"," ","6","  66,1","     1800000","      -21650"," 95,50",
"13/07/2025  7:20:03,873","   175250000","ECUADOR TV","7","  93,8","     1600000","        -143"," 90,10",
"13/07/2025  7:20:03,873","   181250000","CADENA ECUATORIANA DE TELE","8","  79,9","     1800000","        2393"," 91,80",
"13/07/2025  7:20:03,873","   187250000","RED TELESISTEMA (R.T.S)","9","  89,5","     1800000","       -1151"," 42,50",
"13/07/2025  7:20:03,873","   193250000"," ","10","  73,0","     1800000","       98544"," 95,00",
"13/07/2025  7:20:03,873","   199250000","TELEVISION DEL PACIFICO","11","  72,1","     1800000","       84639"," 94,10",
"13/07/2025  7:20:03,873","   205250000"," ","12","  63,8","     1800000","       98226"," 94,90",
"13/07/2025  7:20:03,873","   211250000"," ","13","  60,5","     1800000","      124204"," 92,20",
"13/07/2025  7:20:03,873","   471250000"," ","14","  24,2","     1800000","         306"," 96,20",
"13/07/2025  7:20:03,873","   477250000"," ","15","  31,4","     1800000","     -102405"," 89,30",
"13/07/2025  7:20:03,873","   483250000"," ","16","  27,7","     1800000","      -41973"," 94,20",
"13/07/2025  7:20:03,873","   513250000"," ","21","  29,5","     1800000","       35777"," 97,30",
"13/07/2025  7:20:03,873","   519250000","ECOTEL","22","  82,9","     1400000","        1039"," 51,80",
"13/07/2025  7:20:03,873","   525250000"," ","23","  28,9","     1800000","      -21804"," 96,50",
"13/07/2025  7:20:03,873","   531250000","TELERAMA","24","  28,8","     1800000","        7068"," 94,80",
"13/07/2025  7:20:03,873","   537250000","PLUS TV","25","  68,3","     1400000","        4463"," 53,20",
"13/07/2025  7:20:03,873","   543250000","CANAL UNO","26","  29,3","     1800000","       14440"," 93,50",
"13/07/2025  7:20:03,873","   549250000"," ","27","  27,2","     1800000","         504"," 95,40",
"13/07/2025  7:20:03,873","   555250000"," ","28","  42,4","     1800000","        1088"," 96,40",
"13/07/2025  7:20:03,873","   561250000"," ","29","  40,3","     1800000","       -1238"," 95,10",
"13/07/2025  7:20:03,873","   567250000","TELEATAHUALPA (RTU)","30","  39,9","     1800000","       -9854"," 97,50",
"13/07/2025  7:20:03,873","   573250000"," ","31","  35,0","     1800000","       -2035"," 94,10",
"13/07/2025  7:20:03,873","   579250000","TELEVICENTRO TVC","32","  78,6","     1800000","        1007"," 64,40",
"13/07/2025  7:20:03,873","   585250000"," ","33","  33,0","     1800000","        4373"," 93,50",
"13/07/2025  7:20:03,873","   591250000","UCSG TELEVISION","34","  33,1","     1800000","       -3537"," 96,00",
"13/07/2025  7:20:03,873","   603250000","OROMAR","36","  31,7","     1800000","       -2820"," 95,60",
"13/07/2025  7:20:03,873","   615250000"," ","38","  38,7","     1800000","       71802"," 93,30",
"13/07/2025  7:20:03,873","   621250000","CANAL SUR - TELEVISION MUN","39","  69,5","     1800000","          51"," 32,70",
"13/07/2025  7:20:03,873","   627250000"," ","40","  33,9","     1800000","        5709"," 94,50",
"13/07/2025  7:20:03,873","   633250000"," ","41","  34,2","     1800000","       15201"," 94,40",
"13/07/2025  7:20:03,873","   639250000"," ","42","  38,4","     1800000","       76873"," 95,90",
"13/07/2025  7:20:03,873","   645250000"," ","43","  35,4","     1800000","         991"," 95,20",
"13/07/2025  7:20:03,873","   651250000"," ","44","  36,9","     1800000","       -2394"," 95,50",
"13/07/2025  7:20:03,873","   657250000"," ","45","  36,3","     1800000","        -618"," 96,90",
"13/07/2025  7:20:03,873","   663250000"," ","46","  37,2","     1800000","        3166"," 94,20",
"13/07/2025  7:20:03,873","   669250000"," ","47","  38,7","     1800000","        4272"," 97,10",
"13/07/2025  7:20:03,873","   675250000"," ","48","  41,7","     1800000","       69416"," 92,90",
"13/07/2025  7:20:03,873","   681250000"," ","49","  47,1","     1800000","      101846"," 88,80",
"13/07/2025  7:20:03,873","   687250000"," ","50","  48,0","     1800000","        7419"," 96,90",
"13/07/2025  7:20:03,873","   693250000"," ","51","  52,7","     1800000","         954"," 96,50",
"13/07/2025  7:20:57,626","    55250000","CORPORACION ECUATORIANA DE","2","  91,8","     1800000","         -43"," 84,90",
"13/07/2025  7:20:57,626","    61250000"," ","3","  40,3","     1800000","       11285"," 94,40",
"13/07/2025  7:20:57,626","    67250000","UV TELEVISION","4","  91,7","     1400000","         200"," 80,10",
"13/07/2025  7:20:57,626","    77250000","TELEAMAZONAS","5","  89,8","     1800000","          10"," 39,30",
"13/07/2025  7:20:57,626","    83250000"," ","6","  65,3","     1800000","      -25154"," 95,40",
"13/07/2025  7:20:57,626","   175250000","ECUADOR TV","7","  93,8","     1600000","         -15"," 86,20",
"13/07/2025  7:20:57,626","   181250000","CADENA ECUATORIANA DE TELE","8","  80,1","     1800000","         -32"," 64,80",
"13/07/2025  7:20:57,626","   187250000","RED TELESISTEMA (R.T.S)","9","  89,8","     1800000","       -1125"," 34,40",
"13/07/2025  7:20:57,626","   193250000"," ","10","  73,1","     1800000","      103192"," 96,40",
"13/07/2025  7:20:57,626","   199250000","TELEVISION DEL PACIFICO","11","  71,2","     1800000","      123008"," 95,20",
"13/07/2025  7:20:57,626","   205250000"," ","12","  61,1","     1800000","       94550"," 95,80",
"13/07/2025  7:20:57,626","   211250000"," ","13","  58,8","     1800000","      121351"," 88,80",
"13/07/2025  7:20:57,626","   471250000"," ","14","  24,4","     1800000","        3243"," 94,20",
"13/07/2025  7:20:57,626","   477250000"," ","15","  29,9","     1800000","      -81345"," 93,50",
"13/07/2025  7:20:57,626","   483250000"," ","16","  27,4","     1800000","      -30360"," 95,90",
"13/07/2025  7:20:57,626","   513250000"," ","21","  29,8","     1800000","       20009"," 95,60",
"13/07/2025  7:20:57,626","   519250000","ECOTEL","22","  83,1","     1600000","        1029"," 48,10",
"13/07/2025  7:20:57,626","   525250000"," ","23","  29,4","     1800000","       -2858"," 95,80",
"13/07/2025  7:20:57,626","   531250000","TELERAMA","24","  29,6","     1800000","       -8647"," 96,60",
"13/07/2025  7:20:57,626","   537250000","PLUS TV","25","  67,4","     1600000","        4463"," 47,40",
"13/07/2025  7:20:57,626","   543250000","CANAL UNO","26","  28,9","     1800000","       17290"," 93,20",
"13/07/2025  7:20:57,626","   549250000"," ","27","  28,3","     1800000","        3683"," 95,60",
"13/07/2025  7:20:57,626","   555250000"," ","28","  41,2","     1800000","        4039"," 96,10",
"13/07/2025  7:20:57,626","   561250000"," ","29","  40,1","     1800000","        1122"," 94,60",
"13/07/2025  7:20:57,626","   567250000","TELEATAHUALPA (RTU)","30","  39,4","     1800000","       -9460"," 95,20",
"13/07/2025  7:20:57,626","   573250000"," ","31","  35,4","     1800000","       -6925"," 94,50",
"13/07/2025  7:20:57,626","   579250000","TELEVICENTRO TVC","32","  79,2","     1800000","        1003"," 32,20",
"13/07/2025  7:20:57,626","   585250000"," ","33","  41,2","     1800000","         211"," 97,30",
"13/07/2025  7:20:57,626","   591250000","UCSG TELEVISION","34","  32,3","     1800000","         640"," 96,20",
"13/07/2025  7:20:57,626","   603250000","OROMAR","36","  32,6","     1800000","         541"," 95,70",
"13/07/2025  7:20:57,626","   615250000"," ","38","  38,2","     1800000","       48481"," 88,80",
"13/07/2025  7:20:57,626","   621250000","CANAL SUR - TELEVISION MUN","39","  69,9","     1800000","          51"," 34,90",
"13/07/2025  7:20:57,626","   627250000"," ","40","  34,0","     1800000","         242"," 97,20",
"13/07/2025  7:20:57,626","   633250000"," ","41","  35,0","     1800000","       15776"," 95,50",
"13/07/2025  7:20:57,626","   639250000"," ","42","  38,8","     1800000","       60266"," 93,80",
"13/07/2025  7:20:57,626","   645250000"," ","43","  35,1","     1800000","        1607"," 93,70",
"13/07/2025  7:20:57,626","   651250000"," ","44","  36,1","     1800000","        5965"," 95,90",
"13/07/2025  7:20:57,626","   657250000"," ","45","  37,2","     1800000","        3535"," 95,80",
"13/07/2025  7:20:57,626","   663250000"," ","46","  38,7","     1800000","       -2281"," 93,10",
"13/07/2025  7:20:57,626","   669250000"," ","47","  40,7","     1800000","        2934"," 96,40",
"13/07/2025  7:20:57,626","   675250000"," ","48","  40,1","     1800000","       61323"," 96,60",
"13/07/2025  7:20:57,626","   681250000"," ","49","  46,8","     1800000","       97756"," 95,90",
"13/07/2025  7:20:57,626","   687250000"," ","50","  50,3","     1800000","        8796"," 96,90",
"13/07/2025  7:20:57,626","   693250000"," ","51","  51,2","     1800000","        1806"," 96,80",
"13/07/2025  7:21:49,073","    55250000","CORPORACION ECUATORIANA DE","2","  92,0","     1800000","         -46"," 88,00",
"13/07/2025  7:21:49,073","    61250000"," ","3","  42,7","     1800000","       -5765"," 96,30",
"13/07/2025  7:21:49,073","    67250000","UV TELEVISION","4","  90,7","     1400000","         217"," 28,00",
"13/07/2025  7:21:49,073","    77250000","TELEAMAZONAS","5","  87,7","     1800000","          12"," 46,60",
"13/07/2025  7:21:49,073","    83250000"," ","6","  65,1","     1800000","       -9273"," 95,70",
"13/07/2025  7:21:49,073","   175250000","ECUADOR TV","7","  93,8","     1600000","         -16"," 72,30",
"13/07/2025  7:21:49,073","   181250000","CADENA ECUATORIANA DE TELE","8","  80,0","     1800000","         104"," 89,20",
"13/07/2025  7:21:49,073","   187250000","RED TELESISTEMA (R.T.S)","9","  90,1","     1800000","       -1135"," 38,80",
"13/07/2025  7:21:49,073","   193250000"," ","10","  72,0","     1800000","      100184"," 94,50",
"13/07/2025  7:21:49,073","   199250000","TELEVISION DEL PACIFICO","11","  70,9","     1800000","       98999"," 93,00",
"13/07/2025  7:21:49,073","   205250000"," ","12","  62,9","     1800000","      115680"," 95,20",
"13/07/2025  7:21:49,073","   211250000"," ","13","  58,9","     1800000","      126507"," 94,60",
"13/07/2025  7:21:49,073","   471250000"," ","14","  23,6","     1800000","        3644"," 94,80",
"13/07/2025  7:21:49,073","   477250000"," ","15","  29,9","     1800000","      -92122"," 90,30",
"13/07/2025  7:21:49,073","   483250000"," ","16","  27,2","     1800000","      -43415"," 95,10",
"13/07/2025  7:21:49,073","   513250000"," ","21","  28,5","     1800000","       13163"," 94,50",
"13/07/2025  7:21:49,073","   519250000","ECOTEL","22","  82,7","     1600000","        1041"," 29,80",
"13/07/2025  7:21:49,073","   525250000"," ","23","  30,8","     1800000","      -20813"," 95,60",
"13/07/2025  7:21:49,073","   531250000","TELERAMA","24","  27,8","     1800000","        4937"," 97,60",
"13/07/2025  7:21:49,073","   537250000","PLUS TV","25","  68,4","     1600000","        4463"," 62,40",
"13/07/2025  7:21:49,073","   543250000","CANAL UNO","26","  28,1","     1800000","       20560"," 93,50",
"13/07/2025  7:21:49,073","   549250000"," ","27","  27,7","     1800000","        2684"," 96,20",
"13/07/2025  7:21:49,073","   555250000"," ","28","  39,9","     1800000","        3216"," 92,70",
"13/07/2025  7:21:49,073","   561250000"," ","29","  41,6","     1800000","       -1782"," 94,10",
"13/07/2025  7:21:49,073","   567250000","TELEATAHUALPA (RTU)","30","  40,3","     1800000","      -10504"," 97,00",
"13/07/2025  7:21:49,073","   573250000"," ","31","  34,9","     1800000","       -2635"," 93,10",
"13/07/2025  7:21:49,073","   579250000","TELEVICENTRO TVC","32","  78,4","     1800000","        1003"," 43,20",
"13/07/2025  7:21:49,073","   585250000"," ","33","  37,7","     1800000","        3550"," 95,10",
"13/07/2025  7:21:49,073","   591250000","UCSG TELEVISION","34","  31,8","     1800000","         400"," 94,40",
"13/07/2025  7:21:49,073","   603250000","OROMAR","36","  32,6","     1800000","          14"," 90,30",
"13/07/2025  7:21:49,073","   615250000"," ","38","  39,7","     1800000","       78857"," 92,10",
"13/07/2025  7:21:49,073","   621250000","CANAL SUR - TELEVISION MUN","39","  68,2","     1800000","          49"," 37,70",
"13/07/2025  7:21:49,073","   627250000"," ","40","  35,0","     1800000","        7532"," 96,30",
"13/07/2025  7:21:49,073","   633250000"," ","41","  35,2","     1800000","       11665"," 95,90",
"13/07/2025  7:21:49,073","   639250000"," ","42","  37,4","     1800000","       68115"," 93,30",
"13/07/2025  7:21:49,073","   645250000"," ","43","  35,6","     1800000","        -144"," 94,70",
"13/07/2025  7:21:49,073","   651250000"," ","44","  36,5","     1800000","         163"," 95,30",
"13/07/2025  7:21:49,073","   657250000"," ","45","  35,9","     1800000","        1417"," 93,60",
"13/07/2025  7:21:49,073","   663250000"," ","46","  36,5","     1800000","        2061"," 96,50",
"13/07/2025  7:21:49,073","   669250000"," ","47","  37,9","     1800000","        6508"," 95,40",
"13/07/2025  7:21:49,073","   675250000"," ","48","  41,6","     1800000","       38388"," 94,20",
"13/07/2025  7:21:49,073","   681250000"," ","49","  46,7","     1800000","      101430"," 79,40",
"13/07/2025  7:21:49,073","   687250000"," ","50","  49,6","     1800000","        4325"," 97,70",
"13/07/2025  7:21:49,073","   693250000"," ","51","  54,4","     1800000","        1445"," 98,50",
"13/07/2025  17:40:03,932","    55250000","CORPORACION ECUATORIANA DE","2","  91,8","     1800000","         -19"," 60,20",
"13/07/2025  17:40:03,932","    61250000"," ","3","  40,3","     1800000","      -28920"," 95,20",
"13/07/2025  17:40:03,932","    67250000","UV TELEVISION","4","  90,9","     1800000","         208"," 57,70",
"13/07/2025  17:40:03,932","    77250000","TELEAMAZONAS","5","  87,5","     1800000","           9"," 45,60",
"13/07/2025  17:40:03,932","    83250000"," ","6","  64,5","     1800000","      -58199"," 91,80",
"13/07/2025  17:40:03,932","   175250000","ECUADOR TV","7","  93,8","     1600000","         -16"," 94,50",
"13/07/2025  17:40:03,932","   181250000","CADENA ECUATORIANA DE TELE","8","  80,4","     1800000","        1495"," 42,30",
"13/07/2025  17:40:03,932","   187250000","RED TELESISTEMA (R.T.S)","9","  89,4","     1800000","        -254"," 33,40",
"13/07/2025  17:40:03,932","   193250000"," ","10","  72,7","     1800000","      101738"," 94,00",
"13/07/2025  17:40:03,932","   199250000","TELEVISION DEL PACIFICO","11","  71,9","     1800000","       90426"," 95,90",
"13/07/2025  17:40:03,932","   205250000"," ","12","  62,1","     1800000","       92536"," 96,20",
"13/07/2025  17:40:03,932","   211250000"," ","13","  59,0","     1800000","      121055"," 93,20",
"13/07/2025  17:40:03,932","   471250000"," ","14","  24,4","     1800000","         -24"," 95,60",
"13/07/2025  17:40:03,932","   477250000"," ","15","  28,8","     1800000","      -76358"," 96,30",
"13/07/2025  17:40:03,932","   483250000"," ","16","  26,9","     1800000","      -25571"," 94,90",
"13/07/2025  17:40:03,932","   513250000"," ","21","  27,0","     1800000","        2845"," 95,00",
"13/07/2025  17:40:03,932","   519250000","ECOTEL","22","  83,3","     1600000","        1105"," 41,10",
"13/07/2025  17:40:03,932","   525250000"," ","23","  28,6","     1800000","      -23658"," 94,20",
"13/07/2025  17:40:03,932","   531250000","TELERAMA","24","  28,2","     1800000","        4138"," 94,90",
"13/07/2025  17:40:03,932","   537250000","PLUS TV","25","  68,4","     1800000","        4255"," 29,20",
"13/07/2025  17:40:03,932","   543250000","CANAL UNO","26","  28,3","     1800000","       16536"," 93,70",
"13/07/2025  17:40:03,932","   549250000"," ","27","  27,4","     1800000","        1082"," 91,50",
"13/07/2025  17:40:03,932","   555250000"," ","28","  40,7","     1800000","        4403"," 93,90",
"13/07/2025  17:40:03,932","   561250000"," ","29","  42,6","     1800000","       -3208"," 95,30",
"13/07/2025  17:40:03,932","   567250000","TELEATAHUALPA (RTU)","30","  39,4","     1800000","       -6656"," 93,70",
"13/07/2025  17:40:03,932","   573250000"," ","31","  35,6","     1800000","       -6227"," 94,80",
"13/07/2025  17:40:03,932","   579250000","TELEVICENTRO TVC","32","  76,9","     1600000","        1223"," 73,80",
"13/07/2025  17:40:03,932","   585250000"," ","33","  34,8","     1800000","       -1673"," 96,00",
"13/07/2025  17:40:03,932","   591250000","UCSG TELEVISION","34","  32,9","     1800000","        -268"," 93,50",
"13/07/2025  17:40:03,932","   603250000","OROMAR","36","  33,0","     1800000","        -901"," 95,90",
"13/07/2025  17:40:03,932","   615250000"," ","38","  40,6","     1800000","       85340"," 93,70",
"13/07/2025  17:40:03,932","   621250000","CANAL SUR - TELEVISION MUN","39","  68,4","     1800000","          51"," 29,10",
"13/07/2025  17:40:03,932","   627250000"," ","40","  33,7","     1800000","         430"," 94,30",
"13/07/2025  17:40:03,932","   633250000"," ","41","  34,4","     1800000","       25925"," 93,60",
"13/07/2025  17:40:03,932","   639250000"," ","42","  38,2","     1800000","       74955"," 92,30",
"13/07/2025  17:40:03,932","   645250000"," ","43","  36,7","     1800000","       -2754"," 93,60",
"13/07/2025  17:40:03,932","   651250000"," ","44","  35,2","     1800000","        3112"," 92,50",
"13/07/2025  17:40:03,932","   657250000"," ","45","  36,7","     1800000","         861"," 96,20",
"13/07/2025  17:40:03,932","   663250000"," ","46","  38,5","     1800000","         758"," 94,30",
"13/07/2025  17:40:03,932","   669250000"," ","47","  38,9","     1800000","        7634"," 94,00",
"13/07/2025  17:40:03,932","   675250000"," ","48","  41,4","     1800000","       29719"," 95,50",
"13/07/2025  17:40:03,932","   681250000"," ","49","  44,6","     1800000","       89028"," 89,90",
"13/07/2025  17:40:03,932","   687250000"," ","50","  48,6","     1800000","        4191"," 97,80",
"13/07/2025  17:40:03,932","   693250000"," ","51","  55,2","     1800000","         541"," 96,20",
"13/07/2025  17:40:57,701","    55250000","CORPORACION ECUATORIANA DE","2","  91,7","     1800000","          25"," 65,70",
"13/07/2025  17:40:57,701","    61250000"," ","3","  42,7","     1800000","        2296"," 97,20",
"13/07/2025  17:40:57,701","    67250000","UV TELEVISION","4","  90,9","     1800000","         185"," 73,10",
"13/07/2025  17:40:57,701","    77250000","TELEAMAZONAS","5","  86,3","     1800000","          12"," 38,10",
"13/07/2025  17:40:57,701","    83250000"," ","6","  63,9","     1800000","      -18030"," 92,20",
"13/07/2025  17:40:57,701","   175250000","ECUADOR TV","7","  94,4","     1800000","         -17"," 83,60",
"13/07/2025  17:40:57,701","   181250000","CADENA ECUATORIANA DE TELE","8","  80,5","     1800000","        1660"," 92,30",
"13/07/2025  17:40:57,701","   187250000","RED TELESISTEMA (R.T.S)","9","  89,8","     1800000","        -299"," 43,00",
"13/07/2025  17:40:57,701","   193250000"," ","10","  73,6","     1800000","      106698"," 96,20",
"13/07/2025  17:40:57,701","   199250000","TELEVISION DEL PACIFICO","11","  70,9","     1800000","       97750"," 93,60",
"13/07/2025  17:40:57,701","   205250000"," ","12","  68,7","     1800000","       84868"," 95,20",
"13/07/2025  17:40:57,701","   211250000"," ","13","  59,2","     1800000","      111476"," 93,80",
"13/07/2025  17:40:57,701","   471250000"," ","14","  24,8","     1800000","       -1199"," 96,90",
"13/07/2025  17:40:57,701","   477250000"," ","15","  30,1","     1800000","      -97904"," 89,10",
"13/07/2025  17:40:57,701","   483250000"," ","16","  27,0","     1800000","      -31315"," 94,30",
"13/07/2025  17:40:57,701","   513250000"," ","21","  29,5","     1800000","       30066"," 95,40",
"13/07/2025  17:40:57,701","   519250000","ECOTEL","22","  83,6","     1400000","        1094"," 50,80",
"13/07/2025  17:40:57,701","   525250000"," ","23","  29,9","     1800000","      -17152"," 95,40",
"13/07/2025  17:40:57,701","   531250000","TELERAMA","24","  29,2","     1800000","        6729"," 95,20",
"13/07/2025  17:40:57,701","   537250000","PLUS TV","25","  67,6","     1400000","        4256"," 31,10",
"13/07/2025  17:40:57,701","   543250000","CANAL UNO","26","  29,1","     1800000","       20826"," 94,50",
"13/07/2025  17:40:57,701","   549250000"," ","27","  29,0","     1800000","        3751"," 96,20",
"13/07/2025  17:40:57,701","   555250000"," ","28","  39,2","     1800000","        2525"," 95,00",
"13/07/2025  17:40:57,701","   561250000"," ","29","  40,4","     1800000","        1113"," 96,00",
"13/07/2025  17:40:57,701","   567250000","TELEATAHUALPA (RTU)","30","  40,1","     1800000","       -9869"," 93,80",
"13/07/2025  17:40:57,701","   573250000"," ","31","  34,7","     1800000","       -2304"," 97,60",
"13/07/2025  17:40:57,701","   579250000","TELEVICENTRO TVC","32","  77,7","     1800000","        1223"," 73,20",
"13/07/2025  17:40:57,701","   585250000"," ","33","  34,7","     1800000","        3423"," 97,10",
"13/07/2025  17:40:57,701","   591250000","UCSG TELEVISION","34","  31,6","     1800000","        1842"," 93,60",
"13/07/2025  17:40:57,701","   603250000","OROMAR","36","  33,0","     1800000","       -5135"," 95,60",
"13/07/2025  17:40:57,701","   615250000"," ","38","  39,7","     1800000","       64410"," 95,10",
"13/07/2025  17:40:57,701","   621250000","CANAL SUR - TELEVISION MUN","39","  66,6","     1800000","          50"," 35,20",
"13/07/2025  17:40:57,701","   627250000"," ","40","  34,5","     1800000","        3221"," 94,20",
"13/07/2025  17:40:57,701","   633250000"," ","41","  35,6","     1800000","       24426"," 94,30",
"13/07/2025  17:40:57,701","   639250000"," ","42","  38,0","     1800000","       68155"," 93,10",
"13/07/2025  17:40:57,701","   645250000"," ","43","  35,8","     1800000","         -74"," 94,50",
"13/07/2025  17:40:57,701","   651250000"," ","44","  37,1","     1800000","        2316"," 94,60",
"13/07/2025  17:40:57,701","   657250000"," ","45","  37,2","     1800000","        -604"," 95,10",
"13/07/2025  17:40:57,701","   663250000"," ","46","  36,0","     1800000","        1714"," 94,50",
"13/07/2025  17:40:57,701","   669250000"," ","47","  37,8","     1800000","        8380"," 94,00",
"13/07/2025  17:40:57,701","   675250000"," ","48","  41,3","     1800000","       49893"," 96,20",
"13/07/2025  17:40:57,701","   681250000"," ","49","  45,8","     1800000","       95846"," 94,20",
"13/07/2025  17:40:57,701","   687250000"," ","50","  55,6","     1800000","       -1231"," 95,10",
"13/07/2025  17:40:57,701","   693250000"," ","51","  54,2","     1800000","       -3857"," 97,70",
"13/07/2025  17:41:49,146","    55250000","CORPORACION ECUATORIANA DE","2","  92,0","     1800000","         -34"," 90,00",
"13/07/2025  17:41:49,146","    61250000"," ","3","  42,5","     1800000","       -1604"," 95,00",
"13/07/2025  17:41:49,146","    67250000","UV TELEVISION","4","  91,2","     1800000","         177"," 52,10",
"13/07/2025  17:41:49,146","    77250000","TELEAMAZONAS","5","  88,3","     1800000","           8"," 43,30",
"13/07/2025  17:41:49,146","    83250000"," ","6","  62,1","     1800000","      -30695"," 94,90",
"13/07/2025  17:41:49,146","   175250000","ECUADOR TV","7","  94,1","     1600000","         -16"," 88,90",
"13/07/2025  17:41:49,146","   181250000","CADENA ECUATORIANA DE TELE","8","  79,9","     1800000","        -280"," 85,00",
"13/07/2025  17:41:49,146","   187250000","RED TELESISTEMA (R.T.S)","9","  89,7","     1800000","        -232"," 41,30",
"13/07/2025  17:41:49,146","   193250000"," ","10","  70,2","     1800000","      103071"," 94,60",
"13/07/2025  17:41:49,146","   199250000","TELEVISION DEL PACIFICO","11","  71,0","     1800000","      101340"," 93,50",
"13/07/2025  17:41:49,146","   205250000"," ","12","  63,2","     1800000","      104119"," 97,90",
"13/07/2025  17:41:49,146","   211250000"," ","13","  58,2","     1800000","       97763"," 95,50",
"13/07/2025  17:41:49,146","   471250000"," ","14","  29,6","     1800000","        2872"," 93,40",
"13/07/2025  17:41:49,146","   477250000"," ","15","  30,6","     1800000","      -87701"," 87,10",
"13/07/2025  17:41:49,146","   483250000"," ","16","  28,4","     1800000","      -38912"," 93,30",
"13/07/2025  17:41:49,146","   513250000"," ","21","  28,5","     1800000","       24380"," 94,30",
"13/07/2025  17:41:49,146","   519250000","ECOTEL","22","  83,3","     1400000","        1106"," 47,20",
"13/07/2025  17:41:49,146","   525250000"," ","23","  30,4","     1800000","      -20149"," 96,10",
"13/07/2025  17:41:49,146","   531250000","TELERAMA","24","  28,2","     1800000","        9473"," 95,50",
"13/07/2025  17:41:49,146","   537250000","PLUS TV","25","  67,9","     1400000","        4253"," 47,20",
"13/07/2025  17:41:49,146","   543250000","CANAL UNO","26","  30,3","     1800000","       17814"," 96,40",
"13/07/2025  17:41:49,146","   549250000"," ","27","  28,1","     1800000","         -45"," 97,70",
"13/07/2025  17:41:49,146","   555250000"," ","28","  39,1","     1800000","       -1497"," 95,60",
"13/07/2025  17:41:49,146","   561250000"," ","29","  40,7","     1800000","         347"," 90,60",
"13/07/2025  17:41:49,146","   567250000","TELEATAHUALPA (RTU)","30","  40,8","     1800000","       -7220"," 96,20",
"13/07/2025  17:41:49,146","   573250000"," ","31","  36,7","     1800000","       -7978"," 96,30",
"13/07/2025  17:41:49,146","   579250000","TELEVICENTRO TVC","32","  78,5","     1000000","        1223"," 30,40",
"13/07/2025  17:41:49,146","   585250000"," ","33","  33,2","     1800000","       -1657"," 97,30",
"13/07/2025  17:41:49,146","   591250000","UCSG TELEVISION","34","  33,0","     1800000","        1575"," 95,00",
"13/07/2025  17:41:49,146","   603250000","OROMAR","36","  33,5","     1800000","         699"," 95,20",
"13/07/2025  17:41:49,146","   615250000"," ","38","  41,3","     1800000","       86902"," 95,70",
"13/07/2025  17:41:49,146","   621250000","CANAL SUR - TELEVISION MUN","39","  68,6","     1800000","          50"," 31,70",
"13/07/2025  17:41:49,146","   627250000"," ","40","  33,2","     1800000","        5492"," 94,00",
"13/07/2025  17:41:49,146","   633250000"," ","41","  34,3","     1800000","       25623"," 92,50",
"13/07/2025  17:41:49,146","   639250000"," ","42","  37,5","     1800000","       82286"," 94,50",
"13/07/2025  17:41:49,146","   645250000"," ","43","  35,9","     1800000","        1603"," 93,00",
"13/07/2025  17:41:49,146","   651250000"," ","44","  36,2","     1800000","        2342"," 92,40",
"13/07/2025  17:41:49,146","   657250000"," ","45","  38,4","     1800000","        4457"," 94,50",
"13/07/2025  17:41:49,146","   663250000"," ","46","  36,1","     1800000","        2181"," 94,60",
"13/07/2025  17:41:49,146","   669250000"," ","47","  38,4","     1800000","        1976"," 94,60",
"13/07/2025  17:41:49,146","   675250000"," ","48","  40,5","     1800000","       58641"," 90,90",
"13/07/2025  17:41:49,146","   681250000"," ","49","  46,1","     1800000","      100476"," 91,20",
"13/07/2025  17:41:49,146","   687250000"," ","50","  49,6","     1800000","        5084"," 98,20",
"13/07/2025  17:41:49,146","   693250000"," ","51","  53,3","     1800000","        3272"," 97,20",
"14/07/2025  7:20:03,859","    55250000","CORPORACION ECUATORIANA DE","2","  91,3","     1800000","           9"," 73,30",
"14/07/2025  7:20:03,859","    61250000"," ","3","  52,5","     1800000","       -4203"," 98,90",
"14/07/2025  7:20:03,859","    67250000","UV TELEVISION","4","  88,5","     1800000","         205"," 67,00",
"14/07/2025  7:20:03,859","    77250000","TELEAMAZONAS","5","  90,3","     1800000","          16"," 34,60",
"14/07/2025  7:20:03,859","    83250000"," ","6","  70,3","     1800000","       -2283"," 93,90",
"14/07/2025  7:20:03,859","   175250000","ECUADOR TV","7","  94,5","     1800000","         -16"," 79,40",
"14/07/2025  7:20:03,859","   181250000","CADENA ECUATORIANA DE TELE","8","  79,6","     1800000","       11472"," 94,30",
"14/07/2025  7:20:03,859","   187250000","RED TELESISTEMA (R.T.S)","9","  90,6","     1800000","        -275"," 53,10",
"14/07/2025  7:20:03,859","   193250000"," ","10","  76,2","     1800000","      114465"," 96,90",
"14/07/2025  7:20:03,859","   199250000","TELEVISION DEL PACIFICO","11","  75,1","     1800000","      108992"," 95,80",
"14/07/2025  7:20:03,859","   205250000"," ","12","  63,1","     1800000","      129652"," 91,10",
"14/07/2025  7:20:03,859","   211250000"," ","13","  61,7","     1800000","      121403"," 93,90",
"14/07/2025  7:20:03,859","   471250000"," ","14","  23,3","     1800000","       -3611"," 95,70",
"14/07/2025  7:20:03,859","   477250000"," ","15","  30,9","     1800000","      -96306"," 79,80",
"14/07/2025  7:20:03,859","   483250000"," ","16","  24,1","     1800000","        2030"," 96,80",
"14/07/2025  7:20:03,859","   513250000"," ","21","  30,0","     1800000","       26567"," 94,40",
"14/07/2025  7:20:03,859","   519250000","ECOTEL","22","  82,7","     1800000","        1004"," 45,50",
"14/07/2025  7:20:03,859","   525250000"," ","23","  31,2","     1800000","      -25003"," 94,20",
"14/07/2025  7:20:03,859","   531250000","TELERAMA","24","  27,6","     1800000","       -3805"," 94,40",
"14/07/2025  7:20:03,859","   537250000","PLUS TV","25","  67,7","     1600000","        4628"," 13,30",
"14/07/2025  7:20:03,859","   543250000","CANAL UNO","26","  29,7","     1800000","        8392"," 95,90",
"14/07/2025  7:20:03,859","   549250000"," ","27","  28,9","     1800000","        6396"," 97,10",
"14/07/2025  7:20:03,859","   555250000"," ","28","  44,7","     1800000","        6846"," 94,10",
"14/07/2025  7:20:03,859","   561250000"," ","29","  42,9","     1800000","         -61"," 94,80",
"14/07/2025  7:20:03,859","   567250000","TELEATAHUALPA (RTU)","30","  40,2","     1800000","       -3230"," 95,00",
"14/07/2025  7:20:03,859","   573250000"," ","31","  36,7","     1800000","       -6703"," 94,00",
"14/07/2025  7:20:03,859","   579250000","TELEVICENTRO TVC","32","  78,4","     1800000","        1488"," 29,80",
"14/07/2025  7:20:03,859","   585250000"," ","33","  40,4","     1800000","        2278"," 97,60",
"14/07/2025  7:20:03,859","   591250000","UCSG TELEVISION","34","  32,1","     1800000","        1828"," 94,60",
"14/07/2025  7:20:03,859","   603250000","OROMAR","36","  32,5","     1800000","        1486"," 96,00",
"14/07/2025  7:20:03,859","   615250000"," ","38","  39,8","     1800000","        5656"," 98,40",
"14/07/2025  7:20:03,859","   621250000","CANAL SUR - TELEVISION MUN","39","  72,7","     1800000","          55"," 90,30",
"14/07/2025  7:20:03,859","   627250000"," ","40","  35,4","     1800000","       12038"," 93,90",
"14/07/2025  7:20:03,859","   633250000"," ","41","  32,2","     1800000","        1015"," 93,00",
"14/07/2025  7:20:03,859","   639250000"," ","42","  39,4","     1800000","       54358"," 93,30",
"14/07/2025  7:20:03,859","   645250000"," ","43","  34,8","     1800000","        2512"," 93,90",
"14/07/2025  7:20:03,859","   651250000"," ","44","  37,5","     1800000","         459"," 94,90",
"14/07/2025  7:20:03,859","   657250000"," ","45","  37,1","     1800000","        2570"," 96,80",
"14/07/2025  7:20:03,859","   663250000"," ","46","  38,1","     1800000","       -2431"," 95,70",
"14/07/2025  7:20:03,859","   669250000"," ","47","  37,6","     1800000","       11621"," 95,60",
"14/07/2025  7:20:03,859","   675250000"," ","48","  39,2","     1800000","        6942"," 92,50",
"14/07/2025  7:20:03,859","   681250000"," ","49","  47,2","     1800000","       97257"," 93,90",
"14/07/2025  7:20:03,859","   687250000"," ","50","  49,9","     1800000","         -59"," 94,90",
"14/07/2025  7:20:03,859","   693250000"," ","51","  56,5","     1800000","        -118"," 95,40",
"14/07/2025  7:20:56,481","    55250000","CORPORACION ECUATORIANA DE","2","  91,5","     1800000","         -22"," 74,70",
"14/07/2025  7:20:56,481","    61250000"," ","3","  43,1","     1800000","      -49840"," 95,60",
"14/07/2025  7:20:56,481","    67250000","UV TELEVISION","4","  89,5","     1600000","         180"," 74,40",
"14/07/2025  7:20:56,481","    77250000","TELEAMAZONAS","5","  92,4","     1800000","          10"," 42,30",
"14/07/2025  7:20:56,481","    83250000"," ","6","  67,3","     1800000","      -17947"," 96,00",
"14/07/2025  7:20:56,481","   175250000","ECUADOR TV","7","  94,5","     1600000","         -16"," 84,80",
"14/07/2025  7:20:56,481","   181250000","CADENA ECUATORIANA DE TELE","8","  81,0","     1800000","        5112"," 91,80",
"14/07/2025  7:20:56,481","   187250000","RED TELESISTEMA (R.T.S)","9","  90,2","     1800000","        -228"," 46,10",
"14/07/2025  7:20:56,481","   193250000"," ","10","  74,2","     1800000","      112802"," 93,10",
"14/07/2025  7:20:56,481","   199250000","TELEVISION DEL PACIFICO","11","  71,9","     1800000","      122375"," 96,60",
"14/07/2025  7:20:56,481","   205250000"," ","12","  61,5","     1800000","      102225"," 94,90",
"14/07/2025  7:20:56,481","   211250000"," ","13","  59,0","     1800000","      130732"," 94,20",
"14/07/2025  7:20:56,481","   471250000"," ","14","  24,9","     1800000","        1002"," 95,90",
"14/07/2025  7:20:56,481","   477250000"," ","15","  32,5","     1800000","      -36776"," 94,70",
"14/07/2025  7:20:56,481","   483250000"," ","16","  25,9","     1800000","        5982"," 96,10",
"14/07/2025  7:20:56,481","   513250000"," ","21","  31,4","     1800000","       80201"," 96,70",
"14/07/2025  7:20:56,481","   519250000","ECOTEL","22","  83,4","     1800000","        1004"," 57,30",
"14/07/2025  7:20:56,481","   525250000"," ","23","  29,1","     1800000","      -14654"," 95,90",
"14/07/2025  7:20:56,481","   531250000","TELERAMA","24","  27,6","     1800000","        8675"," 94,60",
"14/07/2025  7:20:56,481","   537250000","PLUS TV","25","  67,6","     1600000","        4625"," 37,50",
"14/07/2025  7:20:56,481","   543250000","CANAL UNO","26","  28,4","     1800000","        5720"," 95,60",
"14/07/2025  7:20:56,481","   549250000"," ","27","  29,3","     1800000","         261"," 95,10",
"14/07/2025  7:20:56,481","   555250000"," ","28","  44,0","     1800000","        1889"," 96,40",
"14/07/2025  7:20:56,481","   561250000"," ","29","  43,3","     1800000","        3908"," 95,00",
"14/07/2025  7:20:56,481","   567250000","TELEATAHUALPA (RTU)","30","  39,8","     1800000","       -6665"," 93,40",
"14/07/2025  7:20:56,481","   573250000"," ","31","  37,5","     1800000","       -6670"," 96,20",
"14/07/2025  7:20:56,481","   579250000","TELEVICENTRO TVC","32","  78,3","     1800000","        1489"," 68,50",
"14/07/2025  7:20:56,481","   585250000"," ","33","  36,3","     1800000","        4348"," 96,10",
"14/07/2025  7:20:56,481","   591250000","UCSG TELEVISION","34","  32,5","     1800000","        7312"," 96,30",
"14/07/2025  7:20:56,481","   603250000","OROMAR","36","  32,3","     1800000","         925"," 95,90",
"14/07/2025  7:20:56,481","   615250000"," ","38","  33,9","     1800000","       -4378"," 94,40",
"14/07/2025  7:20:56,481","   621250000","CANAL SUR - TELEVISION MUN","39","  69,3","     1800000","        -519"," 96,90",
"14/07/2025  7:20:56,481","   627250000"," ","40","  35,6","     1800000","        9035"," 96,60",
"14/07/2025  7:20:56,481","   633250000"," ","41","  34,0","     1800000","        1759"," 95,40",
"14/07/2025  7:20:56,481","   639250000"," ","42","  38,1","     1800000","       88457"," 86,70",
"14/07/2025  7:20:56,481","   645250000"," ","43","  36,0","     1800000","       -2326"," 96,20",
"14/07/2025  7:20:56,481","   651250000"," ","44","  37,1","     1800000","        4905"," 95,30",
"14/07/2025  7:20:56,481","   657250000"," ","45","  37,1","     1800000","         315"," 96,10",
"14/07/2025  7:20:56,481","   663250000"," ","46","  37,3","     1800000","        -197"," 95,00",
"14/07/2025  7:20:56,481","   669250000"," ","47","  38,6","     1800000","        8215"," 93,00",
"14/07/2025  7:20:56,481","   675250000"," ","48","  39,8","     1800000","        6634"," 96,10",
"14/07/2025  7:20:56,481","   681250000"," ","49","  46,5","     1800000","       96245"," 90,80",
"14/07/2025  7:20:56,481","   687250000"," ","50","  52,2","     1800000","       -3193"," 97,50",
"14/07/2025  7:20:56,481","   693250000"," ","51","  52,9","     1800000","        4023"," 96,00",
"14/07/2025  7:21:48,107","    55250000","CORPORACION ECUATORIANA DE","2","  91,6","     1800000","         -32"," 76,20",
"14/07/2025  7:21:48,107","    61250000"," ","3","  48,5","     1800000","      -20157"," 97,10",
"14/07/2025  7:21:48,107","    67250000","UV TELEVISION","4","  89,9","     1800000","         175"," 61,80",
"14/07/2025  7:21:48,107","    77250000","TELEAMAZONAS","5","  90,9","     1800000","           6"," 60,80",
"14/07/2025  7:21:48,107","    83250000"," ","6","  65,0","     1800000","      -30384"," 95,60",
"14/07/2025  7:21:48,107","   175250000","ECUADOR TV","7","  94,7","     1800000","         -17"," 72,90",
"14/07/2025  7:21:48,107","   181250000","CADENA ECUATORIANA DE TELE","8","  80,1","     1800000","       22870"," 93,60",
"14/07/2025  7:21:48,107","   187250000","RED TELESISTEMA (R.T.S)","9","  90,5","     1800000","        -263"," 58,00",
"14/07/2025  7:21:48,107","   193250000"," ","10","  74,4","     1800000","      101393"," 93,40",
"14/07/2025  7:21:48,107","   199250000","TELEVISION DEL PACIFICO","11","  70,3","     1800000","      104907"," 96,50",
"14/07/2025  7:21:48,107","   205250000"," ","12","  62,8","     1800000","      121210"," 87,40",
"14/07/2025  7:21:48,107","   211250000"," ","13","  60,0","     1800000","      118819"," 95,00",
"14/07/2025  7:21:48,107","   471250000"," ","14","  26,0","     1800000","       -1061"," 96,80",
"14/07/2025  7:21:48,107","   477250000"," ","15","  30,6","     1800000","      -82255"," 88,00",
"14/07/2025  7:21:48,107","   483250000"," ","16","  24,1","     1800000","        4409"," 95,30",
"14/07/2025  7:21:48,107","   513250000"," ","21","  29,1","     1800000","       29295"," 96,10",
"14/07/2025  7:21:48,107","   519250000","ECOTEL","22","  83,4","     1800000","        1009"," 54,00",
"14/07/2025  7:21:48,107","   525250000"," ","23","  30,3","     1800000","         734"," 96,60",
"14/07/2025  7:21:48,107","   531250000","TELERAMA","24","  27,0","     1800000","        -791"," 96,70",
"14/07/2025  7:21:48,107","   537250000","PLUS TV","25","  66,5","     1600000","        4624"," 55,80",
"14/07/2025  7:21:48,107","   543250000","CANAL UNO","26","  30,9","     1800000","       10461"," 95,70",
"14/07/2025  7:21:48,107","   549250000"," ","27","  29,4","     1800000","        4863"," 94,60",
"14/07/2025  7:21:48,107","   555250000"," ","28","  41,3","     1800000","        6969"," 96,50",
"14/07/2025  7:21:48,107","   561250000"," ","29","  43,0","     1800000","       -5079"," 96,30",
"14/07/2025  7:21:48,107","   567250000","TELEATAHUALPA (RTU)","30","  38,6","     1800000","       -4794"," 94,70",
"14/07/2025  7:21:48,107","   573250000"," ","31","  34,7","     1800000","       -6488"," 91,40",
"14/07/2025  7:21:48,107","   579250000","TELEVICENTRO TVC","32","  77,9","     1800000","        1484"," 14,10",
"14/07/2025  7:21:48,107","   585250000"," ","33","  33,2","     1800000","        4113"," 95,70",
"14/07/2025  7:21:48,107","   591250000","UCSG TELEVISION","34","  31,9","     1800000","       -1584"," 94,40",
"14/07/2025  7:21:48,107","   603250000","OROMAR","36","  34,1","     1800000","          56"," 94,40",
"14/07/2025  7:21:48,107","   615250000"," ","38","  38,1","     1800000","        1225"," 96,50",
"14/07/2025  7:21:48,107","   621250000","CANAL SUR - TELEVISION MUN","39","  68,7","     1800000","       -1498"," 31,30",
"14/07/2025  7:21:48,107","   627250000"," ","40","  33,2","     1800000","       10637"," 97,70",
"14/07/2025  7:21:48,107","   633250000"," ","41","  36,4","     1800000","        2493"," 95,60",
"14/07/2025  7:21:48,107","   639250000"," ","42","  36,1","     1800000","       49460"," 96,20",
"14/07/2025  7:21:48,107","   645250000"," ","43","  37,3","     1800000","        1624"," 96,70",
"14/07/2025  7:21:48,107","   651250000"," ","44","  36,9","     1800000","        5972"," 96,90",
"14/07/2025  7:21:48,107","   657250000"," ","45","  37,1","     1800000","        1355"," 93,70",
"14/07/2025  7:21:48,107","   663250000"," ","46","  36,9","     1800000","        4206"," 95,10",
"14/07/2025  7:21:48,107","   669250000"," ","47","  38,5","     1800000","        5878"," 93,80",
"14/07/2025  7:21:48,107","   675250000"," ","48","  39,1","     1800000","        -715"," 96,50",
"14/07/2025  7:21:48,107","   681250000"," ","49","  45,8","     1800000","       89327"," 66,70",
"14/07/2025  7:21:48,107","   687250000"," ","50","  48,9","     1800000","        3139"," 97,30",
"14/07/2025  7:21:48,107","   693250000"," ","51","  51,7","     1800000","       -1737"," 98,40",
"14/07/2025  17:40:03,866","    55250000","CORPORACION ECUATORIANA DE","2","  91,1","      125625","          -7"," 49,70",
"14/07/2025  17:40:03,866","    61250000"," ","3","  47,4","      999375","      -15833"," 96,40",
"14/07/2025  17:40:03,866","    67250000","UV TELEVISION","4","  90,1","      157500","         190"," 34,90",
"14/07/2025  17:40:03,866","    77250000","TELEAMAZONAS","5","  87,3","       78125","           9"," 50,70",
"14/07/2025  17:40:03,866","    83250000"," ","6","  68,0","      999375","      -10880"," 95,20",
"14/07/2025  17:40:03,866","   175250000","ECUADOR TV","7","  93,4","      219375","         -16"," 79,00",
"14/07/2025  17:40:03,866","   181250000","CADENA ECUATORIANA DE TELE","8","  81,6","      885000","       26324"," 94,30",
"14/07/2025  17:40:03,866","   187250000","RED TELESISTEMA (R.T.S)","9","  90,4","      204375","        -395"," 60,40",
"14/07/2025  17:40:03,866","   193250000"," ","10","  72,7","      999375","      106790"," 92,70",
"14/07/2025  17:40:03,866","   199250000","TELEVISION DEL PACIFICO","11","  69,6","      999375","      118336"," 94,40",
"14/07/2025  17:40:03,866","   205250000"," ","12","  64,8","      863125","      111832"," 94,30",
"14/07/2025  17:40:03,866","   211250000"," ","13","  59,2","      999375","      125413"," 94,00",
"14/07/2025  17:40:03,866","   471250000"," ","14","  46,1","      999375","        2699"," 99,50",
"14/07/2025  17:40:03,866","   477250000"," ","15","  29,9","      999375","      -62237"," 92,90",
"14/07/2025  17:40:03,866","   483250000"," ","16","  25,4","      999375","       -2439"," 94,80",
"14/07/2025  17:40:03,866","   513250000"," ","21","  27,7","      999375","       27661"," 97,20",
"14/07/2025  17:40:03,866","   519250000","ECOTEL","22","  83,7","      140625","        1121"," 47,40",
"14/07/2025  17:40:03,866","   525250000"," ","23","  29,1","      999375","      -18933"," 92,80",
"14/07/2025  17:40:03,866","   531250000","TELERAMA","24","  27,9","      999375","       -1502"," 94,70",
"14/07/2025  17:40:03,866","   537250000","PLUS TV","25","  69,6","      110000","        4218"," 54,60",
"14/07/2025  17:40:03,866","   543250000","CANAL UNO","26","  28,6","      999375","        7571"," 95,70",
"14/07/2025  17:40:03,866","   549250000"," ","27","  27,2","      999375","        4250"," 95,00",
"14/07/2025  17:40:03,866","   555250000"," ","28","  44,0","      999375","         877"," 95,80",
"14/07/2025  17:40:03,866","   561250000"," ","29","  40,4","      999375","       -2780"," 95,20",
"14/07/2025  17:40:03,866","   567250000","TELEATAHUALPA (RTU)","30","  40,0","      999375","       -9678"," 95,10",
"14/07/2025  17:40:03,866","   573250000"," ","31","  35,9","      999375","       -8765"," 92,30",
"14/07/2025  17:40:03,866","   579250000","TELEVICENTRO TVC","32","  79,4","      125625","        1180"," 48,70",
"14/07/2025  17:40:03,866","   585250000"," ","33","  32,9","      999375","        2371"," 96,40",
"14/07/2025  17:40:03,866","   591250000","UCSG TELEVISION","34","  31,7","      999375","        -225"," 95,20",
"14/07/2025  17:40:03,866","   603250000","OROMAR","36","  33,5","      999375","        1571"," 95,80",
"14/07/2025  17:40:03,866","   615250000"," ","38","  33,0","      998750","         211"," 95,80",
"14/07/2025  17:40:03,866","   621250000","CANAL SUR - TELEVISION MUN","39","  69,5","      188750","          50"," 72,60",
"14/07/2025  17:40:03,866","   627250000"," ","40","  32,7","      999375","        3032"," 96,80",
"14/07/2025  17:40:03,866","   633250000"," ","41","  35,9","      999375","         699"," 95,40",
"14/07/2025  17:40:03,866","   639250000"," ","42","  39,0","      999375","       68120"," 92,10",
"14/07/2025  17:40:03,866","   645250000"," ","43","  37,9","      999375","       -1209"," 96,90",
"14/07/2025  17:40:03,866","   651250000"," ","44","  36,5","      999375","        1951"," 94,90",
"14/07/2025  17:40:03,866","   657250000"," ","45","  36,9","      999375","         286"," 96,70",
"14/07/2025  17:40:03,866","   663250000"," ","46","  38,5","      999375","        4217"," 93,40",
"14/07/2025  17:40:03,866","   669250000"," ","47","  38,3","      999375","       13092"," 95,30",
"14/07/2025  17:40:03,866","   675250000"," ","48","  40,5","      999375","        5167"," 95,00",
"14/07/2025  17:40:03,866","   681250000"," ","49","  46,9","      999375","      111801"," 85,60",
"14/07/2025  17:40:03,866","   687250000"," ","50","  54,0","      999375","        1223"," 98,00",
"14/07/2025  17:40:03,866","   693250000"," ","51","  59,1","      999375","       -1372"," 97,80",
"14/07/2025  17:40:57,656","    55250000","CORPORACION ECUATORIANA DE","2","  91,1","      125625","          -6"," 42,60",
"14/07/2025  17:40:57,656","    61250000"," ","3","  42,9","      999375","       -6096"," 97,70",
"14/07/2025  17:40:57,656","    67250000","UV TELEVISION","4","  89,0","      157500","         178"," 75,90",
"14/07/2025  17:40:57,656","    77250000","TELEAMAZONAS","5","  85,2","      125625","           9"," 54,00",
"14/07/2025  17:40:57,656","    83250000"," ","6","  66,3","      999375","      -13185"," 91,60",
"14/07/2025  17:40:57,656","   175250000","ECUADOR TV","7","  93,3","      125625","         -17"," 92,00",
"14/07/2025  17:40:57,656","   181250000","CADENA ECUATORIANA DE TELE","8","  81,9","      913125","        4362"," 91,50",
"14/07/2025  17:40:57,656","   187250000","RED TELESISTEMA (R.T.S)","9","  90,0","      173125","        -371"," 57,20",
"14/07/2025  17:40:57,656","   193250000"," ","10","  74,1","      926250","      104934"," 93,10",
"14/07/2025  17:40:57,656","   199250000","TELEVISION DEL PACIFICO","11","  72,2","      999375","      119549"," 91,50",
"14/07/2025  17:40:57,656","   205250000"," ","12","  64,7","      911250","      100955"," 95,70",
"14/07/2025  17:40:57,656","   211250000"," ","13","  58,9","      999375","       97714"," 95,20",
"14/07/2025  17:40:57,656","   471250000"," ","14","  26,3","      999375","       -2186"," 96,40",
"14/07/2025  17:40:57,656","   477250000"," ","15","  29,8","      999375","      -87129"," 94,00",
"14/07/2025  17:40:57,656","   483250000"," ","16","  25,9","      999375","       -1408"," 94,90",
"14/07/2025  17:40:57,656","   513250000"," ","21","  31,5","      999375","       30343"," 95,70",
"14/07/2025  17:40:57,656","   519250000","ECOTEL","22","  84,3","      110000","        1104"," 40,20",
"14/07/2025  17:40:57,656","   525250000"," ","23","  29,1","      999375","      -21957"," 94,00",
"14/07/2025  17:40:57,656","   531250000","TELERAMA","24","  27,6","      999375","        1559"," 95,70",
"14/07/2025  17:40:57,656","   537250000","PLUS TV","25","  70,6","       93750","        4215"," 50,90",
"14/07/2025  17:40:57,656","   543250000","CANAL UNO","26","  29,2","      999375","       15844"," 95,40",
"14/07/2025  17:40:57,656","   549250000"," ","27","  29,1","      999375","         323"," 97,20",
"14/07/2025  17:40:57,656","   555250000"," ","28","  40,9","      999375","        3498"," 95,90",
"14/07/2025  17:40:57,656","   561250000"," ","29","  39,3","      999375","        -987"," 96,50",
"14/07/2025  17:40:57,656","   567250000","TELEATAHUALPA (RTU)","30","  40,7","      999375","       -4726"," 99,10",
"14/07/2025  17:40:57,656","   573250000"," ","31","  35,4","      999375","       -7233"," 96,30",
"14/07/2025  17:40:57,656","   579250000","TELEVICENTRO TVC","32","  78,6","       63125","        1182"," 45,60",
"14/07/2025  17:40:57,656","   585250000"," ","33","  33,5","      999375","        -665"," 97,40",
"14/07/2025  17:40:57,656","   591250000","UCSG TELEVISION","34","  32,7","      999375","        2219"," 94,30",
"14/07/2025  17:40:57,656","   603250000","OROMAR","36","  33,3","      999375","        3593"," 94,40",
"14/07/2025  17:40:57,656","   615250000"," ","38","  36,3","      999375","         793"," 94,20",
"14/07/2025  17:40:57,656","   621250000","CANAL SUR - TELEVISION MUN","39","  70,0","      220000","          56"," 78,00",
"14/07/2025  17:40:57,656","   627250000"," ","40","  32,8","      999375","        3255"," 93,80",
"14/07/2025  17:40:57,656","   633250000"," ","41","  33,1","      999375","        2549"," 94,80",
"14/07/2025  17:40:57,656","   639250000"," ","42","  39,9","      999375","       62527"," 93,40",
"14/07/2025  17:40:57,656","   645250000"," ","43","  34,7","      999375","        4366"," 93,10",
"14/07/2025  17:40:57,656","   651250000"," ","44","  37,9","      999375","        -766"," 97,20",
"14/07/2025  17:40:57,656","   657250000"," ","45","  36,3","      999375","        1098"," 93,10",
"14/07/2025  17:40:57,656","   663250000"," ","46","  37,2","      999375","         454"," 95,60",
"14/07/2025  17:40:57,656","   669250000"," ","47","  38,8","      999375","          30"," 94,60",
"14/07/2025  17:40:57,656","   675250000"," ","48","  38,9","      999375","        7753"," 95,30",
"14/07/2025  17:40:57,656","   681250000"," ","49","  46,4","      999375","       97847"," 96,20",
"14/07/2025  17:40:57,656","   687250000"," ","50","  48,4","      999375","        3110"," 96,50",
"14/07/2025  17:40:57,656","   693250000"," ","51","  54,6","      999375","        1907"," 94,90",
"14/07/2025  17:41:49,094","    55250000","CORPORACION ECUATORIANA DE","2","  91,1","      141875","          22"," 19,70",
"14/07/2025  17:41:49,094","    61250000"," ","3","  45,4","      999375","      -12052"," 97,80",
"14/07/2025  17:41:49,094","    67250000","UV TELEVISION","4","  87,8","      204375","         201"," 80,40",
"14/07/2025  17:41:49,094","    77250000","TELEAMAZONAS","5","  87,0","       31875","          10"," 40,90",
"14/07/2025  17:41:49,094","    83250000"," ","6","  64,0","      999375","      -20293"," 96,30",
"14/07/2025  17:41:49,094","   175250000","ECUADOR TV","7","  93,5","      156875","         -17"," 63,80",
"14/07/2025  17:41:49,094","   181250000","CADENA ECUATORIANA DE TELE","8","  81,8","      884375","        8104"," 96,00",
"14/07/2025  17:41:49,094","   187250000","RED TELESISTEMA (R.T.S)","9","  89,6","      110000","        -336"," 57,80",
"14/07/2025  17:41:49,094","   193250000"," ","10","  72,3","      922500","      109897"," 92,80",
"14/07/2025  17:41:49,094","   199250000","TELEVISION DEL PACIFICO","11","  73,7","      996875","      111759"," 96,00",
"14/07/2025  17:41:49,094","   205250000"," ","12","  64,5","      914375","      109983"," 94,60",
"14/07/2025  17:41:49,094","   211250000"," ","13","  58,9","      999375","      127220"," 91,20",
"14/07/2025  17:41:49,094","   471250000"," ","14","  23,9","      999375","         -61"," 96,00",
"14/07/2025  17:41:49,094","   477250000"," ","15","  30,4","      999375","      -94810"," 96,80",
"14/07/2025  17:41:49,094","   483250000"," ","16","  23,8","      999375","        2558"," 94,20",
"14/07/2025  17:41:49,094","   513250000"," ","21","  40,3","      999375","       38034"," 98,80",
"14/07/2025  17:41:49,094","   519250000","ECOTEL","22","  84,4","       93750","        1125"," 42,70",
"14/07/2025  17:41:49,094","   525250000"," ","23","  34,1","      999375","        -247"," 97,90",
"14/07/2025  17:41:49,094","   531250000","TELERAMA","24","  28,4","      999375","        7556"," 94,50",
"14/07/2025  17:41:49,094","   537250000","PLUS TV","25","  70,1","      110000","        4221"," 59,10",
"14/07/2025  17:41:49,094","   543250000","CANAL UNO","26","  31,7","      999375","       11513"," 95,40",
"14/07/2025  17:41:49,094","   549250000"," ","27","  27,9","      999375","        1023"," 94,00",
"14/07/2025  17:41:49,094","   555250000"," ","28","  42,2","      999375","        4204"," 95,80",
"14/07/2025  17:41:49,094","   561250000"," ","29","  39,2","      999375","        1169"," 98,20",
"14/07/2025  17:41:49,094","   567250000","TELEATAHUALPA (RTU)","30","  40,7","      999375","       -6808"," 94,80",
"14/07/2025  17:41:49,094","   573250000"," ","31","  37,5","      999375","       -5352"," 96,20",
"14/07/2025  17:41:49,094","   579250000","TELEVICENTRO TVC","32","  79,2","      125625","        1180"," 63,40",
"14/07/2025  17:41:49,094","   585250000"," ","33","  33,7","      999375","         677"," 94,20",
"14/07/2025  17:41:49,094","   591250000","UCSG TELEVISION","34","  31,6","      999375","         138"," 95,90",
"14/07/2025  17:41:49,094","   603250000","OROMAR","36","  33,3","      999375","       -3129"," 97,20",
"14/07/2025  17:41:49,094","   615250000"," ","38","  34,3","      999375","        -345"," 97,80",
"14/07/2025  17:41:49,094","   621250000","CANAL SUR - TELEVISION MUN","39","  70,1","      360625","          52"," 66,20",
"14/07/2025  17:41:49,094","   627250000"," ","40","  32,8","      999375","        1138"," 94,50",
"14/07/2025  17:41:49,094","   633250000"," ","41","  34,7","      999375","        1641"," 94,10",
"14/07/2025  17:41:49,094","   639250000"," ","42","  38,3","      999375","      103477"," 88,50",
"14/07/2025  17:41:49,094","   645250000"," ","43","  35,6","      999375","        2743"," 94,10",
"14/07/2025  17:41:49,094","   651250000"," ","44","  36,5","      999375","       -1217"," 97,00",
"14/07/2025  17:41:49,094","   657250000"," ","45","  37,5","      999375","       -3602"," 94,60",
"14/07/2025  17:41:49,094","   663250000"," ","46","  38,2","      999375","        -344"," 99,00",
"14/07/2025  17:41:49,094","   669250000"," ","47","  37,5","      999375","        6305"," 93,00",
"14/07/2025  17:41:49,094","   675250000"," ","48","  38,2","      999375","        6316"," 95,70",
"14/07/2025  17:41:49,094","   681250000"," ","49","  46,0","      999375","       92129"," 90,40",
"14/07/2025  17:41:49,094","   687250000"," ","50","  50,5","      999375","        7360"," 98,40",
"14/07/2025  17:41:49,094","   693250000"," ","51","  53,7","      999375","        2128"," 97,40",
"15/07/2025  7:20:03,873","    55250000","CORPORACION ECUATORIANA DE","2","  91,5","      156875","         -34"," 84,90",
"15/07/2025  7:20:03,873","    61250000"," ","3","  48,0","      999375","      -22804"," 97,80",
"15/07/2025  7:20:03,873","    67250000","UV TELEVISION","4","  86,4","      172500","         194"," 71,50",
"15/07/2025  7:20:03,873","    77250000","TELEAMAZONAS","5","  80,0","       94375","          11"," 32,00",
"15/07/2025  7:20:03,873","    83250000"," ","6","  63,2","      999375","      -39946"," 93,20",
"15/07/2025  7:20:03,873","   175250000","ECUADOR TV","7","  93,4","      220000","         -25"," 95,50",
"15/07/2025  7:20:03,873","   181250000","CADENA ECUATORIANA DE TELE","8","  80,8","      561875","         275"," 82,90",
"15/07/2025  7:20:03,873","   187250000","RED TELESISTEMA (R.T.S)","9","  89,7","      125625","        -347"," 48,30",
"15/07/2025  7:20:03,873","   193250000"," ","10","  70,6","      888125","      126198"," 95,70",
"15/07/2025  7:20:03,873","   199250000","TELEVISION DEL PACIFICO","11","  68,2","      883750","      114032"," 95,00",
"15/07/2025  7:20:03,873","   205250000"," ","12","  62,8","      861875","      129329"," 91,80",
"15/07/2025  7:20:03,873","   211250000"," ","13","  58,5","      863750","      124763"," 94,60",
"15/07/2025  7:20:03,873","   471250000"," ","14","  24,3","      999375","        1407"," 95,60",
"15/07/2025  7:20:03,873","   477250000"," ","15","  29,6","      999375","      -91742"," 95,60",
"15/07/2025  7:20:03,873","   483250000"," ","16","  25,4","      999375","         384"," 94,50",
"15/07/2025  7:20:03,873","   513250000"," ","21","  27,6","      999375","        2428"," 96,40",
"15/07/2025  7:20:03,873","   519250000","ECOTEL","22","  83,8","      110000","        1039"," 50,80",
"15/07/2025  7:20:03,873","   525250000"," ","23","  31,1","      999375","      -21433"," 96,50",
"15/07/2025  7:20:03,873","   531250000","TELERAMA","24","  28,2","      999375","        9788"," 96,30",
"15/07/2025  7:20:03,873","   537250000","PLUS TV","25","  68,6","      125625","        4521"," 48,10",
"15/07/2025  7:20:03,873","   543250000","CANAL UNO","26","  29,1","      999375","        9833"," 95,90",
"15/07/2025  7:20:03,873","   549250000"," ","27","  28,1","      999375","        2852"," 93,80",
"15/07/2025  7:20:03,873","   555250000"," ","28","  39,9","      999375","        2026"," 91,80",
"15/07/2025  7:20:03,873","   561250000"," ","29","  39,2","      999375","        2812"," 95,50",
"15/07/2025  7:20:03,873","   567250000","TELEATAHUALPA (RTU)","30","  39,3","      999375","       -6391"," 95,80",
"15/07/2025  7:20:03,873","   573250000"," ","31","  35,5","      999375","       -7467"," 96,00",
"15/07/2025  7:20:03,873","   579250000","TELEVICENTRO TVC","32","  80,3","      125625","        1322"," 40,00",
"15/07/2025  7:20:03,873","   585250000"," ","33","  36,1","      999375","         -57"," 97,30",
"15/07/2025  7:20:03,873","   591250000","UCSG TELEVISION","34","  32,3","      999375","        -805"," 97,10",
"15/07/2025  7:20:03,873","   603250000","OROMAR","36","  32,9","      999375","       -5120"," 95,60",
"15/07/2025  7:20:03,873","   615250000"," ","38","  37,2","      999375","        1604"," 95,30",
"15/07/2025  7:20:03,873","   621250000","CANAL SUR - TELEVISION MUN","39","  68,5","      220000","         110"," 94,00",
"15/07/2025  7:20:03,873","   627250000"," ","40","  33,8","      999375","        6002"," 96,80",
"15/07/2025  7:20:03,873","   633250000"," ","41","  33,2","      999375","        3519"," 97,60",
"15/07/2025  7:20:03,873","   639250000"," ","42","  37,5","      999375","       76080"," 96,70",
"15/07/2025  7:20:03,873","   645250000"," ","43","  36,2","      999375","        3021"," 94,10",
"15/07/2025  7:20:03,873","   651250000"," ","44","  36,4","      999375","        6489"," 97,00",
"15/07/2025  7:20:03,873","   657250000"," ","45","  35,8","      999375","        2073"," 94,60",
"15/07/2025  7:20:03,873","   663250000"," ","46","  38,7","      999375","        4034"," 97,80",
"15/07/2025  7:20:03,873","   669250000"," ","47","  39,1","      999375","       10847"," 96,30",
"15/07/2025  7:20:03,873","   675250000"," ","48","  38,5","      999375","        6898"," 95,40",
"15/07/2025  7:20:03,873","   681250000"," ","49","  48,2","      999375","      112738"," 61,50",
"15/07/2025  7:20:03,873","   687250000"," ","50","  51,6","      999375","         903"," 96,40",
"15/07/2025  7:20:03,873","   693250000"," ","51","  55,0","      999375","         504"," 98,30",
"15/07/2025  7:20:57,664","    55250000","CORPORACION ECUATORIANA DE","2","  91,4","      125625","         -19"," 70,10",
"15/07/2025  7:20:57,664","    61250000"," ","3","  43,3","      999375","       -2697"," 94,60",
"15/07/2025  7:20:57,664","    67250000","UV TELEVISION","4","  89,0","      157500","         172"," 67,70",
"15/07/2025  7:20:57,664","    77250000","TELEAMAZONAS","5","  84,9","      110000","          15"," 33,00",
"15/07/2025  7:20:57,664","    83250000"," ","6","  65,4","      999375","       -8992"," 96,20",
"15/07/2025  7:20:57,664","   175250000","ECUADOR TV","7","  93,7","      125625","         -16"," 73,80",
"15/07/2025  7:20:57,664","   181250000","CADENA ECUATORIANA DE TELE","8","  80,9","      881875","       22855"," 97,90",
"15/07/2025  7:20:57,664","   187250000","RED TELESISTEMA (R.T.S)","9","  91,0","      250625","        -354"," 55,60",
"15/07/2025  7:20:57,664","   193250000"," ","10","  72,0","      892500","      103992"," 95,90",
"15/07/2025  7:20:57,664","   199250000","TELEVISION DEL PACIFICO","11","  72,4","      999375","      114250"," 92,30",
"15/07/2025  7:20:57,664","   205250000"," ","12","  65,7","      932500","      112558"," 94,10",
"15/07/2025  7:20:57,664","   211250000"," ","13","  60,5","      918125","      110453"," 94,90",
"15/07/2025  7:20:57,664","   471250000"," ","14","  26,0","      999375","        1045"," 97,60",
"15/07/2025  7:20:57,664","   477250000"," ","15","  31,4","      999375","      -83970"," 80,10",
"15/07/2025  7:20:57,664","   483250000"," ","16","  25,3","      999375","        1762"," 94,50",
"15/07/2025  7:20:57,664","   513250000"," ","21","  31,1","      999375","       26523"," 95,80",
"15/07/2025  7:20:57,664","   519250000","ECOTEL","22","  83,3","       95000","        1042"," 48,40",
"15/07/2025  7:20:57,664","   525250000"," ","23","  33,8","      999375","       -4883"," 96,70",
"15/07/2025  7:20:57,664","   531250000","TELERAMA","24","  28,8","      999375","        1744"," 98,40",
"15/07/2025  7:20:57,664","   537250000","PLUS TV","25","  67,1","      125625","        4522"," 71,60",
"15/07/2025  7:20:57,664","   543250000","CANAL UNO","26","  29,9","      999375","        7109"," 95,00",
"15/07/2025  7:20:57,664","   549250000"," ","27","  27,5","      999375","         -85"," 97,40",
"15/07/2025  7:20:57,664","   555250000"," ","28","  43,8","      999375","       -2555"," 93,50",
"15/07/2025  7:20:57,664","   561250000"," ","29","  40,7","      999375","        -379"," 96,30",
"15/07/2025  7:20:57,664","   567250000","TELEATAHUALPA (RTU)","30","  41,5","      999375","      -11535"," 94,90",
"15/07/2025  7:20:57,664","   573250000"," ","31","  35,5","      999375","        -486"," 91,50",
"15/07/2025  7:20:57,664","   579250000","TELEVICENTRO TVC","32","  79,3","      141250","        1321"," 62,40",
"15/07/2025  7:20:57,664","   585250000"," ","33","  33,3","      999375","        2234"," 94,00",
"15/07/2025  7:20:57,664","   591250000","UCSG TELEVISION","34","  32,7","      999375","        2258"," 96,10",
"15/07/2025  7:20:57,664","   603250000","OROMAR","36","  32,3","      999375","       -6378"," 95,20",
"15/07/2025  7:20:57,664","   615250000"," ","38","  37,0","      999375","        4142"," 96,20",
"15/07/2025  7:20:57,664","   621250000","CANAL SUR - TELEVISION MUN","39","  68,6","      220000","          89"," 83,30",
"15/07/2025  7:20:57,664","   627250000"," ","40","  34,7","      999375","        9704"," 94,70",
"15/07/2025  7:20:57,664","   633250000"," ","41","  34,6","      999375","        2107"," 91,70",
"15/07/2025  7:20:57,664","   639250000"," ","42","  37,9","      999375","       68853"," 95,90",
"15/07/2025  7:20:57,664","   645250000"," ","43","  37,7","      999375","         -71"," 94,30",
"15/07/2025  7:20:57,664","   651250000"," ","44","  38,5","      999375","        2744"," 94,50",
"15/07/2025  7:20:57,664","   657250000"," ","45","  39,2","      999375","       -5800"," 96,60",
"15/07/2025  7:20:57,664","   663250000"," ","46","  39,3","      999375","        5970"," 97,40",
"15/07/2025  7:20:57,664","   669250000"," ","47","  41,4","      999375","        3294"," 95,70",
"15/07/2025  7:20:57,664","   675250000"," ","48","  42,6","      999375","        1450"," 95,90",
"15/07/2025  7:20:57,664","   681250000"," ","49","  46,5","      999375","       87188"," 86,30",
"15/07/2025  7:20:57,664","   687250000"," ","50","  53,6","      999375","        2392"," 95,70",
"15/07/2025  7:20:57,664","   693250000"," ","51","  57,0","      999375","       -1999"," 97,90",
"15/07/2025  7:21:49,123","    55250000","CORPORACION ECUATORIANA DE","2","  91,5","      188125","         -32"," 82,90",
"15/07/2025  7:21:49,123","    61250000"," ","3","  41,8","      999375","      -18548"," 95,60",
"15/07/2025  7:21:49,123","    67250000","UV TELEVISION","4","  92,3","      188750","         182"," 84,00",
"15/07/2025  7:21:49,123","    77250000","TELEAMAZONAS","5","  81,9","      110000","          15"," 49,00",
"15/07/2025  7:21:49,123","    83250000"," ","6","  66,4","      999375","       -4181"," 93,90",
"15/07/2025  7:21:49,123","   175250000","ECUADOR TV","7","  93,6","      156875","         -18"," 74,00",
"15/07/2025  7:21:49,123","   181250000","CADENA ECUATORIANA DE TELE","8","  81,9","      869375","       37591"," 92,40",
"15/07/2025  7:21:49,123","   187250000","RED TELESISTEMA (R.T.S)","9","  91,3","      217500","        -401"," 43,20",
"15/07/2025  7:21:49,123","   193250000"," ","10","  73,9","      890625","       98284"," 94,00",
"15/07/2025  7:21:49,123","   199250000","TELEVISION DEL PACIFICO","11","  73,3","      916875","      124233"," 94,80",
"15/07/2025  7:21:49,123","   205250000"," ","12","  64,0","      928125","      132872"," 93,90",
"15/07/2025  7:21:49,123","   211250000"," ","13","  58,0","      999375","      134037"," 93,60",
"15/07/2025  7:21:49,123","   471250000"," ","14","  23,9","      999375","         700"," 96,00",
"15/07/2025  7:21:49,123","   477250000"," ","15","  30,0","      999375","      -81146"," 72,30",
"15/07/2025  7:21:49,123","   483250000"," ","16","  26,0","      999375","        2283"," 95,20",
"15/07/2025  7:21:49,123","   513250000"," ","21","  28,1","      999375","        2110"," 91,20",
"15/07/2025  7:21:49,123","   519250000","ECOTEL","22","  82,9","       93750","        1029"," 46,10",
"15/07/2025  7:21:49,123","   525250000"," ","23","  30,9","      999375","      -24789"," 96,50",
"15/07/2025  7:21:49,123","   531250000","TELERAMA","24","  27,6","      999375","        5530"," 94,50",
"15/07/2025  7:21:49,123","   537250000","PLUS TV","25","  67,2","      125625","        4517"," 60,40",
"15/07/2025  7:21:49,123","   543250000","CANAL UNO","26","  29,2","      999375","        5987"," 96,00",
"15/07/2025  7:21:49,123","   549250000"," ","27","  27,3","      999375","        4030"," 95,10",
"15/07/2025  7:21:49,123","   555250000"," ","28","  43,8","      999375","        4778"," 95,90",
"15/07/2025  7:21:49,123","   561250000"," ","29","  38,6","      999375","       -2315"," 95,90",
"15/07/2025  7:21:49,123","   567250000","TELEATAHUALPA (RTU)","30","  40,9","      999375","       -5618"," 96,70",
"15/07/2025  7:21:49,123","   573250000"," ","31","  35,9","      999375","       -4409"," 93,60",
"15/07/2025  7:21:49,123","   579250000","TELEVICENTRO TVC","32","  78,8","      235000","        1315"," 73,90",
"15/07/2025  7:21:49,123","   585250000"," ","33","  32,1","      999375","        1005"," 95,40",
"15/07/2025  7:21:49,123","   591250000","UCSG TELEVISION","34","  32,9","      999375","        2273"," 95,80",
"15/07/2025  7:21:49,123","   603250000","OROMAR","36","  32,0","      999375","       -8446"," 94,40",
"15/07/2025  7:21:49,123","   615250000"," ","38","  33,8","      998750","       -1874"," 94,90",
"15/07/2025  7:21:49,123","   621250000","CANAL SUR - TELEVISION MUN","39","  69,0","      266875","        -706"," 95,00",
"15/07/2025  7:21:49,123","   627250000"," ","40","  34,1","      999375","       12240"," 95,40",
"15/07/2025  7:21:49,123","   633250000"," ","41","  33,1","      999375","       -2217"," 95,60",
"15/07/2025  7:21:49,123","   639250000"," ","42","  37,9","      999375","       64808"," 96,40",
"15/07/2025  7:21:49,123","   645250000"," ","43","  36,0","      999375","        1240"," 93,10",
"15/07/2025  7:21:49,123","   651250000"," ","44","  37,1","      999375","        3447"," 92,30",
"15/07/2025  7:21:49,123","   657250000"," ","45","  37,8","      999375","        7350"," 99,30",
"15/07/2025  7:21:49,123","   663250000"," ","46","  37,2","      999375","        3192"," 92,40",
"15/07/2025  7:21:49,123","   669250000"," ","47","  39,6","      999375","       11130"," 97,10",
"15/07/2025  7:21:49,123","   675250000"," ","48","  39,0","      999375","        7298"," 95,40",
"15/07/2025  7:21:49,123","   681250000"," ","49","  46,3","      999375","       94719"," 91,90",
"15/07/2025  7:21:49,123","   687250000"," ","50","  49,9","      999375","        7204"," 96,10",
"15/07/2025  7:21:49,123","   693250000"," ","51","  54,2","      999375","        -676"," 96,50",
"15/07/2025  17:40:03,863","    55250000","CORPORACION ECUATORIANA DE","2","  91,7","      235625","         -15"," 55,70",
"15/07/2025  17:40:03,863","    61250000"," ","3","  41,5","      768125","      -22790"," 93,60",
"15/07/2025  17:40:03,863","    67250000","UV TELEVISION","4","  90,0","      141250","         209"," 60,00",
"15/07/2025  17:40:03,863","    77250000","TELEAMAZONAS","5","  88,0","       94375","          15"," 47,00",
"15/07/2025  17:40:03,863","    83250000"," ","6","  62,9","      999375","      -21092"," 94,90",
"15/07/2025  17:40:03,863","   175250000","ECUADOR TV","7","  94,6","      156875","         -16"," 90,60",
"15/07/2025  17:40:03,863","   181250000","CADENA ECUATORIANA DE TELE","8","  81,5","      790625","         -53"," 41,50",
"15/07/2025  17:40:03,863","   187250000","RED TELESISTEMA (R.T.S)","9","  89,7","      110000","        -744"," 29,10",
"15/07/2025  17:40:03,863","   193250000"," ","10","  70,7","      996875","      111059"," 95,30",
"15/07/2025  17:40:03,863","   199250000","TELEVISION DEL PACIFICO","11","  69,5","      999375","      105702"," 95,30",
"15/07/2025  17:40:03,863","   205250000"," ","12","  64,6","      999375","       61825"," 94,90",
"15/07/2025  17:40:03,863","   211250000"," ","13","  59,8","      999375","      111714"," 91,70",
"15/07/2025  17:40:03,863","   471250000"," ","14","  24,0","      999375","       -1625"," 94,20",
"15/07/2025  17:40:03,863","   477250000"," ","15","  30,9","      999375","      -89870"," 94,30",
"15/07/2025  17:40:03,863","   483250000"," ","16","  26,4","      999375","         916"," 95,20",
"15/07/2025  17:40:03,863","   513250000"," ","21","  27,8","      999375","      -11866"," 97,20",
"15/07/2025  17:40:03,863","   519250000","ECOTEL","22","  84,5","      110000","        1146"," 56,30",
"15/07/2025  17:40:03,863","   525250000"," ","23","  30,2","      999375","      -36476"," 95,70",
"15/07/2025  17:40:03,863","   531250000","TELERAMA","24","  27,4","      999375","       12938"," 96,90",
"15/07/2025  17:40:03,863","   537250000","PLUS TV","25","  70,4","       31250","        3639"," 24,00",
"15/07/2025  17:40:03,863","   543250000","CANAL UNO","26","  29,4","      999375","        6757"," 96,10",
"15/07/2025  17:40:03,863","   549250000"," ","27","  27,8","      999375","        2974"," 94,90",
"15/07/2025  17:40:03,863","   555250000"," ","28","  39,8","      999375","        1409"," 92,60",
"15/07/2025  17:40:03,863","   561250000"," ","29","  39,9","      999375","        2658"," 94,40",
"15/07/2025  17:40:03,863","   567250000","TELEATAHUALPA (RTU)","30","  39,7","      999375","      -11050"," 95,40",
"15/07/2025  17:40:03,863","   573250000"," ","31","  36,0","      999375","       -5186"," 94,50",
"15/07/2025  17:40:03,863","   579250000","TELEVICENTRO TVC","32","  81,1","      220000","        1000"," 62,10",
"15/07/2025  17:40:03,863","   585250000"," ","33","  32,1","      999375","       -3440"," 96,10",
"15/07/2025  17:40:03,863","   591250000","UCSG TELEVISION","34","  31,1","      999375","        3501"," 92,40",
"15/07/2025  17:40:03,863","   603250000","OROMAR","36","  32,8","      999375","        -712"," 99,00",
"15/07/2025  17:40:03,863","   615250000"," ","38","  33,2","      999375","        3006"," 96,20",
"15/07/2025  17:40:03,863","   621250000","CANAL SUR - TELEVISION MUN","39","  67,5","      361250","          57"," 91,50",
"15/07/2025  17:40:03,863","   627250000"," ","40","  32,7","      999375","        1447"," 95,80",
"15/07/2025  17:40:03,863","   633250000"," ","41","  34,1","      999375","       -2947"," 96,10",
"15/07/2025  17:40:03,863","   639250000"," ","42","  38,0","      999375","       80643"," 92,80",
"15/07/2025  17:40:03,863","   645250000"," ","43","  35,4","      999375","        3507"," 95,60",
"15/07/2025  17:40:03,863","   651250000"," ","44","  37,4","      999375","        -321"," 94,80",
"15/07/2025  17:40:03,863","   657250000"," ","45","  35,6","      999375","         887"," 95,40",
"15/07/2025  17:40:03,863","   663250000"," ","46","  37,9","      999375","         701"," 94,60",
"15/07/2025  17:40:03,863","   669250000"," ","47","  37,7","      999375","        2938"," 96,70",
"15/07/2025  17:40:03,863","   675250000"," ","48","  39,2","      999375","         228"," 95,50",
"15/07/2025  17:40:03,863","   681250000"," ","49","  45,2","      999375","       90395"," 80,50",
"15/07/2025  17:40:03,863","   687250000"," ","50","  54,1","      999375","        -433"," 97,20",
"15/07/2025  17:40:03,863","   693250000"," ","51","  53,8","      999375","        2202"," 98,10",
"15/07/2025  17:40:57,656","    55250000","CORPORACION ECUATORIANA DE","2","  91,9","      125625","         -22"," 83,80",
"15/07/2025  17:40:57,656","    61250000"," ","3","  43,1","      999375","      -23409"," 95,30",
"15/07/2025  17:40:57,656","    67250000","UV TELEVISION","4","  90,8","      188750","         176"," 71,40",
"15/07/2025  17:40:57,656","    77250000","TELEAMAZONAS","5","  85,2","       78750","          13"," 34,30",
"15/07/2025  17:40:57,656","    83250000"," ","6","  62,6","      999375","      -48415"," 97,50",
"15/07/2025  17:40:57,656","   175250000","ECUADOR TV","7","  94,6","      125625","         -17"," 71,90",
"15/07/2025  17:40:57,656","   181250000","CADENA ECUATORIANA DE TELE","8","  80,6","      308750","         174"," 80,40",
"15/07/2025  17:40:57,656","   187250000","RED TELESISTEMA (R.T.S)","9","  89,5","       62500","        -742"," 20,00",
"15/07/2025  17:40:57,656","   193250000"," ","10","  70,3","      945625","       94474"," 90,00",
"15/07/2025  17:40:57,656","   199250000","TELEVISION DEL PACIFICO","11","  68,8","      999375","      105825"," 88,70",
"15/07/2025  17:40:57,656","   205250000"," ","12","  62,7","      908125","      102249"," 91,80",
"15/07/2025  17:40:57,656","   211250000"," ","13","  59,3","      999375","      121563"," 93,40",
"15/07/2025  17:40:57,656","   471250000"," ","14","  25,0","      999375","        4710"," 94,80",
"15/07/2025  17:40:57,656","   477250000"," ","15","  32,6","      999375","      -76898"," 93,90",
"15/07/2025  17:40:57,656","   483250000"," ","16","  25,4","      999375","       -1951"," 97,30",
"15/07/2025  17:40:57,656","   513250000"," ","21","  26,9","      999375","      -10179"," 94,20",
"15/07/2025  17:40:57,656","   519250000","ECOTEL","22","  84,6","       78125","        1131"," 31,50",
"15/07/2025  17:40:57,656","   525250000"," ","23","  29,6","      999375","      -36546"," 95,50",
"15/07/2025  17:40:57,656","   531250000","TELERAMA","24","  28,8","      999375","       15896"," 95,70",
"15/07/2025  17:40:57,656","   537250000","PLUS TV","25","  69,1","       46875","        3645"," 28,60",
"15/07/2025  17:40:57,656","   543250000","CANAL UNO","26","  28,9","      999375","        5884"," 93,80",
"15/07/2025  17:40:57,656","   549250000"," ","27","  28,7","      999375","        2568"," 94,70",
"15/07/2025  17:40:57,656","   555250000"," ","28","  40,7","      999375","        2884"," 94,50",
"15/07/2025  17:40:57,656","   561250000"," ","29","  39,6","      999375","        -262"," 95,40",
"15/07/2025  17:40:57,656","   567250000","TELEATAHUALPA (RTU)","30","  40,3","      999375","      -11517"," 95,20",
"15/07/2025  17:40:57,656","   573250000"," ","31","  37,1","      999375","      -10525"," 93,10",
"15/07/2025  17:40:57,656","   579250000","TELEVICENTRO TVC","32","  81,4","      125625","        1001"," 46,20",
"15/07/2025  17:40:57,656","   585250000"," ","33","  34,4","      999375","       -2785"," 97,60",
"15/07/2025  17:40:57,656","   591250000","UCSG TELEVISION","34","  30,5","      999375","        3787"," 95,70",
"15/07/2025  17:40:57,656","   603250000","OROMAR","36","  33,3","      999375","        1695"," 95,60",
"15/07/2025  17:40:57,656","   615250000"," ","38","  33,0","      999375","         880"," 90,40",
"15/07/2025  17:40:57,656","   621250000","CANAL SUR - TELEVISION MUN","39","  69,2","      141250","          48"," 33,20",
"15/07/2025  17:40:57,656","   627250000"," ","40","  34,0","      999375","        6032"," 96,90",
"15/07/2025  17:40:57,656","   633250000"," ","41","  32,9","      999375","        1698"," 94,70",
"15/07/2025  17:40:57,656","   639250000"," ","42","  39,9","      999375","       84469"," 89,40",
"15/07/2025  17:40:57,656","   645250000"," ","43","  35,7","      999375","        1989"," 96,20",
"15/07/2025  17:40:57,656","   651250000"," ","44","  36,6","      999375","        2589"," 95,70",
"15/07/2025  17:40:57,656","   657250000"," ","45","  37,0","      999375","        -156"," 96,00",
"15/07/2025  17:40:57,656","   663250000"," ","46","  36,8","      999375","        6720"," 93,90",
"15/07/2025  17:40:57,656","   669250000"," ","47","  38,4","      999375","        5878"," 96,00",
"15/07/2025  17:40:57,656","   675250000"," ","48","  38,9","      999375","        6145"," 95,30",
"15/07/2025  17:40:57,656","   681250000"," ","49","  45,9","      999375","      112226"," 91,90",
"15/07/2025  17:40:57,656","   687250000"," ","50","  48,2","      999375","        1356"," 97,00",
"15/07/2025  17:40:57,656","   693250000"," ","51","  52,4","      999375","        3178"," 98,50",
"15/07/2025  17:41:49,095","    55250000","CORPORACION ECUATORIANA DE","2","  91,9","      220000","          -8"," 51,10",
"15/07/2025  17:41:49,095","    61250000"," ","3","  40,3","      999375","      -22372"," 96,70",
"15/07/2025  17:41:49,095","    67250000","UV TELEVISION","4","  91,4","      157500","         202"," 76,50",
"15/07/2025  17:41:49,095","    77250000","TELEAMAZONAS","5","  80,3","       94375","          18"," 39,00",
"15/07/2025  17:41:49,095","    83250000"," ","6","  61,1","      999375","      -40909"," 94,90",
"15/07/2025  17:41:49,095","   175250000","ECUADOR TV","7","  94,2","      141250","        -144"," 96,90",
"15/07/2025  17:41:49,095","   181250000","CADENA ECUATORIANA DE TELE","8","  81,2","      496875","        -296"," 92,80",
"15/07/2025  17:41:49,095","   187250000","RED TELESISTEMA (R.T.S)","9","  90,0","      110000","        -735"," 46,90",
"15/07/2025  17:41:49,095","   193250000"," ","10","  68,0","      916250","      112167"," 96,60",
"15/07/2025  17:41:49,095","   199250000","TELEVISION DEL PACIFICO","11","  70,4","      999375","      116413"," 95,80",
"15/07/2025  17:41:49,095","   205250000"," ","12","  65,6","      918125","       95807"," 95,80",
"15/07/2025  17:41:49,095","   211250000"," ","13","  60,2","      999375","       88218"," 94,30",
"15/07/2025  17:41:49,095","   471250000"," ","14","  24,1","      999375","       -3360"," 92,80",
"15/07/2025  17:41:49,095","   477250000"," ","15","  29,9","      999375","      -92263"," 94,20",
"15/07/2025  17:41:49,095","   483250000"," ","16","  25,6","      999375","        2032"," 96,50",
"15/07/2025  17:41:49,095","   513250000"," ","21","  26,2","      999375","      -14724"," 95,50",
"15/07/2025  17:41:49,095","   519250000","ECOTEL","22","  83,7","       63125","        1134"," 45,80",
"15/07/2025  17:41:49,095","   525250000"," ","23","  29,7","      999375","      -25916"," 92,60",
"15/07/2025  17:41:49,095","   531250000","TELERAMA","24","  29,3","      999375","       -4505"," 95,90",
"15/07/2025  17:41:49,095","   537250000","PLUS TV","25","  69,5","       31875","        3649"," 33,00",
"15/07/2025  17:41:49,095","   543250000","CANAL UNO","26","  29,0","      999375","       16280"," 97,30",
"15/07/2025  17:41:49,095","   549250000"," ","27","  27,1","      999375","        4067"," 94,90",
"15/07/2025  17:41:49,095","   555250000"," ","28","  40,3","      999375","          -5"," 95,70",
"15/07/2025  17:41:49,095","   561250000"," ","29","  40,3","      999375","       -4187"," 95,30",
"15/07/2025  17:41:49,095","   567250000","TELEATAHUALPA (RTU)","30","  40,5","      999375","       -9082"," 93,80",
"15/07/2025  17:41:49,095","   573250000"," ","31","  36,0","      999375","       -1438"," 95,00",
"15/07/2025  17:41:49,095","   579250000","TELEVICENTRO TVC","32","  80,1","      125625","        1004"," 49,20",
"15/07/2025  17:41:49,095","   585250000"," ","33","  35,6","      999375","        3141"," 95,90",
"15/07/2025  17:41:49,095","   591250000","UCSG TELEVISION","34","  31,9","      999375","        1211"," 96,30",
"15/07/2025  17:41:49,095","   603250000","OROMAR","36","  32,2","      999375","        5404"," 96,80",
"15/07/2025  17:41:49,095","   615250000"," ","38","  34,7","      999375","        5132"," 94,80",
"15/07/2025  17:41:49,095","   621250000","CANAL SUR - TELEVISION MUN","39","  70,7","      141250","          49"," 41,10",
"15/07/2025  17:41:49,095","   627250000"," ","40","  32,7","      999375","        4874"," 95,60",
"15/07/2025  17:41:49,095","   633250000"," ","41","  33,5","      999375","        4884"," 96,90",
"15/07/2025  17:41:49,095","   639250000"," ","42","  38,5","      999375","       90208"," 83,90",
"15/07/2025  17:41:49,095","   645250000"," ","43","  35,2","      999375","        1009"," 95,20",
"15/07/2025  17:41:49,095","   651250000"," ","44","  36,8","      999375","        1112"," 96,10",
"15/07/2025  17:41:49,095","   657250000"," ","45","  36,2","      999375","          -2"," 95,30",
"15/07/2025  17:41:49,095","   663250000"," ","46","  36,6","      999375","        -887"," 93,80",
"15/07/2025  17:41:49,095","   669250000"," ","47","  38,0","      999375","        7519"," 94,70",
"15/07/2025  17:41:49,095","   675250000"," ","48","  39,8","      999375","        2307"," 96,40",
"15/07/2025  17:41:49,095","   681250000"," ","49","  47,6","      999375","       87759"," 82,80",
"15/07/2025  17:41:49,095","   687250000"," ","50","  48,4","      999375","         460"," 96,80",
"15/07/2025  17:41:49,095","   693250000"," ","51","  53,7","      999375","       -3018"," 95,30",
"16/07/2025  7:20:03,872","    55250000","CORPORACION ECUATORIANA DE","2","  92,1","      125625","         -17"," 50,10",
"16/07/2025  7:20:03,872","    61250000"," ","3","  44,5","      999375","         150"," 92,80",
"16/07/2025  7:20:03,872","    67250000","UV TELEVISION","4","  93,9","      157500","         203"," 57,30",
"16/07/2025  7:20:03,872","    77250000","TELEAMAZONAS","5","  90,5","       63125","          10"," 35,60",
"16/07/2025  7:20:03,872","    83250000"," ","6","  64,1","      999375","      -56990"," 94,90",
"16/07/2025  7:20:03,872","   175250000","ECUADOR TV","7","  95,1","      188125","         -16"," 86,40",
"16/07/2025  7:20:03,872","   181250000","CADENA ECUATORIANA DE TELE","8","  80,3","      833750","         112"," 75,30",
"16/07/2025  7:20:03,872","   187250000","RED TELESISTEMA (R.T.S)","9","  89,4","      125625","        -186"," 51,70",
"16/07/2025  7:20:03,872","   193250000"," ","10","  69,9","      999375","       96494"," 96,40",
"16/07/2025  7:20:03,872","   199250000","TELEVISION DEL PACIFICO","11","  67,2","      916875","      124741"," 92,10",
"16/07/2025  7:20:03,872","   205250000"," ","12","  62,6","      864375","      125632"," 95,60",
"16/07/2025  7:20:03,872","   211250000"," ","13","  56,9","      852500","      132078"," 93,30",
"16/07/2025  7:20:03,872","   471250000"," ","14","  24,4","      999375","        5933"," 97,10",
"16/07/2025  7:20:03,872","   477250000"," ","15","  30,4","      999375","      -86266"," 91,10",
"16/07/2025  7:20:03,872","   483250000"," ","16","  24,0","      999375","        1348"," 96,00",
"16/07/2025  7:20:03,872","   513250000"," ","21","  28,9","      999375","      -10725"," 93,40",
"16/07/2025  7:20:03,872","   519250000","ECOTEL","22","  83,7","      126250","        1045"," 75,10",
"16/07/2025  7:20:03,872","   525250000"," ","23","  29,9","      999375","      -29883"," 96,50",
"16/07/2025  7:20:03,872","   531250000","TELERAMA","24","  27,0","      999375","        4341"," 94,70",
"16/07/2025  7:20:03,872","   537250000","PLUS TV","25","  70,4","       78125","        4538"," 35,50",
"16/07/2025  7:20:03,872","   543250000","CANAL UNO","26","  30,6","      999375","        8856"," 96,10",
"16/07/2025  7:20:03,872","   549250000"," ","27","  29,0","      999375","        2229"," 95,60",
"16/07/2025  7:20:03,872","   555250000"," ","28","  41,4","      999375","        1221"," 93,50",
"16/07/2025  7:20:03,872","   561250000"," ","29","  39,4","      999375","        -236"," 94,50",
"16/07/2025  7:20:03,872","   567250000","TELEATAHUALPA (RTU)","30","  42,8","      999375","      -11596"," 97,10",
"16/07/2025  7:20:03,872","   573250000"," ","31","  37,0","      999375","       -2539"," 96,90",
"16/07/2025  7:20:03,872","   579250000","TELEVICENTRO TVC","32","  81,3","      188750","        1427"," 28,50",
"16/07/2025  7:20:03,872","   585250000"," ","33","  37,8","      999375","        1387"," 97,10",
"16/07/2025  7:20:03,872","   591250000","UCSG TELEVISION","34","  31,5","      999375","        -822"," 95,10",
"16/07/2025  7:20:03,872","   603250000","OROMAR","36","  31,7","      999375","       -3196"," 93,40",
"16/07/2025  7:20:03,872","   615250000"," ","38","  33,8","      999375","         690"," 96,10",
"16/07/2025  7:20:03,872","   621250000","CANAL SUR - TELEVISION MUN","39","  70,5","      282500","        -692"," 95,50",
"16/07/2025  7:20:03,872","   627250000"," ","40","  34,9","      999375","       -3135"," 97,20",
"16/07/2025  7:20:03,872","   633250000"," ","41","  36,1","      999375","        -622"," 96,60",
"16/07/2025  7:20:03,872","   639250000"," ","42","  37,9","      999375","       74927"," 93,30",
"16/07/2025  7:20:03,872","   645250000"," ","43","  34,6","      999375","        -405"," 93,40",
"16/07/2025  7:20:03,872","   651250000"," ","44","  36,9","      999375","        2334"," 95,80",
"16/07/2025  7:20:03,872","   657250000"," ","45","  36,9","      999375","         334"," 94,50",
"16/07/2025  7:20:03,872","   663250000"," ","46","  37,8","      999375","        -568"," 93,90",
"16/07/2025  7:20:03,872","   669250000"," ","47","  37,4","      999375","        6850"," 92,20",
"16/07/2025  7:20:03,872","   675250000"," ","48","  39,6","      999375","        3189"," 96,60",
"16/07/2025  7:20:03,872","   681250000"," ","49","  47,0","      999375","      100310"," 66,80",
"16/07/2025  7:20:03,872","   687250000"," ","50","  46,8","      999375","        6616"," 95,00",
"16/07/2025  7:20:03,872","   693250000"," ","51","  52,4","      999375","       -2550"," 96,70",
"16/07/2025  7:20:57,665","    55250000","CORPORACION ECUATORIANA DE","2","  92,0","      125625","           2"," 90,90",
"16/07/2025  7:20:57,665","    61250000"," ","3","  42,6","      999375","        3544"," 95,80",
"16/07/2025  7:20:57,665","    67250000","UV TELEVISION","4","  93,6","      141250","         184"," 80,60",
"16/07/2025  7:20:57,665","    77250000","TELEAMAZONAS","5","  89,3","       94375","          11"," 27,20",
"16/07/2025  7:20:57,665","    83250000"," ","6","  63,7","      999375","      -39421"," 95,90",
"16/07/2025  7:20:57,665","   175250000","ECUADOR TV","7","  95,3","      156875","         -17"," 94,40",
"16/07/2025  7:20:57,665","   181250000","CADENA ECUATORIANA DE TELE","8","  80,1","      843750","       11885"," 96,00",
"16/07/2025  7:20:57,665","   187250000","RED TELESISTEMA (R.T.S)","9","  89,3","      125625","        -347"," 76,40",
"16/07/2025  7:20:57,665","   193250000"," ","10","  72,8","      997500","      112674"," 93,20",
"16/07/2025  7:20:57,665","   199250000","TELEVISION DEL PACIFICO","11","  69,9","      990625","      123947"," 94,50",
"16/07/2025  7:20:57,665","   205250000"," ","12","  63,0","      876875","      124066"," 93,30",
"16/07/2025  7:20:57,665","   211250000"," ","13","  58,2","      847500","      127158"," 87,70",
"16/07/2025  7:20:57,665","   471250000"," ","14","  23,2","      999375","       -2147"," 94,10",
"16/07/2025  7:20:57,665","   477250000"," ","15","  31,9","      999375","      -96792"," 95,50",
"16/07/2025  7:20:57,665","   483250000"," ","16","  26,3","      999375","        4006"," 97,30",
"16/07/2025  7:20:57,665","   513250000"," ","21","  27,7","      999375","      -13851"," 95,90",
"16/07/2025  7:20:57,665","   519250000","ECOTEL","22","  83,1","      126250","        1065"," 74,50",
"16/07/2025  7:20:57,665","   525250000"," ","23","  30,8","      999375","      -24923"," 95,60",
"16/07/2025  7:20:57,665","   531250000","TELERAMA","24","  29,7","      999375","        6272"," 96,90",
"16/07/2025  7:20:57,665","   537250000","PLUS TV","25","  70,9","       93750","        4536"," 36,30",
"16/07/2025  7:20:57,665","   543250000","CANAL UNO","26","  28,7","      999375","        9829"," 94,80",
"16/07/2025  7:20:57,665","   549250000"," ","27","  28,1","      999375","        5578"," 95,80",
"16/07/2025  7:20:57,665","   555250000"," ","28","  41,5","      999375","        7292"," 94,80",
"16/07/2025  7:20:57,665","   561250000"," ","29","  41,5","      999375","        1054"," 95,60",
"16/07/2025  7:20:57,665","   567250000","TELEATAHUALPA (RTU)","30","  41,7","      999375","       -4608"," 93,60",
"16/07/2025  7:20:57,665","   573250000"," ","31","  36,7","      999375","       -7204"," 93,40",
"16/07/2025  7:20:57,665","   579250000","TELEVICENTRO TVC","32","  80,8","      126250","        1424"," 67,90",
"16/07/2025  7:20:57,665","   585250000"," ","33","  35,9","      999375","        3639"," 97,00",
"16/07/2025  7:20:57,665","   591250000","UCSG TELEVISION","34","  29,8","      999375","        1436"," 96,20",
"16/07/2025  7:20:57,665","   603250000","OROMAR","36","  33,6","      999375","        6668"," 94,70",
"16/07/2025  7:20:57,665","   615250000"," ","38","  35,8","      999375","        3431"," 97,00",
"16/07/2025  7:20:57,665","   621250000","CANAL SUR - TELEVISION MUN","39","  72,7","      204375","          30"," 89,10",
"16/07/2025  7:20:57,665","   627250000"," ","40","  33,8","      999375","        8928"," 96,80",
"16/07/2025  7:20:57,665","   633250000"," ","41","  34,3","      999375","        5089"," 96,20",
"16/07/2025  7:20:57,665","   639250000"," ","42","  38,0","      999375","       93370"," 92,80",
"16/07/2025  7:20:57,665","   645250000"," ","43","  35,4","      999375","        -978"," 95,90",
"16/07/2025  7:20:57,665","   651250000"," ","44","  36,8","      999375","        3824"," 96,10",
"16/07/2025  7:20:57,665","   657250000"," ","45","  37,4","      999375","        1091"," 97,20",
"16/07/2025  7:20:57,665","   663250000"," ","46","  37,7","      999375","        2136"," 97,20",
"16/07/2025  7:20:57,665","   669250000"," ","47","  38,4","      999375","        8065"," 96,00",
"16/07/2025  7:20:57,665","   675250000"," ","48","  40,0","      999375","        2452"," 95,90",
"16/07/2025  7:20:57,665","   681250000"," ","49","  47,0","      999375","      101715"," 55,60",
"16/07/2025  7:20:57,665","   687250000"," ","50","  47,9","      999375","        3210"," 94,90",
"16/07/2025  7:20:57,665","   693250000"," ","51","  58,8","      999375","         880"," 97,00",
"16/07/2025  7:21:49,123","    55250000","CORPORACION ECUATORIANA DE","2","  91,9","      125625","         -11"," 68,60",
"16/07/2025  7:21:49,123","    61250000"," ","3","  41,7","      999375","      -25188"," 97,70",
"16/07/2025  7:21:49,123","    67250000","UV TELEVISION","4","  93,9","      141250","         182"," 73,60",
"16/07/2025  7:21:49,123","    77250000","TELEAMAZONAS","5","  88,5","      141250","          14"," 58,80",
"16/07/2025  7:21:49,123","    83250000"," ","6","  63,3","      999375","      -13255"," 96,60",
"16/07/2025  7:21:49,123","   175250000","ECUADOR TV","7","  95,1","      141250","         -18"," 88,30",
"16/07/2025  7:21:49,123","   181250000","CADENA ECUATORIANA DE TELE","8","  79,9","      914375","       85624"," 95,70",
"16/07/2025  7:21:49,123","   187250000","RED TELESISTEMA (R.T.S)","9","  89,5","      188125","        -158"," 68,70",
"16/07/2025  7:21:49,123","   193250000"," ","10","  71,9","      871250","      116445"," 93,90",
"16/07/2025  7:21:49,123","   199250000","TELEVISION DEL PACIFICO","11","  70,2","      997500","      121213"," 96,20",
"16/07/2025  7:21:49,123","   205250000"," ","12","  62,7","      868125","      130554"," 96,30",
"16/07/2025  7:21:49,123","   211250000"," ","13","  59,8","      851250","      134452"," 95,30",
"16/07/2025  7:21:49,123","   471250000"," ","14","  27,0","      999375","        6684"," 94,90",
"16/07/2025  7:21:49,123","   477250000"," ","15","  32,2","      999375","      -75882"," 95,50",
"16/07/2025  7:21:49,123","   483250000"," ","16","  24,7","      999375","       -2870"," 94,70",
"16/07/2025  7:21:49,123","   513250000"," ","21","  26,4","      999375","      -14872"," 96,80",
"16/07/2025  7:21:49,123","   519250000","ECOTEL","22","  83,6","      125625","        1051"," 60,00",
"16/07/2025  7:21:49,123","   525250000"," ","23","  31,1","      999375","      -23304"," 91,40",
"16/07/2025  7:21:49,123","   531250000","TELERAMA","24","  28,0","      999375","       -3191"," 95,10",
"16/07/2025  7:21:49,123","   537250000","PLUS TV","25","  70,7","       93750","        4535"," 43,70",
"16/07/2025  7:21:49,123","   543250000","CANAL UNO","26","  30,0","      999375","        7435"," 91,60",
"16/07/2025  7:21:49,123","   549250000"," ","27","  28,4","      999375","         334"," 93,00",
"16/07/2025  7:21:49,123","   555250000"," ","28","  45,3","      999375","        1604"," 95,00",
"16/07/2025  7:21:49,123","   561250000"," ","29","  41,8","      999375","       -6728"," 94,70",
"16/07/2025  7:21:49,123","   567250000","TELEATAHUALPA (RTU)","30","  41,2","      999375","       -8852"," 93,60",
"16/07/2025  7:21:49,123","   573250000"," ","31","  37,9","      999375","       -4794"," 97,10",
"16/07/2025  7:21:49,123","   579250000","TELEVICENTRO TVC","32","  81,3","      156875","        1424"," 69,30",
"16/07/2025  7:21:49,123","   585250000"," ","33","  40,8","      999375","        8469"," 97,90",
"16/07/2025  7:21:49,123","   591250000","UCSG TELEVISION","34","  33,0","      999375","        2329"," 96,50",
"16/07/2025  7:21:49,123","   603250000","OROMAR","36","  32,2","      999375","        3450"," 97,20",
"16/07/2025  7:21:49,123","   615250000"," ","38","  34,8","      999375","        6271"," 93,60",
"16/07/2025  7:21:49,123","   621250000","CANAL SUR - TELEVISION MUN","39","  69,0","      487500","          59"," 85,70",
"16/07/2025  7:21:49,123","   627250000"," ","40","  34,0","      999375","        3282"," 94,50",
"16/07/2025  7:21:49,123","   633250000"," ","41","  33,5","      999375","       -1656"," 96,90",
"16/07/2025  7:21:49,123","   639250000"," ","42","  37,4","      999375","       81584"," 90,20",
"16/07/2025  7:21:49,123","   645250000"," ","43","  35,7","      999375","        1845"," 95,70",
"16/07/2025  7:21:49,123","   651250000"," ","44","  37,6","      999375","        2899"," 96,10",
"16/07/2025  7:21:49,123","   657250000"," ","45","  37,8","      999375","        -135"," 95,70",
"16/07/2025  7:21:49,123","   663250000"," ","46","  36,8","      999375","       -1978"," 92,10",
"16/07/2025  7:21:49,123","   669250000"," ","47","  38,4","      999375","        6424"," 93,70",
"16/07/2025  7:21:49,123","   675250000"," ","48","  39,2","      999375","        1134"," 94,80",
"16/07/2025  7:21:49,123","   681250000"," ","49","  47,2","      999375","       94629"," 90,80",
"16/07/2025  7:21:49,123","   687250000"," ","50","  49,1","      999375","         607"," 97,00",
"16/07/2025  7:21:49,123","   693250000"," ","51","  53,1","      999375","       -2085"," 95,60",
"16/07/2025  17:40:03,880","    55250000","CORPORACION ECUATORIANA DE","2","  92,4","      188125","          37"," 66,40",
"16/07/2025  17:40:03,880","    61250000"," ","3","  40,9","      999375","      -18921"," 93,40",
"16/07/2025  17:40:03,880","    67250000","UV TELEVISION","4","  95,0","      235625","         216"," 34,20",
"16/07/2025  17:40:03,880","    77250000","TELEAMAZONAS","5","  82,7","       63125","          12"," 33,40",
"16/07/2025  17:40:03,880","    83250000"," ","6","  68,7","      999375","      -25344"," 96,70",
"16/07/2025  17:40:03,880","   175250000","ECUADOR TV","7","  95,1","      141875","         -17"," 74,30",
"16/07/2025  17:40:03,880","   181250000","CADENA ECUATORIANA DE TELE","8","  83,8","      868125","        9027"," 93,80",
"16/07/2025  17:40:03,880","   187250000","RED TELESISTEMA (R.T.S)","9","  89,4","      156250","        -481"," 37,90",
"16/07/2025  17:40:03,880","   193250000"," ","10","  73,6","      921250","       87944"," 93,60",
"16/07/2025  17:40:03,880","   199250000","TELEVISION DEL PACIFICO","11","  73,7","      998125","      112447"," 95,40",
"16/07/2025  17:40:03,880","   205250000"," ","12","  64,1","      999375","      121573"," 95,00",
"16/07/2025  17:40:03,880","   211250000"," ","13","  62,6","      847500","      129551"," 92,80",
"16/07/2025  17:40:03,880","   471250000"," ","14","  28,5","      999375","         861"," 96,70",
"16/07/2025  17:40:03,880","   477250000"," ","15","  31,2","      999375","     -109927"," 91,70",
"16/07/2025  17:40:03,880","   483250000"," ","16","  28,6","      999375","      -44723"," 95,70",
"16/07/2025  17:40:03,880","   513250000"," ","21","  28,1","      999375","      -17433"," 95,40",
"16/07/2025  17:40:03,880","   519250000","ECOTEL","22","  83,7","       62500","        1122"," 34,50",
"16/07/2025  17:40:03,880","   525250000"," ","23","  29,8","      610625","      -10149"," 95,10",
"16/07/2025  17:40:03,880","   531250000","TELERAMA","24","  27,4","      999375","        5193"," 93,80",
"16/07/2025  17:40:03,880","   537250000","PLUS TV","25","  72,0","       62500","        4024"," 45,60",
"16/07/2025  17:40:03,880","   543250000","CANAL UNO","26","  31,3","      999375","        4219"," 97,30",
"16/07/2025  17:40:03,880","   549250000"," ","27","  29,0","      999375","        4783"," 95,00",
"16/07/2025  17:40:03,880","   555250000"," ","28","  43,8","      999375","        3645"," 97,10",
"16/07/2025  17:40:03,880","   561250000"," ","29","  43,5","      999375","       -1629"," 96,80",
"16/07/2025  17:40:03,880","   567250000","TELEATAHUALPA (RTU)","30","  40,8","      999375","       -9445"," 96,30",
"16/07/2025  17:40:03,880","   573250000"," ","31","  37,0","      999375","       -2315"," 96,60",
"16/07/2025  17:40:03,880","   579250000","TELEVICENTRO TVC","32","  81,8","      125625","        1067"," 58,60",
"16/07/2025  17:40:03,880","   585250000"," ","33","  36,9","      999375","        -703"," 97,40",
"16/07/2025  17:40:03,880","   591250000","UCSG TELEVISION","34","  33,5","      999375","        3507"," 96,10",
"16/07/2025  17:40:03,880","   603250000","OROMAR","36","  32,7","      999375","        1133"," 94,10",
"16/07/2025  17:40:03,880","   615250000"," ","38","  40,8","      999375","       93750"," 78,80",
"16/07/2025  17:40:03,880","   621250000","CANAL SUR - TELEVISION MUN","39","  71,7","      156875","          56"," 78,60",
"16/07/2025  17:40:03,880","   627250000"," ","40","  32,9","      999375","        5190"," 94,60",
"16/07/2025  17:40:03,880","   633250000"," ","41","  34,5","      999375","       32397"," 94,00",
"16/07/2025  17:40:03,880","   639250000"," ","42","  38,1","      999375","       93989"," 90,90",
"16/07/2025  17:40:03,880","   645250000"," ","43","  35,6","      999375","        4908"," 95,40",
"16/07/2025  17:40:03,880","   651250000"," ","44","  36,6","      999375","        4218"," 95,30",
"16/07/2025  17:40:03,880","   657250000"," ","45","  38,2","      999375","        6622"," 95,00",
"16/07/2025  17:40:03,880","   663250000"," ","46","  38,2","      999375","        1205"," 94,80",
"16/07/2025  17:40:03,880","   669250000"," ","47","  40,6","      999375","        8883"," 96,10",
"16/07/2025  17:40:03,880","   675250000"," ","48","  43,4","      999375","       57404"," 96,00",
"16/07/2025  17:40:03,880","   681250000"," ","49","  48,3","      999375","       86985"," 92,30",
"16/07/2025  17:40:03,880","   687250000"," ","50","  48,9","      999375","         637"," 96,50",
"16/07/2025  17:40:03,880","   693250000"," ","51","  57,0","      999375","        3582"," 97,60",
"16/07/2025  17:40:57,672","    55250000","CORPORACION ECUATORIANA DE","2","  92,7","      188125","           8"," 83,00",
"16/07/2025  17:40:57,672","    61250000"," ","3","  43,8","      805000","      -39619"," 94,90",
"16/07/2025  17:40:57,672","    67250000","UV TELEVISION","4","  93,2","      156875","         205"," 48,90",
"16/07/2025  17:40:57,672","    77250000","TELEAMAZONAS","5","  83,2","       63125","          13"," 43,30",
"16/07/2025  17:40:57,672","    83250000"," ","6","  69,6","      999375","        1299"," 94,80",
"16/07/2025  17:40:57,672","   175250000","ECUADOR TV","7","  94,8","      125625","         -17"," 54,00",
"16/07/2025  17:40:57,672","   181250000","CADENA ECUATORIANA DE TELE","8","  84,3","      867500","       15765"," 91,00",
"16/07/2025  17:40:57,672","   187250000","RED TELESISTEMA (R.T.S)","9","  89,5","      156875","        -483"," 41,00",
"16/07/2025  17:40:57,672","   193250000"," ","10","  73,9","      947500","       99029"," 98,50",
"16/07/2025  17:40:57,672","   199250000","TELEVISION DEL PACIFICO","11","  72,7","      990000","      118012"," 95,10",
"16/07/2025  17:40:57,672","   205250000"," ","12","  64,1","      999375","      119797"," 94,90",
"16/07/2025  17:40:57,672","   211250000"," ","13","  61,4","      999375","      102216"," 89,50",
"16/07/2025  17:40:57,672","   471250000"," ","14","  25,4","      999375","        1324"," 95,60",
"16/07/2025  17:40:57,672","   477250000"," ","15","  32,3","      999375","      -75126"," 74,10",
"16/07/2025  17:40:57,672","   483250000"," ","16","  26,9","      999375","      -72773"," 91,90",
"16/07/2025  17:40:57,672","   513250000"," ","21","  28,8","      999375","      -12954"," 96,40",
"16/07/2025  17:40:57,672","   519250000","ECOTEL","22","  84,4","       62500","        1114"," 33,20",
"16/07/2025  17:40:57,672","   525250000"," ","23","  28,0","      999375","      -33090"," 95,60",
"16/07/2025  17:40:57,672","   531250000","TELERAMA","24","  28,1","      999375","        2118"," 96,80",
"16/07/2025  17:40:57,672","   537250000","PLUS TV","25","  70,0","       62500","        4028"," 31,60",
"16/07/2025  17:40:57,672","   543250000","CANAL UNO","26","  30,2","      999375","        4531"," 96,40",
"16/07/2025  17:40:57,672","   549250000"," ","27","  27,5","      999375","        4034"," 97,00",
"16/07/2025  17:40:57,672","   555250000"," ","28","  44,7","      999375","        2735"," 93,40",
"16/07/2025  17:40:57,672","   561250000"," ","29","  41,7","      999375","       -3515"," 94,30",
"16/07/2025  17:40:57,672","   567250000","TELEATAHUALPA (RTU)","30","  40,8","      999375","      -10270"," 94,00",
"16/07/2025  17:40:57,672","   573250000"," ","31","  37,3","      999375","        -731"," 95,40",
"16/07/2025  17:40:57,672","   579250000","TELEVICENTRO TVC","32","  81,7","      156875","        1067"," 53,40",
"16/07/2025  17:40:57,672","   585250000"," ","33","  35,4","      999375","        3204"," 96,30",
"16/07/2025  17:40:57,672","   591250000","UCSG TELEVISION","34","  30,8","      999375","        5930"," 95,80",
"16/07/2025  17:40:57,672","   603250000","OROMAR","36","  32,6","      999375","        -640"," 94,30",
"16/07/2025  17:40:57,672","   615250000"," ","38","  39,6","      999375","       98885"," 93,50",
"16/07/2025  17:40:57,672","   621250000","CANAL SUR - TELEVISION MUN","39","  71,2","      503125","          56"," 74,50",
"16/07/2025  17:40:57,672","   627250000"," ","40","  34,0","      999375","        1669"," 96,20",
"16/07/2025  17:40:57,672","   633250000"," ","41","  37,4","      999375","       39164"," 95,40",
"16/07/2025  17:40:57,672","   639250000"," ","42","  39,5","      999375","       75178"," 88,70",
"16/07/2025  17:40:57,672","   645250000"," ","43","  35,8","      999375","        5789"," 96,10",
"16/07/2025  17:40:57,672","   651250000"," ","44","  38,2","      999375","       -1476"," 95,80",
"16/07/2025  17:40:57,672","   657250000"," ","45","  37,4","      999375","         461"," 96,90",
"16/07/2025  17:40:57,672","   663250000"," ","46","  37,0","      999375","        7597"," 94,00",
"16/07/2025  17:40:57,672","   669250000"," ","47","  40,3","      999375","       17971"," 95,90",
"16/07/2025  17:40:57,672","   675250000"," ","48","  42,5","      999375","       73940"," 97,50",
"16/07/2025  17:40:57,672","   681250000"," ","49","  47,6","      999375","       91877"," 86,50",
"16/07/2025  17:40:57,672","   687250000"," ","50","  52,8","      999375","        2780"," 96,60",
"16/07/2025  17:40:57,672","   693250000"," ","51","  54,7","      999375","        7088"," 98,00",
"16/07/2025  17:41:49,137","    55250000","CORPORACION ECUATORIANA DE","2","  92,4","      125625","         -22"," 55,60",
"16/07/2025  17:41:49,137","    61250000"," ","3","  40,6","      999375","      -31108"," 96,30",
"16/07/2025  17:41:49,137","    67250000","UV TELEVISION","4","  94,8","      141250","         198"," 34,10",
"16/07/2025  17:41:49,137","    77250000","TELEAMAZONAS","5","  83,2","       63125","           6"," 51,10",
"16/07/2025  17:41:49,137","    83250000"," ","6","  68,6","      999375","      -25074"," 94,80",
"16/07/2025  17:41:49,137","   175250000","ECUADOR TV","7","  94,6","      125625","         -17"," 91,30",
"16/07/2025  17:41:49,137","   181250000","CADENA ECUATORIANA DE TELE","8","  84,4","      882500","        4300"," 94,40",
"16/07/2025  17:41:49,137","   187250000","RED TELESISTEMA (R.T.S)","9","  90,3","      189375","        -603"," 31,20",
"16/07/2025  17:41:49,137","   193250000"," ","10","  71,6","      921250","      100827"," 95,50",
"16/07/2025  17:41:49,137","   199250000","TELEVISION DEL PACIFICO","11","  71,3","      993125","      119832"," 91,80",
"16/07/2025  17:41:49,137","   205250000"," ","12","  65,5","      999375","      115970"," 93,90",
"16/07/2025  17:41:49,137","   211250000"," ","13","  61,3","      846250","      134319"," 93,60",
"16/07/2025  17:41:49,137","   471250000"," ","14","  25,0","      999375","       -1079"," 96,70",
"16/07/2025  17:41:49,137","   477250000"," ","15","  32,3","      999375","      -90267"," 91,20",
"16/07/2025  17:41:49,137","   483250000"," ","16","  28,7","      999375","      -53057"," 93,30",
"16/07/2025  17:41:49,137","   513250000"," ","21","  26,8","      999375","       -9843"," 96,10",
"16/07/2025  17:41:49,137","   519250000","ECOTEL","22","  84,0","       48750","        1125"," 35,50",
"16/07/2025  17:41:49,137","   525250000"," ","23","  29,9","      999375","      -46684"," 96,00",
"16/07/2025  17:41:49,137","   531250000","TELERAMA","24","  27,4","      999375","        4790"," 96,20",
"16/07/2025  17:41:49,137","   537250000","PLUS TV","25","  69,8","       62500","        4023"," 27,80",
"16/07/2025  17:41:49,137","   543250000","CANAL UNO","26","  32,1","      999375","       12814"," 97,70",
"16/07/2025  17:41:49,137","   549250000"," ","27","  28,0","      999375","        2429"," 94,00",
"16/07/2025  17:41:49,137","   555250000"," ","28","  44,6","      999375","        3837"," 96,70",
"16/07/2025  17:41:49,137","   561250000"," ","29","  40,9","      999375","         -16"," 96,70",
"16/07/2025  17:41:49,137","   567250000","TELEATAHUALPA (RTU)","30","  41,3","      999375","      -10383"," 94,80",
"16/07/2025  17:41:49,137","   573250000"," ","31","  37,4","      999375","      -16129"," 94,50",
"16/07/2025  17:41:49,137","   579250000","TELEVICENTRO TVC","32","  81,3","      109375","        1066"," 35,40",
"16/07/2025  17:41:49,137","   585250000"," ","33","  40,8","      999375","       -2050"," 98,10",
"16/07/2025  17:41:49,137","   591250000","UCSG TELEVISION","34","  32,4","      999375","       -3805"," 94,10",
"16/07/2025  17:41:49,137","   603250000","OROMAR","36","  32,7","      999375","        2092"," 92,40",
"16/07/2025  17:41:49,137","   615250000"," ","38","  40,2","      999375","       69338"," 75,70",
"16/07/2025  17:41:49,137","   621250000","CANAL SUR - TELEVISION MUN","39","  71,4","      204375","          46"," 84,40",
"16/07/2025  17:41:49,137","   627250000"," ","40","  34,0","      999375","        7952"," 96,20",
"16/07/2025  17:41:49,137","   633250000"," ","41","  37,1","      999375","       41690"," 96,00",
"16/07/2025  17:41:49,137","   639250000"," ","42","  38,8","      999375","      101223"," 90,60",
"16/07/2025  17:41:49,137","   645250000"," ","43","  37,0","      999375","        1010"," 96,60",
"16/07/2025  17:41:49,137","   651250000"," ","44","  36,7","      999375","       -3591"," 94,00",
"16/07/2025  17:41:49,137","   657250000"," ","45","  37,2","      999375","        4274"," 95,10",
"16/07/2025  17:41:49,137","   663250000"," ","46","  38,2","      999375","        4252"," 92,60",
"16/07/2025  17:41:49,137","   669250000"," ","47","  42,2","      999375","        7275"," 95,90",
"16/07/2025  17:41:49,137","   675250000"," ","48","  43,2","      999375","       60104"," 96,00",
"16/07/2025  17:41:49,137","   681250000"," ","49","  66,2","      999375","       82272"," 99,10",
"16/07/2025  17:41:49,137","   687250000"," ","50","  53,5","      999375","       12671"," 98,00",
"16/07/2025  17:41:49,137","   693250000"," ","51","  54,9","      999375","       -3074"," 98,10",
"17/07/2025  7:20:03,842","    55250000","CORPORACION ECUATORIANA DE","2","  92,2","      188125","         -17"," 85,30",
"17/07/2025  7:20:03,842","    61250000"," ","3","  38,3","      999375","      -37662"," 94,20",
"17/07/2025  7:20:03,842","    67250000","UV TELEVISION","4","  94,1","      125625","         186"," 72,90",
"17/07/2025  7:20:03,842","    77250000","TELEAMAZONAS","5","  83,9","      125625","           8"," 29,90",
"17/07/2025  7:20:03,842","    83250000"," ","6","  63,9","      999375","      -36217"," 94,10",
"17/07/2025  7:20:03,842","   175250000","ECUADOR TV","7","  95,1","      125625","         -17"," 62,60",
"17/07/2025  7:20:03,842","   181250000","CADENA ECUATORIANA DE TELE","8","  80,4","      529375","        5472"," 97,40",
"17/07/2025  7:20:03,842","   187250000","RED TELESISTEMA (R.T.S)","9","  88,5","      220000","        -429"," 56,10",
"17/07/2025  7:20:03,842","   193250000"," ","10","  71,3","      905000","      115456"," 95,20",
"17/07/2025  7:20:03,842","   199250000","TELEVISION DEL PACIFICO","11","  71,8","      993125","      109542"," 97,70",
"17/07/2025  7:20:03,842","   205250000"," ","12","  66,1","      999375","      117680"," 94,80",
"17/07/2025  7:20:03,842","   211250000"," ","13","  61,3","      923750","      106137"," 94,20",
"17/07/2025  7:20:03,842","   471250000"," ","14","  24,0","      999375","       -1888"," 96,60",
"17/07/2025  7:20:03,842","   477250000"," ","15","  30,4","      999375","      -81898"," 94,00",
"17/07/2025  7:20:03,842","   483250000"," ","16","  28,0","      999375","      -43569"," 94,80",
"17/07/2025  7:20:03,842","   513250000"," ","21","  27,0","      999375","      -12661"," 95,80",
"17/07/2025  7:20:03,842","   519250000","ECOTEL","22","  83,8","      172500","        1050"," 71,80",
"17/07/2025  7:20:03,842","   525250000"," ","23","  32,5","      999375","       -9599"," 95,60",
"17/07/2025  7:20:03,842","   531250000","TELERAMA","24","  28,1","      999375","        3671"," 94,80",
"17/07/2025  7:20:03,842","   537250000","PLUS TV","25","  70,8","       63750","        4337"," 57,90",
"17/07/2025  7:20:03,842","   543250000","CANAL UNO","26","  29,6","      999375","       10375"," 96,10",
"17/07/2025  7:20:03,842","   549250000"," ","27","  28,5","      999375","        1724"," 94,40",
"17/07/2025  7:20:03,842","   555250000"," ","28","  41,4","      999375","        6774"," 92,80",
"17/07/2025  7:20:03,842","   561250000"," ","29","  39,8","      999375","        -438"," 95,20",
"17/07/2025  7:20:03,842","   567250000","TELEATAHUALPA (RTU)","30","  42,5","      999375","       -4503"," 97,70",
"17/07/2025  7:20:03,842","   573250000"," ","31","  36,5","      999375","       -5603"," 97,40",
"17/07/2025  7:20:03,842","   579250000","TELEVICENTRO TVC","32","  81,3","      125625","        1269"," 72,40",
"17/07/2025  7:20:03,842","   585250000"," ","33","  33,2","      999375","       -1285"," 97,00",
"17/07/2025  7:20:03,842","   591250000","UCSG TELEVISION","34","  31,7","      999375","       -1049"," 97,30",
"17/07/2025  7:20:03,842","   603250000","OROMAR","36","  32,2","      999375","       -1203"," 96,80",
"17/07/2025  7:20:03,842","   615250000"," ","38","  39,2","      999375","       83945"," 83,30",
"17/07/2025  7:20:03,842","   621250000","CANAL SUR - TELEVISION MUN","39","  70,2","      314375","          51"," 78,30",
"17/07/2025  7:20:03,842","   627250000"," ","40","  34,2","      999375","       10514"," 95,60",
"17/07/2025  7:20:03,842","   633250000"," ","41","  37,2","      999375","       18707"," 95,70",
"17/07/2025  7:20:03,842","   639250000"," ","42","  37,7","      999375","       77118"," 92,20",
"17/07/2025  7:20:03,842","   645250000"," ","43","  35,9","      999375","       -1564"," 96,20",
"17/07/2025  7:20:03,842","   651250000"," ","44","  36,5","      999375","       10702"," 94,20",
"17/07/2025  7:20:03,842","   657250000"," ","45","  37,1","      999375","        7090"," 96,40",
"17/07/2025  7:20:03,842","   663250000"," ","46","  37,6","      999375","        5785"," 95,40",
"17/07/2025  7:20:03,842","   669250000"," ","47","  39,2","      999375","        3994"," 94,20",
"17/07/2025  7:20:03,842","   675250000"," ","48","  41,2","      999375","       54468"," 95,40",
"17/07/2025  7:20:03,842","   681250000"," ","49","  47,2","      999375","       92332"," 93,10",
"17/07/2025  7:20:03,842","   687250000"," ","50","  51,6","      999375","        2699"," 97,40",
"17/07/2025  7:20:03,842","   693250000"," ","51","  51,0","      999375","        5430"," 95,50",
"17/07/2025  7:20:57,631","    55250000","CORPORACION ECUATORIANA DE","2","  92,1","      125625","         -10"," 91,40",
"17/07/2025  7:20:57,631","    61250000"," ","3","  41,4","      999375","      -18692"," 97,10",
"17/07/2025  7:20:57,631","    67250000","UV TELEVISION","4","  95,2","      141250","         202"," 61,40",
"17/07/2025  7:20:57,631","    77250000","TELEAMAZONAS","5","  88,2","      125625","          11"," 43,50",
"17/07/2025  7:20:57,631","    83250000"," ","6","  62,8","      999375","      -32938"," 94,90",
"17/07/2025  7:20:57,631","   175250000","ECUADOR TV","7","  95,3","      125625","         -16"," 69,10",
"17/07/2025  7:20:57,631","   181250000","CADENA ECUATORIANA DE TELE","8","  82,0","      469375","          48"," 84,80",
"17/07/2025  7:20:57,631","   187250000","RED TELESISTEMA (R.T.S)","9","  88,9","      219375","        -398"," 67,00",
"17/07/2025  7:20:57,631","   193250000"," ","10","  67,7","      909375","      112778"," 93,60",
"17/07/2025  7:20:57,631","   199250000","TELEVISION DEL PACIFICO","11","  71,7","      999375","      106167"," 94,50",
"17/07/2025  7:20:57,631","   205250000"," ","12","  62,9","      876875","      111389"," 93,80",
"17/07/2025  7:20:57,631","   211250000"," ","13","  58,9","      999375","      117936"," 96,50",
"17/07/2025  7:20:57,631","   471250000"," ","14","  24,5","      999375","        2355"," 95,70",
"17/07/2025  7:20:57,631","   477250000"," ","15","  31,5","      999375","      -62460"," 92,20",
"17/07/2025  7:20:57,631","   483250000"," ","16","  27,9","      999375","      -44370"," 94,10",
"17/07/2025  7:20:57,631","   513250000"," ","21","  26,4","      999375","      -14842"," 95,30",
"17/07/2025  7:20:57,631","   519250000","ECOTEL","22","  83,2","      110625","        1052"," 59,70",
"17/07/2025  7:20:57,631","   525250000"," ","23","  29,5","      999375","      -18101"," 96,50",
"17/07/2025  7:20:57,631","   531250000","TELERAMA","24","  27,5","      999375","        3415"," 95,40",
"17/07/2025  7:20:57,631","   537250000","PLUS TV","25","  70,1","      125625","        4341"," 53,40",
"17/07/2025  7:20:57,631","   543250000","CANAL UNO","26","  31,1","      999375","        6862"," 96,70",
"17/07/2025  7:20:57,631","   549250000"," ","27","  27,9","      999375","        4801"," 96,20",
"17/07/2025  7:20:57,631","   555250000"," ","28","  41,2","      999375","        4945"," 96,10",
"17/07/2025  7:20:57,631","   561250000"," ","29","  39,5","      999375","       -2096"," 96,50",
"17/07/2025  7:20:57,631","   567250000","TELEATAHUALPA (RTU)","30","  40,8","      999375","       -5117"," 94,30",
"17/07/2025  7:20:57,631","   573250000"," ","31","  37,0","      999375","       -8704"," 95,30",
"17/07/2025  7:20:57,631","   579250000","TELEVICENTRO TVC","32","  81,8","      156875","        1274"," 73,70",
"17/07/2025  7:20:57,631","   585250000"," ","33","  34,5","      999375","       -2318"," 97,70",
"17/07/2025  7:20:57,631","   591250000","UCSG TELEVISION","34","  32,0","      999375","        5044"," 95,40",
"17/07/2025  7:20:57,631","   603250000","OROMAR","36","  33,1","      999375","       -1298"," 94,10",
"17/07/2025  7:20:57,631","   615250000"," ","38","  40,2","      999375","       75151"," 93,60",
"17/07/2025  7:20:57,631","   621250000","CANAL SUR - TELEVISION MUN","39","  72,9","      298750","          73"," 88,60",
"17/07/2025  7:20:57,631","   627250000"," ","40","  34,2","      999375","        5307"," 95,60",
"17/07/2025  7:20:57,631","   633250000"," ","41","  35,5","      999375","       26861"," 94,60",
"17/07/2025  7:20:57,631","   639250000"," ","42","  38,2","      999375","       73506"," 96,20",
"17/07/2025  7:20:57,631","   645250000"," ","43","  35,6","      999375","       -4482"," 96,00",
"17/07/2025  7:20:57,631","   651250000"," ","44","  38,0","      999375","        8924"," 96,30",
"17/07/2025  7:20:57,631","   657250000"," ","45","  37,0","      999375","        4959"," 95,40",
"17/07/2025  7:20:57,631","   663250000"," ","46","  36,4","      999375","       -1630"," 94,80",
"17/07/2025  7:20:57,631","   669250000"," ","47","  39,6","      999375","        -562"," 95,90",
"17/07/2025  7:20:57,631","   675250000"," ","48","  41,3","      999375","       70561"," 92,80",
"17/07/2025  7:20:57,631","   681250000"," ","49","  47,1","      999375","       98369"," 83,70",
"17/07/2025  7:20:57,631","   687250000"," ","50","  50,5","      999375","        5333"," 97,80",
"17/07/2025  7:20:57,631","   693250000"," ","51","  55,4","      999375","       -1234"," 94,70",
"17/07/2025  7:21:49,074","    55250000","CORPORACION ECUATORIANA DE","2","  92,2","      188125","         -15"," 85,90",
"17/07/2025  7:21:49,074","    61250000"," ","3","  40,2","      999375","      -30376"," 94,60",
"17/07/2025  7:21:49,074","    67250000","UV TELEVISION","4","  95,8","      141250","         207"," 60,10",
"17/07/2025  7:21:49,074","    77250000","TELEAMAZONAS","5","  86,9","       94375","          12"," 48,10",
"17/07/2025  7:21:49,074","    83250000"," ","6","  63,5","      999375","      -55306"," 95,10",
"17/07/2025  7:21:49,074","   175250000","ECUADOR TV","7","  95,2","      125625","         -16"," 75,30",
"17/07/2025  7:21:49,074","   181250000","CADENA ECUATORIANA DE TELE","8","  81,6","      798125","        2199"," 67,20",
"17/07/2025  7:21:49,074","   187250000","RED TELESISTEMA (R.T.S)","9","  88,6","      141875","        -351"," 65,00",
"17/07/2025  7:21:49,074","   193250000"," ","10","  70,4","      916250","      114338"," 95,80",
"17/07/2025  7:21:49,074","   199250000","TELEVISION DEL PACIFICO","11","  73,3","      996875","      115207"," 88,90",
"17/07/2025  7:21:49,074","   205250000"," ","12","  62,3","      920625","      110564"," 96,80",
"17/07/2025  7:21:49,074","   211250000"," ","13","  59,7","      999375","      125577"," 94,50",
"17/07/2025  7:21:49,074","   471250000"," ","14","  23,5","      999375","        2677"," 93,70",
"17/07/2025  7:21:49,074","   477250000"," ","15","  32,1","      999375","      -89979"," 95,60",
"17/07/2025  7:21:49,074","   483250000"," ","16","  26,9","      999375","      -48020"," 93,40",
"17/07/2025  7:21:49,074","   513250000"," ","21","  26,3","      999375","       -3331"," 94,60",
"17/07/2025  7:21:49,074","   519250000","ECOTEL","22","  84,0","      157500","        1058"," 60,70",
"17/07/2025  7:21:49,074","   525250000"," ","23","  29,7","      999375","      -42077"," 96,00",
"17/07/2025  7:21:49,074","   531250000","TELERAMA","24","  28,0","      999375","        4257"," 92,80",
"17/07/2025  7:21:49,074","   537250000","PLUS TV","25","  70,3","      110000","        4334"," 46,10",
"17/07/2025  7:21:49,074","   543250000","CANAL UNO","26","  30,7","      999375","        8024"," 95,10",
"17/07/2025  7:21:49,074","   549250000"," ","27","  27,8","      999375","        1952"," 94,00",
"17/07/2025  7:21:49,074","   555250000"," ","28","  40,4","      999375","        3325"," 95,80",
"17/07/2025  7:21:49,074","   561250000"," ","29","  39,8","      999375","         955"," 95,80",
"17/07/2025  7:21:49,074","   567250000","TELEATAHUALPA (RTU)","30","  40,2","      999375","      -10704"," 96,10",
"17/07/2025  7:21:49,074","   573250000"," ","31","  37,2","      999375","       -6109"," 93,40",
"17/07/2025  7:21:49,074","   579250000","TELEVICENTRO TVC","32","  80,6","      156875","        1269"," 81,00",
"17/07/2025  7:21:49,074","   585250000"," ","33","  43,1","      999375","        7256"," 97,50",
"17/07/2025  7:21:49,074","   591250000","UCSG TELEVISION","34","  31,0","      999375","        2868"," 95,20",
"17/07/2025  7:21:49,074","   603250000","OROMAR","36","  33,6","      999375","        3678"," 96,40",
"17/07/2025  7:21:49,074","   615250000"," ","38","  40,3","      999375","       79506"," 91,80",
"17/07/2025  7:21:49,074","   621250000","CANAL SUR - TELEVISION MUN","39","  72,5","      298750","          46"," 90,50",
"17/07/2025  7:21:49,074","   627250000"," ","40","  33,4","      999375","        4248"," 95,20",
"17/07/2025  7:21:49,074","   633250000"," ","41","  35,2","      999375","       25325"," 95,90",
"17/07/2025  7:21:49,074","   639250000"," ","42","  39,4","      999375","       87931"," 92,10",
"17/07/2025  7:21:49,074","   645250000"," ","43","  36,4","      999375","        2186"," 93,70",
"17/07/2025  7:21:49,074","   651250000"," ","44","  36,5","      999375","        3485"," 93,50",
"17/07/2025  7:21:49,074","   657250000"," ","45","  37,9","      999375","        2392"," 95,50",
"17/07/2025  7:21:49,074","   663250000"," ","46","  36,6","      999375","        -745"," 96,80",
"17/07/2025  7:21:49,074","   669250000"," ","47","  39,8","      999375","        7608"," 96,00",
"17/07/2025  7:21:49,074","   675250000"," ","48","  41,6","      999375","       64247"," 94,20",
"17/07/2025  7:21:49,074","   681250000"," ","49","  47,0","      999375","       88781"," 81,50",
"17/07/2025  7:21:49,074","   687250000"," ","50","  47,5","      999375","        1295"," 96,50",
"17/07/2025  7:21:49,074","   693250000"," ","51","  52,9","      999375","        1428"," 99,10",
"17/07/2025  17:40:03,934","    55250000","CORPORACION ECUATORIANA DE","2","  92,2","      156875","         -19"," 61,20",
"17/07/2025  17:40:03,934","    61250000"," ","3","  44,2","      999375","      -25637"," 94,70",
"17/07/2025  17:40:03,934","    67250000","UV TELEVISION","4","  93,0","      141250","         185"," 68,00",
"17/07/2025  17:40:03,934","    77250000","TELEAMAZONAS","5","  87,0","       78125","           9"," 54,90",
"17/07/2025  17:40:03,934","    83250000"," ","6","  65,1","      999375","      -24941"," 93,90",
"17/07/2025  17:40:03,934","   175250000","ECUADOR TV","7","  94,9","      156875","         -16"," 87,80",
"17/07/2025  17:40:03,934","   181250000","CADENA ECUATORIANA DE TELE","8","  81,4","      875625","       39380"," 94,40",
"17/07/2025  17:40:03,934","   187250000","RED TELESISTEMA (R.T.S)","9","  89,2","       94375","        -496"," 52,10",
"17/07/2025  17:40:03,934","   193250000"," ","10","  71,5","      999375","      116737"," 93,40",
"17/07/2025  17:40:03,934","   199250000","TELEVISION DEL PACIFICO","11","  72,3","      998125","      107789"," 91,90",
"17/07/2025  17:40:03,934","   205250000"," ","12","  67,1","      911875","       90145"," 93,10",
"17/07/2025  17:40:03,934","   211250000"," ","13","  61,0","      925000","      116182"," 95,60",
"17/07/2025  17:40:03,934","   471250000"," ","14","  25,2","      999375","        3676"," 94,20",
"17/07/2025  17:40:03,934","   477250000"," ","15","  30,5","      999375","     -102964"," 95,10",
"17/07/2025  17:40:03,934","   483250000"," ","16","  27,2","      999375","      -44319"," 93,40",
"17/07/2025  17:40:03,934","   513250000"," ","21","  26,7","      999375","        3644"," 94,90",
"17/07/2025  17:40:03,934","   519250000","ECOTEL","22","  84,5","       62500","        1120"," 38,50",
"17/07/2025  17:40:03,934","   525250000"," ","23","  31,1","      999375","      -29694"," 96,90",
"17/07/2025  17:40:03,934","   531250000","TELERAMA","24","  27,8","      999375","        3409"," 93,20",
"17/07/2025  17:40:03,934","   537250000","PLUS TV","25","  70,9","       62500","        4063"," 21,00",
"17/07/2025  17:40:03,934","   543250000","CANAL UNO","26","  30,6","      999375","        7306"," 96,80",
"17/07/2025  17:40:03,934","   549250000"," ","27","  27,5","      999375","        6872"," 95,00",
"17/07/2025  17:40:03,934","   555250000"," ","28","  42,3","      999375","        1062"," 94,10",
"17/07/2025  17:40:03,934","   561250000"," ","29","  41,1","      999375","        2987"," 94,20",
"17/07/2025  17:40:03,934","   567250000","TELEATAHUALPA (RTU)","30","  41,3","      999375","       -7092"," 95,10",
"17/07/2025  17:40:03,934","   573250000"," ","31","  37,7","      999375","       -5734"," 96,20",
"17/07/2025  17:40:03,934","   579250000","TELEVICENTRO TVC","32","  80,3","      125625","        1080"," 37,20",
"17/07/2025  17:40:03,934","   585250000"," ","33","  40,1","      999375","       -6878"," 97,70",
"17/07/2025  17:40:03,934","   591250000","UCSG TELEVISION","34","  31,0","      999375","        1353"," 95,60",
"17/07/2025  17:40:03,934","   603250000","OROMAR","36","  33,7","      999375","        1024"," 97,30",
"17/07/2025  17:40:03,934","   615250000"," ","38","  42,2","      999375","       99623"," 94,60",
"17/07/2025  17:40:03,934","   621250000","CANAL SUR - TELEVISION MUN","39","  73,1","      172500","          51"," 45,90",
"17/07/2025  17:40:03,934","   627250000"," ","40","  34,2","      999375","        4635"," 96,10",
"17/07/2025  17:40:03,934","   633250000"," ","41","  37,2","      999375","       50210"," 96,70",
"17/07/2025  17:40:03,934","   639250000"," ","42","  38,7","      999375","       82788"," 88,00",
"17/07/2025  17:40:03,934","   645250000"," ","43","  34,9","      999375","       -3699"," 95,00",
"17/07/2025  17:40:03,934","   651250000"," ","44","  37,8","      999375","        4306"," 97,50",
"17/07/2025  17:40:03,934","   657250000"," ","45","  37,3","      999375","        1535"," 93,80",
"17/07/2025  17:40:03,934","   663250000"," ","46","  39,4","      999375","         510"," 93,70",
"17/07/2025  17:40:03,934","   669250000"," ","47","  37,7","      999375","        4454"," 93,80",
"17/07/2025  17:40:03,934","   675250000"," ","48","  41,9","      999375","       73037"," 95,60",
"17/07/2025  17:40:03,934","   681250000"," ","49","  47,1","      999375","       97385"," 94,10",
"17/07/2025  17:40:03,934","   687250000"," ","50","  53,0","      999375","        -178"," 97,10",
"17/07/2025  17:40:03,934","   693250000"," ","51","  59,2","      999375","        1595"," 95,90",
"17/07/2025  17:40:57,737","    55250000","CORPORACION ECUATORIANA DE","2","  92,1","      125625","           5"," 56,50",
"17/07/2025  17:40:57,737","    61250000"," ","3","  40,6","      999375","       -6090"," 95,20",
"17/07/2025  17:40:57,737","    67250000","UV TELEVISION","4","  93,3","      188750","         202"," 74,20",
"17/07/2025  17:40:57,737","    77250000","TELEAMAZONAS","5","  85,5","       63125","          10"," 33,30",
"17/07/2025  17:40:57,737","    83250000"," ","6","  65,5","      999375","      -10980"," 96,10",
"17/07/2025  17:40:57,737","   175250000","ECUADOR TV","7","  95,0","      141250","         -16"," 75,70",
"17/07/2025  17:40:57,737","   181250000","CADENA ECUATORIANA DE TELE","8","  80,6","      893125","          46"," 87,90",
"17/07/2025  17:40:57,737","   187250000","RED TELESISTEMA (R.T.S)","9","  89,5","      204375","        -476"," 47,30",
"17/07/2025  17:40:57,737","   193250000"," ","10","  74,1","      942500","      100137"," 93,00",
"17/07/2025  17:40:57,737","   199250000","TELEVISION DEL PACIFICO","11","  72,1","      918125","      117413"," 90,40",
"17/07/2025  17:40:57,737","   205250000"," ","12","  62,5","      907500","      106745"," 95,20",
"17/07/2025  17:40:57,737","   211250000"," ","13","  58,9","      905000","      116719"," 95,60",
"17/07/2025  17:40:57,737","   471250000"," ","14","  27,2","      999375","       -2538"," 93,70",
"17/07/2025  17:40:57,737","   477250000"," ","15","  34,3","      999375","      -25216"," 96,50",
"17/07/2025  17:40:57,737","   483250000"," ","16","  33,6","      999375","      -16289"," 92,60",
"17/07/2025  17:40:57,737","   513250000"," ","21","  31,0","      999375","        1882"," 95,60",
"17/07/2025  17:40:57,737","   519250000","ECOTEL","22","  84,6","      110000","        1108"," 35,00",
"17/07/2025  17:40:57,737","   525250000"," ","23","  31,8","      999375","       -2514"," 95,40",
"17/07/2025  17:40:57,737","   531250000","TELERAMA","24","  29,3","      999375","        3505"," 97,20",
"17/07/2025  17:40:57,737","   537250000","PLUS TV","25","  70,4","       62500","        4069"," 26,40",
"17/07/2025  17:40:57,737","   543250000","CANAL UNO","26","  30,0","      999375","       16851"," 94,70",
"17/07/2025  17:40:57,737","   549250000"," ","27","  27,0","      999375","       -2771"," 96,40",
"17/07/2025  17:40:57,737","   555250000"," ","28","  43,1","      999375","        2341"," 94,90",
"17/07/2025  17:40:57,737","   561250000"," ","29","  40,8","      999375","       -1998"," 95,50",
"17/07/2025  17:40:57,737","   567250000","TELEATAHUALPA (RTU)","30","  40,0","      999375","       -7472"," 94,70",
"17/07/2025  17:40:57,737","   573250000"," ","31","  36,3","      999375","       -5132"," 94,80",
"17/07/2025  17:40:57,737","   579250000","TELEVICENTRO TVC","32","  81,4","      125625","        1083"," 57,90",
"17/07/2025  17:40:57,737","   585250000"," ","33","  41,4","      999375","        1337"," 98,80",
"17/07/2025  17:40:57,737","   591250000","UCSG TELEVISION","34","  35,1","      999375","        -746"," 95,80",
"17/07/2025  17:40:57,737","   603250000","OROMAR","36","  33,2","      999375","        -440"," 97,10",
"17/07/2025  17:40:57,737","   615250000"," ","38","  40,8","      999375","       94622"," 64,20",
"17/07/2025  17:40:57,737","   621250000","CANAL SUR - TELEVISION MUN","39","  72,7","      204375","          50"," 64,40",
"17/07/2025  17:40:57,737","   627250000"," ","40","  36,2","      999375","        5811"," 94,90",
"17/07/2025  17:40:57,737","   633250000"," ","41","  36,8","      999375","       31603"," 95,30",
"17/07/2025  17:40:57,737","   639250000"," ","42","  37,3","      999375","       93044"," 89,70",
"17/07/2025  17:40:57,737","   645250000"," ","43","  36,8","      999375","       -1918"," 96,50",
"17/07/2025  17:40:57,737","   651250000"," ","44","  35,4","      999375","        2796"," 93,40",
"17/07/2025  17:40:57,737","   657250000"," ","45","  36,7","      999375","        5488"," 97,00",
"17/07/2025  17:40:57,737","   663250000"," ","46","  37,6","      999375","        3371"," 92,00",
"17/07/2025  17:40:57,737","   669250000"," ","47","  39,7","      999375","        8902"," 95,10",
"17/07/2025  17:40:57,737","   675250000"," ","48","  41,6","      999375","       66829"," 94,20",
"17/07/2025  17:40:57,737","   681250000"," ","49","  46,7","      999375","       87545"," 85,60",
"17/07/2025  17:40:57,737","   687250000"," ","50","  50,3","      999375","        6325"," 96,80",
"17/07/2025  17:40:57,737","   693250000"," ","51","  55,4","      999375","         263"," 94,50",
"17/07/2025  17:41:49,172","    55250000","CORPORACION ECUATORIANA DE","2","  92,2","      156875","           1"," 65,20",
"17/07/2025  17:41:49,172","    61250000"," ","3","  39,7","      999375","       -6886"," 92,80",
"17/07/2025  17:41:49,172","    67250000","UV TELEVISION","4","  94,1","      171875","         201"," 76,80",
"17/07/2025  17:41:49,172","    77250000","TELEAMAZONAS","5","  87,1","       63125","          12"," 43,90",
"17/07/2025  17:41:49,172","    83250000"," ","6","  65,6","      999375","      -11849"," 95,20",
"17/07/2025  17:41:49,172","   175250000","ECUADOR TV","7","  94,9","      141250","         -16"," 78,60",
"17/07/2025  17:41:49,172","   181250000","CADENA ECUATORIANA DE TELE","8","  80,9","      876875","          35"," 89,40",
"17/07/2025  17:41:49,172","   187250000","RED TELESISTEMA (R.T.S)","9","  89,5","      125625","        -536"," 65,00",
"17/07/2025  17:41:49,172","   193250000"," ","10","  75,3","      931875","      115961"," 91,30",
"17/07/2025  17:41:49,172","   199250000","TELEVISION DEL PACIFICO","11","  72,6","      999375","       95856"," 92,50",
"17/07/2025  17:41:49,172","   205250000"," ","12","  65,2","      880000","      121905"," 93,40",
"17/07/2025  17:41:49,172","   211250000"," ","13","  60,5","      912500","      115603"," 87,20",
"17/07/2025  17:41:49,172","   471250000"," ","14","  24,0","      999375","        -445"," 95,40",
"17/07/2025  17:41:49,172","   477250000"," ","15","  30,3","      999375","      -92236"," 92,90",
"17/07/2025  17:41:49,172","   483250000"," ","16","  28,8","      999375","      -38641"," 92,20",
"17/07/2025  17:41:49,172","   513250000"," ","21","  29,0","      999375","       -9634"," 96,90",
"17/07/2025  17:41:49,172","   519250000","ECOTEL","22","  83,0","       95000","        1125"," 44,20",
"17/07/2025  17:41:49,172","   525250000"," ","23","  32,3","      999375","      -21956"," 94,80",
"17/07/2025  17:41:49,172","   531250000","TELERAMA","24","  28,6","      999375","        8081"," 96,70",
"17/07/2025  17:41:49,172","   537250000","PLUS TV","25","  68,7","       93750","        4067"," 29,20",
"17/07/2025  17:41:49,172","   543250000","CANAL UNO","26","  28,8","      999375","       11713"," 94,60",
"17/07/2025  17:41:49,172","   549250000"," ","27","  43,6","      999375","         263"," 99,20",
"17/07/2025  17:41:49,172","   555250000"," ","28","  42,6","      999375","         416"," 95,20",
"17/07/2025  17:41:49,172","   561250000"," ","29","  40,9","      999375","        -799"," 91,60",
"17/07/2025  17:41:49,172","   567250000","TELEATAHUALPA (RTU)","30","  41,7","      999375","       -7602"," 96,70",
"17/07/2025  17:41:49,172","   573250000"," ","31","  36,2","      999375","       -7648"," 95,00",
"17/07/2025  17:41:49,172","   579250000","TELEVICENTRO TVC","32","  81,1","      125625","        1078"," 80,30",
"17/07/2025  17:41:49,172","   585250000"," ","33","  35,4","      999375","       -3076"," 92,10",
"17/07/2025  17:41:49,172","   591250000","UCSG TELEVISION","34","  34,8","      999375","        3570"," 97,10",
"17/07/2025  17:41:49,172","   603250000","OROMAR","36","  32,2","      999375","          20"," 94,10",
"17/07/2025  17:41:49,172","   615250000"," ","38","  41,0","      999375","       89249"," 88,50",
"17/07/2025  17:41:49,172","   621250000","CANAL SUR - TELEVISION MUN","39","  71,6","      157500","          51"," 55,60",
"17/07/2025  17:41:49,172","   627250000"," ","40","  34,9","      999375","       12529"," 94,70",
"17/07/2025  17:41:49,172","   633250000"," ","41","  43,8","      999375","       44015"," 98,70",
"17/07/2025  17:41:49,172","   639250000"," ","42","  39,2","      999375","       96741"," 92,70",
"17/07/2025  17:41:49,172","   645250000"," ","43","  35,5","      999375","        1227"," 94,30",
"17/07/2025  17:41:49,172","   651250000"," ","44","  35,9","      999375","         160"," 93,80",
"17/07/2025  17:41:49,172","   657250000"," ","45","  37,6","      999375","       -1548"," 97,30",
"17/07/2025  17:41:49,172","   663250000"," ","46","  38,1","      999375","        1521"," 94,70",
"17/07/2025  17:41:49,172","   669250000"," ","47","  37,7","      999375","        4565"," 93,20",
"17/07/2025  17:41:49,172","   675250000"," ","48","  43,0","      999375","       46417"," 95,40",
"17/07/2025  17:41:49,172","   681250000"," ","49","  48,3","      999375","       94023"," 93,60",
"17/07/2025  17:41:49,172","   687250000"," ","50","  51,4","      999375","       -3127"," 98,10",
"17/07/2025  17:41:49,172","   693250000"," ","51","  52,2","      999375","       -2241"," 97,50",
"18/07/2025  7:20:03,877","    55250000","CORPORACION ECUATORIANA DE","2","  92,7","      125625","          19"," 66,70",
"18/07/2025  7:20:03,877","    61250000"," ","3","  40,1","      999375","      -16344"," 94,80",
"18/07/2025  7:20:03,877","    67250000","UV TELEVISION","4","  93,6","      173125","         204"," 29,60",
"18/07/2025  7:20:03,877","    77250000","TELEAMAZONAS","5","  84,9","      125625","          14"," 52,00",
"18/07/2025  7:20:03,877","    83250000"," ","6","  66,8","      999375","       10499"," 94,00",
"18/07/2025  7:20:03,877","   175250000","ECUADOR TV","7","  92,7","      204375","         -16"," 76,70",
"18/07/2025  7:20:03,877","   181250000","CADENA ECUATORIANA DE TELE","8","  78,3","      871875","       61270"," 96,60",
"18/07/2025  7:20:03,877","   187250000","RED TELESISTEMA (R.T.S)","9","  89,4","       94375","        -352"," 52,50",
"18/07/2025  7:20:03,877","   193250000"," ","10","  72,5","      999375","      104034"," 94,90",
"18/07/2025  7:20:03,877","   199250000","TELEVISION DEL PACIFICO","11","  69,2","      921250","      124985"," 95,30",
"18/07/2025  7:20:03,877","   205250000"," ","12","  65,0","      999375","      103610"," 95,10",
"18/07/2025  7:20:03,877","   211250000"," ","13","  61,5","      999375","      119040"," 96,40",
"18/07/2025  7:20:03,877","   471250000"," ","14","  24,0","      999375","        -219"," 96,10",
"18/07/2025  7:20:03,877","   477250000"," ","15","  32,2","      999375","      -93669"," 91,10",
"18/07/2025  7:20:03,877","   483250000"," ","16","  27,8","      999375","      -28975"," 94,90",
"18/07/2025  7:20:03,877","   513250000"," ","21","  28,7","      999375","       21936"," 92,80",
"18/07/2025  7:20:03,877","   519250000","ECOTEL","22","  83,3","      172500","        1002"," 58,90",
"18/07/2025  7:20:03,877","   525250000"," ","23","  30,8","      999375","       17141"," 94,50",
"18/07/2025  7:20:03,877","   531250000","TELERAMA","24","  29,4","      999375","       13037"," 93,30",
"18/07/2025  7:20:03,877","   537250000","PLUS TV","25","  67,3","       94375","        4347"," 54,80",
"18/07/2025  7:20:03,877","   543250000","CANAL UNO","26","  29,1","      999375","        2094"," 95,50",
"18/07/2025  7:20:03,877","   549250000"," ","27","  27,5","      999375","        4835"," 94,80",
"18/07/2025  7:20:03,877","   555250000"," ","28","  42,0","      999375","        3693"," 94,70",
"18/07/2025  7:20:03,877","   561250000"," ","29","  39,7","      999375","        1656"," 94,10",
"18/07/2025  7:20:03,877","   567250000","TELEATAHUALPA (RTU)","30","  40,9","      999375","       -4482"," 96,70",
"18/07/2025  7:20:03,877","   573250000"," ","31","  36,1","      999375","       -4093"," 98,80",
"18/07/2025  7:20:03,877","   579250000","TELEVICENTRO TVC","32","  80,9","       94375","        1085"," 24,00",
"18/07/2025  7:20:03,877","   585250000"," ","33","  33,4","      999375","       -2339"," 96,90",
"18/07/2025  7:20:03,877","   591250000","UCSG TELEVISION","34","  32,2","      999375","         648"," 97,10",
"18/07/2025  7:20:03,877","   603250000","OROMAR","36","  30,9","      999375","        1407"," 92,50",
"18/07/2025  7:20:03,877","   615250000"," ","38","  38,9","      999375","       63397"," 92,70",
"18/07/2025  7:20:03,877","   621250000","CANAL SUR - TELEVISION MUN","39","  72,9","      203750","          47"," 74,90",
"18/07/2025  7:20:03,877","   627250000"," ","40","  33,3","      999375","        2959"," 93,80",
"18/07/2025  7:20:03,877","   633250000"," ","41","  33,5","      999375","       19091"," 93,60",
"18/07/2025  7:20:03,877","   639250000"," ","42","  37,0","      999375","       45953"," 93,40",
"18/07/2025  7:20:03,877","   645250000"," ","43","  35,2","      999375","        2132"," 94,50",
"18/07/2025  7:20:03,877","   651250000"," ","44","  35,6","      999375","        2157"," 95,50",
"18/07/2025  7:20:03,877","   657250000"," ","45","  36,2","      999375","        2966"," 94,90",
"18/07/2025  7:20:03,877","   663250000"," ","46","  37,0","      999375","        5910"," 94,00",
"18/07/2025  7:20:03,877","   669250000"," ","47","  38,5","      999375","        1239"," 93,70",
"18/07/2025  7:20:03,877","   675250000"," ","48","  42,5","      999375","       75635"," 96,30",
"18/07/2025  7:20:03,877","   681250000"," ","49","  46,8","      999375","       96193"," 85,60",
"18/07/2025  7:20:03,877","   687250000"," ","50","  50,4","      999375","       -4508"," 97,00",
"18/07/2025  7:20:03,877","   693250000"," ","51","  51,6","      999375","        1415"," 96,30",
"18/07/2025  7:20:57,669","    55250000","CORPORACION ECUATORIANA DE","2","  92,9","      156875","         -11"," 75,00",
"18/07/2025  7:20:57,669","    61250000"," ","3","  40,4","      999375","      -16039"," 93,90",
"18/07/2025  7:20:57,669","    67250000","UV TELEVISION","4","  94,1","      157500","         170"," 83,90",
"18/07/2025  7:20:57,669","    77250000","TELEAMAZONAS","5","  79,6","       63125","          12"," 36,70",
"18/07/2025  7:20:57,669","    83250000"," ","6","  65,0","      999375","      -13557"," 96,00",
"18/07/2025  7:20:57,669","   175250000","ECUADOR TV","7","  92,2","      141250","         -16"," 94,40",
"18/07/2025  7:20:57,669","   181250000","CADENA ECUATORIANA DE TELE","8","  77,6","      851250","       44629"," 96,60",
"18/07/2025  7:20:57,669","   187250000","RED TELESISTEMA (R.T.S)","9","  89,2","       62500","        -377"," 39,20",
"18/07/2025  7:20:57,669","   193250000"," ","10","  73,4","      922500","      110370"," 93,60",
"18/07/2025  7:20:57,669","   199250000","TELEVISION DEL PACIFICO","11","  69,6","      919375","      119562"," 93,50",
"18/07/2025  7:20:57,669","   205250000"," ","12","  66,1","      935625","       49949"," 94,40",
"18/07/2025  7:20:57,669","   211250000"," ","13","  60,0","      999375","      121008"," 94,70",
"18/07/2025  7:20:57,669","   471250000"," ","14","  23,8","      999375","        5045"," 97,50",
"18/07/2025  7:20:57,669","   477250000"," ","15","  30,8","      999375","      -91828"," 88,70",
"18/07/2025  7:20:57,669","   483250000"," ","16","  28,0","      999375","      -42081"," 94,80",
"18/07/2025  7:20:57,669","   513250000"," ","21","  33,3","      999375","      -31538"," 95,50",
"18/07/2025  7:20:57,669","   519250000","ECOTEL","22","  82,8","       95000","        1008"," 27,10",
"18/07/2025  7:20:57,669","   525250000"," ","23","  32,5","      999375","       -6953"," 95,00",
"18/07/2025  7:20:57,669","   531250000","TELERAMA","24","  29,4","      999375","        3948"," 95,50",
"18/07/2025  7:20:57,669","   537250000","PLUS TV","25","  68,0","       94375","        4346"," 59,70",
"18/07/2025  7:20:57,669","   543250000","CANAL UNO","26","  30,3","      999375","        1752"," 97,70",
"18/07/2025  7:20:57,669","   549250000"," ","27","  27,7","      999375","        1608"," 94,90",
"18/07/2025  7:20:57,669","   555250000"," ","28","  43,0","      999375","         643"," 94,00",
"18/07/2025  7:20:57,669","   561250000"," ","29","  40,5","      999375","        -284"," 92,00",
"18/07/2025  7:20:57,669","   567250000","TELEATAHUALPA (RTU)","30","  42,2","      999375","       -5996"," 96,50",
"18/07/2025  7:20:57,669","   573250000"," ","31","  37,5","      999375","       -1444"," 95,10",
"18/07/2025  7:20:57,669","   579250000","TELEVICENTRO TVC","32","  79,8","      125625","        1083"," 65,40",
"18/07/2025  7:20:57,669","   585250000"," ","33","  34,0","      999375","        2581"," 96,60",
"18/07/2025  7:20:57,669","   591250000","UCSG TELEVISION","34","  40,4","      999375","       -2077"," 97,80",
"18/07/2025  7:20:57,669","   603250000","OROMAR","36","  34,0","      999375","        4236"," 96,60",
"18/07/2025  7:20:57,669","   615250000"," ","38","  39,4","      999375","       97248"," 93,30",
"18/07/2025  7:20:57,669","   621250000","CANAL SUR - TELEVISION MUN","39","  71,3","      220000","          46"," 74,90",
"18/07/2025  7:20:57,669","   627250000"," ","40","  34,9","      999375","        -150"," 95,70",
"18/07/2025  7:20:57,669","   633250000"," ","41","  34,0","      999375","       18048"," 95,40",
"18/07/2025  7:20:57,669","   639250000"," ","42","  37,0","      999375","       60206"," 92,60",
"18/07/2025  7:20:57,669","   645250000"," ","43","  35,0","      999375","         248"," 96,80",
"18/07/2025  7:20:57,669","   651250000"," ","44","  37,9","      999375","        2085"," 96,30",
"18/07/2025  7:20:57,669","   657250000"," ","45","  36,0","      999375","         489"," 93,60",
"18/07/2025  7:20:57,669","   663250000"," ","46","  36,5","      999375","        -332"," 94,80",
"18/07/2025  7:20:57,669","   669250000"," ","47","  41,3","      999375","        1296"," 94,90",
"18/07/2025  7:20:57,669","   675250000"," ","48","  40,8","      999375","       52616"," 94,20",
"18/07/2025  7:20:57,669","   681250000"," ","49","  46,0","      999375","      103940"," 84,60",
"18/07/2025  7:20:57,669","   687250000"," ","50","  51,2","      999375","        4620"," 98,50",
"18/07/2025  7:20:57,669","   693250000"," ","51","  53,1","      999375","       -1391"," 97,80",
"18/07/2025  7:21:49,115","    55250000","CORPORACION ECUATORIANA DE","2","  93,2","      235625","         -31"," 96,50",
"18/07/2025  7:21:49,115","    61250000"," ","3","  43,1","      999375","      -24245"," 96,40",
"18/07/2025  7:21:49,115","    67250000","UV TELEVISION","4","  92,3","      141250","         176"," 57,00",
"18/07/2025  7:21:49,115","    77250000","TELEAMAZONAS","5","  83,6","       63125","          10"," 65,90",
"18/07/2025  7:21:49,115","    83250000"," ","6","  67,6","      999375","       12867"," 97,30",
"18/07/2025  7:21:49,115","   175250000","ECUADOR TV","7","  92,5","      141250","         -14"," 95,30",
"18/07/2025  7:21:49,115","   181250000","CADENA ECUATORIANA DE TELE","8","  78,3","      873750","       27969"," 93,50",
"18/07/2025  7:21:49,115","   187250000","RED TELESISTEMA (R.T.S)","9","  90,4","       94375","        -503"," 43,80",
"18/07/2025  7:21:49,115","   193250000"," ","10","  72,0","      915000","      102960"," 94,70",
"18/07/2025  7:21:49,115","   199250000","TELEVISION DEL PACIFICO","11","  69,5","      997500","      117971"," 92,40",
"18/07/2025  7:21:49,115","   205250000"," ","12","  63,5","      999375","      112373"," 90,80",
"18/07/2025  7:21:49,115","   211250000"," ","13","  62,5","      999375","      104128"," 94,30",
"18/07/2025  7:21:49,115","   471250000"," ","14","  24,5","      999375","        -640"," 95,10",
"18/07/2025  7:21:49,115","   477250000"," ","15","  30,5","      999375","     -103358"," 91,80",
"18/07/2025  7:21:49,115","   483250000"," ","16","  27,7","      999375","      -28656"," 94,20",
"18/07/2025  7:21:49,115","   513250000"," ","21","  28,0","      999375","        2460"," 94,80",
"18/07/2025  7:21:49,115","   519250000","ECOTEL","22","  82,3","      157500","        1005"," 59,30",
"18/07/2025  7:21:49,115","   525250000"," ","23","  30,4","      999375","       -1298"," 96,80",
"18/07/2025  7:21:49,115","   531250000","TELERAMA","24","  28,9","      999375","        6620"," 96,60",
"18/07/2025  7:21:49,115","   537250000","PLUS TV","25","  66,1","       94375","        4350"," 46,70",
"18/07/2025  7:21:49,115","   543250000","CANAL UNO","26","  30,6","      999375","        7721"," 96,10",
"18/07/2025  7:21:49,115","   549250000"," ","27","  28,4","      999375","        -101"," 95,30",
"18/07/2025  7:21:49,115","   555250000"," ","28","  42,3","      999375","        1079"," 94,00",
"18/07/2025  7:21:49,115","   561250000"," ","29","  41,6","      999375","        2264"," 96,60",
"18/07/2025  7:21:49,115","   567250000","TELEATAHUALPA (RTU)","30","  40,9","      999375","       -8788"," 93,80",
"18/07/2025  7:21:49,115","   573250000"," ","31","  37,2","      999375","       -5135"," 95,20",
"18/07/2025  7:21:49,115","   579250000","TELEVICENTRO TVC","32","  77,9","      125625","        1094"," 19,70",
"18/07/2025  7:21:49,115","   585250000"," ","33","  33,5","      999375","         436"," 95,40",
"18/07/2025  7:21:49,115","   591250000","UCSG TELEVISION","34","  32,8","      999375","        -720"," 94,90",
"18/07/2025  7:21:49,115","   603250000","OROMAR","36","  35,8","      999375","       -4502"," 95,60",
"18/07/2025  7:21:49,115","   615250000"," ","38","  40,1","      999375","       80101"," 87,90",
"18/07/2025  7:21:49,115","   621250000","CANAL SUR - TELEVISION MUN","39","  69,8","      220000","          48"," 76,50",
"18/07/2025  7:21:49,115","   627250000"," ","40","  34,0","      999375","        4042"," 91,90",
"18/07/2025  7:21:49,115","   633250000"," ","41","  34,3","      999375","       17568"," 97,50",
"18/07/2025  7:21:49,115","   639250000"," ","42","  38,8","      999375","       53612"," 94,40",
"18/07/2025  7:21:49,115","   645250000"," ","43","  34,5","      999375","        2290"," 94,00",
"18/07/2025  7:21:49,115","   651250000"," ","44","  36,1","      999375","        2426"," 95,10",
"18/07/2025  7:21:49,115","   657250000"," ","45","  37,1","      999375","        2012"," 95,40",
"18/07/2025  7:21:49,115","   663250000"," ","46","  37,5","      999375","        1538"," 93,60",
"18/07/2025  7:21:49,115","   669250000"," ","47","  38,8","      999375","        1262"," 94,30",
"18/07/2025  7:21:49,115","   675250000"," ","48","  40,6","      999375","       51373"," 92,50",
"18/07/2025  7:21:49,115","   681250000"," ","49","  47,7","      999375","      118742"," 92,10",
"18/07/2025  7:21:49,115","   687250000"," ","50","  50,1","      999375","       -1486"," 97,90",
"18/07/2025  7:21:49,115","   693250000"," ","51","  53,6","      999375","       -3164"," 97,50",
"18/07/2025  17:40:03,860","    55250000","CORPORACION ECUATORIANA DE","2","  92,6","      125625","          26"," 65,90",
"18/07/2025  17:40:03,860","    61250000"," ","3","  40,2","      999375","      -10358"," 92,20",
"18/07/2025  17:40:03,860","    67250000","UV TELEVISION","4","  92,7","      141250","         201"," 26,00",
"18/07/2025  17:40:03,860","    77250000","TELEAMAZONAS","5","  82,1","      110000","          10"," 49,20",
"18/07/2025  17:40:03,860","    83250000"," ","6","  59,5","      999375","      -22453"," 93,90",
"18/07/2025  17:40:03,860","   175250000","ECUADOR TV","7","  91,5","      125625","         -16"," 70,90",
"18/07/2025  17:40:03,860","   181250000","CADENA ECUATORIANA DE TELE","8","  82,5","      204375","         221"," 63,90",
"18/07/2025  17:40:03,860","   187250000","RED TELESISTEMA (R.T.S)","9","  88,7","      125625","        -473"," 43,80",
"18/07/2025  17:40:03,860","   193250000"," ","10","  68,3","      910625","      110469"," 94,40",
"18/07/2025  17:40:03,860","   199250000","TELEVISION DEL PACIFICO","11","  68,0","      911875","      115990"," 90,60",
"18/07/2025  17:40:03,860","   205250000"," ","12","  64,9","      909375","      106836"," 94,00",
"18/07/2025  17:40:03,860","   211250000"," ","13","  59,8","      999375","      115617"," 95,40",
"18/07/2025  17:40:03,860","   471250000"," ","14","  25,2","      999375","        4357"," 97,90",
"18/07/2025  17:40:03,860","   477250000"," ","15","  30,3","      999375","      -91814"," 86,50",
"18/07/2025  17:40:03,860","   483250000"," ","16","  26,9","      999375","      -26372"," 92,40",
"18/07/2025  17:40:03,860","   513250000"," ","21","  28,1","      999375","      -17335"," 96,30",
"18/07/2025  17:40:03,860","   519250000","ECOTEL","22","  83,8","      157500","        1037"," 59,80",
"18/07/2025  17:40:03,860","   525250000"," ","23","  31,1","      999375","       -4285"," 92,80",
"18/07/2025  17:40:03,860","   531250000","TELERAMA","24","  30,2","      999375","      -22723"," 96,40",
"18/07/2025  17:40:03,860","   537250000","PLUS TV","25","  67,3","       63125","        4274"," 36,30",
"18/07/2025  17:40:03,860","   543250000","CANAL UNO","26","  28,4","      999375","       18105"," 93,10",
"18/07/2025  17:40:03,860","   549250000"," ","27","  34,7","      999375","        2327"," 95,90",
"18/07/2025  17:40:03,860","   555250000"," ","28","  40,0","      999375","       -1013"," 95,20",
"18/07/2025  17:40:03,860","   561250000"," ","29","  38,4","      999375","       -4392"," 93,70",
"18/07/2025  17:40:03,860","   567250000","TELEATAHUALPA (RTU)","30","  41,0","      999375","       -8890"," 96,10",
"18/07/2025  17:40:03,860","   573250000"," ","31","  36,5","      999375","      -10390"," 96,10",
"18/07/2025  17:40:03,860","   579250000","TELEVICENTRO TVC","32","  80,8","      156875","        1141"," 47,00",
"18/07/2025  17:40:03,860","   585250000"," ","33","  34,9","      999375","       -3450"," 93,30",
"18/07/2025  17:40:03,860","   591250000","UCSG TELEVISION","34","  33,4","      999375","       -4143"," 96,40",
"18/07/2025  17:40:03,860","   603250000","OROMAR","36","  32,1","      999375","        2127"," 95,10",
"18/07/2025  17:40:03,860","   615250000"," ","38","  39,3","      999375","       88649"," 94,50",
"18/07/2025  17:40:03,860","   621250000","CANAL SUR - TELEVISION MUN","39","  70,8","      204375","          46"," 67,30",
"18/07/2025  17:40:03,860","   627250000"," ","40","  34,2","      999375","        1256"," 93,10",
"18/07/2025  17:40:03,860","   633250000"," ","41","  35,2","      999375","       22652"," 92,60",
"18/07/2025  17:40:03,860","   639250000"," ","42","  37,8","      999375","       87601"," 95,60",
"18/07/2025  17:40:03,860","   645250000"," ","43","  36,1","      999375","         171"," 96,20",
"18/07/2025  17:40:03,860","   651250000"," ","44","  36,8","      999375","        -239"," 96,80",
"18/07/2025  17:40:03,860","   657250000"," ","45","  36,7","      999375","        2733"," 94,10",
"18/07/2025  17:40:03,860","   663250000"," ","46","  37,9","      999375","       -2785"," 97,90",
"18/07/2025  17:40:03,860","   669250000"," ","47","  37,9","      999375","        3346"," 93,90",
"18/07/2025  17:40:03,860","   675250000"," ","48","  41,4","      999375","       55311"," 95,30",
"18/07/2025  17:40:03,860","   681250000"," ","49","  46,9","      999375","      106502"," 94,70",
"18/07/2025  17:40:03,860","   687250000"," ","50","  54,5","      999375","       -3222"," 96,40",
"18/07/2025  17:40:03,860","   693250000"," ","51","  56,6","      999375","          37"," 97,80",
"18/07/2025  17:40:57,663","    55250000","CORPORACION ECUATORIANA DE","2","  92,5","      156875","         -20"," 55,90",
"18/07/2025  17:40:57,663","    61250000"," ","3","  40,1","      999375","      -49387"," 94,30",
"18/07/2025  17:40:57,663","    67250000","UV TELEVISION","4","  92,1","      141875","         182"," 74,70",
"18/07/2025  17:40:57,663","    77250000","TELEAMAZONAS","5","  81,3","       94375","          10"," 37,00",
"18/07/2025  17:40:57,663","    83250000"," ","6","  59,9","      999375","      -20975"," 94,10",
"18/07/2025  17:40:57,663","   175250000","ECUADOR TV","7","  91,5","       94375","         -17"," 58,50",
"18/07/2025  17:40:57,663","   181250000","CADENA ECUATORIANA DE TELE","8","  82,8","      220000","         138"," 66,50",
"18/07/2025  17:40:57,663","   187250000","RED TELESISTEMA (R.T.S)","9","  89,3","      125000","        -506"," 55,60",
"18/07/2025  17:40:57,663","   193250000"," ","10","  71,2","      903125","      101281"," 94,00",
"18/07/2025  17:40:57,663","   199250000","TELEVISION DEL PACIFICO","11","  69,3","      931250","      115632"," 95,30",
"18/07/2025  17:40:57,663","   205250000"," ","12","  63,4","      896875","      103358"," 95,20",
"18/07/2025  17:40:57,663","   211250000"," ","13","  61,2","      999375","      110852"," 92,40",
"18/07/2025  17:40:57,663","   471250000"," ","14","  24,0","      999375","         -14"," 95,50",
"18/07/2025  17:40:57,663","   477250000"," ","15","  29,9","      999375","      -90426"," 90,40",
"18/07/2025  17:40:57,663","   483250000"," ","16","  28,8","      999375","      -51047"," 96,90",
"18/07/2025  17:40:57,663","   513250000"," ","21","  28,0","      999375","       -6658"," 94,80",
"18/07/2025  17:40:57,663","   519250000","ECOTEL","22","  83,0","      141875","        1031"," 50,20",
"18/07/2025  17:40:57,663","   525250000"," ","23","  29,2","      999375","      -43950"," 94,70",
"18/07/2025  17:40:57,663","   531250000","TELERAMA","24","  28,2","      999375","       -1403"," 95,20",
"18/07/2025  17:40:57,663","   537250000","PLUS TV","25","  68,3","       46875","        4276"," 32,80",
"18/07/2025  17:40:57,663","   543250000","CANAL UNO","26","  30,3","      999375","       14161"," 96,20",
"18/07/2025  17:40:57,663","   549250000"," ","27","  28,9","      999375","        3665"," 95,60",
"18/07/2025  17:40:57,663","   555250000"," ","28","  39,1","      999375","        1997"," 93,50",
"18/07/2025  17:40:57,663","   561250000"," ","29","  39,9","      999375","       -2312"," 96,30",
"18/07/2025  17:40:57,663","   567250000","TELEATAHUALPA (RTU)","30","  41,3","      999375","       -7450"," 95,80",
"18/07/2025  17:40:57,663","   573250000"," ","31","  36,8","      999375","       -7386"," 94,20",
"18/07/2025  17:40:57,663","   579250000","TELEVICENTRO TVC","32","  80,9","       94375","        1137"," 53,00",
"18/07/2025  17:40:57,663","   585250000"," ","33","  35,7","      999375","        -113"," 97,20",
"18/07/2025  17:40:57,663","   591250000","UCSG TELEVISION","34","  34,1","      999375","        -428"," 95,40",
"18/07/2025  17:40:57,663","   603250000","OROMAR","36","  33,3","      999375","       -3617"," 96,50",
"18/07/2025  17:40:57,663","   615250000"," ","38","  39,2","      999375","       72543"," 93,90",
"18/07/2025  17:40:57,663","   621250000","CANAL SUR - TELEVISION MUN","39","  69,6","      125625","          54"," 89,80",
"18/07/2025  17:40:57,663","   627250000"," ","40","  33,8","      999375","        3222"," 94,40",
"18/07/2025  17:40:57,663","   633250000"," ","41","  34,4","      999375","       23488"," 95,20",
"18/07/2025  17:40:57,663","   639250000"," ","42","  39,1","      999375","       87997"," 94,00",
"18/07/2025  17:40:57,663","   645250000"," ","43","  36,3","      999375","        1576"," 99,10",
"18/07/2025  17:40:57,663","   651250000"," ","44","  37,6","      999375","        3779"," 94,90",
"18/07/2025  17:40:57,663","   657250000"," ","45","  37,0","      999375","         767"," 97,10",
"18/07/2025  17:40:57,663","   663250000"," ","46","  37,6","      999375","        3356"," 94,40",
"18/07/2025  17:40:57,663","   669250000"," ","47","  37,9","      999375","        3687"," 95,70",
"18/07/2025  17:40:57,663","   675250000"," ","48","  40,0","      999375","       43724"," 94,50",
"18/07/2025  17:40:57,663","   681250000"," ","49","  48,2","      999375","      112476"," 86,70",
"18/07/2025  17:40:57,663","   687250000"," ","50","  53,8","      999375","        5098"," 97,50",
"18/07/2025  17:40:57,663","   693250000"," ","51","  54,2","      999375","        6156"," 96,90",
"18/07/2025  17:41:49,114","    55250000","CORPORACION ECUATORIANA DE","2","  92,3","      204375","          -9"," 32,90",
"18/07/2025  17:41:49,114","    61250000"," ","3","  41,2","      999375","      -16135"," 94,80",
"18/07/2025  17:41:49,114","    67250000","UV TELEVISION","4","  91,8","      156875","         180"," 75,30",
"18/07/2025  17:41:49,114","    77250000","TELEAMAZONAS","5","  77,8","       63125","          10"," 31,50",
"18/07/2025  17:41:49,114","    83250000"," ","6","  61,0","      999375","      -15027"," 93,10",
"18/07/2025  17:41:49,114","   175250000","ECUADOR TV","7","  91,3","      125625","         -16"," 58,30",
"18/07/2025  17:41:49,114","   181250000","CADENA ECUATORIANA DE TELE","8","  83,0","      298125","         342"," 32,30",
"18/07/2025  17:41:49,114","   187250000","RED TELESISTEMA (R.T.S)","9","  89,1","       63125","        -429"," 39,80",
"18/07/2025  17:41:49,114","   193250000"," ","10","  70,7","      910000","      103292"," 95,10",
"18/07/2025  17:41:49,114","   199250000","TELEVISION DEL PACIFICO","11","  70,6","      908125","      110225"," 96,30",
"18/07/2025  17:41:49,114","   205250000"," ","12","  64,1","      878125","      121616"," 94,80",
"18/07/2025  17:41:49,114","   211250000"," ","13","  59,7","      999375","      109991"," 94,30",
"18/07/2025  17:41:49,114","   471250000"," ","14","  25,0","      999375","          70"," 93,30",
"18/07/2025  17:41:49,114","   477250000"," ","15","  31,9","      999375","      -91405"," 90,50",
"18/07/2025  17:41:49,114","   483250000"," ","16","  27,9","      999375","      -45826"," 96,10",
"18/07/2025  17:41:49,114","   513250000"," ","21","  26,3","      999375","      -15694"," 95,50",
"18/07/2025  17:41:49,114","   519250000","ECOTEL","22","  84,0","      125625","        1033"," 64,50",
"18/07/2025  17:41:49,114","   525250000"," ","23","  31,1","      999375","      -43700"," 96,70",
"18/07/2025  17:41:49,114","   531250000","TELERAMA","24","  27,9","      999375","       -2990"," 94,20",
"18/07/2025  17:41:49,114","   537250000","PLUS TV","25","  67,4","       31875","        4279"," 41,20",
"18/07/2025  17:41:49,114","   543250000","CANAL UNO","26","  30,0","      999375","        9857"," 94,50",
"18/07/2025  17:41:49,114","   549250000"," ","27","  29,6","      999375","         343"," 97,30",
"18/07/2025  17:41:49,114","   555250000"," ","28","  39,7","      999375","        1011"," 95,90",
"18/07/2025  17:41:49,114","   561250000"," ","29","  40,0","      999375","       -4254"," 96,50",
"18/07/2025  17:41:49,114","   567250000","TELEATAHUALPA (RTU)","30","  42,3","      999375","       -7583"," 96,70",
"18/07/2025  17:41:49,114","   573250000"," ","31","  36,1","      999375","       -7528"," 96,70",
"18/07/2025  17:41:49,114","   579250000","TELEVICENTRO TVC","32","  81,3","      125625","        1137"," 50,70",
"18/07/2025  17:41:49,114","   585250000"," ","33","  35,1","      999375","       -1337"," 96,80",
"18/07/2025  17:41:49,114","   591250000","UCSG TELEVISION","34","  34,1","      999375","       -1683"," 96,40",
"18/07/2025  17:41:49,114","   603250000","OROMAR","36","  33,3","      999375","       -3116"," 96,30",
"18/07/2025  17:41:49,114","   615250000"," ","38","  39,1","      999375","       83810"," 87,30",
"18/07/2025  17:41:49,114","   621250000","CANAL SUR - TELEVISION MUN","39","  72,4","      125625","          46"," 49,30",
"18/07/2025  17:41:49,114","   627250000"," ","40","  33,6","      999375","        -624"," 95,00",
"18/07/2025  17:41:49,114","   633250000"," ","41","  37,1","      999375","        8119"," 96,50",
"18/07/2025  17:41:49,114","   639250000"," ","42","  38,0","      999375","       75841"," 93,00",
"18/07/2025  17:41:49,114","   645250000"," ","43","  35,2","      999375","         -96"," 93,80",
"18/07/2025  17:41:49,114","   651250000"," ","44","  36,9","      999375","         750"," 95,50",
"18/07/2025  17:41:49,114","   657250000"," ","45","  36,4","      999375","        5970"," 95,00",
"18/07/2025  17:41:49,114","   663250000"," ","46","  37,0","      999375","         337"," 96,60",
"18/07/2025  17:41:49,114","   669250000"," ","47","  38,5","      999375","         717"," 95,40",
"18/07/2025  17:41:49,114","   675250000"," ","48","  41,2","      999375","       66819"," 93,20",
"18/07/2025  17:41:49,114","   681250000"," ","49","  45,1","      999375","      117406"," 87,60",
"18/07/2025  17:41:49,114","   687250000"," ","50","  52,6","      999375","       -3046"," 95,10",
"18/07/2025  17:41:49,114","   693250000"," ","51","  52,0","      999375","        2438"," 99,20",
"19/07/2025  7:20:03,838","    55250000","CORPORACION ECUATORIANA DE","2","  92,9","      141250","         -20"," 77,80",
"19/07/2025  7:20:03,838","    61250000"," ","3","  39,0","      999375","      -15968"," 93,90",
"19/07/2025  7:20:03,838","    67250000","UV TELEVISION","4","  94,9","      157500","         208"," 30,70",
"19/07/2025  7:20:03,838","    77250000","TELEAMAZONAS","5","  83,5","      125625","           9"," 52,90",
"19/07/2025  7:20:03,838","    83250000"," ","6","  66,8","      999375","      -35973"," 92,00",
"19/07/2025  7:20:03,838","   175250000","ECUADOR TV","7","  95,9","      126250","         -15"," 76,10",
"19/07/2025  7:20:03,838","   181250000","CADENA ECUATORIANA DE TELE","8","  78,1","      905000","       13438"," 97,60",
"19/07/2025  7:20:03,838","   187250000","RED TELESISTEMA (R.T.S)","9","  89,5","      109375","        -424"," 49,00",
"19/07/2025  7:20:03,838","   193250000"," ","10","  75,8","      999375","      109253"," 95,40",
"19/07/2025  7:20:03,838","   199250000","TELEVISION DEL PACIFICO","11","  70,0","      998125","      105475"," 92,80",
"19/07/2025  7:20:03,838","   205250000"," ","12","  65,2","      999375","      101926"," 90,10",
"19/07/2025  7:20:03,838","   211250000"," ","13","  59,3","      891250","      124481"," 91,40",
"19/07/2025  7:20:03,838","   471250000"," ","14","  23,9","      999375","       -1477"," 94,20",
"19/07/2025  7:20:03,838","   477250000"," ","15","  30,7","      999375","      -86052"," 94,10",
"19/07/2025  7:20:03,838","   483250000"," ","16","  26,2","      999375","      -48778"," 96,50",
"19/07/2025  7:20:03,838","   513250000"," ","21","  27,7","      999375","      -19334"," 95,90",
"19/07/2025  7:20:03,838","   519250000","ECOTEL","22","  83,9","      110000","         994"," 52,70",
"19/07/2025  7:20:03,838","   525250000"," ","23","  28,9","      999375","      -38107"," 93,90",
"19/07/2025  7:20:03,838","   531250000","TELERAMA","24","  28,9","      999375","        7427"," 96,60",
"19/07/2025  7:20:03,838","   537250000","PLUS TV","25","  68,6","      125625","        4308"," 50,90",
"19/07/2025  7:20:03,838","   543250000","CANAL UNO","26","  28,3","      999375","        8171"," 94,60",
"19/07/2025  7:20:03,838","   549250000"," ","27","  28,5","      999375","        4636"," 94,10",
"19/07/2025  7:20:03,838","   555250000"," ","28","  43,4","      999375","        2534"," 94,50",
"19/07/2025  7:20:03,838","   561250000"," ","29","  40,5","      999375","       -6082"," 97,00",
"19/07/2025  7:20:03,838","   567250000","TELEATAHUALPA (RTU)","30","  41,5","      999375","      -12158"," 94,70",
"19/07/2025  7:20:03,838","   573250000"," ","31","  36,2","      999375","       -8797"," 95,60",
"19/07/2025  7:20:03,838","   579250000","TELEVICENTRO TVC","32","  80,2","      110000","        1173"," 42,00",
"19/07/2025  7:20:03,838","   585250000"," ","33","  40,0","      999375","       -7768"," 97,30",
"19/07/2025  7:20:03,838","   591250000","UCSG TELEVISION","34","  32,6","      999375","         708"," 96,00",
"19/07/2025  7:20:03,838","   603250000","OROMAR","36","  32,5","      999375","         288"," 97,30",
"19/07/2025  7:20:03,838","   615250000"," ","38","  40,2","      999375","       69489"," 93,60",
"19/07/2025  7:20:03,838","   621250000","CANAL SUR - TELEVISION MUN","39","  71,7","      204375","          55"," 70,60",
"19/07/2025  7:20:03,838","   627250000"," ","40","  35,1","      999375","        2305"," 96,10",
"19/07/2025  7:20:03,838","   633250000"," ","41","  34,3","      999375","       32015"," 95,80",
"19/07/2025  7:20:03,838","   639250000"," ","42","  38,2","      999375","       83052"," 93,40",
"19/07/2025  7:20:03,838","   645250000"," ","43","  36,3","      999375","        7997"," 97,80",
"19/07/2025  7:20:03,838","   651250000"," ","44","  36,1","      999375","        -203"," 93,30",
"19/07/2025  7:20:03,838","   657250000"," ","45","  36,7","      999375","        1501"," 96,20",
"19/07/2025  7:20:03,838","   663250000"," ","46","  37,8","      999375","        2410"," 94,60",
"19/07/2025  7:20:03,838","   669250000"," ","47","  38,5","      999375","        1877"," 96,10",
"19/07/2025  7:20:03,838","   675250000"," ","48","  41,5","      999375","       55543"," 94,20",
"19/07/2025  7:20:03,838","   681250000"," ","49","  46,8","      999375","       87825"," 91,90",
"19/07/2025  7:20:03,838","   687250000"," ","50","  53,1","      999375","          40"," 93,80",
"19/07/2025  7:20:03,838","   693250000"," ","51","  59,1","      999375","        3162"," 96,60",
"19/07/2025  7:20:57,632","    55250000","CORPORACION ECUATORIANA DE","2","  93,1","      188125","         -41"," 95,20",
"19/07/2025  7:20:57,632","    61250000"," ","3","  41,5","      999375","      -12851"," 95,50",
"19/07/2025  7:20:57,632","    67250000","UV TELEVISION","4","  94,1","      157500","         181"," 66,50",
"19/07/2025  7:20:57,632","    77250000","TELEAMAZONAS","5","  82,1","       46875","           9"," 25,80",
"19/07/2025  7:20:57,632","    83250000"," ","6","  65,2","      999375","       -8531"," 96,50",
"19/07/2025  7:20:57,632","   175250000","ECUADOR TV","7","  96,1","      126250","         -17"," 85,70",
"19/07/2025  7:20:57,632","   181250000","CADENA ECUATORIANA DE TELE","8","  77,1","      876250","       31824"," 96,10",
"19/07/2025  7:20:57,632","   187250000","RED TELESISTEMA (R.T.S)","9","  89,7","       78125","        -441"," 48,90",
"19/07/2025  7:20:57,632","   193250000"," ","10","  71,7","      996875","      104759"," 95,90",
"19/07/2025  7:20:57,632","   199250000","TELEVISION DEL PACIFICO","11","  72,2","      938125","      108822"," 92,80",
"19/07/2025  7:20:57,632","   205250000"," ","12","  65,2","      999375","      119537"," 98,10",
"19/07/2025  7:20:57,632","   211250000"," ","13","  55,7","      898750","      116834"," 83,60",
"19/07/2025  7:20:57,632","   471250000"," ","14","  24,1","      999375","        6281"," 93,50",
"19/07/2025  7:20:57,632","   477250000"," ","15","  31,7","      999375","      -90773"," 95,80",
"19/07/2025  7:20:57,632","   483250000"," ","16","  27,2","      999375","      -39114"," 91,40",
"19/07/2025  7:20:57,632","   513250000"," ","21","  28,8","      999375","      -17523"," 93,70",
"19/07/2025  7:20:57,632","   519250000","ECOTEL","22","  83,4","      125000","        1000"," 50,70",
"19/07/2025  7:20:57,632","   525250000"," ","23","  29,7","      999375","      -17296"," 96,40",
"19/07/2025  7:20:57,632","   531250000","TELERAMA","24","  28,4","      999375","        5888"," 95,80",
"19/07/2025  7:20:57,632","   537250000","PLUS TV","25","  70,4","       93750","        4307"," 39,90",
"19/07/2025  7:20:57,632","   543250000","CANAL UNO","26","  30,6","      999375","        9921"," 95,30",
"19/07/2025  7:20:57,632","   549250000"," ","27","  28,4","      999375","        3773"," 96,90",
"19/07/2025  7:20:57,632","   555250000"," ","28","  42,2","      999375","        7179"," 95,00",
"19/07/2025  7:20:57,632","   561250000"," ","29","  39,6","      999375","       -2070"," 96,50",
"19/07/2025  7:20:57,632","   567250000","TELEATAHUALPA (RTU)","30","  42,4","      999375","       -2080"," 95,60",
"19/07/2025  7:20:57,632","   573250000"," ","31","  36,8","      999375","      -12098"," 93,90",
"19/07/2025  7:20:57,632","   579250000","TELEVICENTRO TVC","32","  80,2","      141250","        1171"," 57,40",
"19/07/2025  7:20:57,632","   585250000"," ","33","  39,6","      999375","       -5039"," 96,80",
"19/07/2025  7:20:57,632","   591250000","UCSG TELEVISION","34","  32,0","      999375","        3557"," 96,40",
"19/07/2025  7:20:57,632","   603250000","OROMAR","36","  33,2","      999375","       -3226"," 93,00",
"19/07/2025  7:20:57,632","   615250000"," ","38","  41,2","      999375","       82419"," 91,40",
"19/07/2025  7:20:57,632","   621250000","CANAL SUR - TELEVISION MUN","39","  74,0","      125625","          50"," 55,40",
"19/07/2025  7:20:57,632","   627250000"," ","40","  34,9","      999375","        6679"," 92,90",
"19/07/2025  7:20:57,632","   633250000"," ","41","  34,1","      999375","       27332"," 96,40",
"19/07/2025  7:20:57,632","   639250000"," ","42","  38,7","      999375","       79896"," 89,40",
"19/07/2025  7:20:57,632","   645250000"," ","43","  34,9","      999375","          35"," 95,70",
"19/07/2025  7:20:57,632","   651250000"," ","44","  36,6","      999375","        5456"," 94,40",
"19/07/2025  7:20:57,632","   657250000"," ","45","  36,2","      999375","       -2648"," 95,00",
"19/07/2025  7:20:57,632","   663250000"," ","46","  39,1","      999375","        6931"," 95,00",
"19/07/2025  7:20:57,632","   669250000"," ","47","  39,3","      999375","        9879"," 94,30",
"19/07/2025  7:20:57,632","   675250000"," ","48","  41,6","      999375","       42573"," 99,30",
"19/07/2025  7:20:57,632","   681250000"," ","49","  46,8","      999375","       99155"," 76,60",
"19/07/2025  7:20:57,632","   687250000"," ","50","  48,1","      999375","        5578"," 96,30",
"19/07/2025  7:20:57,632","   693250000"," ","51","  51,6","      999375","        4644"," 96,90",
"19/07/2025  7:21:49,081","    55250000","CORPORACION ECUATORIANA DE","2","  93,0","      188125","         -14"," 89,90",
"19/07/2025  7:21:49,081","    61250000"," ","3","  39,6","      999375","      -26113"," 93,20",
"19/07/2025  7:21:49,081","    67250000","UV TELEVISION","4","  92,9","      157500","         186"," 80,00",
"19/07/2025  7:21:49,081","    77250000","TELEAMAZONAS","5","  80,7","       61875","           9"," 42,30",
"19/07/2025  7:21:49,081","    83250000"," ","6","  65,1","      999375","      -25542"," 93,50",
"19/07/2025  7:21:49,081","   175250000","ECUADOR TV","7","  96,6","      141250","         -17"," 74,20",
"19/07/2025  7:21:49,081","   181250000","CADENA ECUATORIANA DE TELE","8","  79,9","      846875","        2684"," 95,30",
"19/07/2025  7:21:49,081","   187250000","RED TELESISTEMA (R.T.S)","9","  89,2","       94375","        -292"," 43,40",
"19/07/2025  7:21:49,081","   193250000"," ","10","  71,3","      999375","       97352"," 94,80",
"19/07/2025  7:21:49,081","   199250000","TELEVISION DEL PACIFICO","11","  71,9","      999375","      115442"," 93,70",
"19/07/2025  7:21:49,081","   205250000"," ","12","  63,9","      999375","      105542"," 94,70",
"19/07/2025  7:21:49,081","   211250000"," ","13","  60,4","      999375","      100376"," 92,20",
"19/07/2025  7:21:49,081","   471250000"," ","14","  24,7","      999375","         -68"," 92,80",
"19/07/2025  7:21:49,081","   477250000"," ","15","  30,1","      999375","      -84526"," 95,70",
"19/07/2025  7:21:49,081","   483250000"," ","16","  28,3","      999375","      -27956"," 96,80",
"19/07/2025  7:21:49,081","   513250000"," ","21","  28,3","      999375","       -8729"," 95,20",
"19/07/2025  7:21:49,081","   519250000","ECOTEL","22","  84,7","      110000","        1001"," 39,50",
"19/07/2025  7:21:49,081","   525250000"," ","23","  30,7","      999375","      -25052"," 93,70",
"19/07/2025  7:21:49,081","   531250000","TELERAMA","24","  29,4","      999375","        -282"," 96,50",
"19/07/2025  7:21:49,081","   537250000","PLUS TV","25","  69,7","      141250","        4310"," 42,30",
"19/07/2025  7:21:49,081","   543250000","CANAL UNO","26","  33,5","      999375","        5949"," 94,90",
"19/07/2025  7:21:49,081","   549250000"," ","27","  28,9","      999375","        3192"," 94,30",
"19/07/2025  7:21:49,081","   555250000"," ","28","  43,7","      999375","        6192"," 95,50",
"19/07/2025  7:21:49,081","   561250000"," ","29","  41,3","      999375","        1519"," 96,00",
"19/07/2025  7:21:49,081","   567250000","TELEATAHUALPA (RTU)","30","  40,4","      999375","        -604"," 98,20",
"19/07/2025  7:21:49,081","   573250000"," ","31","  38,1","      999375","      -11407"," 96,20",
"19/07/2025  7:21:49,081","   579250000","TELEVICENTRO TVC","32","  82,3","      125625","        1174"," 41,70",
"19/07/2025  7:21:49,081","   585250000"," ","33","  35,7","      999375","        1969"," 97,10",
"19/07/2025  7:21:49,081","   591250000","UCSG TELEVISION","34","  31,0","      999375","        1368"," 96,70",
"19/07/2025  7:21:49,081","   603250000","OROMAR","36","  32,0","      999375","        2739"," 94,00",
"19/07/2025  7:21:49,081","   615250000"," ","38","  39,9","      999375","       77482"," 89,70",
"19/07/2025  7:21:49,081","   621250000","CANAL SUR - TELEVISION MUN","39","  71,9","      141250","          52"," 60,20",
"19/07/2025  7:21:49,081","   627250000"," ","40","  34,0","      999375","        3034"," 95,50",
"19/07/2025  7:21:49,081","   633250000"," ","41","  34,0","      999375","       16173"," 95,70",
"19/07/2025  7:21:49,081","   639250000"," ","42","  36,6","      999375","       79750"," 92,60",
"19/07/2025  7:21:49,081","   645250000"," ","43","  36,0","      999375","         555"," 95,90",
"19/07/2025  7:21:49,081","   651250000"," ","44","  37,2","      999375","        6684"," 94,70",
"19/07/2025  7:21:49,081","   657250000"," ","45","  36,7","      999375","        3091"," 95,90",
"19/07/2025  7:21:49,081","   663250000"," ","46","  37,9","      999375","       -3680"," 96,90",
"19/07/2025  7:21:49,081","   669250000"," ","47","  39,3","      999375","       10615"," 94,90",
"19/07/2025  7:21:49,081","   675250000"," ","48","  41,5","      999375","       40249"," 92,30",
"19/07/2025  7:21:49,081","   681250000"," ","49","  47,3","      999375","       91275"," 90,90",
"19/07/2025  7:21:49,081","   687250000"," ","50","  49,8","      999375","        4481"," 97,80",
"19/07/2025  7:21:49,081","   693250000"," ","51","  53,7","      999375","       -2898"," 98,10",
"19/07/2025  17:40:03,849","    55250000","CORPORACION ECUATORIANA DE","2","  92,6","      125625","         -14"," 58,60",
"19/07/2025  17:40:03,849","    61250000"," ","3","  39,3","      999375","      -17024"," 97,10",
"19/07/2025  17:40:03,849","    67250000","UV TELEVISION","4","  94,0","      203750","         184"," 61,00",
"19/07/2025  17:40:03,849","    77250000","TELEAMAZONAS","5","  81,5","        1875","          11"," 22,10",
"19/07/2025  17:40:03,849","    83250000"," ","6","  63,6","      999375","      -58677"," 94,60",
"19/07/2025  17:40:03,849","   175250000","ECUADOR TV","7","  95,8","      125625","         -16"," 58,70",
"19/07/2025  17:40:03,849","   181250000","CADENA ECUATORIANA DE TELE","8","  81,8","      786250","        3374"," 77,00",
"19/07/2025  17:40:03,849","   187250000","RED TELESISTEMA (R.T.S)","9","  90,7","       31875","        -414"," 15,50",
"19/07/2025  17:40:03,849","   193250000"," ","10","  73,0","      994375","      103220"," 95,60",
"19/07/2025  17:40:03,849","   199250000","TELEVISION DEL PACIFICO","11","  71,6","      923125","      111352"," 95,40",
"19/07/2025  17:40:03,849","   205250000"," ","12","  65,6","      908750","      112032"," 94,90",
"19/07/2025  17:40:03,849","   211250000"," ","13","  61,0","      913750","      118687"," 92,60",
"19/07/2025  17:40:03,849","   471250000"," ","14","  24,0","      999375","        2434"," 94,90",
"19/07/2025  17:40:03,849","   477250000"," ","15","  31,3","      999375","      -87090"," 87,80",
"19/07/2025  17:40:03,849","   483250000"," ","16","  27,5","      999375","      -41229"," 93,80",
"19/07/2025  17:40:03,849","   513250000"," ","21","  28,6","      999375","      -22133"," 95,60",
"19/07/2025  17:40:03,849","   519250000","ECOTEL","22","  83,9","       93750","        1058"," 25,90",
"19/07/2025  17:40:03,849","   525250000"," ","23","  31,3","      999375","      -27338"," 96,80",
"19/07/2025  17:40:03,849","   531250000","TELERAMA","24","  28,7","      999375","       17948"," 96,30",
"19/07/2025  17:40:03,849","   537250000","PLUS TV","25","  70,6","       94375","        4248"," 57,40",
"19/07/2025  17:40:03,849","   543250000","CANAL UNO","26","  35,0","      999375","       12499"," 97,60",
"19/07/2025  17:40:03,849","   549250000"," ","27","  27,9","      999375","        1457"," 94,30",
"19/07/2025  17:40:03,849","   555250000"," ","28","  40,1","      999375","        1504"," 94,90",
"19/07/2025  17:40:03,849","   561250000"," ","29","  41,0","      999375","       -4295"," 94,80",
"19/07/2025  17:40:03,849","   567250000","TELEATAHUALPA (RTU)","30","  41,9","      999375","        1390"," 96,70",
"19/07/2025  17:40:03,849","   573250000"," ","31","  36,4","      999375","       -6119"," 94,10",
"19/07/2025  17:40:03,849","   579250000","TELEVICENTRO TVC","32","  81,4","      125625","        1160"," 37,20",
"19/07/2025  17:40:03,849","   585250000"," ","33","  41,6","      999375","       -1174"," 97,60",
"19/07/2025  17:40:03,849","   591250000","UCSG TELEVISION","34","  32,5","      999375","         543"," 92,70",
"19/07/2025  17:40:03,849","   603250000","OROMAR","36","  31,9","      999375","        2769"," 95,00",
"19/07/2025  17:40:03,849","   615250000"," ","38","  41,4","      999375","       99341"," 90,10",
"19/07/2025  17:40:03,849","   621250000","CANAL SUR - TELEVISION MUN","39","  73,1","      203750","          50"," 41,30",
"19/07/2025  17:40:03,849","   627250000"," ","40","  34,7","      999375","        6462"," 97,40",
"19/07/2025  17:40:03,849","   633250000"," ","41","  36,1","      999375","       39192"," 96,30",
"19/07/2025  17:40:03,849","   639250000"," ","42","  38,6","      999375","       92381"," 91,20",
"19/07/2025  17:40:03,849","   645250000"," ","43","  35,5","      999375","         296"," 94,30",
"19/07/2025  17:40:03,849","   651250000"," ","44","  37,5","      999375","        4390"," 96,10",
"19/07/2025  17:40:03,849","   657250000"," ","45","  36,7","      999375","        3096"," 94,20",
"19/07/2025  17:40:03,849","   663250000"," ","46","  38,9","      999375","        2651"," 95,80",
"19/07/2025  17:40:03,849","   669250000"," ","47","  39,4","      999375","        3002"," 97,90",
"19/07/2025  17:40:03,849","   675250000"," ","48","  40,7","      999375","       48617"," 96,20",
"19/07/2025  17:40:03,849","   681250000"," ","49","  47,3","      999375","      109103"," 87,30",
"19/07/2025  17:40:03,849","   687250000"," ","50","  51,0","      999375","        7921"," 97,20",
"19/07/2025  17:40:03,849","   693250000"," ","51","  53,5","      999375","        4213"," 97,60",
"19/07/2025  17:40:57,640","    55250000","CORPORACION ECUATORIANA DE","2","  92,5","      156875","           0"," 56,50",
"19/07/2025  17:40:57,640","    61250000"," ","3","  40,9","      999375","       28703"," 93,90",
"19/07/2025  17:40:57,640","    67250000","UV TELEVISION","4","  93,1","      172500","         166"," 60,80",
"19/07/2025  17:40:57,640","    77250000","TELEAMAZONAS","5","  82,8","        1875","          12"," 23,40",
"19/07/2025  17:40:57,640","    83250000"," ","6","  63,5","      999375","      -26759"," 93,30",
"19/07/2025  17:40:57,640","   175250000","ECUADOR TV","7","  95,6","      141250","         -16"," 56,90",
"19/07/2025  17:40:57,640","   181250000","CADENA ECUATORIANA DE TELE","8","  81,4","      488125","         248"," 46,40",
"19/07/2025  17:40:57,640","   187250000","RED TELESISTEMA (R.T.S)","9","  89,4","      125000","        -471"," 43,50",
"19/07/2025  17:40:57,640","   193250000"," ","10","  71,3","      931875","      101368"," 94,90",
"19/07/2025  17:40:57,640","   199250000","TELEVISION DEL PACIFICO","11","  71,1","      999375","      105506"," 92,80",
"19/07/2025  17:40:57,640","   205250000"," ","12","  64,5","      999375","       97042"," 93,90",
"19/07/2025  17:40:57,640","   211250000"," ","13","  61,0","      999375","      118251"," 95,20",
"19/07/2025  17:40:57,640","   471250000"," ","14","  24,8","      999375","        1681"," 96,40",
"19/07/2025  17:40:57,640","   477250000"," ","15","  32,1","      999375","     -107728"," 79,50",
"19/07/2025  17:40:57,640","   483250000"," ","16","  27,8","      999375","      -49512"," 95,90",
"19/07/2025  17:40:57,640","   513250000"," ","21","  28,9","      999375","       -4963"," 93,20",
"19/07/2025  17:40:57,640","   519250000","ECOTEL","22","  82,7","      110000","        1057"," 47,60",
"19/07/2025  17:40:57,640","   525250000"," ","23","  31,0","      999375","      -47870"," 95,40",
"19/07/2025  17:40:57,640","   531250000","TELERAMA","24","  27,4","      999375","       20221"," 93,90",
"19/07/2025  17:40:57,640","   537250000","PLUS TV","25","  69,3","      156875","        4240"," 65,00",
"19/07/2025  17:40:57,640","   543250000","CANAL UNO","26","  32,4","      999375","        6476"," 95,00",
"19/07/2025  17:40:57,640","   549250000"," ","27","  28,8","      999375","       -1314"," 94,90",
"19/07/2025  17:40:57,640","   555250000"," ","28","  41,6","      999375","        3599"," 93,90",
"19/07/2025  17:40:57,640","   561250000"," ","29","  39,6","      999375","        1148"," 96,80",
"19/07/2025  17:40:57,640","   567250000","TELEATAHUALPA (RTU)","30","  40,4","      999375","       -6099"," 96,00",
"19/07/2025  17:40:57,640","   573250000"," ","31","  35,6","      999375","       -3855"," 91,30",
"19/07/2025  17:40:57,640","   579250000","TELEVICENTRO TVC","32","  80,9","      125625","        1159"," 55,60",
"19/07/2025  17:40:57,640","   585250000"," ","33","  33,4","      999375","        6003"," 97,40",
"19/07/2025  17:40:57,640","   591250000","UCSG TELEVISION","34","  31,8","      999375","        5072"," 97,30",
"19/07/2025  17:40:57,640","   603250000","OROMAR","36","  33,0","      999375","       -1776"," 94,90",
"19/07/2025  17:40:57,640","   615250000"," ","38","  39,3","      999375","       72219"," 93,30",
"19/07/2025  17:40:57,640","   621250000","CANAL SUR - TELEVISION MUN","39","  71,5","      141250","          47"," 36,50",
"19/07/2025  17:40:57,640","   627250000"," ","40","  33,7","      999375","       16434"," 95,00",
"19/07/2025  17:40:57,640","   633250000"," ","41","  34,7","      999375","       19981"," 97,00",
"19/07/2025  17:40:57,640","   639250000"," ","42","  39,5","      999375","       62950"," 95,50",
"19/07/2025  17:40:57,640","   645250000"," ","43","  35,2","      999375","        1666"," 94,10",
"19/07/2025  17:40:57,640","   651250000"," ","44","  36,3","      999375","        4082"," 91,70",
"19/07/2025  17:40:57,640","   657250000"," ","45","  35,9","      999375","        5319"," 93,60",
"19/07/2025  17:40:57,640","   663250000"," ","46","  37,9","      999375","        3267"," 97,00",
"19/07/2025  17:40:57,640","   669250000"," ","47","  38,3","      997500","        8999"," 94,30",
"19/07/2025  17:40:57,640","   675250000"," ","48","  41,8","      999375","       52207"," 95,60",
"19/07/2025  17:40:57,640","   681250000"," ","49","  48,1","      999375","       84466"," 82,10",
"19/07/2025  17:40:57,640","   687250000"," ","50","  54,9","      999375","        7209"," 95,80",
"19/07/2025  17:40:57,640","   693250000"," ","51","  53,2","      999375","       -1059"," 96,60",
"19/07/2025  17:41:49,090","    55250000","CORPORACION ECUATORIANA DE","2","  92,7","      125625","         -30"," 55,40",
"19/07/2025  17:41:49,090","    61250000"," ","3","  40,0","      999375","       -2710"," 93,20",
"19/07/2025  17:41:49,090","    67250000","UV TELEVISION","4","  93,2","      156250","         196"," 65,10",
"19/07/2025  17:41:49,090","    77250000","TELEAMAZONAS","5","  82,9","       63125","           7"," 21,90",
"19/07/2025  17:41:49,090","    83250000"," ","6","  65,5","      999375","      -50283"," 96,60",
"19/07/2025  17:41:49,090","   175250000","ECUADOR TV","7","  95,5","      125625","         -16"," 92,50",
"19/07/2025  17:41:49,090","   181250000","CADENA ECUATORIANA DE TELE","8","  80,9","      861250","         898"," 95,10",
"19/07/2025  17:41:49,090","   187250000","RED TELESISTEMA (R.T.S)","9","  90,2","      125625","        -522"," 51,60",
"19/07/2025  17:41:49,090","   193250000"," ","10","  72,6","      931875","      109231"," 90,60",
"19/07/2025  17:41:49,090","   199250000","TELEVISION DEL PACIFICO","11","  72,8","      999375","      108068"," 94,60",
"19/07/2025  17:41:49,090","   205250000"," ","12","  67,0","      999375","      110989"," 90,40",
"19/07/2025  17:41:49,090","   211250000"," ","13","  58,7","      999375","      126098"," 89,70",
"19/07/2025  17:41:49,090","   471250000"," ","14","  23,6","      999375","        2769"," 93,10",
"19/07/2025  17:41:49,090","   477250000"," ","15","  30,9","      999375","      -84263"," 92,10",
"19/07/2025  17:41:49,090","   483250000"," ","16","  33,9","      999375","      -73087"," 95,80",
"19/07/2025  17:41:49,090","   513250000"," ","21","  48,6","      999375","      -14087"," 99,70",
"19/07/2025  17:41:49,090","   519250000","ECOTEL","22","  81,4","      110000","        1057"," 49,70",
"19/07/2025  17:41:49,090","   525250000"," ","23","  51,4","      999375","      -17650"," 99,20",
"19/07/2025  17:41:49,090","   531250000","TELERAMA","24","  29,3","      999375","        -513"," 94,30",
"19/07/2025  17:41:49,090","   537250000","PLUS TV","25","  71,1","      125625","        4244"," 58,20",
"19/07/2025  17:41:49,090","   543250000","CANAL UNO","26","  41,0","      999375","       16614"," 98,00",
"19/07/2025  17:41:49,090","   549250000"," ","27","  28,0","      999375","         339"," 96,80",
"19/07/2025  17:41:49,090","   555250000"," ","28","  40,5","      999375","        2973"," 96,20",
"19/07/2025  17:41:49,090","   561250000"," ","29","  40,6","      999375","         218"," 96,10",
"19/07/2025  17:41:49,090","   567250000","TELEATAHUALPA (RTU)","30","  41,0","      999375","       -8803"," 96,10",
"19/07/2025  17:41:49,090","   573250000"," ","31","  37,0","      999375","       -8417"," 96,50",
"19/07/2025  17:41:49,090","   579250000","TELEVICENTRO TVC","32","  81,1","      156875","        1161"," 62,10",
"19/07/2025  17:41:49,090","   585250000"," ","33","  42,9","      999375","       -5521"," 98,80",
"19/07/2025  17:41:49,090","   591250000","UCSG TELEVISION","34","  31,2","      999375","        1963"," 91,00",
"19/07/2025  17:41:49,090","   603250000","OROMAR","36","  34,1","      999375","         506"," 94,70",
"19/07/2025  17:41:49,090","   615250000"," ","38","  40,9","      999375","       69826"," 96,30",
"19/07/2025  17:41:49,090","   621250000","CANAL SUR - TELEVISION MUN","39","  73,4","      125625","          51"," 36,40",
"19/07/2025  17:41:49,090","   627250000"," ","40","  35,8","      999375","       19945"," 94,40",
"19/07/2025  17:41:49,090","   633250000"," ","41","  35,9","      999375","       36752"," 96,80",
"19/07/2025  17:41:49,090","   639250000"," ","42","  38,6","      999375","       97382"," 94,40",
"19/07/2025  17:41:49,090","   645250000"," ","43","  35,7","      999375","        2993"," 97,00",
"19/07/2025  17:41:49,090","   651250000"," ","44","  37,0","      999375","        3408"," 97,60",
"19/07/2025  17:41:49,090","   657250000"," ","45","  36,8","      999375","         532"," 96,00",
"19/07/2025  17:41:49,090","   663250000"," ","46","  36,9","      999375","        5443"," 96,60",
"19/07/2025  17:41:49,090","   669250000"," ","47","  38,1","      999375","        3029"," 96,90",
"19/07/2025  17:41:49,090","   675250000"," ","48","  42,2","      999375","       70320"," 91,90",
"19/07/2025  17:41:49,090","   681250000"," ","49","  47,3","      999375","       67296"," 97,00",
"19/07/2025  17:41:49,090","   687250000"," ","50","  50,6","      999375","        4503"," 97,90",
"19/07/2025  17:41:49,090","   693250000"," ","51","  53,0","      999375","        1287"," 97,90",
"20/07/2025  7:20:03,866","    55250000","CORPORACION ECUATORIANA DE","2","  92,3","      188125","          14"," 70,40",
"20/07/2025  7:20:03,866","    61250000"," ","3","  37,9","      999375","       -5830"," 92,00",
"20/07/2025  7:20:03,866","    67250000","UV TELEVISION","4","  89,8","      157500","         212"," 68,80",
"20/07/2025  7:20:03,866","    77250000","TELEAMAZONAS","5","  90,4","       63125","          11"," 43,80",
"20/07/2025  7:20:03,866","    83250000"," ","6","  68,0","      999375","       -5913"," 95,10",
"20/07/2025  7:20:03,866","   175250000","ECUADOR TV","7","  94,4","      156875","         -16"," 65,10",
"20/07/2025  7:20:03,866","   181250000","CADENA ECUATORIANA DE TELE","8","  85,7","      875625","        1055"," 93,60",
"20/07/2025  7:20:03,866","   187250000","RED TELESISTEMA (R.T.S)","9","  90,1","      535625","        -371"," 62,40",
"20/07/2025  7:20:03,866","   193250000"," ","10","  76,2","      999375","       97832"," 95,10",
"20/07/2025  7:20:03,866","   199250000","TELEVISION DEL PACIFICO","11","  71,6","      999375","       99780"," 95,20",
"20/07/2025  7:20:03,866","   205250000"," ","12","  64,7","      926250","      108715"," 90,20",
"20/07/2025  7:20:03,866","   211250000"," ","13","  59,9","      999375","      121185"," 92,10",
"20/07/2025  7:20:03,866","   471250000"," ","14","  24,6","      999375","        6891"," 93,30",
"20/07/2025  7:20:03,866","   477250000"," ","15","  30,9","      999375","      -97412"," 89,20",
"20/07/2025  7:20:03,866","   483250000"," ","16","  29,4","      999375","      -74025"," 93,50",
"20/07/2025  7:20:03,866","   513250000"," ","21","  29,1","      999375","      -16528"," 97,60",
"20/07/2025  7:20:03,866","   519250000","ECOTEL","22","  83,2","      110000","         997"," 48,40",
"20/07/2025  7:20:03,866","   525250000"," ","23","  31,1","      999375","      -22686"," 93,40",
"20/07/2025  7:20:03,866","   531250000","TELERAMA","24","  28,0","      999375","      -10992"," 92,90",
"20/07/2025  7:20:03,866","   537250000","PLUS TV","25","  69,7","       30625","        4470"," 14,80",
"20/07/2025  7:20:03,866","   543250000","CANAL UNO","26","  30,3","      999375","       17155"," 93,40",
"20/07/2025  7:20:03,866","   549250000"," ","27","  28,0","      999375","        5143"," 95,80",
"20/07/2025  7:20:03,866","   555250000"," ","28","  44,1","      999375","        -874"," 94,70",
"20/07/2025  7:20:03,866","   561250000"," ","29","  40,9","      999375","       -2869"," 96,30",
"20/07/2025  7:20:03,866","   567250000","TELEATAHUALPA (RTU)","30","  43,1","      999375","       -9589"," 94,20",
"20/07/2025  7:20:03,866","   573250000"," ","31","  37,6","      999375","        1878"," 95,30",
"20/07/2025  7:20:03,866","   579250000","TELEVICENTRO TVC","32","  81,4","        1875","        1348"," 17,10",
"20/07/2025  7:20:03,866","   585250000"," ","33","  33,1","      999375","        6129"," 95,10",
"20/07/2025  7:20:03,866","   591250000","UCSG TELEVISION","34","  32,3","      999375","         654"," 94,10",
"20/07/2025  7:20:03,866","   603250000","OROMAR","36","  31,7","      999375","         -97"," 93,40",
"20/07/2025  7:20:03,866","   615250000"," ","38","  41,0","      999375","       77943"," 96,20",
"20/07/2025  7:20:03,866","   621250000","CANAL SUR - TELEVISION MUN","39","  69,8","      361250","          49"," 94,60",
"20/07/2025  7:20:03,866","   627250000"," ","40","  33,2","      999375","        3348"," 95,90",
"20/07/2025  7:20:03,866","   633250000"," ","41","  34,8","      999375","       34350"," 93,50",
"20/07/2025  7:20:03,866","   639250000"," ","42","  39,4","      999375","       92007"," 74,90",
"20/07/2025  7:20:03,866","   645250000"," ","43","  35,2","      999375","        2431"," 94,50",
"20/07/2025  7:20:03,866","   651250000"," ","44","  36,5","      999375","        3066"," 96,10",
"20/07/2025  7:20:03,866","   657250000"," ","45","  36,8","      999375","        1783"," 95,30",
"20/07/2025  7:20:03,866","   663250000"," ","46","  39,5","      999375","       -3389"," 93,60",
"20/07/2025  7:20:03,866","   669250000"," ","47","  38,4","      999375","       15643"," 94,70",
"20/07/2025  7:20:03,866","   675250000"," ","48","  42,8","      999375","       72541"," 93,80",
"20/07/2025  7:20:03,866","   681250000"," ","49","  47,2","      999375","      107127"," 88,50",
"20/07/2025  7:20:03,866","   687250000"," ","50","  48,6","      999375","       -1313"," 97,00",
"20/07/2025  7:20:03,866","   693250000"," ","51","  52,0","      999375","       -2395"," 96,70",
"20/07/2025  7:20:57,656","    55250000","CORPORACION ECUATORIANA DE","2","  92,4","      188125","         -31"," 79,80",
"20/07/2025  7:20:57,656","    61250000"," ","3","  47,4","      999375","       -6190"," 98,30",
"20/07/2025  7:20:57,656","    67250000","UV TELEVISION","4","  91,3","      156875","         181"," 68,00",
"20/07/2025  7:20:57,656","    77250000","TELEAMAZONAS","5","  85,0","      125625","          11"," 27,70",
"20/07/2025  7:20:57,656","    83250000"," ","6","  67,6","      999375","       13098"," 94,50",
"20/07/2025  7:20:57,656","   175250000","ECUADOR TV","7","  94,4","      156875","         -14"," 78,70",
"20/07/2025  7:20:57,656","   181250000","CADENA ECUATORIANA DE TELE","8","  85,5","      809375","          15"," 93,40",
"20/07/2025  7:20:57,656","   187250000","RED TELESISTEMA (R.T.S)","9","  90,7","      188750","        -390"," 55,70",
"20/07/2025  7:20:57,656","   193250000"," ","10","  72,5","      922500","      109309"," 95,30",
"20/07/2025  7:20:57,656","   199250000","TELEVISION DEL PACIFICO","11","  73,6","      946875","      106304"," 95,80",
"20/07/2025  7:20:57,656","   205250000"," ","12","  67,9","      937500","      112405"," 92,00",
"20/07/2025  7:20:57,656","   211250000"," ","13","  60,3","      999375","      111922"," 95,90",
"20/07/2025  7:20:57,656","   471250000"," ","14","  24,8","      999375","        -810"," 93,20",
"20/07/2025  7:20:57,656","   477250000"," ","15","  31,5","      999375","      -94581"," 80,00",
"20/07/2025  7:20:57,656","   483250000"," ","16","  28,3","      999375","      -62772"," 94,20",
"20/07/2025  7:20:57,656","   513250000"," ","21","  27,8","      999375","      -10841"," 97,20",
"20/07/2025  7:20:57,656","   519250000","ECOTEL","22","  84,0","      110625","         996"," 48,90",
"20/07/2025  7:20:57,656","   525250000"," ","23","  28,9","      999375","      -11499"," 95,10",
"20/07/2025  7:20:57,656","   531250000","TELERAMA","24","  28,0","      999375","       14262"," 94,50",
"20/07/2025  7:20:57,656","   537250000","PLUS TV","25","  69,9","       16250","        4470"," 12,90",
"20/07/2025  7:20:57,656","   543250000","CANAL UNO","26","  29,3","      999375","        8342"," 95,70",
"20/07/2025  7:20:57,656","   549250000"," ","27","  28,5","      999375","        -431"," 95,30",
"20/07/2025  7:20:57,656","   555250000"," ","28","  44,1","      999375","         967"," 93,60",
"20/07/2025  7:20:57,656","   561250000"," ","29","  39,4","      999375","       -4260"," 92,80",
"20/07/2025  7:20:57,656","   567250000","TELEATAHUALPA (RTU)","30","  41,4","      999375","        2593"," 96,60",
"20/07/2025  7:20:57,656","   573250000"," ","31","  36,4","      999375","       -2513"," 94,60",
"20/07/2025  7:20:57,656","   579250000","TELEVICENTRO TVC","32","  80,9","        1875","        1348"," 17,60",
"20/07/2025  7:20:57,656","   585250000"," ","33","  32,1","      999375","        2362"," 96,90",
"20/07/2025  7:20:57,656","   591250000","UCSG TELEVISION","34","  31,7","      999375","        2821"," 96,20",
"20/07/2025  7:20:57,656","   603250000","OROMAR","36","  33,3","      999375","       -1181"," 96,00",
"20/07/2025  7:20:57,656","   615250000"," ","38","  40,1","      999375","       85796"," 93,00",
"20/07/2025  7:20:57,656","   621250000","CANAL SUR - TELEVISION MUN","39","  70,2","      817500","          57"," 72,30",
"20/07/2025  7:20:57,656","   627250000"," ","40","  33,8","      999375","        4506"," 95,80",
"20/07/2025  7:20:57,656","   633250000"," ","41","  36,5","      999375","       46126"," 96,20",
"20/07/2025  7:20:57,656","   639250000"," ","42","  39,6","      999375","      112495"," 89,50",
"20/07/2025  7:20:57,656","   645250000"," ","43","  36,0","      999375","       -2124"," 96,20",
"20/07/2025  7:20:57,656","   651250000"," ","44","  37,1","      999375","          73"," 95,60",
"20/07/2025  7:20:57,656","   657250000"," ","45","  37,5","      999375","        4133"," 95,60",
"20/07/2025  7:20:57,656","   663250000"," ","46","  38,3","      999375","        1857"," 95,80",
"20/07/2025  7:20:57,656","   669250000"," ","47","  38,3","      999375","       15019"," 96,00",
"20/07/2025  7:20:57,656","   675250000"," ","48","  42,7","      999375","       72096"," 86,30",
"20/07/2025  7:20:57,656","   681250000"," ","49","  47,5","      999375","      101727"," 85,40",
"20/07/2025  7:20:57,656","   687250000"," ","50","  47,8","      999375","       -3939"," 96,00",
"20/07/2025  7:20:57,656","   693250000"," ","51","  53,5","      999375","        5396"," 96,50",
"20/07/2025  7:21:49,118","    55250000","CORPORACION ECUATORIANA DE","2","  92,3","      172500","          15"," 66,00",
"20/07/2025  7:21:49,118","    61250000"," ","3","  38,7","      999375","      -10082"," 94,90",
"20/07/2025  7:21:49,118","    67250000","UV TELEVISION","4","  92,1","      157500","         201"," 67,50",
"20/07/2025  7:21:49,118","    77250000","TELEAMAZONAS","5","  85,8","       94375","          11"," 37,70",
"20/07/2025  7:21:49,118","    83250000"," ","6","  66,3","      999375","       -2262"," 96,20",
"20/07/2025  7:21:49,118","   175250000","ECUADOR TV","7","  94,2","      156875","         -17"," 75,60",
"20/07/2025  7:21:49,118","   181250000","CADENA ECUATORIANA DE TELE","8","  84,8","      802500","        -190"," 58,00",
"20/07/2025  7:21:49,118","   187250000","RED TELESISTEMA (R.T.S)","9","  90,6","      172500","        -210"," 63,60",
"20/07/2025  7:21:49,118","   193250000"," ","10","  73,5","      916875","      109915"," 96,50",
"20/07/2025  7:21:49,118","   199250000","TELEVISION DEL PACIFICO","11","  71,7","      999375","      110903"," 93,10",
"20/07/2025  7:21:49,118","   205250000"," ","12","  67,8","      999375","      110376"," 94,50",
"20/07/2025  7:21:49,118","   211250000"," ","13","  61,2","      999375","      105548"," 93,00",
"20/07/2025  7:21:49,118","   471250000"," ","14","  24,3","      999375","        1580"," 94,20",
"20/07/2025  7:21:49,118","   477250000"," ","15","  32,0","      999375","      -96580"," 61,30",
"20/07/2025  7:21:49,118","   483250000"," ","16","  29,0","      999375","      -77066"," 92,70",
"20/07/2025  7:21:49,118","   513250000"," ","21","  28,2","      999375","      -13240"," 96,10",
"20/07/2025  7:21:49,118","   519250000","ECOTEL","22","  83,6","      110000","         992"," 43,00",
"20/07/2025  7:21:49,118","   525250000"," ","23","  31,0","      999375","       22947"," 93,60",
"20/07/2025  7:21:49,118","   531250000","TELERAMA","24","  28,0","      999375","      -10799"," 95,70",
"20/07/2025  7:21:49,118","   537250000","PLUS TV","25","  69,7","       30625","        4469"," 14,60",
"20/07/2025  7:21:49,118","   543250000","CANAL UNO","26","  30,0","      999375","       12650"," 94,50",
"20/07/2025  7:21:49,118","   549250000"," ","27","  29,1","      999375","        3639"," 96,00",
"20/07/2025  7:21:49,118","   555250000"," ","28","  43,5","      999375","        8318"," 91,60",
"20/07/2025  7:21:49,118","   561250000"," ","29","  41,3","      999375","       -3329"," 96,90",
"20/07/2025  7:21:49,118","   567250000","TELEATAHUALPA (RTU)","30","  42,6","      999375","      -11226"," 94,90",
"20/07/2025  7:21:49,118","   573250000"," ","31","  37,8","      999375","       -2980"," 95,50",
"20/07/2025  7:21:49,118","   579250000","TELEVICENTRO TVC","32","  82,0","        1875","        1346"," 17,40",
"20/07/2025  7:21:49,118","   585250000"," ","33","  34,0","      999375","        6014"," 95,80",
"20/07/2025  7:21:49,118","   591250000","UCSG TELEVISION","34","  31,6","      999375","        9221"," 95,20",
"20/07/2025  7:21:49,118","   603250000","OROMAR","36","  32,8","      999375","        1422"," 95,80",
"20/07/2025  7:21:49,118","   615250000"," ","38","  41,0","      999375","       87160"," 94,90",
"20/07/2025  7:21:49,118","   621250000","CANAL SUR - TELEVISION MUN","39","  69,3","      282500","          66"," 75,30",
"20/07/2025  7:21:49,118","   627250000"," ","40","  33,7","      999375","        7940"," 94,30",
"20/07/2025  7:21:49,118","   633250000"," ","41","  35,2","      999375","       41283"," 91,70",
"20/07/2025  7:21:49,118","   639250000"," ","42","  39,3","      999375","       97551"," 84,50",
"20/07/2025  7:21:49,118","   645250000"," ","43","  35,7","      999375","       -2497"," 94,50",
"20/07/2025  7:21:49,118","   651250000"," ","44","  37,9","      999375","        8771"," 97,20",
"20/07/2025  7:21:49,118","   657250000"," ","45","  36,2","      999375","        -356"," 95,70",
"20/07/2025  7:21:49,118","   663250000"," ","46","  38,4","      999375","       -3633"," 96,50",
"20/07/2025  7:21:49,118","   669250000"," ","47","  37,9","      999375","       13083"," 96,80",
"20/07/2025  7:21:49,118","   675250000"," ","48","  42,9","      999375","       59509"," 91,90",
"20/07/2025  7:21:49,118","   681250000"," ","49","  49,2","      999375","      104100"," 54,90",
"20/07/2025  7:21:49,118","   687250000"," ","50","  51,8","      999375","        1335"," 96,40",
"20/07/2025  7:21:49,118","   693250000"," ","51","  55,2","      999375","       -1349"," 97,10",
"20/07/2025  17:40:03,937","    55250000","CORPORACION ECUATORIANA DE","2","  91,8","      125625","          -5"," 43,30",
"20/07/2025  17:40:03,937","    61250000"," ","3","  41,1","      999375","      -27579"," 95,10",
"20/07/2025  17:40:03,937","    67250000","UV TELEVISION","4","  91,2","      173125","         213"," 70,20",
"20/07/2025  17:40:03,937","    77250000","TELEAMAZONAS","5","  89,6","      110000","          12"," 13,40",
"20/07/2025  17:40:03,937","    83250000"," ","6","  62,7","      999375","      -49527"," 96,50",
"20/07/2025  17:40:03,937","   175250000","ECUADOR TV","7","  94,5","      141250","         -19"," 94,30",
"20/07/2025  17:40:03,937","   181250000","CADENA ECUATORIANA DE TELE","8","  84,4","      282500","        -387"," 24,20",
"20/07/2025  17:40:03,937","   187250000","RED TELESISTEMA (R.T.S)","9","  89,3","       94375","        -481"," 50,60",
"20/07/2025  17:40:03,937","   193250000"," ","10","  69,9","      946875","       98879"," 93,30",
"20/07/2025  17:40:03,937","   199250000","TELEVISION DEL PACIFICO","11","  69,8","      919375","       89883"," 96,80",
"20/07/2025  17:40:03,937","   205250000"," ","12","  62,4","      999375","      111023"," 93,40",
"20/07/2025  17:40:03,937","   211250000"," ","13","  59,7","      999375","      111579"," 92,60",
"20/07/2025  17:40:03,937","   471250000"," ","14","  23,6","      999375","        2590"," 93,00",
"20/07/2025  17:40:03,937","   477250000"," ","15","  31,1","      999375","      -69742"," 75,50",
"20/07/2025  17:40:03,937","   483250000"," ","16","  27,5","      999375","      -45749"," 94,90",
"20/07/2025  17:40:03,937","   513250000"," ","21","  29,1","      999375","      -15774"," 96,30",
"20/07/2025  17:40:03,937","   519250000","ECOTEL","22","  84,4","      126250","        1118"," 44,50",
"20/07/2025  17:40:03,937","   525250000"," ","23","  29,6","      999375","      -32887"," 95,40",
"20/07/2025  17:40:03,937","   531250000","TELERAMA","24","  26,7","      999375","        4834"," 92,00",
"20/07/2025  17:40:03,937","   537250000","PLUS TV","25","  71,6","       30625","        3855"," 19,20",
"20/07/2025  17:40:03,937","   543250000","CANAL UNO","26","  30,4","      999375","       13443"," 95,20",
"20/07/2025  17:40:03,937","   549250000"," ","27","  27,3","      999375","        1595"," 95,10",
"20/07/2025  17:40:03,937","   555250000"," ","28","  39,5","      999375","        6940"," 94,40",
"20/07/2025  17:40:03,937","   561250000"," ","29","  39,4","      999375","       -2956"," 93,20",
"20/07/2025  17:40:03,937","   567250000","TELEATAHUALPA (RTU)","30","  39,6","      999375","       -3430"," 96,40",
"20/07/2025  17:40:03,937","   573250000"," ","31","  36,2","      999375","       -2291"," 96,40",
"20/07/2025  17:40:03,937","   579250000","TELEVICENTRO TVC","32","  80,9","        2500","        1027"," 16,80",
"20/07/2025  17:40:03,937","   585250000"," ","33","  32,4","      999375","         -25"," 95,90",
"20/07/2025  17:40:03,937","   591250000","UCSG TELEVISION","34","  31,6","      999375","       -1932"," 96,90",
"20/07/2025  17:40:03,937","   603250000","OROMAR","36","  34,0","      999375","        -314"," 97,40",
"20/07/2025  17:40:03,937","   615250000"," ","38","  39,9","      999375","       81642"," 91,90",
"20/07/2025  17:40:03,937","   621250000","CANAL SUR - TELEVISION MUN","39","  70,8","      188750","          49"," 59,00",
"20/07/2025  17:40:03,937","   627250000"," ","40","  32,6","      999375","        -865"," 94,80",
"20/07/2025  17:40:03,937","   633250000"," ","41","  35,9","      999375","       33823"," 95,70",
"20/07/2025  17:40:03,937","   639250000"," ","42","  38,9","      999375","      105029"," 92,70",
"20/07/2025  17:40:03,937","   645250000"," ","43","  35,7","      999375","        2648"," 94,70",
"20/07/2025  17:40:03,937","   651250000"," ","44","  37,3","      999375","        1132"," 97,00",
"20/07/2025  17:40:03,937","   657250000"," ","45","  36,3","      999375","        -488"," 95,00",
"20/07/2025  17:40:03,937","   663250000"," ","46","  37,1","      999375","       -2374"," 95,90",
"20/07/2025  17:40:03,937","   669250000"," ","47","  37,5","      999375","        4760"," 96,60",
"20/07/2025  17:40:03,937","   675250000"," ","48","  41,8","      999375","       57656"," 93,90",
"20/07/2025  17:40:03,937","   681250000"," ","49","  46,5","      999375","       94285"," 70,00",
"20/07/2025  17:40:03,937","   687250000"," ","50","  52,4","      999375","       -1460"," 96,00",
"20/07/2025  17:40:03,937","   693250000"," ","51","  54,0","      999375","        5176"," 96,80",
"20/07/2025  17:40:57,730","    55250000","CORPORACION ECUATORIANA DE","2","  91,7","      219375","         -14"," 64,30",
"20/07/2025  17:40:57,730","    61250000"," ","3","  39,4","      999375","      -48573"," 94,80",
"20/07/2025  17:40:57,730","    67250000","UV TELEVISION","4","  92,6","      125625","         203"," 65,90",
"20/07/2025  17:40:57,730","    77250000","TELEAMAZONAS","5","  89,4","      110000","          11"," 37,30",
"20/07/2025  17:40:57,730","    83250000"," ","6","  61,6","      999375","      -64692"," 89,00",
"20/07/2025  17:40:57,730","   175250000","ECUADOR TV","7","  94,5","      156875","         -16"," 69,00",
"20/07/2025  17:40:57,730","   181250000","CADENA ECUATORIANA DE TELE","8","  84,6","      205000","       -1010"," 78,10",
"20/07/2025  17:40:57,730","   187250000","RED TELESISTEMA (R.T.S)","9","  88,9","       93750","        -516"," 30,90",
"20/07/2025  17:40:57,730","   193250000"," ","10","  68,4","      921250","       83145"," 90,10",
"20/07/2025  17:40:57,730","   199250000","TELEVISION DEL PACIFICO","11","  68,0","      937500","       97187"," 94,00",
"20/07/2025  17:40:57,730","   205250000"," ","12","  62,4","      999375","      112639"," 92,20",
"20/07/2025  17:40:57,730","   211250000"," ","13","  58,9","      897500","      118419"," 93,90",
"20/07/2025  17:40:57,730","   471250000"," ","14","  24,1","      999375","        2909"," 97,00",
"20/07/2025  17:40:57,730","   477250000"," ","15","  30,3","      999375","     -103282"," 84,30",
"20/07/2025  17:40:57,730","   483250000"," ","16","  27,1","      999375","      -43075"," 92,50",
"20/07/2025  17:40:57,730","   513250000"," ","21","  28,2","      999375","       -3633"," 94,50",
"20/07/2025  17:40:57,730","   519250000","ECOTEL","22","  84,7","      141250","        1110"," 46,40",
"20/07/2025  17:40:57,730","   525250000"," ","23","  27,2","      999375","      -28280"," 96,20",
"20/07/2025  17:40:57,730","   531250000","TELERAMA","24","  27,6","      999375","       -1375"," 95,40",
"20/07/2025  17:40:57,730","   537250000","PLUS TV","25","  71,7","       30625","        3859"," 15,40",
"20/07/2025  17:40:57,730","   543250000","CANAL UNO","26","  30,2","      999375","        6940"," 95,10",
"20/07/2025  17:40:57,730","   549250000"," ","27","  27,7","      999375","        4564"," 96,70",
"20/07/2025  17:40:57,730","   555250000"," ","28","  38,9","      999375","        1332"," 96,60",
"20/07/2025  17:40:57,730","   561250000"," ","29","  40,1","      999375","        -498"," 95,90",
"20/07/2025  17:40:57,730","   567250000","TELEATAHUALPA (RTU)","30","  40,7","      999375","       -6884"," 96,40",
"20/07/2025  17:40:57,730","   573250000"," ","31","  35,9","      999375","       -1818"," 96,90",
"20/07/2025  17:40:57,730","   579250000","TELEVICENTRO TVC","32","  80,8","        2500","        1025"," 17,20",
"20/07/2025  17:40:57,730","   585250000"," ","33","  32,1","      999375","         648"," 95,70",
"20/07/2025  17:40:57,730","   591250000","UCSG TELEVISION","34","  33,0","      999375","        1066"," 95,90",
"20/07/2025  17:40:57,730","   603250000","OROMAR","36","  32,3","      999375","        3502"," 94,40",
"20/07/2025  17:40:57,730","   615250000"," ","38","  41,0","      999375","       77643"," 92,70",
"20/07/2025  17:40:57,730","   621250000","CANAL SUR - TELEVISION MUN","39","  67,8","      204375","          45"," 50,30",
"20/07/2025  17:40:57,730","   627250000"," ","40","  34,0","      999375","       -1403"," 95,50",
"20/07/2025  17:40:57,730","   633250000"," ","41","  37,8","      999375","       36319"," 96,50",
"20/07/2025  17:40:57,730","   639250000"," ","42","  39,2","      999375","       84601"," 91,00",
"20/07/2025  17:40:57,730","   645250000"," ","43","  36,0","      999375","       -1281"," 94,70",
"20/07/2025  17:40:57,730","   651250000"," ","44","  37,0","      999375","        2560"," 97,20",
"20/07/2025  17:40:57,730","   657250000"," ","45","  36,5","      999375","        4439"," 95,80",
"20/07/2025  17:40:57,730","   663250000"," ","46","  36,2","      999375","        3736"," 96,70",
"20/07/2025  17:40:57,730","   669250000"," ","47","  38,7","      999375","        4517"," 97,00",
"20/07/2025  17:40:57,730","   675250000"," ","48","  41,6","      999375","       81898"," 96,50",
"20/07/2025  17:40:57,730","   681250000"," ","49","  46,1","      999375","      103801"," 90,40",
"20/07/2025  17:40:57,730","   687250000"," ","50","  49,0","      999375","        -401"," 97,40",
"20/07/2025  17:40:57,730","   693250000"," ","51","  54,7","      999375","         287"," 97,30",
"20/07/2025  17:41:49,250","    55250000","CORPORACION ECUATORIANA DE","2","  91,6","      125625","          21"," 45,30",
"20/07/2025  17:41:49,250","    61250000"," ","3","  41,6","      999375","      -11596"," 95,00",
"20/07/2025  17:41:49,250","    67250000","UV TELEVISION","4","  91,0","      157500","         195"," 85,50",
"20/07/2025  17:41:49,250","    77250000","TELEAMAZONAS","5","  88,6","      125625","          13"," 48,40",
"20/07/2025  17:41:49,250","    83250000"," ","6","  61,5","      999375","      -65504"," 93,80",
"20/07/2025  17:41:49,250","   175250000","ECUADOR TV","7","  94,2","      141250","         -16"," 64,40",
"20/07/2025  17:41:49,250","   181250000","CADENA ECUATORIANA DE TELE","8","  84,2","      156875","        -445"," 24,90",
"20/07/2025  17:41:49,250","   187250000","RED TELESISTEMA (R.T.S)","9","  89,1","       94375","        -595"," 45,30",
"20/07/2025  17:41:49,250","   193250000"," ","10","  69,4","      998750","      103975"," 97,10",
"20/07/2025  17:41:49,250","   199250000","TELEVISION DEL PACIFICO","11","  67,9","      999375","      105119"," 92,10",
"20/07/2025  17:41:49,250","   205250000"," ","12","  63,7","      999375","      112666"," 97,10",
"20/07/2025  17:41:49,250","   211250000"," ","13","  60,6","      999375","      113766"," 95,00",
"20/07/2025  17:41:49,250","   471250000"," ","14","  23,6","      999375","         -26"," 94,00",
"20/07/2025  17:41:49,250","   477250000"," ","15","  32,2","      999375","      -98574"," 72,70",
"20/07/2025  17:41:49,250","   483250000"," ","16","  26,6","      999375","      -53356"," 96,40",
"20/07/2025  17:41:49,250","   513250000"," ","21","  25,9","      999375","       -8845"," 94,40",
"20/07/2025  17:41:49,250","   519250000","ECOTEL","22","  83,8","      110000","        1134"," 45,30",
"20/07/2025  17:41:49,250","   525250000"," ","23","  28,8","      999375","      -19190"," 93,50",
"20/07/2025  17:41:49,250","   531250000","TELERAMA","24","  28,3","      999375","       11506"," 93,00",
"20/07/2025  17:41:49,250","   537250000","PLUS TV","25","  71,3","       31250","        3859"," 15,50",
"20/07/2025  17:41:49,250","   543250000","CANAL UNO","26","  29,0","      999375","       12105"," 97,00",
"20/07/2025  17:41:49,250","   549250000"," ","27","  28,5","      999375","         521"," 94,40",
"20/07/2025  17:41:49,250","   555250000"," ","28","  38,3","      999375","       -2723"," 97,30",
"20/07/2025  17:41:49,250","   561250000"," ","29","  38,3","      999375","       -3561"," 95,20",
"20/07/2025  17:41:49,250","   567250000","TELEATAHUALPA (RTU)","30","  39,6","      999375","       -7680"," 96,50",
"20/07/2025  17:41:49,250","   573250000"," ","31","  35,8","      999375","       -1545"," 96,50",
"20/07/2025  17:41:49,250","   579250000","TELEVICENTRO TVC","32","  80,9","        2500","        1028"," 15,40",
"20/07/2025  17:41:49,250","   585250000"," ","33","  33,7","      999375","       -4561"," 96,40",
"20/07/2025  17:41:49,250","   591250000","UCSG TELEVISION","34","  33,5","      999375","        1851"," 95,60",
"20/07/2025  17:41:49,250","   603250000","OROMAR","36","  33,0","      999375","       -1179"," 96,10",
"20/07/2025  17:41:49,250","   615250000"," ","38","  38,5","      999375","       78701"," 93,50",
"20/07/2025  17:41:49,250","   621250000","CANAL SUR - TELEVISION MUN","39","  71,0","      188750","          47"," 62,90",
"20/07/2025  17:41:49,250","   627250000"," ","40","  33,8","      999375","        4997"," 91,40",
"20/07/2025  17:41:49,250","   633250000"," ","41","  35,5","      999375","       52837"," 95,20",
"20/07/2025  17:41:49,250","   639250000"," ","42","  39,2","      999375","       83743"," 83,70",
"20/07/2025  17:41:49,250","   645250000"," ","43","  36,9","      999375","        1495"," 97,40",
"20/07/2025  17:41:49,250","   651250000"," ","44","  35,1","      999375","         907"," 95,30",
"20/07/2025  17:41:49,250","   657250000"," ","45","  36,8","      999375","       -2564"," 94,20",
"20/07/2025  17:41:49,250","   663250000"," ","46","  38,6","      999375","        4267"," 95,20",
"20/07/2025  17:41:49,250","   669250000"," ","47","  37,7","      999375","        3338"," 96,00",
"20/07/2025  17:41:49,250","   675250000"," ","48","  40,9","      999375","       77742"," 94,20",
"20/07/2025  17:41:49,250","   681250000"," ","49","  46,5","      999375","       94987"," 63,10",
"20/07/2025  17:41:49,250","   687250000"," ","50","  49,4","      999375","        5668"," 96,20",
"20/07/2025  17:41:49,250","   693250000"," ","51","  57,9","      999375","        -511"," 97,20",
"21/07/2025  7:20:03,920","    55250000","CORPORACION ECUATORIANA DE","2","  92,5","      125625","         -22"," 95,70",
"21/07/2025  7:20:03,920","    61250000"," ","3","  42,0","      999375","       -8952"," 95,90",
"21/07/2025  7:20:03,920","    67250000","UV TELEVISION","4","  91,9","      141250","         180"," 63,30",
"21/07/2025  7:20:03,920","    77250000","TELEAMAZONAS","5","  89,8","      125625","           8"," 53,00",
"21/07/2025  7:20:03,920","    83250000"," ","6","  64,1","      999375","      -38856"," 94,90",
"21/07/2025  7:20:03,920","   175250000","ECUADOR TV","7","  95,5","      266875","         -20"," 96,50",
"21/07/2025  7:20:03,920","   181250000","CADENA ECUATORIANA DE TELE","8","  85,2","      508750","        -177"," 81,00",
"21/07/2025  7:20:03,920","   187250000","RED TELESISTEMA (R.T.S)","9","  90,1","      141250","        -164"," 58,50",
"21/07/2025  7:20:03,920","   193250000"," ","10","  69,2","      902500","      112887"," 95,30",
"21/07/2025  7:20:03,920","   199250000","TELEVISION DEL PACIFICO","11","  73,2","      923125","      117812"," 93,90",
"21/07/2025  7:20:03,920","   205250000"," ","12","  65,2","      884375","      121200"," 91,10",
"21/07/2025  7:20:03,920","   211250000"," ","13","  60,7","      921875","       99832"," 91,10",
"21/07/2025  7:20:03,920","   471250000"," ","14","  24,2","      999375","       -4472"," 95,60",
"21/07/2025  7:20:03,920","   477250000"," ","15","  31,2","      999375","      -96729"," 74,60",
"21/07/2025  7:20:03,920","   483250000"," ","16","  30,2","      999375","      -70136"," 96,50",
"21/07/2025  7:20:03,920","   513250000"," ","21","  26,5","      999375","       -2867"," 96,20",
"21/07/2025  7:20:03,920","   519250000","ECOTEL","22","  84,5","       95000","         971"," 51,70",
"21/07/2025  7:20:03,920","   525250000"," ","23","  28,3","      999375","      -12846"," 93,30",
"21/07/2025  7:20:03,920","   531250000","TELERAMA","24","  27,8","      999375","        1927"," 95,80",
"21/07/2025  7:20:03,920","   537250000","PLUS TV","25","  71,5","        1875","        4491"," 13,00",
"21/07/2025  7:20:03,920","   543250000","CANAL UNO","26","  30,0","      999375","       15615"," 93,20",
"21/07/2025  7:20:03,920","   549250000"," ","27","  28,2","      999375","        -108"," 97,70",
"21/07/2025  7:20:03,920","   555250000"," ","28","  42,6","      999375","        4181"," 96,00",
"21/07/2025  7:20:03,920","   561250000"," ","29","  40,2","      999375","       -1896"," 94,90",
"21/07/2025  7:20:03,920","   567250000","TELEATAHUALPA (RTU)","30","  40,3","      999375","       -6922"," 95,90",
"21/07/2025  7:20:03,920","   573250000"," ","31","  37,0","      999375","       -5960"," 96,20",
"21/07/2025  7:20:03,920","   579250000","TELEVICENTRO TVC","32","  80,2","        2500","        1470"," 17,70",
"21/07/2025  7:20:03,920","   585250000"," ","33","  34,4","      999375","         171"," 97,00",
"21/07/2025  7:20:03,920","   591250000","UCSG TELEVISION","34","  32,3","      999375","        -721"," 97,10",
"21/07/2025  7:20:03,920","   603250000","OROMAR","36","  33,8","      999375","        -278"," 95,10",
"21/07/2025  7:20:03,920","   615250000"," ","38","  40,7","      999375","      103558"," 80,30",
"21/07/2025  7:20:03,920","   621250000","CANAL SUR - TELEVISION MUN","39","  70,9","      141250","          50"," 60,20",
"21/07/2025  7:20:03,920","   627250000"," ","40","  34,4","      999375","        1439"," 96,40",
"21/07/2025  7:20:03,920","   633250000"," ","41","  36,2","      999375","       46019"," 95,50",
"21/07/2025  7:20:03,920","   639250000"," ","42","  39,0","      999375","       96559"," 82,30",
"21/07/2025  7:20:03,920","   645250000"," ","43","  36,3","      999375","       -1871"," 95,70",
"21/07/2025  7:20:03,920","   651250000"," ","44","  37,3","      999375","        5198"," 92,40",
"21/07/2025  7:20:03,920","   657250000"," ","45","  38,0","      999375","         446"," 96,50",
"21/07/2025  7:20:03,920","   663250000"," ","46","  37,6","      999375","         996"," 91,10",
"21/07/2025  7:20:03,920","   669250000"," ","47","  38,6","      999375","        9618"," 97,40",
"21/07/2025  7:20:03,920","   675250000"," ","48","  41,4","      999375","       76873"," 90,40",
"21/07/2025  7:20:03,920","   681250000"," ","49","  47,3","      999375","      100636"," 65,40",
"21/07/2025  7:20:03,920","   687250000"," ","50","  48,3","      999375","       -1257"," 98,30",
"21/07/2025  7:20:03,920","   693250000"," ","51","  51,9","      999375","        1858"," 96,50",
"21/07/2025  7:20:57,724","    55250000","CORPORACION ECUATORIANA DE","2","  92,1","      156875","          27"," 60,20",
"21/07/2025  7:20:57,724","    61250000"," ","3","  41,0","      999375","      -12391"," 95,80",
"21/07/2025  7:20:57,724","    67250000","UV TELEVISION","4","  90,8","      157500","         211"," 69,50",
"21/07/2025  7:20:57,724","    77250000","TELEAMAZONAS","5","  91,6","      125625","          11"," 59,60",
"21/07/2025  7:20:57,724","    83250000"," ","6","  63,9","      999375","      -18685"," 94,50",
"21/07/2025  7:20:57,724","   175250000","ECUADOR TV","7","  95,5","      267500","         -21"," 77,60",
"21/07/2025  7:20:57,724","   181250000","CADENA ECUATORIANA DE TELE","8","  85,5","      518750","         475"," 96,30",
"21/07/2025  7:20:57,724","   187250000","RED TELESISTEMA (R.T.S)","9","  89,7","      220000","        -341"," 41,30",
"21/07/2025  7:20:57,724","   193250000"," ","10","  70,6","      930000","      103983"," 94,70",
"21/07/2025  7:20:57,724","   199250000","TELEVISION DEL PACIFICO","11","  71,2","      915000","      121249"," 92,80",
"21/07/2025  7:20:57,724","   205250000"," ","12","  63,7","      913750","      121660"," 95,40",
"21/07/2025  7:20:57,724","   211250000"," ","13","  60,2","      999375","       94512"," 92,00",
"21/07/2025  7:20:57,724","   471250000"," ","14","  24,5","      999375","        1669"," 95,70",
"21/07/2025  7:20:57,724","   477250000"," ","15","  33,3","      999375","      -95953"," 86,50",
"21/07/2025  7:20:57,724","   483250000"," ","16","  28,0","      999375","      -62463"," 94,20",
"21/07/2025  7:20:57,724","   513250000"," ","21","  28,6","      999375","       -6065"," 92,30",
"21/07/2025  7:20:57,724","   519250000","ECOTEL","22","  83,6","      173125","        1007"," 43,00",
"21/07/2025  7:20:57,724","   525250000"," ","23","  31,8","      999375","      -14220"," 94,90",
"21/07/2025  7:20:57,724","   531250000","TELERAMA","24","  27,7","      999375","        4195"," 95,20",
"21/07/2025  7:20:57,724","   537250000","PLUS TV","25","  71,0","        1875","        4498"," 12,80",
"21/07/2025  7:20:57,724","   543250000","CANAL UNO","26","  29,3","      999375","       17793"," 94,10",
"21/07/2025  7:20:57,724","   549250000"," ","27","  27,1","      999375","        1664"," 94,90",
"21/07/2025  7:20:57,724","   555250000"," ","28","  43,8","      999375","        1978"," 95,70",
"21/07/2025  7:20:57,724","   561250000"," ","29","  40,8","      999375","       -5213"," 93,40",
"21/07/2025  7:20:57,724","   567250000","TELEATAHUALPA (RTU)","30","  41,1","      999375","       -5606"," 95,10",
"21/07/2025  7:20:57,724","   573250000"," ","31","  38,6","      999375","       -6491"," 95,50",
"21/07/2025  7:20:57,724","   579250000","TELEVICENTRO TVC","32","  81,6","        2500","        1470"," 17,30",
"21/07/2025  7:20:57,724","   585250000"," ","33","  33,7","      999375","       -1814"," 95,20",
"21/07/2025  7:20:57,724","   591250000","UCSG TELEVISION","34","  31,0","      999375","         844"," 93,40",
"21/07/2025  7:20:57,724","   603250000","OROMAR","36","  32,1","      999375","         353"," 95,80",
"21/07/2025  7:20:57,724","   615250000"," ","38","  39,5","      999375","       89856"," 95,40",
"21/07/2025  7:20:57,724","   621250000","CANAL SUR - TELEVISION MUN","39","  73,0","      266875","          47"," 84,40",
"21/07/2025  7:20:57,724","   627250000"," ","40","  34,4","      999375","       10169"," 95,40",
"21/07/2025  7:20:57,724","   633250000"," ","41","  35,6","      999375","       61159"," 94,30",
"21/07/2025  7:20:57,724","   639250000"," ","42","  38,4","      999375","      115456"," 88,70",
"21/07/2025  7:20:57,724","   645250000"," ","43","  35,1","      999375","        4637"," 95,80",
"21/07/2025  7:20:57,724","   651250000"," ","44","  36,1","      999375","        2437"," 97,40",
"21/07/2025  7:20:57,724","   657250000"," ","45","  36,7","      999375","         220"," 95,90",
"21/07/2025  7:20:57,724","   663250000"," ","46","  37,6","      999375","         709"," 95,60",
"21/07/2025  7:20:57,724","   669250000"," ","47","  38,1","      999375","       10216"," 91,50",
"21/07/2025  7:20:57,724","   675250000"," ","48","  41,8","      999375","       86095"," 95,10",
"21/07/2025  7:20:57,724","   681250000"," ","49","  47,3","      999375","      109114"," 60,80",
"21/07/2025  7:20:57,724","   687250000"," ","50","  48,7","      999375","        5893"," 98,20",
"21/07/2025  7:20:57,724","   693250000"," ","51","  51,7","      999375","         573"," 97,20",
"21/07/2025  7:21:49,169","    55250000","CORPORACION ECUATORIANA DE","2","  92,1","      125625","         -21"," 64,80",
"21/07/2025  7:21:49,169","    61250000"," ","3","  40,7","      999375","       -2524"," 96,00",
"21/07/2025  7:21:49,169","    67250000","UV TELEVISION","4","  91,8","      141250","         191"," 80,80",
"21/07/2025  7:21:49,169","    77250000","TELEAMAZONAS","5","  91,2","      125625","          10"," 31,50",
"21/07/2025  7:21:49,169","    83250000"," ","6","  63,8","      999375","      -39926"," 94,60",
"21/07/2025  7:21:49,169","   175250000","ECUADOR TV","7","  95,4","      283125","         -17"," 90,50",
"21/07/2025  7:21:49,169","   181250000","CADENA ECUATORIANA DE TELE","8","  85,4","      497500","        4980"," 96,30",
"21/07/2025  7:21:49,169","   187250000","RED TELESISTEMA (R.T.S)","9","  89,3","       78125","         -80"," 34,40",
"21/07/2025  7:21:49,169","   193250000"," ","10","  71,9","      883125","      124146"," 95,40",
"21/07/2025  7:21:49,169","   199250000","TELEVISION DEL PACIFICO","11","  71,3","      919375","      109994"," 92,80",
"21/07/2025  7:21:49,169","   205250000"," ","12","  64,2","      900000","      132603"," 93,90",
"21/07/2025  7:21:49,169","   211250000"," ","13","  61,1","      875000","      115231"," 92,70",
"21/07/2025  7:21:49,169","   471250000"," ","14","  24,0","      999375","        1643"," 94,60",
"21/07/2025  7:21:49,169","   477250000"," ","15","  31,3","      998750","      -95978"," 74,70",
"21/07/2025  7:21:49,169","   483250000"," ","16","  28,3","      999375","      -74840"," 95,30",
"21/07/2025  7:21:49,169","   513250000"," ","21","  27,2","      999375","       -7209"," 94,60",
"21/07/2025  7:21:49,169","   519250000","ECOTEL","22","  83,1","      220000","         994"," 21,40",
"21/07/2025  7:21:49,169","   525250000"," ","23","  30,4","      999375","       -9802"," 95,80",
"21/07/2025  7:21:49,169","   531250000","TELERAMA","24","  27,3","      999375","        6312"," 94,30",
"21/07/2025  7:21:49,169","   537250000","PLUS TV","25","  72,3","        1875","        4493"," 12,70",
"21/07/2025  7:21:49,169","   543250000","CANAL UNO","26","  29,0","      999375","       18175"," 93,90",
"21/07/2025  7:21:49,169","   549250000"," ","27","  28,3","      999375","        3326"," 94,30",
"21/07/2025  7:21:49,169","   555250000"," ","28","  42,1","      999375","        1620"," 95,30",
"21/07/2025  7:21:49,169","   561250000"," ","29","  41,2","      999375","        -421"," 92,50",
"21/07/2025  7:21:49,169","   567250000","TELEATAHUALPA (RTU)","30","  40,5","      999375","       -8464"," 94,00",
"21/07/2025  7:21:49,169","   573250000"," ","31","  36,8","      999375","       -3474"," 96,90",
"21/07/2025  7:21:49,169","   579250000","TELEVICENTRO TVC","32","  81,2","        2500","        1469"," 17,30",
"21/07/2025  7:21:49,169","   585250000"," ","33","  32,2","      999375","        1472"," 96,40",
"21/07/2025  7:21:49,169","   591250000","UCSG TELEVISION","34","  31,6","      999375","       -1871"," 95,90",
"21/07/2025  7:21:49,169","   603250000","OROMAR","36","  32,2","      999375","       -1834"," 96,90",
"21/07/2025  7:21:49,169","   615250000"," ","38","  40,2","      999375","      111488"," 84,40",
"21/07/2025  7:21:49,169","   621250000","CANAL SUR - TELEVISION MUN","39","  72,0","      220000","          53"," 72,50",
"21/07/2025  7:21:49,169","   627250000"," ","40","  34,9","      999375","        5809"," 94,80",
"21/07/2025  7:21:49,169","   633250000"," ","41","  36,0","      999375","       51092"," 95,60",
"21/07/2025  7:21:49,169","   639250000"," ","42","  39,7","      999375","       97922"," 76,20",
"21/07/2025  7:21:49,169","   645250000"," ","43","  34,6","      999375","        2898"," 95,50",
"21/07/2025  7:21:49,169","   651250000"," ","44","  36,6","      999375","        8108"," 97,50",
"21/07/2025  7:21:49,169","   657250000"," ","45","  36,9","      999375","        3636"," 96,00",
"21/07/2025  7:21:49,169","   663250000"," ","46","  37,5","      999375","        8076"," 97,50",
"21/07/2025  7:21:49,169","   669250000"," ","47","  39,8","      999375","        8997"," 93,80",
"21/07/2025  7:21:49,169","   675250000"," ","48","  41,7","      999375","       79011"," 89,10",
"21/07/2025  7:21:49,169","   681250000"," ","49","  47,2","      999375","      104853"," 64,50",
"21/07/2025  7:21:49,169","   687250000"," ","50","  51,4","      999375","        4774"," 96,90",
"21/07/2025  7:21:49,169","   693250000"," ","51","  51,6","      999375","       -3112"," 97,30",
"21/07/2025  17:40:03,023","    55250000","CORPORACION ECUATORIANA DE","2","  84,8","     1800000","          26"," 28,50",
"21/07/2025  17:40:03,023","    61250000"," ","3","  44,9","     1800000","        3661"," 93,30",
"21/07/2025  17:40:03,023","    67250000","UV TELEVISION","4","  85,6","     1800000","         202"," 55,80",
"21/07/2025  17:40:03,023","    77250000","TELEAMAZONAS","5","  85,2","     1800000","          12"," 30,10",
"21/07/2025  17:40:03,023","    83250000"," ","6","  63,6","     1800000","      -16339"," 95,30",
"21/07/2025  17:40:03,023","   175250000","ECUADOR TV","7","  89,5","     1800000","         -19"," 80,90",
"21/07/2025  17:40:03,023","   181250000","CADENA ECUATORIANA DE TELE","8","  79,6","     1800000","        -815"," 93,10",
"21/07/2025  17:40:03,023","   187250000","RED TELESISTEMA (R.T.S)","9","  94,0","     1800000","        -517"," 32,60",
"21/07/2025  17:40:03,023","   193250000"," ","10","  65,4","     1800000","       86739"," 95,90",
"21/07/2025  17:40:03,023","   199250000","TELEVISION DEL PACIFICO","11","  64,6","     1800000","       93065"," 96,40",
"21/07/2025  17:40:03,023","   205250000"," ","12","  60,6","     1800000","      126261"," 90,50",
"21/07/2025  17:40:03,023","   211250000"," ","13","  58,7","     1800000","      129768"," 96,40",
"21/07/2025  17:40:03,023","   471250000"," ","14","  34,5","     1800000","       -1533"," 96,60",
"21/07/2025  17:40:03,023","   477250000"," ","15","  34,6","     1800000","       -2297"," 94,30",
"21/07/2025  17:40:03,023","   483250000"," ","16","  60,2","     1800000","       -2121"," 99,70",
"21/07/2025  17:40:03,023","   513250000"," ","21","  36,7","     1800000","         206"," 96,10",
"21/07/2025  17:40:03,023","   519250000","ECOTEL","22","  81,6","     1200000","        1141"," 46,30",
"21/07/2025  17:40:03,023","   525250000"," ","23","  38,4","     1800000","      -27565"," 94,60",
"21/07/2025  17:40:03,023","   531250000","TELERAMA","24","  37,8","     1800000","        1407"," 96,30",
"21/07/2025  17:40:03,023","   537250000","PLUS TV","25","  71,7","     1800000","        3842"," 12,20",
"21/07/2025  17:40:03,023","   543250000","CANAL UNO","26","  38,8","     1800000","        3029"," 95,20",
"21/07/2025  17:40:03,023","   549250000"," ","27","  40,1","     1800000","       -1299"," 97,30",
"21/07/2025  17:40:03,023","   555250000"," ","28","  40,5","     1800000","       -1335"," 97,10",
"21/07/2025  17:40:03,023","   561250000"," ","29","  40,5","     1800000","        2580"," 94,30",
"21/07/2025  17:40:03,023","   567250000","TELEATAHUALPA (RTU)","30","  40,9","     1800000","         845"," 95,00",
"21/07/2025  17:40:03,023","   573250000"," ","31","  40,7","     1800000","        3100"," 94,60",
"21/07/2025  17:40:03,023","   579250000","TELEVICENTRO TVC","32","  81,7","     1800000","        1024"," 77,30",
"21/07/2025  17:40:03,023","   585250000"," ","33","  43,3","     1800000","       -1914"," 97,50",
"21/07/2025  17:40:03,023","   591250000","UCSG TELEVISION","34","  43,6","     1800000","        -355"," 95,40",
"21/07/2025  17:40:03,023","   603250000","OROMAR","36","  48,2","     1800000","        6147"," 95,90",
"21/07/2025  17:40:03,023","   615250000"," ","38","  48,3","     1800000","        1158"," 98,40",
"21/07/2025  17:40:03,023","   621250000","CANAL SUR - TELEVISION MUN","39","  99,4","     1800000","          50"," 56,40",
"21/07/2025  17:40:03,023","   627250000"," ","40","  45,6","     1800000","         792"," 94,80",
"21/07/2025  17:40:03,023","   633250000"," ","41","  63,8","     1800000","        1584"," 99,00",
"21/07/2025  17:40:03,023","   639250000"," ","42","  46,5","     1800000","        4672"," 91,60",
"21/07/2025  17:40:03,023","   645250000"," ","43","  46,8","     1800000","        1082"," 93,10",
"21/07/2025  17:40:03,023","   651250000"," ","44","  48,9","     1800000","         850"," 96,00",
"21/07/2025  17:40:03,023","   657250000"," ","45","  51,7","     1800000","         495"," 96,10",
"21/07/2025  17:40:03,023","   663250000"," ","46","  49,9","     1800000","        1225"," 95,00",
"21/07/2025  17:40:03,023","   669250000"," ","47","  50,0","     1800000","        3310"," 94,40",
"21/07/2025  17:40:03,023","   675250000"," ","48","  50,1","     1800000","        2606"," 94,10",
"21/07/2025  17:40:03,023","   681250000"," ","49","  51,0","     1800000","       18608"," 96,00",
"21/07/2025  17:40:03,023","   687250000"," ","50","  67,6","     1800000","        5849"," 95,50",
"21/07/2025  17:40:03,023","   693250000"," ","51","  68,7","     1800000","        6842"," 98,10",
"21/07/2025  17:40:57,766","    55250000","CORPORACION ECUATORIANA DE","2","  84,5","     1800000","         -14"," 51,20",
"21/07/2025  17:40:57,766","    61250000"," ","3","  46,5","     1800000","        4990"," 96,00",
"21/07/2025  17:40:57,766","    67250000","UV TELEVISION","4","  82,8","     1800000","         208"," 72,90",
"21/07/2025  17:40:57,766","    77250000","TELEAMAZONAS","5","  84,3","     1800000","          11"," 23,70",
"21/07/2025  17:40:57,766","    83250000"," ","6","  62,5","     1800000","      -14062"," 96,20",
"21/07/2025  17:40:57,766","   175250000","ECUADOR TV","7","  89,8","     1600000","         -16"," 78,50",
"21/07/2025  17:40:57,766","   181250000","CADENA ECUATORIANA DE TELE","8","  80,7","     1800000","        -867"," 50,20",
"21/07/2025  17:40:57,766","   187250000","RED TELESISTEMA (R.T.S)","9","  94,1","     1800000","        -622"," 29,40",
"21/07/2025  17:40:57,766","   193250000"," ","10","  65,5","     1800000","      115082"," 93,60",
"21/07/2025  17:40:57,766","   199250000","TELEVISION DEL PACIFICO","11","  63,7","     1800000","      101481"," 91,10",
"21/07/2025  17:40:57,766","   205250000"," ","12","  60,8","     1800000","      115143"," 95,20",
"21/07/2025  17:40:57,766","   211250000"," ","13","  59,5","     1800000","      120993"," 94,10",
"21/07/2025  17:40:57,766","   471250000"," ","14","  36,7","     1800000","         460"," 97,00",
"21/07/2025  17:40:57,766","   477250000"," ","15","  33,7","     1800000","        -894"," 94,00",
"21/07/2025  17:40:57,766","   483250000"," ","16","  34,7","     1800000","       -5632"," 97,40",
"21/07/2025  17:40:57,766","   513250000"," ","21","  37,5","     1800000","         123"," 95,10",
"21/07/2025  17:40:57,766","   519250000","ECOTEL","22","  79,5","     1800000","        1158"," 40,30",
"21/07/2025  17:40:57,766","   525250000"," ","23","  39,0","     1800000","      -36259"," 95,10",
"21/07/2025  17:40:57,766","   531250000","TELERAMA","24","  38,9","     1800000","         -45"," 95,90",
"21/07/2025  17:40:57,766","   537250000","PLUS TV","25","  68,2","     1800000","        3844"," 13,90",
"21/07/2025  17:40:57,766","   543250000","CANAL UNO","26","  38,4","     1800000","        5110"," 95,60",
"21/07/2025  17:40:57,766","   549250000"," ","27","  40,5","     1800000","        2432"," 97,40",
"21/07/2025  17:40:57,766","   555250000"," ","28","  40,9","     1800000","       -2558"," 93,70",
"21/07/2025  17:40:57,766","   561250000"," ","29","  41,5","     1800000","       -2576"," 94,40",
"21/07/2025  17:40:57,766","   567250000","TELEATAHUALPA (RTU)","30","  52,6","     1800000","        -929"," 98,70",
"21/07/2025  17:40:57,766","   573250000"," ","31","  42,5","     1800000","        2241"," 95,10",
"21/07/2025  17:40:57,766","   579250000","TELEVICENTRO TVC","32","  79,9","     1800000","        1013"," 87,50",
"21/07/2025  17:40:57,766","   585250000"," ","33","  41,8","     1800000","       -3245"," 96,90",
"21/07/2025  17:40:57,766","   591250000","UCSG TELEVISION","34","  42,3","     1800000","       -2494"," 94,60",
"21/07/2025  17:40:57,766","   603250000","OROMAR","36","  72,5","     1800000","         269"," 99,70",
"21/07/2025  17:40:57,766","   615250000"," ","38","  62,1","     1800000","        2754"," 99,10",
"21/07/2025  17:40:57,766","   621250000","CANAL SUR - TELEVISION MUN","39","  99,8","     1800000","          51"," 54,50",
"21/07/2025  17:40:57,766","   627250000"," ","40","  45,4","     1800000","       -1663"," 96,70",
"21/07/2025  17:40:57,766","   633250000"," ","41","  47,0","     1800000","        1187"," 96,30",
"21/07/2025  17:40:57,766","   639250000"," ","42","  47,0","     1800000","        9356"," 95,80",
"21/07/2025  17:40:57,766","   645250000"," ","43","  47,3","     1800000","       -4039"," 95,90",
"21/07/2025  17:40:57,766","   651250000"," ","44","  47,5","     1800000","        1732"," 93,50",
"21/07/2025  17:40:57,766","   657250000"," ","45","  48,5","     1800000","        2553"," 94,30",
"21/07/2025  17:40:57,766","   663250000"," ","46","  50,1","     1800000","         525"," 95,00",
"21/07/2025  17:40:57,766","   669250000"," ","47","  49,9","     1800000","         919"," 92,60",
"21/07/2025  17:40:57,766","   675250000"," ","48","  49,9","     1800000","        1031"," 95,40",
"21/07/2025  17:40:57,766","   681250000"," ","49","  50,8","     1800000","       -2694"," 97,20",
"21/07/2025  17:40:57,766","   687250000"," ","50","  64,9","     1800000","        -531"," 96,50",
"21/07/2025  17:40:57,766","   693250000"," ","51","  64,7","     1800000","        6169"," 94,80",
"21/07/2025  17:41:49,155","    55250000","CORPORACION ECUATORIANA DE","2","  84,7","     1800000","          -5"," 81,80",
"21/07/2025  17:41:49,155","    61250000"," ","3","  45,5","     1800000","        4849"," 94,10",
"21/07/2025  17:41:49,155","    67250000","UV TELEVISION","4","  82,7","     1800000","         211"," 33,50",
"21/07/2025  17:41:49,155","    77250000","TELEAMAZONAS","5","  85,8","     1800000","          12"," 29,40",
"21/07/2025  17:41:49,155","    83250000"," ","6","  63,8","     1800000","      -16532"," 96,90",
"21/07/2025  17:41:49,155","   175250000","ECUADOR TV","7","  89,9","     1600000","         -20"," 84,30",
"21/07/2025  17:41:49,155","   181250000","CADENA ECUATORIANA DE TELE","8","  80,8","     1800000","        -285"," 25,80",
"21/07/2025  17:41:49,155","   187250000","RED TELESISTEMA (R.T.S)","9","  94,0","     1800000","        -577"," 33,10",
"21/07/2025  17:41:49,155","   193250000"," ","10","  67,1","     1800000","      110307"," 95,00",
"21/07/2025  17:41:49,155","   199250000","TELEVISION DEL PACIFICO","11","  65,2","     1800000","      104307"," 95,30",
"21/07/2025  17:41:49,155","   205250000"," ","12","  61,9","     1800000","      112599"," 90,50",
"21/07/2025  17:41:49,155","   211250000"," ","13","  60,2","     1800000","      103040"," 93,40",
"21/07/2025  17:41:49,155","   471250000"," ","14","  34,2","     1800000","        3694"," 95,50",
"21/07/2025  17:41:49,155","   477250000"," ","15","  34,0","     1800000","       -1164"," 94,90",
"21/07/2025  17:41:49,155","   483250000"," ","16","  34,4","     1800000","       -4123"," 95,20",
"21/07/2025  17:41:49,155","   513250000"," ","21","  36,8","     1800000","       -1030"," 95,10",
"21/07/2025  17:41:49,155","   519250000","ECOTEL","22","  81,6","     1200000","        1146"," 32,20",
"21/07/2025  17:41:49,155","   525250000"," ","23","  38,4","     1800000","      -25806"," 92,80",
"21/07/2025  17:41:49,155","   531250000","TELERAMA","24","  39,6","     1800000","       -3667"," 94,00",
"21/07/2025  17:41:49,155","   537250000","PLUS TV","25","  69,7","     1800000","        3846"," 13,60",
"21/07/2025  17:41:49,155","   543250000","CANAL UNO","26","  40,9","     1800000","         871"," 97,10",
"21/07/2025  17:41:49,155","   549250000"," ","27","  39,9","     1800000","        3522"," 96,70",
"21/07/2025  17:41:49,155","   555250000"," ","28","  39,7","     1800000","        4127"," 96,50",
"21/07/2025  17:41:49,155","   561250000"," ","29","  41,9","     1800000","        5456"," 96,20",
"21/07/2025  17:41:49,155","   567250000","TELEATAHUALPA (RTU)","30","  40,2","     1800000","       -2091"," 94,30",
"21/07/2025  17:41:49,155","   573250000"," ","31","  42,0","     1800000","       -3466"," 95,90",
"21/07/2025  17:41:49,155","   579250000","TELEVICENTRO TVC","32","  76,6","     1800000","        1010"," 54,00",
"21/07/2025  17:41:49,155","   585250000"," ","33","  42,4","     1800000","        2129"," 94,50",
"21/07/2025  17:41:49,155","   591250000","UCSG TELEVISION","34","  43,5","     1800000","        -838"," 95,60",
"21/07/2025  17:41:49,155","   603250000","OROMAR","36","  48,8","     1800000","        2218"," 96,20",
"21/07/2025  17:41:49,155","   615250000"," ","38","  51,9","     1800000","        7139"," 95,60",
"21/07/2025  17:41:49,155","   621250000","CANAL SUR - TELEVISION MUN","39","  99,7","     1800000","          51"," 71,80",
"21/07/2025  17:41:49,155","   627250000"," ","40","  45,2","     1800000","        2812"," 94,20",
"21/07/2025  17:41:49,155","   633250000"," ","41","  47,6","     1800000","        7607"," 94,60",
"21/07/2025  17:41:49,155","   639250000"," ","42","  48,5","     1800000","        3075"," 96,80",
"21/07/2025  17:41:49,155","   645250000"," ","43","  48,7","     1800000","        2537"," 96,50",
"21/07/2025  17:41:49,155","   651250000"," ","44","  47,3","     1800000","         641"," 95,50",
"21/07/2025  17:41:49,155","   657250000"," ","45","  47,9","     1800000","        1069"," 94,30",
"21/07/2025  17:41:49,155","   663250000"," ","46","  48,3","     1800000","        3427"," 96,20",
"21/07/2025  17:41:49,155","   669250000"," ","47","  50,7","     1800000","        1363"," 96,40",
"21/07/2025  17:41:49,155","   675250000"," ","48","  51,6","     1800000","        2878"," 94,20",
"21/07/2025  17:41:49,155","   681250000"," ","49","  50,6","     1800000","       11239"," 93,90",
"21/07/2025  17:41:49,155","   687250000"," ","50","  69,2","     1800000","        3494"," 97,40",
"21/07/2025  17:41:49,155","   693250000"," ","51","  65,5","     1800000","        3753"," 98,10",
"22/07/2025  7:20:03,828","    55250000","CORPORACION ECUATORIANA DE","2","  84,8","     1800000","         -19"," 45,90",
"22/07/2025  7:20:03,828","    61250000"," ","3","  45,2","     1800000","       -3092"," 94,40",
"22/07/2025  7:20:03,828","    67250000","UV TELEVISION","4","  86,7","     1600000","         145"," 82,50",
"22/07/2025  7:20:03,828","    77250000","TELEAMAZONAS","5","  80,7","     1800000","           3"," 59,10",
"22/07/2025  7:20:03,828","    83250000"," ","6","  63,8","     1800000","      -22170"," 96,70",
"22/07/2025  7:20:03,828","   175250000","ECUADOR TV","7","  90,7","     1800000","         -16"," 53,20",
"22/07/2025  7:20:03,828","   181250000","CADENA ECUATORIANA DE TELE","8","  82,1","     1800000","        1978"," 95,30",
"22/07/2025  7:20:03,828","   187250000","RED TELESISTEMA (R.T.S)","9","  94,9","     1800000","        -141"," 50,00",
"22/07/2025  7:20:03,828","   193250000"," ","10","  66,6","     1800000","      106609"," 94,20",
"22/07/2025  7:20:03,828","   199250000","TELEVISION DEL PACIFICO","11","  64,8","     1800000","      116814"," 95,40",
"22/07/2025  7:20:03,828","   205250000"," ","12","  61,0","     1800000","      128601"," 94,70",
"22/07/2025  7:20:03,828","   211250000"," ","13","  59,1","     1800000","      114014"," 94,10",
"22/07/2025  7:20:03,828","   471250000"," ","14","  33,9","     1800000","       -1105"," 93,80",
"22/07/2025  7:20:03,828","   477250000"," ","15","  36,0","     1800000","       -2713"," 96,00",
"22/07/2025  7:20:03,828","   483250000"," ","16","  35,3","     1800000","       -3570"," 94,50",
"22/07/2025  7:20:03,828","   513250000"," ","21","  38,6","     1800000","        3869"," 96,10",
"22/07/2025  7:20:03,828","   519250000","ECOTEL","22","  75,8","     1800000","        1035"," 47,40",
"22/07/2025  7:20:03,828","   525250000"," ","23","  39,8","     1800000","      -20894"," 92,60",
"22/07/2025  7:20:03,828","   531250000","TELERAMA","24","  39,0","     1800000","         477"," 96,50",
"22/07/2025  7:20:03,828","   537250000","PLUS TV","25","  68,4","     1800000","        4519"," 56,80",
"22/07/2025  7:20:03,828","   543250000","CANAL UNO","26","  38,8","     1800000","        3389"," 97,00",
"22/07/2025  7:20:03,828","   549250000"," ","27","  39,7","     1800000","        2081"," 95,40",
"22/07/2025  7:20:03,828","   555250000"," ","28","  39,5","     1800000","        2917"," 99,30",
"22/07/2025  7:20:03,828","   561250000"," ","29","  41,1","     1800000","        2993"," 96,90",
"22/07/2025  7:20:03,828","   567250000","TELEATAHUALPA (RTU)","30","  43,2","     1800000","        -901"," 96,50",
"22/07/2025  7:20:03,828","   573250000"," ","31","  42,1","     1800000","        -268"," 96,60",
"22/07/2025  7:20:03,828","   579250000","TELEVICENTRO TVC","32","  80,1","     1800000","        1434"," 40,10",
"22/07/2025  7:20:03,828","   585250000"," ","33","  42,0","     1800000","        2880"," 91,30",
"22/07/2025  7:20:03,828","   591250000","UCSG TELEVISION","34","  43,4","     1800000","        3735"," 91,70",
"22/07/2025  7:20:03,828","   603250000","OROMAR","36","  45,4","     1800000","        1314"," 94,20",
"22/07/2025  7:20:03,828","   615250000"," ","38","  53,9","     1800000","        3049"," 95,60",
"22/07/2025  7:20:03,828","   621250000","CANAL SUR - TELEVISION MUN","39"," 100,1","     1800000","          53"," 43,30",
"22/07/2025  7:20:03,828","   627250000"," ","40","  45,3","     1800000","        -344"," 95,30",
"22/07/2025  7:20:03,828","   633250000"," ","41","  47,6","     1800000","        2636"," 95,60",
"22/07/2025  7:20:03,828","   639250000"," ","42","  46,6","     1800000","        1222"," 95,90",
"22/07/2025  7:20:03,828","   645250000"," ","43","  49,1","     1800000","        1280"," 97,50",
"22/07/2025  7:20:03,828","   651250000"," ","44","  49,5","     1800000","       27485"," 96,00",
"22/07/2025  7:20:03,828","   657250000"," ","45","  49,9","     1800000","       -1929"," 93,40",
"22/07/2025  7:20:03,828","   663250000"," ","46","  49,4","     1800000","        2569"," 94,20",
"22/07/2025  7:20:03,828","   669250000"," ","47","  49,6","     1800000","       -1642"," 95,90",
"22/07/2025  7:20:03,828","   675250000"," ","48","  51,1","     1800000","        1418"," 93,50",
"22/07/2025  7:20:03,828","   681250000"," ","49","  51,5","     1800000","       21372"," 94,40",
"22/07/2025  7:20:03,828","   687250000"," ","50","  64,2","     1800000","        2641"," 96,60",
"22/07/2025  7:20:03,828","   693250000"," ","51","  65,8","     1800000","       -5459"," 97,80",
"22/07/2025  7:20:56,446","    55250000","CORPORACION ECUATORIANA DE","2","  84,6","     1800000","         -19"," 57,70",
"22/07/2025  7:20:56,446","    61250000"," ","3","  47,9","     1800000","        6071"," 95,40",
"22/07/2025  7:20:56,446","    67250000","UV TELEVISION","4","  85,3","     1800000","         186"," 27,50",
"22/07/2025  7:20:56,446","    77250000","TELEAMAZONAS","5","  82,9","     1800000","          17"," 33,30",
"22/07/2025  7:20:56,446","    83250000"," ","6","  62,9","     1800000","      -13098"," 94,40",
"22/07/2025  7:20:56,446","   175250000","ECUADOR TV","7","  91,0","     1800000","         -18"," 72,10",
"22/07/2025  7:20:56,446","   181250000","CADENA ECUATORIANA DE TELE","8","  80,9","     1800000","        3742"," 35,00",
"22/07/2025  7:20:56,446","   187250000","RED TELESISTEMA (R.T.S)","9","  94,3","     1800000","        -345"," 73,50",
"22/07/2025  7:20:56,446","   193250000"," ","10","  67,9","     1800000","      106931"," 97,40",
"22/07/2025  7:20:56,446","   199250000","TELEVISION DEL PACIFICO","11","  65,0","     1800000","      111496"," 90,30",
"22/07/2025  7:20:56,446","   205250000"," ","12","  61,8","     1800000","      120623"," 94,40",
"22/07/2025  7:20:56,446","   211250000"," ","13","  56,7","     1800000","      117463"," 93,80",
"22/07/2025  7:20:56,446","   471250000"," ","14","  33,7","     1800000","       -1234"," 96,00",
"22/07/2025  7:20:56,446","   477250000"," ","15","  35,5","     1800000","       -6445"," 96,10",
"22/07/2025  7:20:56,446","   483250000"," ","16","  34,7","     1800000","       -3407"," 94,40",
"22/07/2025  7:20:56,446","   513250000"," ","21","  36,6","     1800000","        -468"," 94,70",
"22/07/2025  7:20:56,446","   519250000","ECOTEL","22","  77,0","     1800000","        1042"," 52,60",
"22/07/2025  7:20:56,446","   525250000"," ","23","  38,9","     1800000","      -23488"," 91,50",
"22/07/2025  7:20:56,446","   531250000","TELERAMA","24","  37,8","     1800000","        2585"," 94,00",
"22/07/2025  7:20:56,446","   537250000","PLUS TV","25","  68,0","     1800000","        4524"," 31,10",
"22/07/2025  7:20:56,446","   543250000","CANAL UNO","26","  40,1","     1800000","         221"," 96,40",
"22/07/2025  7:20:56,446","   549250000"," ","27","  39,5","     1800000","        1705"," 94,00",
"22/07/2025  7:20:56,446","   555250000"," ","28","  41,4","     1800000","       -1173"," 97,30",
"22/07/2025  7:20:56,446","   561250000"," ","29","  43,0","     1800000","         384"," 95,30",
"22/07/2025  7:20:56,446","   567250000","TELEATAHUALPA (RTU)","30","  40,8","     1800000","        1436"," 93,40",
"22/07/2025  7:20:56,446","   573250000"," ","31","  41,7","     1800000","        5840"," 95,40",
"22/07/2025  7:20:56,446","   579250000","TELEVICENTRO TVC","32","  83,2","     1800000","        1431"," 62,20",
"22/07/2025  7:20:56,446","   585250000"," ","33","  43,7","     1800000","         213"," 96,80",
"22/07/2025  7:20:56,446","   591250000","UCSG TELEVISION","34","  43,8","     1800000","       -5346"," 96,70",
"22/07/2025  7:20:56,446","   603250000","OROMAR","36","  47,4","     1800000","       -2213"," 93,90",
"22/07/2025  7:20:56,446","   615250000"," ","38","  48,7","     1800000","        7065"," 93,10",
"22/07/2025  7:20:56,446","   621250000","CANAL SUR - TELEVISION MUN","39","  99,3","     1600000","          54"," 51,20",
"22/07/2025  7:20:56,446","   627250000"," ","40","  45,5","     1800000","        5192"," 94,10",
"22/07/2025  7:20:56,446","   633250000"," ","41","  46,1","     1800000","        3919"," 94,00",
"22/07/2025  7:20:56,446","   639250000"," ","42","  48,0","     1800000","        5683"," 96,60",
"22/07/2025  7:20:56,446","   645250000"," ","43","  46,4","     1800000","       -4481"," 95,00",
"22/07/2025  7:20:56,446","   651250000"," ","44","  60,4","     1800000","        2230"," 98,60",
"22/07/2025  7:20:56,446","   657250000"," ","45","  49,1","     1800000","        6138"," 95,90",
"22/07/2025  7:20:56,446","   663250000"," ","46","  49,5","     1800000","        2528"," 96,50",
"22/07/2025  7:20:56,446","   669250000"," ","47","  50,3","     1800000","        4399"," 94,60",
"22/07/2025  7:20:56,446","   675250000"," ","48","  50,6","     1800000","         981"," 92,70",
"22/07/2025  7:20:56,446","   681250000"," ","49","  52,4","     1800000","       26567"," 96,50",
"22/07/2025  7:20:56,446","   687250000"," ","50","  66,6","     1800000","        6965"," 96,50",
"22/07/2025  7:20:56,446","   693250000"," ","51","  66,1","     1800000","        1495"," 97,20",
"22/07/2025  7:21:48,051","    55250000","CORPORACION ECUATORIANA DE","2","  85,2","     1800000","          13"," 64,50",
"22/07/2025  7:21:48,051","    61250000"," ","3","  45,3","     1800000","        1901"," 96,00",
"22/07/2025  7:21:48,051","    67250000","UV TELEVISION","4","  82,7","     1600000","         186"," 84,80",
"22/07/2025  7:21:48,051","    77250000","TELEAMAZONAS","5","  86,2","     1800000","          11"," 35,00",
"22/07/2025  7:21:48,051","    83250000"," ","6","  63,6","     1800000","      -34078"," 97,20",
"22/07/2025  7:21:48,051","   175250000","ECUADOR TV","7","  90,8","     1800000","         -16"," 84,80",
"22/07/2025  7:21:48,051","   181250000","CADENA ECUATORIANA DE TELE","8","  81,4","     1800000","       10368"," 95,30",
"22/07/2025  7:21:48,051","   187250000","RED TELESISTEMA (R.T.S)","9","  94,5","     1800000","        -175"," 44,60",
"22/07/2025  7:21:48,051","   193250000"," ","10","  67,7","     1800000","      104658"," 93,30",
"22/07/2025  7:21:48,051","   199250000","TELEVISION DEL PACIFICO","11","  64,1","     1800000","      115394"," 93,80",
"22/07/2025  7:21:48,051","   205250000"," ","12","  61,2","     1800000","      118323"," 96,20",
"22/07/2025  7:21:48,051","   211250000"," ","13","  58,9","     1800000","      120185"," 96,40",
"22/07/2025  7:21:48,051","   471250000"," ","14","  46,4","     1800000","        2471"," 98,50",
"22/07/2025  7:21:48,051","   477250000"," ","15","  35,4","     1800000","       -4688"," 94,10",
"22/07/2025  7:21:48,051","   483250000"," ","16","  35,7","     1800000","       -2221"," 93,00",
"22/07/2025  7:21:48,051","   513250000"," ","21","  37,3","     1800000","         387"," 94,50",
"22/07/2025  7:21:48,051","   519250000","ECOTEL","22","  76,8","     1800000","        1035"," 47,40",
"22/07/2025  7:21:48,051","   525250000"," ","23","  38,6","     1800000","      -46238"," 92,00",
"22/07/2025  7:21:48,051","   531250000","TELERAMA","24","  37,8","     1800000","        7328"," 93,50",
"22/07/2025  7:21:48,051","   537250000","PLUS TV","25","  67,6","     1800000","        4523"," 48,30",
"22/07/2025  7:21:48,051","   543250000","CANAL UNO","26","  39,4","     1800000","        2353"," 96,90",
"22/07/2025  7:21:48,051","   549250000"," ","27","  38,8","     1800000","       -5861"," 94,60",
"22/07/2025  7:21:48,051","   555250000"," ","28","  41,0","     1800000","        5132"," 92,30",
"22/07/2025  7:21:48,051","   561250000"," ","29","  42,1","     1800000","        2584"," 96,10",
"22/07/2025  7:21:48,051","   567250000","TELEATAHUALPA (RTU)","30","  41,5","     1800000","          67"," 97,50",
"22/07/2025  7:21:48,051","   573250000"," ","31","  41,7","     1800000","           6"," 94,00",
"22/07/2025  7:21:48,051","   579250000","TELEVICENTRO TVC","32","  79,0","     1800000","        1435"," 28,20",
"22/07/2025  7:21:48,051","   585250000"," ","33","  45,1","     1800000","        3863"," 96,70",
"22/07/2025  7:21:48,051","   591250000","UCSG TELEVISION","34","  43,7","     1800000","        2923"," 97,00",
"22/07/2025  7:21:48,051","   603250000","OROMAR","36","  46,9","     1800000","         886"," 97,00",
"22/07/2025  7:21:48,051","   615250000"," ","38","  50,5","     1800000","        -771"," 96,90",
"22/07/2025  7:21:48,051","   621250000","CANAL SUR - TELEVISION MUN","39","  99,9","     1600000","          54"," 35,90",
"22/07/2025  7:21:48,051","   627250000"," ","40","  45,4","     1800000","       -4506"," 95,60",
"22/07/2025  7:21:48,051","   633250000"," ","41","  47,2","     1800000","        -703"," 95,60",
"22/07/2025  7:21:48,051","   639250000"," ","42","  46,4","     1800000","         766"," 93,70",
"22/07/2025  7:21:48,051","   645250000"," ","43","  49,8","     1800000","        3299"," 97,40",
"22/07/2025  7:21:48,051","   651250000"," ","44","  47,1","     1800000","       11470"," 94,70",
"22/07/2025  7:21:48,051","   657250000"," ","45","  50,6","     1800000","       -1586"," 97,20",
"22/07/2025  7:21:48,051","   663250000"," ","46","  49,0","     1800000","        3236"," 94,10",
"22/07/2025  7:21:48,051","   669250000"," ","47","  50,5","     1800000","        -357"," 96,40",
"22/07/2025  7:21:48,051","   675250000"," ","48","  49,9","     1800000","        -359"," 94,50",
"22/07/2025  7:21:48,051","   681250000"," ","49","  51,7","     1800000","       24929"," 95,60",
"22/07/2025  7:21:48,051","   687250000"," ","50","  66,7","     1800000","        7965"," 96,40",
"22/07/2025  7:21:48,051","   693250000"," ","51","  66,0","     1800000","        2087"," 97,40",
"22/07/2025  17:40:03,971","    55250000","CORPORACION ECUATORIANA DE","2","  84,4","      156875","           7"," 86,40",
"22/07/2025  17:40:03,971","    61250000"," ","3","  50,0","      999375","       -6442"," 97,00",
"22/07/2025  17:40:03,971","    67250000","UV TELEVISION","4","  87,3","      157500","         196"," 82,20",
"22/07/2025  17:40:03,971","    77250000","TELEAMAZONAS","5","  87,0","       94375","          14"," 36,40",
"22/07/2025  17:40:03,971","    83250000"," ","6","  63,5","      999375","      -15212"," 92,40",
"22/07/2025  17:40:03,971","   175250000","ECUADOR TV","7","  89,9","      126875","         -17"," 72,50",
"22/07/2025  17:40:03,971","   181250000","CADENA ECUATORIANA DE TELE","8","  80,4","      440000","        -710"," 77,80",
"22/07/2025  17:40:03,971","   187250000","RED TELESISTEMA (R.T.S)","9","  94,0","       94375","        -829"," 38,00",
"22/07/2025  17:40:03,971","   193250000"," ","10","  66,0","      921875","      106955"," 95,60",
"22/07/2025  17:40:03,971","   199250000","TELEVISION DEL PACIFICO","11","  69,0","      899375","      104464"," 95,30",
"22/07/2025  17:40:03,971","   205250000"," ","12","  61,7","      921250","      114320"," 90,10",
"22/07/2025  17:40:03,971","   211250000"," ","13","  57,9","      851250","      122287"," 95,10",
"22/07/2025  17:40:03,971","   471250000"," ","14","  34,9","      999375","        -270"," 94,10",
"22/07/2025  17:40:03,971","   477250000"," ","15","  35,1","      999375","      -10701"," 95,20",
"22/07/2025  17:40:03,971","   483250000"," ","16","  36,0","      999375","       -1588"," 95,20",
"22/07/2025  17:40:03,971","   513250000"," ","21","  37,7","      999375","          17"," 95,90",
"22/07/2025  17:40:03,971","   519250000","ECOTEL","22","  79,4","       31875","        1152"," 31,40",
"22/07/2025  17:40:03,971","   525250000"," ","23","  41,7","      999375","      -29294"," 95,80",
"22/07/2025  17:40:03,971","   531250000","TELERAMA","24","  40,0","      999375","        4913"," 97,30",
"22/07/2025  17:40:03,971","   537250000","PLUS TV","25","  69,8","       63125","        3895"," 43,20",
"22/07/2025  17:40:03,971","   543250000","CANAL UNO","26","  37,8","      999375","        2463"," 96,40",
"22/07/2025  17:40:03,971","   549250000"," ","27","  41,7","      999375","        3346"," 97,20",
"22/07/2025  17:40:03,971","   555250000"," ","28","  39,5","      999375","       -2166"," 97,20",
"22/07/2025  17:40:03,971","   561250000"," ","29","  41,1","      999375","          45"," 96,00",
"22/07/2025  17:40:03,971","   567250000","TELEATAHUALPA (RTU)","30","  40,5","      999375","        1244"," 97,10",
"22/07/2025  17:40:03,971","   573250000"," ","31","  42,4","      999375","       -2307"," 93,70",
"22/07/2025  17:40:03,971","   579250000","TELEVICENTRO TVC","32","  81,4","      251250","        1007"," 52,20",
"22/07/2025  17:40:03,971","   585250000"," ","33","  42,4","      999375","        2684"," 95,30",
"22/07/2025  17:40:03,971","   591250000","UCSG TELEVISION","34","  43,5","      999375","        -553"," 95,60",
"22/07/2025  17:40:03,971","   603250000","OROMAR","36","  46,7","      999375","        3617"," 95,90",
"22/07/2025  17:40:03,971","   615250000"," ","38","  51,4","      999375","        4933"," 96,80",
"22/07/2025  17:40:03,971","   621250000","CANAL SUR - TELEVISION MUN","39","  99,7","      156875","          51"," 66,20",
"22/07/2025  17:40:03,971","   627250000"," ","40","  44,7","      999375","        1835"," 93,10",
"22/07/2025  17:40:03,971","   633250000"," ","41","  45,4","      999375","       -2588"," 94,00",
"22/07/2025  17:40:03,971","   639250000"," ","42","  47,1","      999375","         845"," 94,00",
"22/07/2025  17:40:03,971","   645250000"," ","43","  47,7","      999375","       -1375"," 95,40",
"22/07/2025  17:40:03,971","   651250000"," ","44","  47,8","      999375","         598"," 95,30",
"22/07/2025  17:40:03,971","   657250000"," ","45","  48,6","      999375","         227"," 93,90",
"22/07/2025  17:40:03,971","   663250000"," ","46","  50,5","      999375","        5815"," 95,20",
"22/07/2025  17:40:03,971","   669250000"," ","47","  49,7","      999375","        4372"," 97,50",
"22/07/2025  17:40:03,971","   675250000"," ","48","  49,5","      999375","        4694"," 90,90",
"22/07/2025  17:40:03,971","   681250000"," ","49","  53,8","      999375","       14387"," 95,30",
"22/07/2025  17:40:03,971","   687250000"," ","50","  65,0","      999375","       -1747"," 97,40",
"22/07/2025  17:40:03,971","   693250000"," ","51","  70,6","      999375","        1768"," 95,90",
"22/07/2025  17:40:57,760","    55250000","CORPORACION ECUATORIANA DE","2","  84,5","      125625","          -9"," 42,40",
"22/07/2025  17:40:57,760","    61250000"," ","3","  55,0","      999375","       -3530"," 96,10",
"22/07/2025  17:40:57,760","    67250000","UV TELEVISION","4","  86,8","      157500","         186"," 49,90",
"22/07/2025  17:40:57,760","    77250000","TELEAMAZONAS","5","  87,1","      110000","          13"," 57,50",
"22/07/2025  17:40:57,760","    83250000"," ","6","  63,9","      999375","      -33038"," 95,90",
"22/07/2025  17:40:57,760","   175250000","ECUADOR TV","7","  90,3","      220000","          -8"," 91,60",
"22/07/2025  17:40:57,760","   181250000","CADENA ECUATORIANA DE TELE","8","  78,4","      378750","        -786"," 83,30",
"22/07/2025  17:40:57,760","   187250000","RED TELESISTEMA (R.T.S)","9","  93,2","       94375","        -707"," 33,80",
"22/07/2025  17:40:57,760","   193250000"," ","10","  66,6","      999375","      105193"," 94,40",
"22/07/2025  17:40:57,760","   199250000","TELEVISION DEL PACIFICO","11","  64,7","      934375","      105342"," 93,20",
"22/07/2025  17:40:57,760","   205250000"," ","12","  56,6","      873125","      105807"," 94,80",
"22/07/2025  17:40:57,760","   211250000"," ","13","  59,4","      999375","      119076"," 91,90",
"22/07/2025  17:40:57,760","   471250000"," ","14","  35,8","      999375","         824"," 96,30",
"22/07/2025  17:40:57,760","   477250000"," ","15","  35,6","      999375","       -4687"," 95,50",
"22/07/2025  17:40:57,760","   483250000"," ","16","  34,6","      999375","        1714"," 95,70",
"22/07/2025  17:40:57,760","   513250000"," ","21","  35,9","      999375","        -631"," 93,60",
"22/07/2025  17:40:57,760","   519250000","ECOTEL","22","  80,7","       62500","        1154"," 32,80",
"22/07/2025  17:40:57,760","   525250000"," ","23","  40,5","      999375","      -35121"," 96,60",
"22/07/2025  17:40:57,760","   531250000","TELERAMA","24","  40,1","      999375","        1713"," 96,00",
"22/07/2025  17:40:57,760","   537250000","PLUS TV","25","  69,0","       47500","        3886"," 42,90",
"22/07/2025  17:40:57,760","   543250000","CANAL UNO","26","  38,7","      999375","         446"," 93,80",
"22/07/2025  17:40:57,760","   549250000"," ","27","  39,1","      999375","        2332"," 95,50",
"22/07/2025  17:40:57,760","   555250000"," ","28","  40,2","      999375","       -1168"," 93,80",
"22/07/2025  17:40:57,760","   561250000"," ","29","  41,8","      999375","        1629"," 95,10",
"22/07/2025  17:40:57,760","   567250000","TELEATAHUALPA (RTU)","30","  41,0","      999375","        3197"," 98,00",
"22/07/2025  17:40:57,760","   573250000"," ","31","  41,7","      999375","       -3208"," 91,70",
"22/07/2025  17:40:57,760","   579250000","TELEVICENTRO TVC","32","  80,7","      188750","         999"," 88,80",
"22/07/2025  17:40:57,760","   585250000"," ","33","  42,3","      999375","         159"," 95,50",
"22/07/2025  17:40:57,760","   591250000","UCSG TELEVISION","34","  42,9","      999375","        1496"," 98,00",
"22/07/2025  17:40:57,760","   603250000","OROMAR","36","  47,6","      999375","         617"," 93,30",
"22/07/2025  17:40:57,760","   615250000"," ","38","  50,3","      999375","        3262"," 93,00",
"22/07/2025  17:40:57,760","   621250000","CANAL SUR - TELEVISION MUN","39","  99,3","      156875","          53"," 62,30",
"22/07/2025  17:40:57,760","   627250000"," ","40","  45,2","      999375","        1972"," 94,80",
"22/07/2025  17:40:57,760","   633250000"," ","41","  45,9","      999375","          22"," 96,00",
"22/07/2025  17:40:57,760","   639250000"," ","42","  47,2","      999375","        4320"," 95,70",
"22/07/2025  17:40:57,760","   645250000"," ","43","  47,1","      999375","        2445"," 96,50",
"22/07/2025  17:40:57,760","   651250000"," ","44","  48,4","      999375","        3247"," 94,90",
"22/07/2025  17:40:57,760","   657250000"," ","45","  49,4","      999375","       -1260"," 94,50",
"22/07/2025  17:40:57,760","   663250000"," ","46","  50,3","      999375","        4579"," 96,00",
"22/07/2025  17:40:57,760","   669250000"," ","47","  48,9","      999375","       -1934"," 94,20",
"22/07/2025  17:40:57,760","   675250000"," ","48","  50,8","      999375","        1459"," 96,70",
"22/07/2025  17:40:57,760","   681250000"," ","49","  50,9","      999375","       17701"," 94,90",
"22/07/2025  17:40:57,760","   687250000"," ","50","  66,8","      999375","        2682"," 97,70",
"22/07/2025  17:40:57,760","   693250000"," ","51","  68,8","      999375","        5991"," 96,70",
"22/07/2025  17:41:49,194","    55250000","CORPORACION ECUATORIANA DE","2","  84,0","      125625","          29"," 37,30",
"22/07/2025  17:41:49,194","    61250000"," ","3","  49,5","      999375","        5168"," 96,80",
"22/07/2025  17:41:49,194","    67250000","UV TELEVISION","4","  87,7","      157500","         191"," 69,70",
"22/07/2025  17:41:49,194","    77250000","TELEAMAZONAS","5","  87,4","       31875","          12"," 31,50",
"22/07/2025  17:41:49,194","    83250000"," ","6","  62,8","      999375","      -50152"," 95,70",
"22/07/2025  17:41:49,194","   175250000","ECUADOR TV","7","  90,7","      219375","         -16"," 59,10",
"22/07/2025  17:41:49,194","   181250000","CADENA ECUATORIANA DE TELE","8","  79,7","      449375","        -816"," 46,70",
"22/07/2025  17:41:49,194","   187250000","RED TELESISTEMA (R.T.S)","9","  93,6","       63125","        -820"," 34,70",
"22/07/2025  17:41:49,194","   193250000"," ","10","  66,2","      997500","      109660"," 94,60",
"22/07/2025  17:41:49,194","   199250000","TELEVISION DEL PACIFICO","11","  65,2","      913125","      111342"," 93,40",
"22/07/2025  17:41:49,194","   205250000"," ","12","  60,0","      906250","      100410"," 93,20",
"22/07/2025  17:41:49,194","   211250000"," ","13","  60,5","      999375","      103407"," 92,00",
"22/07/2025  17:41:49,194","   471250000"," ","14","  36,3","      999375","        2947"," 94,60",
"22/07/2025  17:41:49,194","   477250000"," ","15","  33,5","      999375","       -6443"," 93,90",
"22/07/2025  17:41:49,194","   483250000"," ","16","  36,6","      999375","       -3578"," 97,30",
"22/07/2025  17:41:49,194","   513250000"," ","21","  37,3","      999375","        7249"," 95,30",
"22/07/2025  17:41:49,194","   519250000","ECOTEL","22","  81,3","       62500","        1160"," 25,30",
"22/07/2025  17:41:49,194","   525250000"," ","23","  38,4","      999375","      -17568"," 95,20",
"22/07/2025  17:41:49,194","   531250000","TELERAMA","24","  39,6","      999375","         761"," 94,00",
"22/07/2025  17:41:49,194","   537250000","PLUS TV","25","  68,5","       63125","        3891"," 28,80",
"22/07/2025  17:41:49,194","   543250000","CANAL UNO","26","  38,8","      999375","        2321"," 95,00",
"22/07/2025  17:41:49,194","   549250000"," ","27","  40,1","      999375","        -323"," 94,60",
"22/07/2025  17:41:49,194","   555250000"," ","28","  40,3","      999375","        5958"," 96,30",
"22/07/2025  17:41:49,194","   561250000"," ","29","  42,5","      999375","        1054"," 97,90",
"22/07/2025  17:41:49,194","   567250000","TELEATAHUALPA (RTU)","30","  42,7","      999375","        5658"," 95,60",
"22/07/2025  17:41:49,194","   573250000"," ","31","  42,3","      999375","        3360"," 96,80",
"22/07/2025  17:41:49,194","   579250000","TELEVICENTRO TVC","32","  79,2","      188750","          24"," 70,80",
"22/07/2025  17:41:49,194","   585250000"," ","33","  42,1","      999375","         -79"," 95,60",
"22/07/2025  17:41:49,194","   591250000","UCSG TELEVISION","34","  44,0","      999375","        3657"," 94,90",
"22/07/2025  17:41:49,194","   603250000","OROMAR","36","  44,9","      999375","       -2451"," 91,90",
"22/07/2025  17:41:49,194","   615250000"," ","38","  50,2","      999375","        2503"," 94,10",
"22/07/2025  17:41:49,194","   621250000","CANAL SUR - TELEVISION MUN","39"," 100,0","      125625","          50"," 21,10",
"22/07/2025  17:41:49,194","   627250000"," ","40","  48,6","      999375","        4620"," 96,80",
"22/07/2025  17:41:49,194","   633250000"," ","41","  46,9","      999375","        3432"," 95,30",
"22/07/2025  17:41:49,194","   639250000"," ","42","  47,4","      999375","        2135"," 95,50",
"22/07/2025  17:41:49,194","   645250000"," ","43","  47,9","      999375","       -2963"," 96,20",
"22/07/2025  17:41:49,194","   651250000"," ","44","  48,8","      999375","        5284"," 95,60",
"22/07/2025  17:41:49,194","   657250000"," ","45","  49,3","      999375","       -2166"," 95,70",
"22/07/2025  17:41:49,194","   663250000"," ","46","  49,3","      999375","        2214"," 96,30",
"22/07/2025  17:41:49,194","   669250000"," ","47","  49,9","      999375","        5503"," 94,40",
"22/07/2025  17:41:49,194","   675250000"," ","48","  50,0","      999375","        1282"," 95,40",
"22/07/2025  17:41:49,194","   681250000"," ","49","  51,0","      999375","       13153"," 94,20",
"22/07/2025  17:41:49,194","   687250000"," ","50","  68,8","      999375","        6405"," 96,80",
"22/07/2025  17:41:49,194","   693250000"," ","51","  68,4","      999375","        6360"," 96,00",
"23/07/2025  7:20:03,860","    55250000","CORPORACION ECUATORIANA DE","2","  85,1","      156875","          -7"," 48,20",
"23/07/2025  7:20:03,860","    61250000"," ","3","  47,2","      999375","        4164"," 97,60",
"23/07/2025  7:20:03,860","    67250000","UV TELEVISION","4","  83,9","      126250","         200"," 84,70",
"23/07/2025  7:20:03,860","    77250000","TELEAMAZONAS","5","  84,4","       78750","          17"," 44,00",
"23/07/2025  7:20:03,860","    83250000"," ","6","  62,7","      999375","      -27477"," 96,60",
"23/07/2025  7:20:03,860","   175250000","ECUADOR TV","7","  91,0","      125625","         -17"," 74,80",
"23/07/2025  7:20:03,860","   181250000","CADENA ECUATORIANA DE TELE","8","  81,6","      435625","         181"," 48,90",
"23/07/2025  7:20:03,860","   187250000","RED TELESISTEMA (R.T.S)","9","  94,4","       94375","        -290"," 45,00",
"23/07/2025  7:20:03,860","   193250000"," ","10","  65,4","      999375","       93257"," 94,00",
"23/07/2025  7:20:03,860","   199250000","TELEVISION DEL PACIFICO","11","  64,4","      912500","      113158"," 96,30",
"23/07/2025  7:20:03,860","   205250000"," ","12","  60,3","      918125","      128884"," 96,20",
"23/07/2025  7:20:03,860","   211250000"," ","13","  57,3","      999375","      129782"," 95,90",
"23/07/2025  7:20:03,860","   471250000"," ","14","  35,4","      999375","       -3768"," 95,80",
"23/07/2025  7:20:03,860","   477250000"," ","15","  36,0","      999375","       -4572"," 95,40",
"23/07/2025  7:20:03,860","   483250000"," ","16","  34,4","      999375","       -3176"," 96,50",
"23/07/2025  7:20:03,860","   513250000"," ","21","  36,8","      999375","        1253"," 95,70",
"23/07/2025  7:20:03,860","   519250000","ECOTEL","22","  76,2","      220000","        1064"," 45,70",
"23/07/2025  7:20:03,860","   525250000"," ","23","  39,3","      999375","      -26156"," 95,70",
"23/07/2025  7:20:03,860","   531250000","TELERAMA","24","  39,3","      999375","        4831"," 95,90",
"23/07/2025  7:20:03,860","   537250000","PLUS TV","25","  71,1","      424375","        4362"," 61,60",
"23/07/2025  7:20:03,860","   543250000","CANAL UNO","26","  38,7","      999375","        -731"," 97,30",
"23/07/2025  7:20:03,860","   549250000"," ","27","  38,2","      999375","         310"," 94,20",
"23/07/2025  7:20:03,860","   555250000"," ","28","  42,7","      999375","        2001"," 96,60",
"23/07/2025  7:20:03,860","   561250000"," ","29","  41,7","      999375","        3133"," 92,00",
"23/07/2025  7:20:03,860","   567250000","TELEATAHUALPA (RTU)","30","  41,4","      999375","         967"," 96,60",
"23/07/2025  7:20:03,860","   573250000"," ","31","  42,2","      999375","        3623"," 95,30",
"23/07/2025  7:20:03,860","   579250000","TELEVICENTRO TVC","32","  75,6","      628750","      -15906"," 92,50",
"23/07/2025  7:20:03,860","   585250000"," ","33","  42,8","      999375","        3701"," 94,40",
"23/07/2025  7:20:03,860","   591250000","UCSG TELEVISION","34","  42,7","      999375","       -1000"," 92,80",
"23/07/2025  7:20:03,860","   603250000","OROMAR","36","  46,2","      999375","       -1949"," 96,20",
"23/07/2025  7:20:03,860","   615250000"," ","38","  51,8","      999375","        -230"," 96,50",
"23/07/2025  7:20:03,860","   621250000","CANAL SUR - TELEVISION MUN","39","  99,8","      125625","          50"," 68,30",
"23/07/2025  7:20:03,860","   627250000"," ","40","  45,1","      999375","        2395"," 95,50",
"23/07/2025  7:20:03,860","   633250000"," ","41","  46,5","      999375","        1701"," 95,30",
"23/07/2025  7:20:03,860","   639250000"," ","42","  47,7","      999375","        2315"," 95,30",
"23/07/2025  7:20:03,860","   645250000"," ","43","  47,9","      999375","        5496"," 94,00",
"23/07/2025  7:20:03,860","   651250000"," ","44","  51,2","      999375","       38254"," 95,80",
"23/07/2025  7:20:03,860","   657250000"," ","45","  47,2","      999375","        1042"," 93,20",
"23/07/2025  7:20:03,860","   663250000"," ","46","  50,3","      999375","       -1184"," 94,30",
"23/07/2025  7:20:03,860","   669250000"," ","47","  49,9","      999375","         429"," 93,00",
"23/07/2025  7:20:03,860","   675250000"," ","48","  50,2","      999375","       -3074"," 96,30",
"23/07/2025  7:20:03,860","   681250000"," ","49","  50,8","      999375","       14081"," 94,40",
"23/07/2025  7:20:03,860","   687250000"," ","50","  64,7","      999375","        8228"," 95,80",
"23/07/2025  7:20:03,860","   693250000"," ","51","  68,4","      999375","        2870"," 97,30",
"23/07/2025  7:20:57,652","    55250000","CORPORACION ECUATORIANA DE","2","  84,5","      125625","         -18"," 59,70",
"23/07/2025  7:20:57,652","    61250000"," ","3","  47,3","      999375","       -1173"," 97,10",
"23/07/2025  7:20:57,652","    67250000","UV TELEVISION","4","  85,4","      156875","         196"," 64,00",
"23/07/2025  7:20:57,652","    77250000","TELEAMAZONAS","5","  81,9","      110000","           7"," 40,80",
"23/07/2025  7:20:57,652","    83250000"," ","6","  64,7","      999375","      -39945"," 90,70",
"23/07/2025  7:20:57,652","   175250000","ECUADOR TV","7","  91,2","      156875","         -17"," 49,80",
"23/07/2025  7:20:57,652","   181250000","CADENA ECUATORIANA DE TELE","8","  82,5","      315000","        -356"," 95,00",
"23/07/2025  7:20:57,652","   187250000","RED TELESISTEMA (R.T.S)","9","  95,4","       93750","        -262"," 56,00",
"23/07/2025  7:20:57,652","   193250000"," ","10","  66,3","      909375","      110912"," 93,10",
"23/07/2025  7:20:57,652","   199250000","TELEVISION DEL PACIFICO","11","  65,0","      983125","      116940"," 95,00",
"23/07/2025  7:20:57,652","   205250000"," ","12","  62,0","      999375","      121323"," 84,10",
"23/07/2025  7:20:57,652","   211250000"," ","13","  58,3","      901250","      103347"," 93,20",
"23/07/2025  7:20:57,652","   471250000"," ","14","  35,3","      999375","        2537"," 96,40",
"23/07/2025  7:20:57,652","   477250000"," ","15","  36,7","      999375","         643"," 96,30",
"23/07/2025  7:20:57,652","   483250000"," ","16","  35,7","      999375","       -1794"," 97,00",
"23/07/2025  7:20:57,652","   513250000"," ","21","  36,8","      999375","        3813"," 92,50",
"23/07/2025  7:20:57,652","   519250000","ECOTEL","22","  79,7","       63125","        1080"," 48,90",
"23/07/2025  7:20:57,652","   525250000"," ","23","  38,6","      999375","      -11627"," 95,20",
"23/07/2025  7:20:57,652","   531250000","TELERAMA","24","  38,6","      999375","       -4185"," 94,70",
"23/07/2025  7:20:57,652","   537250000","PLUS TV","25","  69,6","       46875","        4364"," 37,20",
"23/07/2025  7:20:57,652","   543250000","CANAL UNO","26","  39,7","      999375","        1474"," 98,10",
"23/07/2025  7:20:57,652","   549250000"," ","27","  39,8","      999375","         488"," 94,70",
"23/07/2025  7:20:57,652","   555250000"," ","28","  41,7","      999375","        -227"," 95,90",
"23/07/2025  7:20:57,652","   561250000"," ","29","  42,7","      999375","       -2297"," 94,80",
"23/07/2025  7:20:57,652","   567250000","TELEATAHUALPA (RTU)","30","  40,7","      999375","       -1877"," 93,70",
"23/07/2025  7:20:57,652","   573250000"," ","31","  41,6","      999375","         173"," 94,50",
"23/07/2025  7:20:57,652","   579250000","TELEVICENTRO TVC","32","  80,3","      298750","        1232"," 94,30",
"23/07/2025  7:20:57,652","   585250000"," ","33","  43,0","      999375","         527"," 91,60",
"23/07/2025  7:20:57,652","   591250000","UCSG TELEVISION","34","  42,8","      999375","       -2084"," 94,60",
"23/07/2025  7:20:57,652","   603250000","OROMAR","36","  47,5","      999375","        4681"," 93,90",
"23/07/2025  7:20:57,652","   615250000"," ","38","  51,7","      999375","        2824"," 94,20",
"23/07/2025  7:20:57,652","   621250000","CANAL SUR - TELEVISION MUN","39"," 100,4","      125625","          50"," 45,40",
"23/07/2025  7:20:57,652","   627250000"," ","40","  46,3","      999375","        3375"," 95,80",
"23/07/2025  7:20:57,652","   633250000"," ","41","  46,0","      999375","        3853"," 96,00",
"23/07/2025  7:20:57,652","   639250000"," ","42","  50,9","      999375","        -723"," 97,40",
"23/07/2025  7:20:57,652","   645250000"," ","43","  48,4","      999375","        1040"," 97,20",
"23/07/2025  7:20:57,652","   651250000"," ","44","  51,6","      999375","       54142"," 94,50",
"23/07/2025  7:20:57,652","   657250000"," ","45","  49,8","      999375","        3343"," 95,50",
"23/07/2025  7:20:57,652","   663250000"," ","46","  49,2","      999375","        4779"," 96,10",
"23/07/2025  7:20:57,652","   669250000"," ","47","  50,6","      999375","        3562"," 96,40",
"23/07/2025  7:20:57,652","   675250000"," ","48","  52,1","      999375","        4298"," 97,10",
"23/07/2025  7:20:57,652","   681250000"," ","49","  53,6","      999375","       13996"," 95,30",
"23/07/2025  7:20:57,652","   687250000"," ","50","  65,0","      999375","        1080"," 97,10",
"23/07/2025  7:20:57,652","   693250000"," ","51","  70,8","      999375","        4142"," 96,30",
"23/07/2025  7:21:49,144","    55250000","CORPORACION ECUATORIANA DE","2","  85,0","      110000","          -9"," 44,80",
"23/07/2025  7:21:49,144","    61250000"," ","3","  50,0","      999375","       10744"," 96,00",
"23/07/2025  7:21:49,144","    67250000","UV TELEVISION","4","  82,7","      156250","         182"," 50,20",
"23/07/2025  7:21:49,144","    77250000","TELEAMAZONAS","5","  81,3","       78750","          12"," 33,10",
"23/07/2025  7:21:49,144","    83250000"," ","6","  64,7","      999375","      -29797"," 95,90",
"23/07/2025  7:21:49,144","   175250000","ECUADOR TV","7","  90,2","      125625","         -16"," 51,20",
"23/07/2025  7:21:49,144","   181250000","CADENA ECUATORIANA DE TELE","8","  82,3","      235625","        -476"," 58,00",
"23/07/2025  7:21:49,144","   187250000","RED TELESISTEMA (R.T.S)","9","  94,8","      141250","        -436"," 46,20",
"23/07/2025  7:21:49,144","   193250000"," ","10","  66,6","      910000","      104646"," 94,40",
"23/07/2025  7:21:49,144","   199250000","TELEVISION DEL PACIFICO","11","  66,9","      916250","      107468"," 94,30",
"23/07/2025  7:21:49,144","   205250000"," ","12","  60,8","      890625","      118822"," 94,90",
"23/07/2025  7:21:49,144","   211250000"," ","13","  57,5","      895625","      106788"," 90,70",
"23/07/2025  7:21:49,144","   471250000"," ","14","  34,6","      999375","       -1190"," 93,80",
"23/07/2025  7:21:49,144","   477250000"," ","15","  35,0","      999375","      -11505"," 92,10",
"23/07/2025  7:21:49,144","   483250000"," ","16","  35,0","      999375","        -398"," 96,50",
"23/07/2025  7:21:49,144","   513250000"," ","21","  36,3","      999375","        4246"," 94,70",
"23/07/2025  7:21:49,144","   519250000","ECOTEL","22","  77,5","      110000","        1057"," 47,20",
"23/07/2025  7:21:49,144","   525250000"," ","23","  42,6","      999375","      -18181"," 96,80",
"23/07/2025  7:21:49,144","   531250000","TELERAMA","24","  38,0","      999375","        -531"," 95,00",
"23/07/2025  7:21:49,144","   537250000","PLUS TV","25","  70,1","       94375","        4364"," 13,60",
"23/07/2025  7:21:49,144","   543250000","CANAL UNO","26","  40,4","      999375","       -1482"," 95,00",
"23/07/2025  7:21:49,144","   549250000"," ","27","  39,7","      999375","        -132"," 98,30",
"23/07/2025  7:21:49,144","   555250000"," ","28","  42,0","      999375","         908"," 95,50",
"23/07/2025  7:21:49,144","   561250000"," ","29","  42,8","      999375","       -1188"," 96,20",
"23/07/2025  7:21:49,144","   567250000","TELEATAHUALPA (RTU)","30","  42,1","      999375","       -2429"," 95,40",
"23/07/2025  7:21:49,144","   573250000"," ","31","  41,9","      999375","         -47"," 91,80",
"23/07/2025  7:21:49,144","   579250000","TELEVICENTRO TVC","32","  80,2","      250625","        1244"," 30,10",
"23/07/2025  7:21:49,144","   585250000"," ","33","  44,1","      999375","        6761"," 97,10",
"23/07/2025  7:21:49,144","   591250000","UCSG TELEVISION","34","  43,0","      999375","       -1361"," 95,00",
"23/07/2025  7:21:49,144","   603250000","OROMAR","36","  45,9","      999375","         801"," 96,40",
"23/07/2025  7:21:49,144","   615250000"," ","38","  49,9","      999375","       -4391"," 97,70",
"23/07/2025  7:21:49,144","   621250000","CANAL SUR - TELEVISION MUN","39","  99,3","      125625","          53"," 34,90",
"23/07/2025  7:21:49,144","   627250000"," ","40","  46,0","      999375","       -7457"," 94,50",
"23/07/2025  7:21:49,144","   633250000"," ","41","  47,5","      999375","        2551"," 94,30",
"23/07/2025  7:21:49,144","   639250000"," ","42","  47,0","      999375","        6078"," 95,70",
"23/07/2025  7:21:49,144","   645250000"," ","43","  46,9","      999375","       -3217"," 96,00",
"23/07/2025  7:21:49,144","   651250000"," ","44","  49,4","      999375","       47165"," 95,90",
"23/07/2025  7:21:49,144","   657250000"," ","45","  50,4","      999375","        2866"," 96,60",
"23/07/2025  7:21:49,144","   663250000"," ","46","  49,5","      999375","        1390"," 97,20",
"23/07/2025  7:21:49,144","   669250000"," ","47","  51,4","      999375","        2083"," 96,30",
"23/07/2025  7:21:49,144","   675250000"," ","48","  49,9","      999375","       -1243"," 96,10",
"23/07/2025  7:21:49,144","   681250000"," ","49","  51,7","      999375","       25101"," 97,80",
"23/07/2025  7:21:49,144","   687250000"," ","50","  66,3","      999375","        4300"," 97,00",
"23/07/2025  7:21:49,144","   693250000"," ","51","  67,8","      999375","        9166"," 95,70",
"23/07/2025  17:40:03,897","    55250000","CORPORACION ECUATORIANA DE","2","  84,8","      125625","         -15"," 46,70",
"23/07/2025  17:40:03,897","    61250000"," ","3","  52,0","      999375","       -5518"," 96,10",
"23/07/2025  17:40:03,897","    67250000","UV TELEVISION","4","  86,9","      188750","         175"," 73,90",
"23/07/2025  17:40:03,897","    77250000","TELEAMAZONAS","5","  78,9","       78750","          19"," 42,10",
"23/07/2025  17:40:03,897","    83250000"," ","6","  63,6","      999375","        6756"," 93,60",
"23/07/2025  17:40:03,897","   175250000","ECUADOR TV","7","  89,2","      283125","         -14"," 79,90",
"23/07/2025  17:40:03,897","   181250000","CADENA ECUATORIANA DE TELE","8","  82,6","      172500","        -307"," 79,70",
"23/07/2025  17:40:03,897","   187250000","RED TELESISTEMA (R.T.S)","9","  94,6","      125625","        -651"," 45,70",
"23/07/2025  17:40:03,897","   193250000"," ","10","  65,0","      928125","      115837"," 95,40",
"23/07/2025  17:40:03,897","   199250000","TELEVISION DEL PACIFICO","11","  63,1","      999375","      106392"," 90,40",
"23/07/2025  17:40:03,897","   205250000"," ","12","  61,2","      910000","      110190"," 94,20",
"23/07/2025  17:40:03,897","   211250000"," ","13","  55,4","      911250","      113397"," 93,40",
"23/07/2025  17:40:03,897","   471250000"," ","14","  34,6","      999375","         122"," 97,10",
"23/07/2025  17:40:03,897","   477250000"," ","15","  36,8","      999375","       -6655"," 96,00",
"23/07/2025  17:40:03,897","   483250000"," ","16","  35,0","      999375","        -152"," 95,80",
"23/07/2025  17:40:03,897","   513250000"," ","21","  36,1","      999375","       -3350"," 95,80",
"23/07/2025  17:40:03,897","   519250000","ECOTEL","22","  77,4","      141250","        1140"," 54,20",
"23/07/2025  17:40:03,897","   525250000"," ","23","  38,6","      999375","      -17904"," 95,90",
"23/07/2025  17:40:03,897","   531250000","TELERAMA","24","  40,1","      999375","        -405"," 93,80",
"23/07/2025  17:40:03,897","   537250000","PLUS TV","25","  68,3","       47500","        3895"," 37,80",
"23/07/2025  17:40:03,897","   543250000","CANAL UNO","26","  38,4","      999375","         259"," 93,70",
"23/07/2025  17:40:03,897","   549250000"," ","27","  38,9","      999375","        -854"," 95,40",
"23/07/2025  17:40:03,897","   555250000"," ","28","  41,3","      999375","        5996"," 96,20",
"23/07/2025  17:40:03,897","   561250000"," ","29","  43,6","      999375","        1907"," 98,40",
"23/07/2025  17:40:03,897","   567250000","TELEATAHUALPA (RTU)","30","  40,3","      999375","        6127"," 93,00",
"23/07/2025  17:40:03,897","   573250000"," ","31","  41,1","      999375","       -4642"," 97,10",
"23/07/2025  17:40:03,897","   579250000","TELEVICENTRO TVC","32","  79,5","      235625","        1039"," 70,70",
"23/07/2025  17:40:03,897","   585250000"," ","33","  42,7","      999375","        3202"," 94,60",
"23/07/2025  17:40:03,897","   591250000","UCSG TELEVISION","34","  43,4","      999375","        5481"," 96,10",
"23/07/2025  17:40:03,897","   603250000","OROMAR","36","  49,6","      999375","         805"," 95,40",
"23/07/2025  17:40:03,897","   615250000"," ","38","  47,4","      999375","         113"," 93,30",
"23/07/2025  17:40:03,897","   621250000","CANAL SUR - TELEVISION MUN","39","  99,1","      125625","          51"," 57,10",
"23/07/2025  17:40:03,897","   627250000"," ","40","  47,1","      999375","         623"," 96,90",
"23/07/2025  17:40:03,897","   633250000"," ","41","  46,8","      999375","        3795"," 94,40",
"23/07/2025  17:40:03,897","   639250000"," ","42","  46,1","      999375","        2711"," 92,90",
"23/07/2025  17:40:03,897","   645250000"," ","43","  47,8","      999375","       -5489"," 94,90",
"23/07/2025  17:40:03,897","   651250000"," ","44","  46,4","      999375","        -213"," 98,80",
"23/07/2025  17:40:03,897","   657250000"," ","45","  48,0","      999375","        4034"," 94,70",
"23/07/2025  17:40:03,897","   663250000"," ","46","  48,8","      999375","        3790"," 94,90",
"23/07/2025  17:40:03,897","   669250000"," ","47","  50,7","      999375","        1644"," 97,30",
"23/07/2025  17:40:03,897","   675250000"," ","48","  51,3","      999375","        3780"," 96,50",
"23/07/2025  17:40:03,897","   681250000"," ","49","  50,9","      999375","        7880"," 92,00",
"23/07/2025  17:40:03,897","   687250000"," ","50","  68,3","      999375","       -3045"," 97,90",
"23/07/2025  17:40:03,897","   693250000"," ","51","  67,1","      999375","        7214"," 94,10",
"23/07/2025  17:40:57,689","    55250000","CORPORACION ECUATORIANA DE","2","  84,1","      125625","         -11"," 45,10",
"23/07/2025  17:40:57,689","    61250000"," ","3","  46,5","      999375","       -4003"," 94,10",
"23/07/2025  17:40:57,689","    67250000","UV TELEVISION","4","  86,7","      157500","         183"," 77,30",
"23/07/2025  17:40:57,689","    77250000","TELEAMAZONAS","5","  82,8","       63125","           9"," 25,00",
"23/07/2025  17:40:57,689","    83250000"," ","6","  63,6","      999375","       -8879"," 95,80",
"23/07/2025  17:40:57,689","   175250000","ECUADOR TV","7","  89,2","      283125","         -12"," 83,10",
"23/07/2025  17:40:57,689","   181250000","CADENA ECUATORIANA DE TELE","8","  82,4","      236250","        -636"," 77,00",
"23/07/2025  17:40:57,689","   187250000","RED TELESISTEMA (R.T.S)","9","  94,1","       31875","        -614"," 31,50",
"23/07/2025  17:40:57,689","   193250000"," ","10","  64,9","      929375","       97579"," 93,80",
"23/07/2025  17:40:57,689","   199250000","TELEVISION DEL PACIFICO","11","  64,1","      921875","      100781"," 93,70",
"23/07/2025  17:40:57,689","   205250000"," ","12","  63,1","      923125","       60868"," 93,00",
"23/07/2025  17:40:57,689","   211250000"," ","13","  57,3","      999375","      111783"," 95,70",
"23/07/2025  17:40:57,689","   471250000"," ","14","  34,6","      999375","        -694"," 94,80",
"23/07/2025  17:40:57,689","   477250000"," ","15","  34,4","      999375","       -2773"," 91,80",
"23/07/2025  17:40:57,689","   483250000"," ","16","  36,0","      999375","       -5173"," 96,50",
"23/07/2025  17:40:57,689","   513250000"," ","21","  37,0","      999375","       -2486"," 95,30",
"23/07/2025  17:40:57,689","   519250000","ECOTEL","22","  78,9","       78750","        1128"," 45,20",
"23/07/2025  17:40:57,689","   525250000"," ","23","  39,3","      999375","      -17990"," 95,80",
"23/07/2025  17:40:57,689","   531250000","TELERAMA","24","  38,2","      999375","        1234"," 95,70",
"23/07/2025  17:40:57,689","   537250000","PLUS TV","25","  65,7","       63125","        3890"," 29,30",
"23/07/2025  17:40:57,689","   543250000","CANAL UNO","26","  39,5","      999375","        2910"," 95,30",
"23/07/2025  17:40:57,689","   549250000"," ","27","  39,4","      999375","       -2999"," 94,90",
"23/07/2025  17:40:57,689","   555250000"," ","28","  39,6","      999375","        4967"," 96,80",
"23/07/2025  17:40:57,689","   561250000"," ","29","  40,8","      999375","         735"," 96,00",
"23/07/2025  17:40:57,689","   567250000","TELEATAHUALPA (RTU)","30","  41,0","      999375","        1772"," 96,10",
"23/07/2025  17:40:57,689","   573250000"," ","31","  43,2","      999375","        -233"," 95,80",
"23/07/2025  17:40:57,689","   579250000","TELEVICENTRO TVC","32","  79,9","      172500","        1021"," 54,40",
"23/07/2025  17:40:57,689","   585250000"," ","33","  43,2","      999375","         325"," 93,70",
"23/07/2025  17:40:57,689","   591250000","UCSG TELEVISION","34","  42,8","      999375","        1941"," 95,80",
"23/07/2025  17:40:57,689","   603250000","OROMAR","36","  45,2","      999375","           6"," 95,40",
"23/07/2025  17:40:57,689","   615250000"," ","38","  50,5","      999375","        6813"," 96,40",
"23/07/2025  17:40:57,689","   621250000","CANAL SUR - TELEVISION MUN","39","  98,9","       93750","          52"," 24,70",
"23/07/2025  17:40:57,689","   627250000"," ","40","  46,4","      999375","        -529"," 95,90",
"23/07/2025  17:40:57,689","   633250000"," ","41","  45,3","      999375","        6981"," 96,30",
"23/07/2025  17:40:57,689","   639250000"," ","42","  47,2","      999375","         180"," 94,40",
"23/07/2025  17:40:57,689","   645250000"," ","43","  47,8","      999375","       -3108"," 95,70",
"23/07/2025  17:40:57,689","   651250000"," ","44","  48,3","      999375","       -2385"," 94,10",
"23/07/2025  17:40:57,689","   657250000"," ","45","  48,9","      999375","        -673"," 95,50",
"23/07/2025  17:40:57,689","   663250000"," ","46","  48,5","      999375","        2273"," 95,40",
"23/07/2025  17:40:57,689","   669250000"," ","47","  49,0","      999375","       -1342"," 96,80",
"23/07/2025  17:40:57,689","   675250000"," ","48","  52,4","      999375","         300"," 97,00",
"23/07/2025  17:40:57,689","   681250000"," ","49","  50,8","      999375","        5166"," 96,50",
"23/07/2025  17:40:57,689","   687250000"," ","50","  66,2","      999375","       11048"," 97,70",
"23/07/2025  17:40:57,689","   693250000"," ","51","  66,8","      999375","       11338"," 97,00",
"23/07/2025  17:41:49,209","    55250000","CORPORACION ECUATORIANA DE","2","  84,7","      125625","         -11"," 36,50",
"23/07/2025  17:41:49,209","    61250000"," ","3","  48,0","      999375","       -3818"," 95,70",
"23/07/2025  17:41:49,209","    67250000","UV TELEVISION","4","  86,4","      204375","         195"," 88,40",
"23/07/2025  17:41:49,209","    77250000","TELEAMAZONAS","5","  85,9","       94375","          12"," 40,30",
"23/07/2025  17:41:49,209","    83250000"," ","6","  64,1","      999375","       -3879"," 95,70",
"23/07/2025  17:41:49,209","   175250000","ECUADOR TV","7","  89,3","      220000","         -28"," 76,20",
"23/07/2025  17:41:49,209","   181250000","CADENA ECUATORIANA DE TELE","8","  81,6","      315000","        -500"," 26,60",
"23/07/2025  17:41:49,209","   187250000","RED TELESISTEMA (R.T.S)","9","  93,4","       93750","        -804"," 34,00",
"23/07/2025  17:41:49,209","   193250000"," ","10","  65,1","      912500","       88986"," 95,50",
"23/07/2025  17:41:49,209","   199250000","TELEVISION DEL PACIFICO","11","  64,4","      921875","      107272"," 92,00",
"23/07/2025  17:41:49,209","   205250000"," ","12","  61,8","      999375","      108947"," 95,10",
"23/07/2025  17:41:49,209","   211250000"," ","13","  58,7","      996875","      131077"," 95,20",
"23/07/2025  17:41:49,209","   471250000"," ","14","  36,0","      999375","        1251"," 94,40",
"23/07/2025  17:41:49,209","   477250000"," ","15","  34,2","      999375","      -10417"," 93,20",
"23/07/2025  17:41:49,209","   483250000"," ","16","  34,2","      999375","       -4028"," 95,20",
"23/07/2025  17:41:49,209","   513250000"," ","21","  35,6","      999375","        5259"," 94,70",
"23/07/2025  17:41:49,209","   519250000","ECOTEL","22","  78,1","       31875","        1131"," 31,50",
"23/07/2025  17:41:49,209","   525250000"," ","23","  39,1","      999375","      -25769"," 93,70",
"23/07/2025  17:41:49,209","   531250000","TELERAMA","24","  40,1","      999375","        1559"," 97,10",
"23/07/2025  17:41:49,209","   537250000","PLUS TV","25","  67,4","       47500","        3903"," 31,10",
"23/07/2025  17:41:49,209","   543250000","CANAL UNO","26","  39,5","      999375","       -2002"," 94,20",
"23/07/2025  17:41:49,209","   549250000"," ","27","  38,4","      999375","         926"," 95,50",
"23/07/2025  17:41:49,209","   555250000"," ","28","  39,6","      999375","        1701"," 97,30",
"23/07/2025  17:41:49,209","   561250000"," ","29","  41,3","      999375","         788"," 91,60",
"23/07/2025  17:41:49,209","   567250000","TELEATAHUALPA (RTU)","30","  40,0","      999375","       -2950"," 94,20",
"23/07/2025  17:41:49,209","   573250000"," ","31","  40,8","      999375","        4635"," 93,40",
"23/07/2025  17:41:49,209","   579250000","TELEVICENTRO TVC","32","  77,1","      173125","        1010"," 53,40",
"23/07/2025  17:41:49,209","   585250000"," ","33","  42,9","      999375","        2738"," 95,00",
"23/07/2025  17:41:49,209","   591250000","UCSG TELEVISION","34","  42,9","      999375","        4708"," 94,30",
"23/07/2025  17:41:49,209","   603250000","OROMAR","36","  46,3","      999375","       -1220"," 97,10",
"23/07/2025  17:41:49,209","   615250000"," ","38","  53,1","      999375","         649"," 96,10",
"23/07/2025  17:41:49,209","   621250000","CANAL SUR - TELEVISION MUN","39","  99,1","      125625","          50"," 36,60",
"23/07/2025  17:41:49,209","   627250000"," ","40","  46,1","      999375","       -2135"," 93,60",
"23/07/2025  17:41:49,209","   633250000"," ","41","  46,2","      999375","        -742"," 96,00",
"23/07/2025  17:41:49,209","   639250000"," ","42","  48,5","      999375","        4157"," 95,60",
"23/07/2025  17:41:49,209","   645250000"," ","43","  48,9","      999375","        2527"," 97,20",
"23/07/2025  17:41:49,209","   651250000"," ","44","  48,8","      999375","        1362"," 95,60",
"23/07/2025  17:41:49,209","   657250000"," ","45","  49,3","      999375","       -1064"," 94,70",
"23/07/2025  17:41:49,209","   663250000"," ","46","  50,7","      999375","        4760"," 96,60",
"23/07/2025  17:41:49,209","   669250000"," ","47","  48,2","      999375","        7117"," 95,60",
"23/07/2025  17:41:49,209","   675250000"," ","48","  50,2","      999375","        1447"," 94,60",
"23/07/2025  17:41:49,209","   681250000"," ","49","  52,3","      999375","       16805"," 95,20",
"23/07/2025  17:41:49,209","   687250000"," ","50","  67,1","      999375","        -578"," 95,90",
"23/07/2025  17:41:49,209","   693250000"," ","51","  70,5","      999375","        4313"," 94,30",
"24/07/2025  7:20:03,885","    55250000","CORPORACION ECUATORIANA DE","2","  84,6","       94375","         -20"," 43,40",
"24/07/2025  7:20:03,885","    61250000"," ","3","  44,5","      999375","        1644"," 94,90",
"24/07/2025  7:20:03,885","    67250000","UV TELEVISION","4","  81,1","      266875","         193"," 74,50",
"24/07/2025  7:20:03,885","    77250000","TELEAMAZONAS","5","  83,0","       94375","          11"," 17,60",
"24/07/2025  7:20:03,885","    83250000"," ","6","  64,3","      999375","      -14949"," 96,60",
"24/07/2025  7:20:03,885","   175250000","ECUADOR TV","7","  90,3","      203750","         -15"," 57,80",
"24/07/2025  7:20:03,885","   181250000","CADENA ECUATORIANA DE TELE","8","  83,9","      297500","         -28"," 75,20",
"24/07/2025  7:20:03,885","   187250000","RED TELESISTEMA (R.T.S)","9","  94,9","       93750","        -395"," 40,90",
"24/07/2025  7:20:03,885","   193250000"," ","10","  64,9","      998750","       96844"," 94,40",
"24/07/2025  7:20:03,885","   199250000","TELEVISION DEL PACIFICO","11","  65,6","      930000","      125296"," 91,30",
"24/07/2025  7:20:03,885","   205250000"," ","12","  62,1","      999375","      121469"," 92,90",
"24/07/2025  7:20:03,885","   211250000"," ","13","  59,7","      998750","      119711"," 91,10",
"24/07/2025  7:20:03,885","   471250000"," ","14","  35,4","      999375","        5413"," 94,90",
"24/07/2025  7:20:03,885","   477250000"," ","15","  35,1","      999375","      -21896"," 96,80",
"24/07/2025  7:20:03,885","   483250000"," ","16","  34,7","      999375","        -528"," 96,10",
"24/07/2025  7:20:03,885","   513250000"," ","21","  36,3","      999375","        5293"," 95,90",
"24/07/2025  7:20:03,885","   519250000","ECOTEL","22","  76,7","      125625","        1061"," 43,90",
"24/07/2025  7:20:03,885","   525250000"," ","23","  38,8","      999375","      -22152"," 96,00",
"24/07/2025  7:20:03,885","   531250000","TELERAMA","24","  38,8","      999375","        2805"," 97,30",
"24/07/2025  7:20:03,885","   537250000","PLUS TV","25","  65,6","       94375","        4290"," 26,20",
"24/07/2025  7:20:03,885","   543250000","CANAL UNO","26","  38,0","      999375","         708"," 94,60",
"24/07/2025  7:20:03,885","   549250000"," ","27","  40,0","      999375","        1406"," 96,00",
"24/07/2025  7:20:03,885","   555250000"," ","28","  40,1","      999375","        2131"," 95,30",
"24/07/2025  7:20:03,885","   561250000"," ","29","  42,6","      999375","       -1399"," 95,80",
"24/07/2025  7:20:03,885","   567250000","TELEATAHUALPA (RTU)","30","  41,2","      999375","       -1606"," 96,30",
"24/07/2025  7:20:03,885","   573250000"," ","31","  41,7","      999375","        6376"," 93,30",
"24/07/2025  7:20:03,885","   579250000","TELEVICENTRO TVC","32","  83,8","      141250","        1199"," 70,00",
"24/07/2025  7:20:03,885","   585250000"," ","33","  43,2","      999375","        5936"," 96,30",
"24/07/2025  7:20:03,885","   591250000","UCSG TELEVISION","34","  43,3","      999375","        3190"," 94,90",
"24/07/2025  7:20:03,885","   603250000","OROMAR","36","  45,1","      999375","        3352"," 96,30",
"24/07/2025  7:20:03,885","   615250000"," ","38","  53,3","      999375","         215"," 98,00",
"24/07/2025  7:20:03,885","   621250000","CANAL SUR - TELEVISION MUN","39","  99,4","      125625","          50"," 21,50",
"24/07/2025  7:20:03,885","   627250000"," ","40","  46,6","      999375","        -759"," 96,20",
"24/07/2025  7:20:03,885","   633250000"," ","41","  45,7","      999375","        3193"," 93,20",
"24/07/2025  7:20:03,885","   639250000"," ","42","  48,5","      999375","        2218"," 94,10",
"24/07/2025  7:20:03,885","   645250000"," ","43","  48,1","      999375","       -2936"," 96,60",
"24/07/2025  7:20:03,885","   651250000"," ","44","  50,9","      999375","       56938"," 96,70",
"24/07/2025  7:20:03,885","   657250000"," ","45","  53,4","      999375","       12136"," 92,50",
"24/07/2025  7:20:03,885","   663250000"," ","46","  50,4","      999375","         116"," 95,40",
"24/07/2025  7:20:03,885","   669250000"," ","47","  50,0","      999375","        1871"," 93,40",
"24/07/2025  7:20:03,885","   675250000"," ","48","  50,5","      999375","         292"," 94,60",
"24/07/2025  7:20:03,885","   681250000"," ","49","  51,5","      999375","       13985"," 93,50",
"24/07/2025  7:20:03,885","   687250000"," ","50","  66,8","      999375","       -1804"," 94,60",
"24/07/2025  7:20:03,885","   693250000"," ","51","  69,8","      999375","       -3321"," 97,10",
"24/07/2025  7:20:57,678","    55250000","CORPORACION ECUATORIANA DE","2","  84,9","      204375","           2"," 86,90",
"24/07/2025  7:20:57,678","    61250000"," ","3","  44,5","      999375","        -988"," 96,20",
"24/07/2025  7:20:57,678","    67250000","UV TELEVISION","4","  77,2","      156875","         202"," 77,00",
"24/07/2025  7:20:57,678","    77250000","TELEAMAZONAS","5","  85,6","      125625","           8"," 38,40",
"24/07/2025  7:20:57,678","    83250000"," ","6","  63,4","      999375","      -18977"," 95,80",
"24/07/2025  7:20:57,678","   175250000","ECUADOR TV","7","  90,6","      156875","         -14"," 71,60",
"24/07/2025  7:20:57,678","   181250000","CADENA ECUATORIANA DE TELE","8","  83,7","      305625","         563"," 96,00",
"24/07/2025  7:20:57,678","   187250000","RED TELESISTEMA (R.T.S)","9","  94,9","       94375","        -482"," 52,10",
"24/07/2025  7:20:57,678","   193250000"," ","10","  66,1","      908750","      100053"," 94,90",
"24/07/2025  7:20:57,678","   199250000","TELEVISION DEL PACIFICO","11","  64,7","      893125","      122343"," 94,20",
"24/07/2025  7:20:57,678","   205250000"," ","12","  61,1","      911250","      102975"," 96,60",
"24/07/2025  7:20:57,678","   211250000"," ","13","  60,0","      905625","      115766"," 93,20",
"24/07/2025  7:20:57,678","   471250000"," ","14","  34,0","      999375","        1313"," 94,70",
"24/07/2025  7:20:57,678","   477250000"," ","15","  35,2","      999375","      -27818"," 96,40",
"24/07/2025  7:20:57,678","   483250000"," ","16","  34,9","      999375","       -2527"," 95,80",
"24/07/2025  7:20:57,678","   513250000"," ","21","  36,2","      999375","        1623"," 95,90",
"24/07/2025  7:20:57,678","   519250000","ECOTEL","22","  74,5","      188750","        1050"," 55,60",
"24/07/2025  7:20:57,678","   525250000"," ","23","  39,3","      999375","      -12544"," 95,80",
"24/07/2025  7:20:57,678","   531250000","TELERAMA","24","  38,6","      999375","       -3391"," 91,30",
"24/07/2025  7:20:57,678","   537250000","PLUS TV","25","  67,6","      110000","        4285"," 62,70",
"24/07/2025  7:20:57,678","   543250000","CANAL UNO","26","  39,8","      999375","        2098"," 93,80",
"24/07/2025  7:20:57,678","   549250000"," ","27","  40,2","      999375","       -1580"," 95,10",
"24/07/2025  7:20:57,678","   555250000"," ","28","  40,7","      999375","        1002"," 95,30",
"24/07/2025  7:20:57,678","   561250000"," ","29","  42,8","      999375","        1802"," 97,10",
"24/07/2025  7:20:57,678","   567250000","TELEATAHUALPA (RTU)","30","  40,9","      999375","        -715"," 96,80",
"24/07/2025  7:20:57,678","   573250000"," ","31","  41,6","      999375","        1097"," 92,30",
"24/07/2025  7:20:57,678","   579250000","TELEVICENTRO TVC","32","  82,7","      423750","        1201"," 23,80",
"24/07/2025  7:20:57,678","   585250000"," ","33","  42,4","      999375","        -454"," 95,20",
"24/07/2025  7:20:57,678","   591250000","UCSG TELEVISION","34","  43,2","      999375","        -203"," 96,10",
"24/07/2025  7:20:57,678","   603250000","OROMAR","36","  46,2","      999375","       -1883"," 96,70",
"24/07/2025  7:20:57,678","   615250000"," ","38","  52,2","      999375","        4143"," 97,30",
"24/07/2025  7:20:57,678","   621250000","CANAL SUR - TELEVISION MUN","39"," 100,0","      125625","          49"," 38,00",
"24/07/2025  7:20:57,678","   627250000"," ","40","  46,4","      999375","        2376"," 94,10",
"24/07/2025  7:20:57,678","   633250000"," ","41","  45,8","      999375","        5449"," 96,40",
"24/07/2025  7:20:57,678","   639250000"," ","42","  46,1","      999375","       -3708"," 96,20",
"24/07/2025  7:20:57,678","   645250000"," ","43","  47,5","      999375","       -1231"," 95,10",
"24/07/2025  7:20:57,678","   651250000"," ","44","  50,3","      999375","       40835"," 94,40",
"24/07/2025  7:20:57,678","   657250000"," ","45","  49,9","      999375","        6276"," 96,60",
"24/07/2025  7:20:57,678","   663250000"," ","46","  49,0","      999375","        7980"," 95,40",
"24/07/2025  7:20:57,678","   669250000"," ","47","  50,1","      999375","        3003"," 94,10",
"24/07/2025  7:20:57,678","   675250000"," ","48","  50,1","      999375","        1299"," 95,00",
"24/07/2025  7:20:57,678","   681250000"," ","49","  51,7","      999375","       17383"," 97,50",
"24/07/2025  7:20:57,678","   687250000"," ","50","  69,8","      999375","        -403"," 95,70",
"24/07/2025  7:20:57,678","   693250000"," ","51","  68,8","      999375","       -4635"," 97,10",
"24/07/2025  7:21:49,116","    55250000","CORPORACION ECUATORIANA DE","2","  85,0","      156875","          16"," 69,90",
"24/07/2025  7:21:49,116","    61250000"," ","3","  45,8","      999375","        1427"," 96,50",
"24/07/2025  7:21:49,116","    67250000","UV TELEVISION","4","  80,1","      141250","         178"," 57,10",
"24/07/2025  7:21:49,116","    77250000","TELEAMAZONAS","5","  84,9","       62500","          14"," 31,30",
"24/07/2025  7:21:49,116","    83250000"," ","6","  63,8","      999375","      -15409"," 96,30",
"24/07/2025  7:21:49,116","   175250000","ECUADOR TV","7","  89,9","      172500","         -18"," 78,30",
"24/07/2025  7:21:49,116","   181250000","CADENA ECUATORIANA DE TELE","8","  84,1","      377500","        3824"," 87,80",
"24/07/2025  7:21:49,116","   187250000","RED TELESISTEMA (R.T.S)","9","  95,0","       94375","        -419"," 46,70",
"24/07/2025  7:21:49,116","   193250000"," ","10","  64,7","      912500","      109312"," 96,10",
"24/07/2025  7:21:49,116","   199250000","TELEVISION DEL PACIFICO","11","  66,2","      913750","      119277"," 92,30",
"24/07/2025  7:21:49,116","   205250000"," ","12","  61,7","      918750","      115058"," 93,00",
"24/07/2025  7:21:49,116","   211250000"," ","13","  59,8","      997500","      107631"," 95,20",
"24/07/2025  7:21:49,116","   471250000"," ","14","  35,8","      999375","       -2150"," 96,80",
"24/07/2025  7:21:49,116","   477250000"," ","15","  36,2","      999375","      -40149"," 96,70",
"24/07/2025  7:21:49,116","   483250000"," ","16","  35,2","      999375","       -5737"," 96,50",
"24/07/2025  7:21:49,116","   513250000"," ","21","  37,4","      999375","         870"," 95,90",
"24/07/2025  7:21:49,116","   519250000","ECOTEL","22","  74,9","      408750","        1059"," 60,40",
"24/07/2025  7:21:49,116","   525250000"," ","23","  37,9","      999375","      -34885"," 91,80",
"24/07/2025  7:21:49,116","   531250000","TELERAMA","24","  38,2","      999375","        2739"," 93,90",
"24/07/2025  7:21:49,116","   537250000","PLUS TV","25","  68,1","      173125","        4304"," 46,60",
"24/07/2025  7:21:49,116","   543250000","CANAL UNO","26","  38,8","      999375","          55"," 93,90",
"24/07/2025  7:21:49,116","   549250000"," ","27","  40,0","      999375","        3217"," 97,30",
"24/07/2025  7:21:49,116","   555250000"," ","28","  40,5","      999375","        4203"," 96,30",
"24/07/2025  7:21:49,116","   561250000"," ","29","  41,0","      999375","        1874"," 95,90",
"24/07/2025  7:21:49,116","   567250000","TELEATAHUALPA (RTU)","30","  39,9","      999375","       -1576"," 93,30",
"24/07/2025  7:21:49,116","   573250000"," ","31","  44,1","      999375","        3340"," 96,50",
"24/07/2025  7:21:49,116","   579250000","TELEVICENTRO TVC","32","  83,3","      188750","        1193"," 74,50",
"24/07/2025  7:21:49,116","   585250000"," ","33","  42,7","      999375","        4038"," 94,00",
"24/07/2025  7:21:49,116","   591250000","UCSG TELEVISION","34","  42,6","      999375","        1873"," 96,80",
"24/07/2025  7:21:49,116","   603250000","OROMAR","36","  47,7","      999375","       -2172"," 95,60",
"24/07/2025  7:21:49,116","   615250000"," ","38","  50,7","      999375","        4418"," 97,20",
"24/07/2025  7:21:49,116","   621250000","CANAL SUR - TELEVISION MUN","39","  99,4","       93750","          51"," 31,30",
"24/07/2025  7:21:49,116","   627250000"," ","40","  46,2","      999375","        3840"," 97,10",
"24/07/2025  7:21:49,116","   633250000"," ","41","  46,3","      999375","       -6133"," 93,50",
"24/07/2025  7:21:49,116","   639250000"," ","42","  45,9","      999375","        2830"," 92,80",
"24/07/2025  7:21:49,116","   645250000"," ","43","  47,6","      999375","       -2203"," 95,10",
"24/07/2025  7:21:49,116","   651250000"," ","44","  48,4","      999375","       38442"," 92,90",
"24/07/2025  7:21:49,116","   657250000"," ","45","  49,4","      999375","        4973"," 95,70",
"24/07/2025  7:21:49,116","   663250000"," ","46","  49,1","      999375","        2938"," 91,00",
"24/07/2025  7:21:49,116","   669250000"," ","47","  50,8","      999375","        7216"," 96,30",
"24/07/2025  7:21:49,116","   675250000"," ","48","  51,4","      999375","        5868"," 95,50",
"24/07/2025  7:21:49,116","   681250000"," ","49","  50,4","      999375","        4298"," 94,90",
"24/07/2025  7:21:49,116","   687250000"," ","50","  64,3","      999375","        4322"," 95,70",
"24/07/2025  7:21:49,116","   693250000"," ","51","  65,7","      999375","        1505"," 97,20",
"24/07/2025  17:40:03,852","    55250000","CORPORACION ECUATORIANA DE","2","  84,8","      156875","         -22"," 65,30",
"24/07/2025  17:40:03,852","    61250000"," ","3","  47,5","      999375","       -3135"," 95,90",
"24/07/2025  17:40:03,852","    67250000","UV TELEVISION","4","  83,7","      156875","         193"," 48,00",
"24/07/2025  17:40:03,852","    77250000","TELEAMAZONAS","5","  86,0","       62500","          11"," 33,30",
"24/07/2025  17:40:03,852","    83250000"," ","6","  62,8","      999375","       -8775"," 95,30",
"24/07/2025  17:40:03,852","   175250000","ECUADOR TV","7","  90,9","      251875","         -16"," 89,20",
"24/07/2025  17:40:03,852","   181250000","CADENA ECUATORIANA DE TELE","8","  83,6","      423750","        1265"," 95,40",
"24/07/2025  17:40:03,852","   187250000","RED TELESISTEMA (R.T.S)","9","  94,2","       94375","        -484"," 28,20",
"24/07/2025  17:40:03,852","   193250000"," ","10","  65,2","      935625","      107348"," 94,50",
"24/07/2025  17:40:03,852","   199250000","TELEVISION DEL PACIFICO","11","  63,6","      924375","      104686"," 96,00",
"24/07/2025  17:40:03,852","   205250000"," ","12","  62,0","      876250","      117756"," 95,40",
"24/07/2025  17:40:03,852","   211250000"," ","13","  58,6","      997500","      121132"," 95,50",
"24/07/2025  17:40:03,852","   471250000"," ","14","  33,5","      999375","         -67"," 92,10",
"24/07/2025  17:40:03,852","   477250000"," ","15","  35,3","      999375","      -13484"," 94,00",
"24/07/2025  17:40:03,852","   483250000"," ","16","  35,7","      999375","       -8034"," 95,90",
"24/07/2025  17:40:03,852","   513250000"," ","21","  37,7","      999375","       -3559"," 96,70",
"24/07/2025  17:40:03,852","   519250000","ECOTEL","22","  75,6","      110000","        1099"," 34,10",
"24/07/2025  17:40:03,852","   525250000"," ","23","  40,4","      999375","      -18275"," 95,90",
"24/07/2025  17:40:03,852","   531250000","TELERAMA","24","  38,3","      999375","       -2105"," 92,80",
"24/07/2025  17:40:03,852","   537250000","PLUS TV","25","  68,5","      157500","        4045"," 34,00",
"24/07/2025  17:40:03,852","   543250000","CANAL UNO","26","  39,7","      999375","       -1555"," 98,10",
"24/07/2025  17:40:03,852","   549250000"," ","27","  38,6","      999375","        6622"," 94,90",
"24/07/2025  17:40:03,852","   555250000"," ","28","  40,7","      999375","        1615"," 93,90",
"24/07/2025  17:40:03,852","   561250000"," ","29","  41,0","      999375","        4311"," 94,00",
"24/07/2025  17:40:03,852","   567250000","TELEATAHUALPA (RTU)","30","  40,4","      999375","        1614"," 95,20",
"24/07/2025  17:40:03,852","   573250000"," ","31","  41,8","      999375","        3197"," 95,80",
"24/07/2025  17:40:03,852","   579250000","TELEVICENTRO TVC","32","  80,5","      283125","        1045"," 71,60",
"24/07/2025  17:40:03,852","   585250000"," ","33","  42,4","      999375","        -629"," 95,50",
"24/07/2025  17:40:03,852","   591250000","UCSG TELEVISION","34","  44,2","      999375","        4756"," 95,50",
"24/07/2025  17:40:03,852","   603250000","OROMAR","36","  47,9","      999375","        2999"," 95,70",
"24/07/2025  17:40:03,852","   615250000"," ","38","  51,7","      999375","        4135"," 97,00",
"24/07/2025  17:40:03,852","   621250000","CANAL SUR - TELEVISION MUN","39","  99,7","      156875","          48"," 75,70",
"24/07/2025  17:40:03,852","   627250000"," ","40","  46,4","      999375","        -952"," 95,10",
"24/07/2025  17:40:03,852","   633250000"," ","41","  47,6","      999375","        7827"," 95,40",
"24/07/2025  17:40:03,852","   639250000"," ","42","  45,7","      999375","        -752"," 93,10",
"24/07/2025  17:40:03,852","   645250000"," ","43","  47,4","      999375","        1246"," 94,20",
"24/07/2025  17:40:03,852","   651250000"," ","44","  47,9","      999375","        3439"," 95,50",
"24/07/2025  17:40:03,852","   657250000"," ","45","  49,8","      999375","         -42"," 96,10",
"24/07/2025  17:40:03,852","   663250000"," ","46","  48,9","      999375","        3014"," 92,20",
"24/07/2025  17:40:03,852","   669250000"," ","47","  49,3","      999375","         340"," 97,00",
"24/07/2025  17:40:03,852","   675250000"," ","48","  49,4","      999375","        -516"," 95,10",
"24/07/2025  17:40:03,852","   681250000"," ","49","  52,9","      999375","       20082"," 97,10",
"24/07/2025  17:40:03,852","   687250000"," ","50","  63,2","      999375","       -1473"," 95,50",
"24/07/2025  17:40:03,852","   693250000"," ","51","  65,2","      999375","        3454"," 94,30",
"24/07/2025  17:40:57,657","    55250000","CORPORACION ECUATORIANA DE","2","  85,3","      125625","         -20"," 41,00",
"24/07/2025  17:40:57,657","    61250000"," ","3","  48,6","      999375","       -2664"," 96,90",
"24/07/2025  17:40:57,657","    67250000","UV TELEVISION","4","  83,3","      110000","         180"," 52,60",
"24/07/2025  17:40:57,657","    77250000","TELEAMAZONAS","5","  84,5","       62500","           9"," 28,90",
"24/07/2025  17:40:57,657","    83250000"," ","6","  62,8","      999375","      -17859"," 96,90",
"24/07/2025  17:40:57,657","   175250000","ECUADOR TV","7","  91,3","      156875","         -11"," 78,10",
"24/07/2025  17:40:57,657","   181250000","CADENA ECUATORIANA DE TELE","8","  82,3","      126250","        -367"," 29,90",
"24/07/2025  17:40:57,657","   187250000","RED TELESISTEMA (R.T.S)","9","  94,3","       63125","        -472"," 28,40",
"24/07/2025  17:40:57,657","   193250000"," ","10","  66,0","      902500","      108998"," 95,30",
"24/07/2025  17:40:57,657","   199250000","TELEVISION DEL PACIFICO","11","  65,0","      956250","      105762"," 95,20",
"24/07/2025  17:40:57,657","   205250000"," ","12","  61,5","      884375","      115082"," 97,30",
"24/07/2025  17:40:57,657","   211250000"," ","13","  58,5","      999375","      120071"," 94,90",
"24/07/2025  17:40:57,657","   471250000"," ","14","  35,0","      999375","        2031"," 94,60",
"24/07/2025  17:40:57,657","   477250000"," ","15","  35,5","      999375","      -21949"," 92,10",
"24/07/2025  17:40:57,657","   483250000"," ","16","  35,2","      999375","       -5115"," 93,70",
"24/07/2025  17:40:57,657","   513250000"," ","21","  36,3","      999375","          67"," 96,20",
"24/07/2025  17:40:57,657","   519250000","ECOTEL","22","  76,2","      141250","        1092"," 37,90",
"24/07/2025  17:40:57,657","   525250000"," ","23","  41,5","      999375","      -34462"," 92,40",
"24/07/2025  17:40:57,657","   531250000","TELERAMA","24","  40,2","      999375","       -2330"," 95,40",
"24/07/2025  17:40:57,657","   537250000","PLUS TV","25","  66,9","      172500","        4035"," 36,40",
"24/07/2025  17:40:57,657","   543250000","CANAL UNO","26","  41,0","      999375","        2391"," 96,60",
"24/07/2025  17:40:57,657","   549250000"," ","27","  43,1","      999375","         569"," 98,30",
"24/07/2025  17:40:57,657","   555250000"," ","28","  39,1","      999375","        1066"," 94,50",
"24/07/2025  17:40:57,657","   561250000"," ","29","  42,3","      999375","        4208"," 93,80",
"24/07/2025  17:40:57,657","   567250000","TELEATAHUALPA (RTU)","30","  40,8","      999375","       -3380"," 95,40",
"24/07/2025  17:40:57,657","   573250000"," ","31","  41,5","      999375","        3490"," 95,90",
"24/07/2025  17:40:57,657","   579250000","TELEVICENTRO TVC","32","  80,1","      109375","        1071"," 47,70",
"24/07/2025  17:40:57,657","   585250000"," ","33","  50,9","      999375","        4891"," 98,40",
"24/07/2025  17:40:57,657","   591250000","UCSG TELEVISION","34","  42,4","      999375","        5109"," 94,30",
"24/07/2025  17:40:57,657","   603250000","OROMAR","36","  44,6","      999375","        1172"," 95,90",
"24/07/2025  17:40:57,657","   615250000"," ","38","  50,6","      999375","        2069"," 98,10",
"24/07/2025  17:40:57,657","   621250000","CANAL SUR - TELEVISION MUN","39","  99,7","      125625","          49"," 56,50",
"24/07/2025  17:40:57,657","   627250000"," ","40","  45,7","      999375","         672"," 94,70",
"24/07/2025  17:40:57,657","   633250000"," ","41","  45,9","      999375","         380"," 95,40",
"24/07/2025  17:40:57,657","   639250000"," ","42","  47,4","      999375","         583"," 95,90",
"24/07/2025  17:40:57,657","   645250000"," ","43","  46,6","      999375","        1925"," 92,80",
"24/07/2025  17:40:57,657","   651250000"," ","44","  48,7","      999375","        2015"," 96,80",
"24/07/2025  17:40:57,657","   657250000"," ","45","  48,6","      999375","        3688"," 96,40",
"24/07/2025  17:40:57,657","   663250000"," ","46","  48,8","      999375","        2661"," 96,00",
"24/07/2025  17:40:57,657","   669250000"," ","47","  49,7","      999375","        -506"," 97,30",
"24/07/2025  17:40:57,657","   675250000"," ","48","  49,9","      999375","       -3340"," 95,60",
"24/07/2025  17:40:57,657","   681250000"," ","49","  51,6","      999375","       18096"," 96,60",
"24/07/2025  17:40:57,657","   687250000"," ","50","  69,1","      999375","       -2699"," 96,80",
"24/07/2025  17:40:57,657","   693250000"," ","51","  68,4","      999375","        6497"," 95,10",
"24/07/2025  17:41:49,114","    55250000","CORPORACION ECUATORIANA DE","2","  84,8","      125625","         -15"," 43,70",
"24/07/2025  17:41:49,114","    61250000"," ","3","  47,2","      999375","       -3272"," 94,60",
"24/07/2025  17:41:49,114","    67250000","UV TELEVISION","4","  84,3","      126250","         214"," 69,60",
"24/07/2025  17:41:49,114","    77250000","TELEAMAZONAS","5","  84,7","       61875","           9"," 25,20",
"24/07/2025  17:41:49,114","    83250000"," ","6","  63,3","      999375","      -32340"," 94,20",
"24/07/2025  17:41:49,114","   175250000","ECUADOR TV","7","  91,2","      156875","         -16"," 78,70",
"24/07/2025  17:41:49,114","   181250000","CADENA ECUATORIANA DE TELE","8","  83,1","      157500","         567"," 95,60",
"24/07/2025  17:41:49,114","   187250000","RED TELESISTEMA (R.T.S)","9","  94,6","       63125","        -520"," 28,60",
"24/07/2025  17:41:49,114","   193250000"," ","10","  65,1","      993750","      105567"," 96,20",
"24/07/2025  17:41:49,114","   199250000","TELEVISION DEL PACIFICO","11","  65,1","      940625","       62035"," 92,50",
"24/07/2025  17:41:49,114","   205250000"," ","12","  62,0","      911875","      102809"," 90,20",
"24/07/2025  17:41:49,114","   211250000"," ","13","  57,4","      999375","      111644"," 87,00",
"24/07/2025  17:41:49,114","   471250000"," ","14","  34,1","      999375","       -2931"," 95,20",
"24/07/2025  17:41:49,114","   477250000"," ","15","  36,3","      999375","      -24373"," 95,80",
"24/07/2025  17:41:49,114","   483250000"," ","16","  34,9","      999375","       -9218"," 92,10",
"24/07/2025  17:41:49,114","   513250000"," ","21","  37,7","      999375","        4963"," 95,50",
"24/07/2025  17:41:49,114","   519250000","ECOTEL","22","  74,3","       94375","        1106"," 36,40",
"24/07/2025  17:41:49,114","   525250000"," ","23","  39,9","      999375","      -21848"," 97,10",
"24/07/2025  17:41:49,114","   531250000","TELERAMA","24","  39,2","      999375","       -4737"," 95,90",
"24/07/2025  17:41:49,114","   537250000","PLUS TV","25","  64,9","       95000","        4039"," 47,90",
"24/07/2025  17:41:49,114","   543250000","CANAL UNO","26","  37,9","      999375","       -2240"," 92,20",
"24/07/2025  17:41:49,114","   549250000"," ","27","  38,7","      999375","        1619"," 93,90",
"24/07/2025  17:41:49,114","   555250000"," ","28","  39,4","      999375","        -688"," 95,80",
"24/07/2025  17:41:49,114","   561250000"," ","29","  42,1","      999375","        3547"," 93,10",
"24/07/2025  17:41:49,114","   567250000","TELEATAHUALPA (RTU)","30","  39,0","      999375","       -1716"," 94,00",
"24/07/2025  17:41:49,114","   573250000"," ","31","  42,9","      999375","       -3790"," 95,90",
"24/07/2025  17:41:49,114","   579250000","TELEVICENTRO TVC","32","  83,3","      156875","        1061"," 57,40",
"24/07/2025  17:41:49,114","   585250000"," ","33","  42,4","      999375","        2907"," 94,30",
"24/07/2025  17:41:49,114","   591250000","UCSG TELEVISION","34","  42,6","      999375","       -2832"," 93,10",
"24/07/2025  17:41:49,114","   603250000","OROMAR","36","  44,8","      999375","        2529"," 96,70",
"24/07/2025  17:41:49,114","   615250000"," ","38","  51,9","      999375","        1203"," 97,00",
"24/07/2025  17:41:49,114","   621250000","CANAL SUR - TELEVISION MUN","39"," 100,2","      156875","          49"," 59,40",
"24/07/2025  17:41:49,114","   627250000"," ","40","  46,6","      999375","        2680"," 94,00",
"24/07/2025  17:41:49,114","   633250000"," ","41","  46,4","      999375","        3219"," 96,50",
"24/07/2025  17:41:49,114","   639250000"," ","42","  46,6","      999375","        6905"," 95,60",
"24/07/2025  17:41:49,114","   645250000"," ","43","  46,4","      999375","       -5136"," 94,10",
"24/07/2025  17:41:49,114","   651250000"," ","44","  47,8","      999375","         677"," 90,90",
"24/07/2025  17:41:49,114","   657250000"," ","45","  48,4","      999375","        -955"," 93,70",
"24/07/2025  17:41:49,114","   663250000"," ","46","  49,3","      999375","        3518"," 94,10",
"24/07/2025  17:41:49,114","   669250000"," ","47","  48,6","      999375","        2993"," 94,70",
"24/07/2025  17:41:49,114","   675250000"," ","48","  51,5","      999375","         677"," 95,20",
"24/07/2025  17:41:49,114","   681250000"," ","49","  51,4","      999375","       21594"," 95,40",
"24/07/2025  17:41:49,114","   687250000"," ","50","  67,1","      999375","        1004"," 96,80",
"24/07/2025  17:41:49,114","   693250000"," ","51","  70,4","      999375","        6162"," 97,30",
"25/07/2025  7:20:03,884","    55250000","CORPORACION ECUATORIANA DE","2","  85,1","      125625","         -29"," 65,90",
"25/07/2025  7:20:03,884","    61250000"," ","3","  45,8","      999375","        1962"," 98,20",
"25/07/2025  7:20:03,884","    67250000","UV TELEVISION","4","  84,0","      204375","         192"," 72,60",
"25/07/2025  7:20:03,884","    77250000","TELEAMAZONAS","5","  74,7","       63125","          24"," 48,60",
"25/07/2025  7:20:03,884","    83250000"," ","6","  63,6","      999375","        1931"," 96,10",
"25/07/2025  7:20:03,884","   175250000","ECUADOR TV","7","  88,2","      156875","         -19"," 52,20",
"25/07/2025  7:20:03,884","   181250000","CADENA ECUATORIANA DE TELE","8","  79,2","      597500","         919"," 39,20",
"25/07/2025  7:20:03,884","   187250000","RED TELESISTEMA (R.T.S)","9","  94,4","      125625","        -275"," 44,90",
"25/07/2025  7:20:03,884","   193250000"," ","10","  65,7","      910000","      118658"," 94,40",
"25/07/2025  7:20:03,884","   199250000","TELEVISION DEL PACIFICO","11","  65,7","      997500","      108559"," 94,90",
"25/07/2025  7:20:03,884","   205250000"," ","12","  62,2","      902500","      106719"," 91,70",
"25/07/2025  7:20:03,884","   211250000"," ","13","  60,4","      999375","      123135"," 96,60",
"25/07/2025  7:20:03,884","   471250000"," ","14","  33,4","      999375","        -210"," 94,00",
"25/07/2025  7:20:03,884","   477250000"," ","15","  35,4","      999375","       -5162"," 92,90",
"25/07/2025  7:20:03,884","   483250000"," ","16","  34,5","      999375","       -8120"," 94,80",
"25/07/2025  7:20:03,884","   513250000"," ","21","  36,6","      999375","       -1636"," 93,20",
"25/07/2025  7:20:03,884","   519250000","ECOTEL","22","  80,0","      173125","        1024"," 63,60",
"25/07/2025  7:20:03,884","   525250000"," ","23","  39,2","      999375","      -37665"," 95,80",
"25/07/2025  7:20:03,884","   531250000","TELERAMA","24","  39,6","      999375","        -770"," 94,40",
"25/07/2025  7:20:03,884","   537250000","PLUS TV","25","  67,0","      204375","        4528"," 63,00",
"25/07/2025  7:20:03,884","   543250000","CANAL UNO","26","  40,1","      999375","        7283"," 97,20",
"25/07/2025  7:20:03,884","   549250000"," ","27","  39,0","      999375","       -2676"," 96,80",
"25/07/2025  7:20:03,884","   555250000"," ","28","  40,2","      999375","        3128"," 96,00",
"25/07/2025  7:20:03,884","   561250000"," ","29","  41,4","      999375","         521"," 96,20",
"25/07/2025  7:20:03,884","   567250000","TELEATAHUALPA (RTU)","30","  40,9","      999375","        4206"," 97,60",
"25/07/2025  7:20:03,884","   573250000"," ","31","  42,3","      999375","        2641"," 95,60",
"25/07/2025  7:20:03,884","   579250000","TELEVICENTRO TVC","32","  78,9","      566250","        1186"," 48,80",
"25/07/2025  7:20:03,884","   585250000"," ","33","  43,3","      999375","        1682"," 96,80",
"25/07/2025  7:20:03,884","   591250000","UCSG TELEVISION","34","  43,5","      999375","         537"," 94,90",
"25/07/2025  7:20:03,884","   603250000","OROMAR","36","  46,9","      999375","       -1162"," 95,10",
"25/07/2025  7:20:03,884","   615250000"," ","38","  50,3","      999375","        2475"," 96,20",
"25/07/2025  7:20:03,884","   621250000","CANAL SUR - TELEVISION MUN","39","  99,8","      110000","          53"," 51,50",
"25/07/2025  7:20:03,884","   627250000"," ","40","  47,8","      999375","      -14873"," 94,30",
"25/07/2025  7:20:03,884","   633250000"," ","41","  45,9","      999375","       -4356"," 93,30",
"25/07/2025  7:20:03,884","   639250000"," ","42","  49,8","      999375","         451"," 95,60",
"25/07/2025  7:20:03,884","   645250000"," ","43","  47,8","      999375","        3299"," 94,60",
"25/07/2025  7:20:03,884","   651250000"," ","44","  49,4","      999375","        3341"," 92,90",
"25/07/2025  7:20:03,884","   657250000"," ","45","  49,9","      999375","        3691"," 97,00",
"25/07/2025  7:20:03,884","   663250000"," ","46","  49,7","      999375","          68"," 96,50",
"25/07/2025  7:20:03,884","   669250000"," ","47","  49,4","      999375","        4988"," 95,70",
"25/07/2025  7:20:03,884","   675250000"," ","48","  50,4","      999375","        3757"," 96,00",
"25/07/2025  7:20:03,884","   681250000"," ","49","  51,4","      999375","       21368"," 94,20",
"25/07/2025  7:20:03,884","   687250000"," ","50","  67,2","      999375","        1051"," 97,60",
"25/07/2025  7:20:03,884","   693250000"," ","51","  69,3","      999375","        7262"," 97,40",
"25/07/2025  7:20:57,675","    55250000","CORPORACION ECUATORIANA DE","2","  85,0","      156875","         -29"," 56,70",
"25/07/2025  7:20:57,675","    61250000"," ","3","  44,4","      526875","        -851"," 95,20",
"25/07/2025  7:20:57,675","    67250000","UV TELEVISION","4","  84,6","      173125","         190"," 68,80",
"25/07/2025  7:20:57,675","    77250000","TELEAMAZONAS","5","  68,3","      483750","          15"," 70,00",
"25/07/2025  7:20:57,675","    83250000"," ","6","  62,9","      999375","        4028"," 94,80",
"25/07/2025  7:20:57,675","   175250000","ECUADOR TV","7","  88,8","      156875","         -14"," 75,70",
"25/07/2025  7:20:57,675","   181250000","CADENA ECUATORIANA DE TELE","8","  80,3","      519375","         -20"," 88,90",
"25/07/2025  7:20:57,675","   187250000","RED TELESISTEMA (R.T.S)","9","  94,1","      156875","        -365"," 56,60",
"25/07/2025  7:20:57,675","   193250000"," ","10","  67,4","      941875","       90489"," 95,30",
"25/07/2025  7:20:57,675","   199250000","TELEVISION DEL PACIFICO","11","  64,6","      998125","      115257"," 95,00",
"25/07/2025  7:20:57,675","   205250000"," ","12","  60,0","      999375","      122518"," 96,20",
"25/07/2025  7:20:57,675","   211250000"," ","13","  58,4","      880000","      109505"," 91,20",
"25/07/2025  7:20:57,675","   471250000"," ","14","  33,9","      999375","        1248"," 99,70",
"25/07/2025  7:20:57,675","   477250000"," ","15","  36,4","      999375","      -12927"," 97,00",
"25/07/2025  7:20:57,675","   483250000"," ","16","  35,5","      999375","         892"," 92,80",
"25/07/2025  7:20:57,675","   513250000"," ","21","  37,1","      999375","        6414"," 94,00",
"25/07/2025  7:20:57,675","   519250000","ECOTEL","22","  80,0","      156875","        1051"," 46,40",
"25/07/2025  7:20:57,675","   525250000"," ","23","  39,5","      999375","      -43970"," 96,10",
"25/07/2025  7:20:57,675","   531250000","TELERAMA","24","  39,8","      999375","       -3657"," 96,90",
"25/07/2025  7:20:57,675","   537250000","PLUS TV","25","  66,6","       95000","        4506"," 50,90",
"25/07/2025  7:20:57,675","   543250000","CANAL UNO","26","  38,5","      999375","         -79"," 95,30",
"25/07/2025  7:20:57,675","   549250000"," ","27","  39,8","      999375","         446"," 96,20",
"25/07/2025  7:20:57,675","   555250000"," ","28","  40,7","      999375","        1599"," 95,40",
"25/07/2025  7:20:57,675","   561250000"," ","29","  42,4","      999375","        4373"," 94,90",
"25/07/2025  7:20:57,675","   567250000","TELEATAHUALPA (RTU)","30","  42,0","      999375","       -2245"," 94,50",
"25/07/2025  7:20:57,675","   573250000"," ","31","  41,8","      999375","        1425"," 95,60",
"25/07/2025  7:20:57,675","   579250000","TELEVICENTRO TVC","32","  81,8","      581875","        6144"," 71,70",
"25/07/2025  7:20:57,675","   585250000"," ","33","  42,5","      999375","       -3204"," 95,50",
"25/07/2025  7:20:57,675","   591250000","UCSG TELEVISION","34","  44,4","      999375","        -751"," 95,80",
"25/07/2025  7:20:57,675","   603250000","OROMAR","36","  45,8","      999375","         762"," 94,80",
"25/07/2025  7:20:57,675","   615250000"," ","38","  47,9","      999375","        5764"," 97,00",
"25/07/2025  7:20:57,675","   621250000","CANAL SUR - TELEVISION MUN","39","  99,6","      109375","          52"," 39,40",
"25/07/2025  7:20:57,675","   627250000"," ","40","  45,8","      999375","        -625"," 96,70",
"25/07/2025  7:20:57,675","   633250000"," ","41","  46,1","      999375","       -1866"," 94,70",
"25/07/2025  7:20:57,675","   639250000"," ","42","  47,7","      999375","        5353"," 96,30",
"25/07/2025  7:20:57,675","   645250000"," ","43","  47,6","      999375","         668"," 95,30",
"25/07/2025  7:20:57,675","   651250000"," ","44","  50,8","      999375","       42670"," 96,80",
"25/07/2025  7:20:57,675","   657250000"," ","45","  49,5","      999375","        3556"," 97,40",
"25/07/2025  7:20:57,675","   663250000"," ","46","  49,8","      999375","         517"," 95,60",
"25/07/2025  7:20:57,675","   669250000"," ","47","  51,4","      999375","       -1069"," 98,10",
"25/07/2025  7:20:57,675","   675250000"," ","48","  51,6","      999375","        2653"," 97,60",
"25/07/2025  7:20:57,675","   681250000"," ","49","  50,7","      999375","       10155"," 96,90",
"25/07/2025  7:20:57,675","   687250000"," ","50","  63,9","      999375","        4423"," 96,90",
"25/07/2025  7:20:57,675","   693250000"," ","51","  66,6","      999375","        4151"," 97,80",
"25/07/2025  7:21:49,132","    55250000","CORPORACION ECUATORIANA DE","2","  85,4","      172500","         -25"," 71,00",
"25/07/2025  7:21:49,132","    61250000"," ","3","  52,9","      830000","       -1823"," 97,50",
"25/07/2025  7:21:49,132","    67250000","UV TELEVISION","4","  85,4","      188750","         207"," 35,90",
"25/07/2025  7:21:49,132","    77250000","TELEAMAZONAS","5","  72,0","       31875","           4"," 43,90",
"25/07/2025  7:21:49,132","    83250000"," ","6","  62,5","      999375","        2214"," 91,60",
"25/07/2025  7:21:49,132","   175250000","ECUADOR TV","7","  88,6","      125625","         -12"," 78,10",
"25/07/2025  7:21:49,132","   181250000","CADENA ECUATORIANA DE TELE","8","  80,2","      535625","        5091"," 96,00",
"25/07/2025  7:21:49,132","   187250000","RED TELESISTEMA (R.T.S)","9","  94,5","      125000","        -360"," 40,70",
"25/07/2025  7:21:49,132","   193250000"," ","10","  68,6","      996250","       95214"," 92,90",
"25/07/2025  7:21:49,132","   199250000","TELEVISION DEL PACIFICO","11","  65,0","      999375","      114097"," 92,50",
"25/07/2025  7:21:49,132","   205250000"," ","12","  63,1","      900625","      107502"," 93,90",
"25/07/2025  7:21:49,132","   211250000"," ","13","  58,8","      999375","      108783"," 95,30",
"25/07/2025  7:21:49,132","   471250000"," ","14","  33,9","      999375","        1011"," 94,00",
"25/07/2025  7:21:49,132","   477250000"," ","15","  36,3","      999375","       -5845"," 96,90",
"25/07/2025  7:21:49,132","   483250000"," ","16","  35,6","      999375","        5025"," 94,20",
"25/07/2025  7:21:49,132","   513250000"," ","21","  37,1","      999375","        1030"," 96,20",
"25/07/2025  7:21:49,132","   519250000","ECOTEL","22","  80,9","      109375","        1034"," 45,80",
"25/07/2025  7:21:49,132","   525250000"," ","23","  39,0","      999375","      -37634"," 94,80",
"25/07/2025  7:21:49,132","   531250000","TELERAMA","24","  38,8","      999375","       -6080"," 98,40",
"25/07/2025  7:21:49,132","   537250000","PLUS TV","25","  68,0","      156875","        4515"," 64,20",
"25/07/2025  7:21:49,132","   543250000","CANAL UNO","26","  39,5","      999375","        4597"," 96,00",
"25/07/2025  7:21:49,132","   549250000"," ","27","  40,2","      999375","        4642"," 94,00",
"25/07/2025  7:21:49,132","   555250000"," ","28","  42,4","      999375","        3294"," 95,80",
"25/07/2025  7:21:49,132","   561250000"," ","29","  42,8","      999375","        2793"," 95,60",
"25/07/2025  7:21:49,132","   567250000","TELEATAHUALPA (RTU)","30","  42,9","      999375","         312"," 96,50",
"25/07/2025  7:21:49,132","   573250000"," ","31","  44,6","      999375","       -1164"," 97,00",
"25/07/2025  7:21:49,132","   579250000","TELEVICENTRO TVC","32","  81,7","      408750","        1207"," 71,70",
"25/07/2025  7:21:49,132","   585250000"," ","33","  42,8","      999375","        5755"," 94,40",
"25/07/2025  7:21:49,132","   591250000","UCSG TELEVISION","34","  43,4","      999375","          96"," 92,70",
"25/07/2025  7:21:49,132","   603250000","OROMAR","36","  47,2","      999375","         926"," 92,90",
"25/07/2025  7:21:49,132","   615250000"," ","38","  47,4","      999375","        2322"," 94,90",
"25/07/2025  7:21:49,132","   621250000","CANAL SUR - TELEVISION MUN","39"," 100,4","       94375","          52"," 57,50",
"25/07/2025  7:21:49,132","   627250000"," ","40","  49,5","      999375","        5760"," 97,00",
"25/07/2025  7:21:49,132","   633250000"," ","41","  46,8","      999375","        1005"," 97,10",
"25/07/2025  7:21:49,132","   639250000"," ","42","  46,3","      999375","        1245"," 93,40",
"25/07/2025  7:21:49,132","   645250000"," ","43","  49,0","      999375","         763"," 92,20",
"25/07/2025  7:21:49,132","   651250000"," ","44","  51,7","      999375","       52297"," 95,00",
"25/07/2025  7:21:49,132","   657250000"," ","45","  48,7","      999375","        3739"," 93,70",
"25/07/2025  7:21:49,132","   663250000"," ","46","  50,2","      999375","        2722"," 95,30",
"25/07/2025  7:21:49,132","   669250000"," ","47","  49,9","      999375","        1904"," 94,10",
"25/07/2025  7:21:49,132","   675250000"," ","48","  50,5","      999375","       -1109"," 94,80",
"25/07/2025  7:21:49,132","   681250000"," ","49","  51,3","      999375","       12846"," 95,90",
"25/07/2025  7:21:49,132","   687250000"," ","50","  66,3","      999375","       11736"," 94,10",
"25/07/2025  7:21:49,132","   693250000"," ","51","  69,7","      999375","        3285"," 95,60",
"25/07/2025  17:40:03,883","    55250000","CORPORACION ECUATORIANA DE","2","  84,2","       63125","          10"," 41,20",
"25/07/2025  17:40:03,883","    61250000"," ","3","  46,4","      999375","        2110"," 96,90",
"25/07/2025  17:40:03,883","    67250000","UV TELEVISION","4","  85,2","      156875","         193"," 23,80",
"25/07/2025  17:40:03,883","    77250000","TELEAMAZONAS","5","  78,2","       94375","          12"," 41,30",
"25/07/2025  17:40:03,883","    83250000"," ","6","  62,3","      999375","       -9233"," 94,70",
"25/07/2025  17:40:03,883","   175250000","ECUADOR TV","7","  90,2","      156875","         -11"," 78,50",
"25/07/2025  17:40:03,883","   181250000","CADENA ECUATORIANA DE TELE","8","  81,4","      455625","        -383"," 89,60",
"25/07/2025  17:40:03,883","   187250000","RED TELESISTEMA (R.T.S)","9","  93,7","       94375","        -784"," 50,60",
"25/07/2025  17:40:03,883","   193250000"," ","10","  66,5","      937500","       84113"," 95,50",
"25/07/2025  17:40:03,883","   199250000","TELEVISION DEL PACIFICO","11","  63,7","      999375","      101303"," 94,30",
"25/07/2025  17:40:03,883","   205250000"," ","12","  60,7","      924375","      110841"," 94,90",
"25/07/2025  17:40:03,883","   211250000"," ","13","  57,6","      999375","      141537"," 92,50",
"25/07/2025  17:40:03,883","   471250000"," ","14","  34,5","      999375","        2159"," 95,20",
"25/07/2025  17:40:03,883","   477250000"," ","15","  34,7","      999375","       -6149"," 94,00",
"25/07/2025  17:40:03,883","   483250000"," ","16","  34,5","      999375","       -7211"," 95,80",
"25/07/2025  17:40:03,883","   513250000"," ","21","  36,4","      999375","         559"," 96,70",
"25/07/2025  17:40:03,883","   519250000","ECOTEL","22","  79,4","       78125","        1148"," 45,80",
"25/07/2025  17:40:03,883","   525250000"," ","23","  39,2","      999375","      -37969"," 92,10",
"25/07/2025  17:40:03,883","   531250000","TELERAMA","24","  38,2","      999375","       -4940"," 96,10",
"25/07/2025  17:40:03,883","   537250000","PLUS TV","25","  70,0","       78750","        3612"," 45,50",
"25/07/2025  17:40:03,883","   543250000","CANAL UNO","26","  38,1","      999375","          54"," 94,30",
"25/07/2025  17:40:03,883","   549250000"," ","27","  39,6","      999375","        2590"," 94,80",
"25/07/2025  17:40:03,883","   555250000"," ","28","  40,0","      999375","        2444"," 95,70",
"25/07/2025  17:40:03,883","   561250000"," ","29","  42,1","      999375","         834"," 96,90",
"25/07/2025  17:40:03,883","   567250000","TELEATAHUALPA (RTU)","30","  41,6","      999375","        1079"," 95,50",
"25/07/2025  17:40:03,883","   573250000"," ","31","  45,3","      999375","       -2065"," 96,20",
"25/07/2025  17:40:03,883","   579250000","TELEVICENTRO TVC","32","  81,9","      157500","        1013"," 39,10",
"25/07/2025  17:40:03,883","   585250000"," ","33","  42,0","      999375","        -479"," 95,70",
"25/07/2025  17:40:03,883","   591250000","UCSG TELEVISION","34","  43,3","      999375","         877"," 94,40",
"25/07/2025  17:40:03,883","   603250000","OROMAR","36","  46,3","      999375","        -521"," 97,40",
"25/07/2025  17:40:03,883","   615250000"," ","38","  48,2","      999375","        2441"," 95,70",
"25/07/2025  17:40:03,883","   621250000","CANAL SUR - TELEVISION MUN","39","  99,7","      125625","          50"," 65,50",
"25/07/2025  17:40:03,883","   627250000"," ","40","  46,1","      999375","       -1564"," 93,80",
"25/07/2025  17:40:03,883","   633250000"," ","41","  45,0","      999375","        5847"," 93,80",
"25/07/2025  17:40:03,883","   639250000"," ","42","  48,0","      999375","        4629"," 96,20",
"25/07/2025  17:40:03,883","   645250000"," ","43","  48,1","      999375","        1907"," 91,70",
"25/07/2025  17:40:03,883","   651250000"," ","44","  48,1","      999375","       -2024"," 98,20",
"25/07/2025  17:40:03,883","   657250000"," ","45","  49,5","      999375","        -717"," 94,30",
"25/07/2025  17:40:03,883","   663250000"," ","46","  48,4","      999375","       -2780"," 91,00",
"25/07/2025  17:40:03,883","   669250000"," ","47","  50,4","      999375","        5150"," 94,10",
"25/07/2025  17:40:03,883","   675250000"," ","48","  49,7","      999375","       -2555"," 94,20",
"25/07/2025  17:40:03,883","   681250000"," ","49","  51,5","      999375","       16481"," 95,70",
"25/07/2025  17:40:03,883","   687250000"," ","50","  67,6","      999375","        1979"," 98,10",
"25/07/2025  17:40:03,883","   693250000"," ","51","  67,8","      999375","        5688"," 95,80",
"25/07/2025  17:40:57,675","    55250000","CORPORACION ECUATORIANA DE","2","  84,2","       94375","          -2"," 37,40",
"25/07/2025  17:40:57,675","    61250000"," ","3","  46,1","      756250","      -13654"," 96,60",
"25/07/2025  17:40:57,675","    67250000","UV TELEVISION","4","  83,1","      298125","         214"," 85,10",
"25/07/2025  17:40:57,675","    77250000","TELEAMAZONAS","5","  79,9","       31875","          10"," 36,60",
"25/07/2025  17:40:57,675","    83250000"," ","6","  64,1","      999375","      -31169"," 95,50",
"25/07/2025  17:40:57,675","   175250000","ECUADOR TV","7","  89,8","      125625","         -10"," 88,10",
"25/07/2025  17:40:57,675","   181250000","CADENA ECUATORIANA DE TELE","8","  81,2","      408125","        -488"," 41,60",
"25/07/2025  17:40:57,675","   187250000","RED TELESISTEMA (R.T.S)","9","  93,6","       78125","        -764"," 31,80",
"25/07/2025  17:40:57,675","   193250000"," ","10","  67,4","      999375","      101905"," 94,00",
"25/07/2025  17:40:57,675","   199250000","TELEVISION DEL PACIFICO","11","  66,3","      999375","      105386"," 95,40",
"25/07/2025  17:40:57,675","   205250000"," ","12","  60,9","      919375","      115560"," 92,20",
"25/07/2025  17:40:57,675","   211250000"," ","13","  60,2","      999375","      110941"," 93,50",
"25/07/2025  17:40:57,675","   471250000"," ","14","  34,7","      999375","        5520"," 96,60",
"25/07/2025  17:40:57,675","   477250000"," ","15","  34,0","      999375","      -10401"," 92,40",
"25/07/2025  17:40:57,675","   483250000"," ","16","  34,2","      999375","       -9427"," 97,60",
"25/07/2025  17:40:57,675","   513250000"," ","21","  36,3","      999375","        1059"," 95,50",
"25/07/2025  17:40:57,675","   519250000","ECOTEL","22","  80,5","      125625","        1138"," 32,10",
"25/07/2025  17:40:57,675","   525250000"," ","23","  40,5","      999375","      -51268"," 95,80",
"25/07/2025  17:40:57,675","   531250000","TELERAMA","24","  37,9","      999375","       -1561"," 94,30",
"25/07/2025  17:40:57,675","   537250000","PLUS TV","25","  69,0","       47500","        3615"," 31,10",
"25/07/2025  17:40:57,675","   543250000","CANAL UNO","26","  38,9","      999375","        4855"," 95,40",
"25/07/2025  17:40:57,675","   549250000"," ","27","  40,4","      999375","        1350"," 95,90",
"25/07/2025  17:40:57,675","   555250000"," ","28","  40,4","      999375","         486"," 96,20",
"25/07/2025  17:40:57,675","   561250000"," ","29","  41,9","      999375","        -404"," 96,30",
"25/07/2025  17:40:57,675","   567250000","TELEATAHUALPA (RTU)","30","  40,1","      999375","        1355"," 95,10",
"25/07/2025  17:40:57,675","   573250000"," ","31","  41,8","      999375","        2484"," 96,40",
"25/07/2025  17:40:57,675","   579250000","TELEVICENTRO TVC","32","  81,5","      220000","        1016"," 66,80",
"25/07/2025  17:40:57,675","   585250000"," ","33","  42,3","      999375","        2656"," 96,20",
"25/07/2025  17:40:57,675","   591250000","UCSG TELEVISION","34","  42,9","      999375","       -1025"," 93,80",
"25/07/2025  17:40:57,675","   603250000","OROMAR","36","  46,0","      999375","        1343"," 95,30",
"25/07/2025  17:40:57,675","   615250000"," ","38","  50,0","      999375","        5282"," 95,80",
"25/07/2025  17:40:57,675","   621250000","CANAL SUR - TELEVISION MUN","39","  99,5","      110000","          50"," 34,40",
"25/07/2025  17:40:57,675","   627250000"," ","40","  45,4","      999375","        2337"," 91,10",
"25/07/2025  17:40:57,675","   633250000"," ","41","  46,4","      999375","        2108"," 94,70",
"25/07/2025  17:40:57,675","   639250000"," ","42","  45,9","      999375","        1812"," 94,20",
"25/07/2025  17:40:57,675","   645250000"," ","43","  48,5","      999375","       -1016"," 94,30",
"25/07/2025  17:40:57,675","   651250000"," ","44","  48,0","      999375","        -276"," 95,90",
"25/07/2025  17:40:57,675","   657250000"," ","45","  48,7","      999375","        1840"," 96,80",
"25/07/2025  17:40:57,675","   663250000"," ","46","  49,9","      999375","        1017"," 97,00",
"25/07/2025  17:40:57,675","   669250000"," ","47","  49,4","      999375","       -1039"," 94,40",
"25/07/2025  17:40:57,675","   675250000"," ","48","  51,4","      999375","        -388"," 94,90",
"25/07/2025  17:40:57,675","   681250000"," ","49","  52,8","      999375","       13594"," 95,80",
"25/07/2025  17:40:57,675","   687250000"," ","50","  70,0","      999375","       -6814"," 95,40",
"25/07/2025  17:40:57,675","   693250000"," ","51","  71,9","      999375","        5525"," 94,70",
"25/07/2025  17:41:49,164","    55250000","CORPORACION ECUATORIANA DE","2","  84,5","       78125","          15"," 17,30",
"25/07/2025  17:41:49,164","    61250000"," ","3","  47,7","      999375","       -8455"," 94,30",
"25/07/2025  17:41:49,164","    67250000","UV TELEVISION","4","  83,9","      408125","         173"," 79,40",
"25/07/2025  17:41:49,164","    77250000","TELEAMAZONAS","5","  79,1","      156875","           7"," 54,40",
"25/07/2025  17:41:49,164","    83250000"," ","6","  63,0","      999375","      -17177"," 92,80",
"25/07/2025  17:41:49,164","   175250000","ECUADOR TV","7","  89,9","      125625","         -20"," 64,30",
"25/07/2025  17:41:49,164","   181250000","CADENA ECUATORIANA DE TELE","8","  81,9","      203750","        -832"," 59,50",
"25/07/2025  17:41:49,164","   187250000","RED TELESISTEMA (R.T.S)","9","  93,7","      156875","        -903"," 48,50",
"25/07/2025  17:41:49,164","   193250000"," ","10","  67,2","      999375","      102481"," 95,70",
"25/07/2025  17:41:49,164","   199250000","TELEVISION DEL PACIFICO","11","  63,5","      999375","      107688"," 92,20",
"25/07/2025  17:41:49,164","   205250000"," ","12","  61,8","      882500","      110478"," 91,40",
"25/07/2025  17:41:49,164","   211250000"," ","13","  59,0","      997500","      100467"," 95,20",
"25/07/2025  17:41:49,164","   471250000"," ","14","  33,8","      999375","       -3932"," 95,20",
"25/07/2025  17:41:49,164","   477250000"," ","15","  35,6","      999375","      -12395"," 93,70",
"25/07/2025  17:41:49,164","   483250000"," ","16","  34,6","      999375","       -7019"," 95,20",
"25/07/2025  17:41:49,164","   513250000"," ","21","  35,7","      999375","       -2500"," 95,50",
"25/07/2025  17:41:49,164","   519250000","ECOTEL","22","  80,0","      109375","        1138"," 39,70",
"25/07/2025  17:41:49,164","   525250000"," ","23","  39,8","      999375","      -24500"," 95,90",
"25/07/2025  17:41:49,164","   531250000","TELERAMA","24","  37,8","      999375","       -5771"," 92,10",
"25/07/2025  17:41:49,164","   537250000","PLUS TV","25","  69,0","       47500","        3616"," 40,80",
"25/07/2025  17:41:49,164","   543250000","CANAL UNO","26","  38,8","      999375","         675"," 94,20",
"25/07/2025  17:41:49,164","   549250000"," ","27","  38,8","      999375","        2635"," 95,80",
"25/07/2025  17:41:49,164","   555250000"," ","28","  40,7","      999375","       -1945"," 96,30",
"25/07/2025  17:41:49,164","   561250000"," ","29","  44,5","      999375","       -2686"," 96,10",
"25/07/2025  17:41:49,164","   567250000","TELEATAHUALPA (RTU)","30","  40,4","      999375","       -1310"," 96,00",
"25/07/2025  17:41:49,164","   573250000"," ","31","  41,1","      999375","        1968"," 95,20",
"25/07/2025  17:41:49,164","   579250000","TELEVICENTRO TVC","32","  81,1","      204375","        1011"," 26,70",
"25/07/2025  17:41:49,164","   585250000"," ","33","  42,6","      999375","         -57"," 94,80",
"25/07/2025  17:41:49,164","   591250000","UCSG TELEVISION","34","  42,0","      999375","        1181"," 95,70",
"25/07/2025  17:41:49,164","   603250000","OROMAR","36","  44,9","      999375","        2172"," 96,20",
"25/07/2025  17:41:49,164","   615250000"," ","38","  51,0","      999375","        7906"," 95,80",
"25/07/2025  17:41:49,164","   621250000","CANAL SUR - TELEVISION MUN","39","  99,4","      125625","          51"," 44,40",
"25/07/2025  17:41:49,164","   627250000"," ","40","  45,5","      999375","        3235"," 95,60",
"25/07/2025  17:41:49,164","   633250000"," ","41","  46,7","      999375","        4019"," 96,30",
"25/07/2025  17:41:49,164","   639250000"," ","42","  47,2","      999375","        6666"," 96,60",
"25/07/2025  17:41:49,164","   645250000"," ","43","  47,6","      999375","        8143"," 92,20",
"25/07/2025  17:41:49,164","   651250000"," ","44","  48,2","      999375","       -6275"," 94,80",
"25/07/2025  17:41:49,164","   657250000"," ","45","  49,1","      999375","       -3456"," 94,60",
"25/07/2025  17:41:49,164","   663250000"," ","46","  48,4","      999375","       -1092"," 95,20",
"25/07/2025  17:41:49,164","   669250000"," ","47","  52,3","      999375","       -1107"," 95,90",
"25/07/2025  17:41:49,164","   675250000"," ","48","  50,0","      999375","        3522"," 95,10",
"25/07/2025  17:41:49,164","   681250000"," ","49","  51,3","      999375","       12672"," 97,70",
"25/07/2025  17:41:49,164","   687250000"," ","50","  67,7","      999375","        1218"," 95,30",
"25/07/2025  17:41:49,164","   693250000"," ","51","  70,2","      999375","        2066"," 99,20",
"26/07/2025  7:20:03,893","    55250000","CORPORACION ECUATORIANA DE","2","  84,7","      219375","         -35"," 87,70",
"26/07/2025  7:20:03,893","    61250000"," ","3","  44,6","      999375","       -2710"," 96,80",
"26/07/2025  7:20:03,893","    67250000","UV TELEVISION","4","  85,4","      157500","         178"," 56,80",
"26/07/2025  7:20:03,893","    77250000","TELEAMAZONAS","5","  75,2","      445625","           3"," 36,70",
"26/07/2025  7:20:03,893","    83250000"," ","6","  63,6","      999375","       -5196"," 98,30",
"26/07/2025  7:20:03,893","   175250000","ECUADOR TV","7","  90,3","      251250","         -15"," 79,50",
"26/07/2025  7:20:03,893","   181250000","CADENA ECUATORIANA DE TELE","8","  81,6","       94375","         -27"," 45,30",
"26/07/2025  7:20:03,893","   187250000","RED TELESISTEMA (R.T.S)","9","  94,3","      126250","        -193"," 50,30",
"26/07/2025  7:20:03,893","   193250000"," ","10","  67,2","      999375","       88983"," 93,30",
"26/07/2025  7:20:03,893","   199250000","TELEVISION DEL PACIFICO","11","  65,8","      999375","       97241"," 96,30",
"26/07/2025  7:20:03,893","   205250000"," ","12","  60,1","      869375","      122839"," 93,40",
"26/07/2025  7:20:03,893","   211250000"," ","13","  58,7","      999375","      120238"," 95,40",
"26/07/2025  7:20:03,893","   471250000"," ","14","  35,1","      999375","       -3416"," 94,10",
"26/07/2025  7:20:03,893","   477250000"," ","15","  35,9","      999375","       -8600"," 96,30",
"26/07/2025  7:20:03,893","   483250000"," ","16","  36,9","      999375","        -704"," 96,80",
"26/07/2025  7:20:03,893","   513250000"," ","21","  37,0","      999375","       -3491"," 96,10",
"26/07/2025  7:20:03,893","   519250000","ECOTEL","22","  79,9","       94375","        1092"," 52,20",
"26/07/2025  7:20:03,893","   525250000"," ","23","  39,2","      999375","      -30153"," 92,50",
"26/07/2025  7:20:03,893","   531250000","TELERAMA","24","  38,6","      999375","         705"," 93,30",
"26/07/2025  7:20:03,893","   537250000","PLUS TV","25","  68,8","      172500","        4476"," 52,60",
"26/07/2025  7:20:03,893","   543250000","CANAL UNO","26","  39,3","      999375","        1095"," 96,50",
"26/07/2025  7:20:03,893","   549250000"," ","27","  39,4","      999375","        4808"," 93,00",
"26/07/2025  7:20:03,893","   555250000"," ","28","  39,1","      999375","       -3507"," 95,50",
"26/07/2025  7:20:03,893","   561250000"," ","29","  41,9","      999375","        5114"," 93,60",
"26/07/2025  7:20:03,893","   567250000","TELEATAHUALPA (RTU)","30","  41,9","      999375","       -6007"," 96,20",
"26/07/2025  7:20:03,893","   573250000"," ","31","  43,3","      999375","        2472"," 94,30",
"26/07/2025  7:20:03,893","   579250000","TELEVICENTRO TVC","32","  79,3","      188125","        1307"," 78,30",
"26/07/2025  7:20:03,893","   585250000"," ","33","  42,9","      999375","        1807"," 95,30",
"26/07/2025  7:20:03,893","   591250000","UCSG TELEVISION","34","  43,1","      999375","       -1917"," 96,90",
"26/07/2025  7:20:03,893","   603250000","OROMAR","36","  45,9","      999375","        -601"," 93,50",
"26/07/2025  7:20:03,893","   615250000"," ","38","  48,2","      999375","        5659"," 96,20",
"26/07/2025  7:20:03,893","   621250000","CANAL SUR - TELEVISION MUN","39"," 100,5","      156875","          52"," 21,10",
"26/07/2025  7:20:03,893","   627250000"," ","40","  46,9","      999375","         -46"," 96,90",
"26/07/2025  7:20:03,893","   633250000"," ","41","  47,2","      999375","        -731"," 94,40",
"26/07/2025  7:20:03,893","   639250000"," ","42","  48,5","      999375","        1161"," 95,00",
"26/07/2025  7:20:03,893","   645250000"," ","43","  48,3","      999375","        2035"," 97,10",
"26/07/2025  7:20:03,893","   651250000"," ","44","  48,6","      999375","       15103"," 92,20",
"26/07/2025  7:20:03,893","   657250000"," ","45","  49,8","      999375","         602"," 96,10",
"26/07/2025  7:20:03,893","   663250000"," ","46","  49,7","      999375","       -3592"," 95,10",
"26/07/2025  7:20:03,893","   669250000"," ","47","  49,6","      999375","       -3133"," 97,30",
"26/07/2025  7:20:03,893","   675250000"," ","48","  50,0","      999375","        -661"," 93,00",
"26/07/2025  7:20:03,893","   681250000"," ","49","  54,6","      999375","       20825"," 95,40",
"26/07/2025  7:20:03,893","   687250000"," ","50","  69,8","      999375","        5925"," 98,50",
"26/07/2025  7:20:03,893","   693250000"," ","51","  68,6","      999375","        1065"," 95,10",
"26/07/2025  7:20:57,687","    55250000","CORPORACION ECUATORIANA DE","2","  84,8","      125625","         -23"," 69,80",
"26/07/2025  7:20:57,687","    61250000"," ","3","  54,9","      999375","       -2852"," 98,40",
"26/07/2025  7:20:57,687","    67250000","UV TELEVISION","4","  83,2","      157500","         206"," 63,80",
"26/07/2025  7:20:57,687","    77250000","TELEAMAZONAS","5","  75,7","       94375","           8"," 30,30",
"26/07/2025  7:20:57,687","    83250000"," ","6","  63,6","      999375","       -3084"," 96,90",
"26/07/2025  7:20:57,687","   175250000","ECUADOR TV","7","  90,1","      141875","         -14"," 79,00",
"26/07/2025  7:20:57,687","   181250000","CADENA ECUATORIANA DE TELE","8","  81,4","      157500","        -140"," 32,30",
"26/07/2025  7:20:57,687","   187250000","RED TELESISTEMA (R.T.S)","9","  93,5","      125000","        -176"," 58,20",
"26/07/2025  7:20:57,687","   193250000"," ","10","  67,8","      928750","      107953"," 92,90",
"26/07/2025  7:20:57,687","   199250000","TELEVISION DEL PACIFICO","11","  65,4","      998125","       89929"," 95,80",
"26/07/2025  7:20:57,687","   205250000"," ","12","  61,1","      925000","      114978"," 90,70",
"26/07/2025  7:20:57,687","   211250000"," ","13","  60,8","      999375","      117929"," 96,60",
"26/07/2025  7:20:57,687","   471250000"," ","14","  34,6","      999375","        3932"," 96,00",
"26/07/2025  7:20:57,687","   477250000"," ","15","  36,8","      999375","       -1726"," 96,80",
"26/07/2025  7:20:57,687","   483250000"," ","16","  34,1","      999375","       -2804"," 95,40",
"26/07/2025  7:20:57,687","   513250000"," ","21","  35,8","      999375","        4001"," 94,40",
"26/07/2025  7:20:57,687","   519250000","ECOTEL","22","  78,0","       94375","        1067"," 53,70",
"26/07/2025  7:20:57,687","   525250000"," ","23","  38,5","      999375","      -33619"," 94,90",
"26/07/2025  7:20:57,687","   531250000","TELERAMA","24","  38,1","      999375","       -5297"," 94,50",
"26/07/2025  7:20:57,687","   537250000","PLUS TV","25","  68,3","       94375","        4481"," 60,60",
"26/07/2025  7:20:57,687","   543250000","CANAL UNO","26","  39,7","      999375","        3061"," 95,90",
"26/07/2025  7:20:57,687","   549250000"," ","27","  41,1","      999375","        3355"," 95,80",
"26/07/2025  7:20:57,687","   555250000"," ","28","  39,7","      999375","        2802"," 90,90",
"26/07/2025  7:20:57,687","   561250000"," ","29","  42,2","      999375","        6002"," 94,70",
"26/07/2025  7:20:57,687","   567250000","TELEATAHUALPA (RTU)","30","  40,5","      999375","       -1369"," 95,90",
"26/07/2025  7:20:57,687","   573250000"," ","31","  42,6","      999375","        2366"," 96,30",
"26/07/2025  7:20:57,687","   579250000","TELEVICENTRO TVC","32","  82,1","      125625","        1296"," 71,30",
"26/07/2025  7:20:57,687","   585250000"," ","33","  42,5","      999375","        1366"," 93,70",
"26/07/2025  7:20:57,687","   591250000","UCSG TELEVISION","34","  43,6","      999375","       -1300"," 93,70",
"26/07/2025  7:20:57,687","   603250000","OROMAR","36","  49,1","      999375","        1749"," 97,10",
"26/07/2025  7:20:57,687","   615250000"," ","38","  52,1","      999375","        4536"," 96,30",
"26/07/2025  7:20:57,687","   621250000","CANAL SUR - TELEVISION MUN","39"," 100,8","      125625","          53"," 56,70",
"26/07/2025  7:20:57,687","   627250000"," ","40","  44,9","      999375","        2249"," 95,50",
"26/07/2025  7:20:57,687","   633250000"," ","41","  47,0","      999375","       -2655"," 96,00",
"26/07/2025  7:20:57,687","   639250000"," ","42","  47,3","      999375","        2550"," 96,70",
"26/07/2025  7:20:57,687","   645250000"," ","43","  47,8","      999375","        -996"," 95,00",
"26/07/2025  7:20:57,687","   651250000"," ","44","  48,1","      999375","        2636"," 96,60",
"26/07/2025  7:20:57,687","   657250000"," ","45","  51,1","      999375","        1922"," 96,50",
"26/07/2025  7:20:57,687","   663250000"," ","46","  49,4","      999375","        4946"," 96,30",
"26/07/2025  7:20:57,687","   669250000"," ","47","  51,2","      999375","        1723"," 95,10",
"26/07/2025  7:20:57,687","   675250000"," ","48","  51,0","      999375","         215"," 96,90",
"26/07/2025  7:20:57,687","   681250000"," ","49","  52,9","      999375","       13666"," 96,10",
"26/07/2025  7:20:57,687","   687250000"," ","50","  66,8","      999375","        3829"," 95,50",
"26/07/2025  7:20:57,687","   693250000"," ","51","  67,3","      999375","        4705"," 97,00",
"26/07/2025  7:21:49,137","    55250000","CORPORACION ECUATORIANA DE","2","  85,0","      156875","          -6"," 60,50",
"26/07/2025  7:21:49,137","    61250000"," ","3","  55,8","      999375","       -4934"," 98,00",
"26/07/2025  7:21:49,137","    67250000","UV TELEVISION","4","  85,4","      157500","         207"," 63,70",
"26/07/2025  7:21:49,137","    77250000","TELEAMAZONAS","5","  72,1","      436250","          -2"," 37,80",
"26/07/2025  7:21:49,137","    83250000"," ","6","  65,2","      999375","       -4752"," 94,90",
"26/07/2025  7:21:49,137","   175250000","ECUADOR TV","7","  90,3","      203750","         -17"," 64,10",
"26/07/2025  7:21:49,137","   181250000","CADENA ECUATORIANA DE TELE","8","  80,9","      188750","         -36"," 50,70",
"26/07/2025  7:21:49,137","   187250000","RED TELESISTEMA (R.T.S)","9","  93,8","       62500","        -425"," 30,20",
"26/07/2025  7:21:49,137","   193250000"," ","10","  66,3","      913125","      109899"," 91,70",
"26/07/2025  7:21:49,137","   199250000","TELEVISION DEL PACIFICO","11","  66,4","      918750","      109548"," 90,90",
"26/07/2025  7:21:49,137","   205250000"," ","12","  61,6","      922500","      121653"," 94,00",
"26/07/2025  7:21:49,137","   211250000"," ","13","  60,3","      996250","      117990"," 93,10",
"26/07/2025  7:21:49,137","   471250000"," ","14","  34,8","      999375","        2333"," 95,20",
"26/07/2025  7:21:49,137","   477250000"," ","15","  34,5","      999375","      -13572"," 94,00",
"26/07/2025  7:21:49,137","   483250000"," ","16","  34,5","      999375","       -2057"," 95,70",
"26/07/2025  7:21:49,137","   513250000"," ","21","  36,4","      999375","        2155"," 93,30",
"26/07/2025  7:21:49,137","   519250000","ECOTEL","22","  81,2","       62500","        1076"," 16,90",
"26/07/2025  7:21:49,137","   525250000"," ","23","  39,1","      999375","      -31343"," 94,10",
"26/07/2025  7:21:49,137","   531250000","TELERAMA","24","  40,6","      999375","          35"," 96,60",
"26/07/2025  7:21:49,137","   537250000","PLUS TV","25","  67,2","      993750","        4453"," 38,90",
"26/07/2025  7:21:49,137","   543250000","CANAL UNO","26","  39,5","      999375","        2423"," 95,90",
"26/07/2025  7:21:49,137","   549250000"," ","27","  38,2","      999375","         108"," 93,90",
"26/07/2025  7:21:49,137","   555250000"," ","28","  41,5","      999375","       -2863"," 95,00",
"26/07/2025  7:21:49,137","   561250000"," ","29","  42,6","      999375","        2323"," 95,70",
"26/07/2025  7:21:49,137","   567250000","TELEATAHUALPA (RTU)","30","  41,4","      999375","        -721"," 95,60",
"26/07/2025  7:21:49,137","   573250000"," ","31","  43,8","      999375","         417"," 93,80",
"26/07/2025  7:21:49,137","   579250000","TELEVICENTRO TVC","32","  79,0","      676250","        1286"," 91,60",
"26/07/2025  7:21:49,137","   585250000"," ","33","  42,4","      999375","        3619"," 93,70",
"26/07/2025  7:21:49,137","   591250000","UCSG TELEVISION","34","  43,4","      999375","          13"," 94,80",
"26/07/2025  7:21:49,137","   603250000","OROMAR","36","  48,5","      999375","        2944"," 97,10",
"26/07/2025  7:21:49,137","   615250000"," ","38","  51,0","      999375","        2117"," 95,90",
"26/07/2025  7:21:49,137","   621250000","CANAL SUR - TELEVISION MUN","39"," 100,5","      125625","          51"," 21,70",
"26/07/2025  7:21:49,137","   627250000"," ","40","  45,1","      999375","        2293"," 93,80",
"26/07/2025  7:21:49,137","   633250000"," ","41","  49,0","      999375","        5207"," 93,30",
"26/07/2025  7:21:49,137","   639250000"," ","42","  46,4","      999375","         325"," 94,40",
"26/07/2025  7:21:49,137","   645250000"," ","43","  47,0","      999375","         484"," 94,60",
"26/07/2025  7:21:49,137","   651250000"," ","44","  48,2","      999375","        5779"," 96,40",
"26/07/2025  7:21:49,137","   657250000"," ","45","  48,2","      999375","        -423"," 93,80",
"26/07/2025  7:21:49,137","   663250000"," ","46","  48,5","      999375","        2039"," 95,70",
"26/07/2025  7:21:49,137","   669250000"," ","47","  51,9","      999375","        -482"," 94,40",
"26/07/2025  7:21:49,137","   675250000"," ","48","  51,7","      999375","        -659"," 96,40",
"26/07/2025  7:21:49,137","   681250000"," ","49","  51,3","      999375","       14144"," 97,50",
"26/07/2025  7:21:49,137","   687250000"," ","50","  68,8","      999375","       -1837"," 96,70",
"26/07/2025  7:21:49,137","   693250000"," ","51","  70,0","      999375","        2170"," 96,10",
"26/07/2025  17:40:03,865","    55250000","CORPORACION ECUATORIANA DE","2","  84,3","       63125","           1"," 32,70",
"26/07/2025  17:40:03,865","    61250000"," ","3","  45,7","      999375","       14827"," 96,20",
"26/07/2025  17:40:03,865","    67250000","UV TELEVISION","4","  89,4","      188750","         235"," 79,90",
"26/07/2025  17:40:03,865","    77250000","TELEAMAZONAS","5","  76,2","       94375","          14"," 34,80",
"26/07/2025  17:40:03,865","    83250000"," ","6","  63,0","      999375","      -29971"," 96,10",
"26/07/2025  17:40:03,865","   175250000","ECUADOR TV","7","  89,9","      219375","         -17"," 79,20",
"26/07/2025  17:40:03,865","   181250000","CADENA ECUATORIANA DE TELE","8","  81,6","      110000","        -913"," 40,00",
"26/07/2025  17:40:03,865","   187250000","RED TELESISTEMA (R.T.S)","9","  93,4","       31250","       -1048"," 20,90",
"26/07/2025  17:40:03,865","   193250000"," ","10","  66,1","      999375","       89388"," 95,60",
"26/07/2025  17:40:03,865","   199250000","TELEVISION DEL PACIFICO","11","  64,0","      999375","      111295"," 95,70",
"26/07/2025  17:40:03,865","   205250000"," ","12","  56,6","      999375","      105973"," 96,50",
"26/07/2025  17:40:03,865","   211250000"," ","13","  57,2","      877500","      117344"," 95,40",
"26/07/2025  17:40:03,865","   471250000"," ","14","  33,7","      999375","       -2760"," 93,70",
"26/07/2025  17:40:03,865","   477250000"," ","15","  33,8","      999375","      -12085"," 94,30",
"26/07/2025  17:40:03,865","   483250000"," ","16","  34,3","      999375","       -5231"," 95,30",
"26/07/2025  17:40:03,865","   513250000"," ","21","  37,5","      999375","        1293"," 96,30",
"26/07/2025  17:40:03,865","   519250000","ECOTEL","22","  78,9","       18750","        1135"," 19,90",
"26/07/2025  17:40:03,865","   525250000"," ","23","  40,0","      999375","      -47647"," 96,80",
"26/07/2025  17:40:03,865","   531250000","TELERAMA","24","  38,8","      999375","        2202"," 96,60",
"26/07/2025  17:40:03,865","   537250000","PLUS TV","25","  68,5","      440000","        3246"," 73,00",
"26/07/2025  17:40:03,865","   543250000","CANAL UNO","26","  39,6","      999375","        6035"," 96,20",
"26/07/2025  17:40:03,865","   549250000"," ","27","  37,9","      999375","        1631"," 92,70",
"26/07/2025  17:40:03,865","   555250000"," ","28","  40,5","      999375","       -3332"," 95,70",
"26/07/2025  17:40:03,865","   561250000"," ","29","  41,4","      999375","       -3747"," 94,90",
"26/07/2025  17:40:03,865","   567250000","TELEATAHUALPA (RTU)","30","  42,4","      999375","        -723"," 94,70",
"26/07/2025  17:40:03,865","   573250000"," ","31","  43,1","      999375","       -4728"," 96,00",
"26/07/2025  17:40:03,865","   579250000","TELEVICENTRO TVC","32","  82,5","      424375","        1008"," 73,30",
"26/07/2025  17:40:03,865","   585250000"," ","33","  42,7","      999375","        2645"," 97,70",
"26/07/2025  17:40:03,865","   591250000","UCSG TELEVISION","34","  43,9","      999375","        1777"," 97,00",
"26/07/2025  17:40:03,865","   603250000","OROMAR","36","  48,3","      999375","        3204"," 95,50",
"26/07/2025  17:40:03,865","   615250000"," ","38","  48,3","      999375","        4567"," 96,60",
"26/07/2025  17:40:03,865","   621250000","CANAL SUR - TELEVISION MUN","39","  99,4","       63125","          51"," 20,90",
"26/07/2025  17:40:03,865","   627250000"," ","40","  45,8","      999375","        2638"," 96,40",
"26/07/2025  17:40:03,865","   633250000"," ","41","  45,4","      999375","         357"," 97,00",
"26/07/2025  17:40:03,865","   639250000"," ","42","  46,5","      999375","        2791"," 95,10",
"26/07/2025  17:40:03,865","   645250000"," ","43","  48,6","      999375","        -224"," 96,10",
"26/07/2025  17:40:03,865","   651250000"," ","44","  48,6","      999375","       -2847"," 95,30",
"26/07/2025  17:40:03,865","   657250000"," ","45","  48,4","      999375","        4294"," 95,10",
"26/07/2025  17:40:03,865","   663250000"," ","46","  50,5","      999375","       -1272"," 96,00",
"26/07/2025  17:40:03,865","   669250000"," ","47","  51,3","      999375","        2009"," 97,10",
"26/07/2025  17:40:03,865","   675250000"," ","48","  52,4","      999375","         700"," 96,80",
"26/07/2025  17:40:03,865","   681250000"," ","49","  50,1","      999375","       11270"," 93,80",
"26/07/2025  17:40:03,865","   687250000"," ","50","  69,1","      999375","        3334"," 95,10",
"26/07/2025  17:40:03,865","   693250000"," ","51","  68,9","      999375","        6150"," 94,80",
"26/07/2025  17:40:57,674","    55250000","CORPORACION ECUATORIANA DE","2","  84,1","       94375","         -11"," 36,90",
"26/07/2025  17:40:57,674","    61250000"," ","3","  44,8","      999375","       -2342"," 94,40",
"26/07/2025  17:40:57,674","    67250000","UV TELEVISION","4","  86,1","      188750","         210"," 73,00",
"26/07/2025  17:40:57,674","    77250000","TELEAMAZONAS","5","  75,1","       94375","          12"," 46,80",
"26/07/2025  17:40:57,674","    83250000"," ","6","  63,1","      999375","      -32797"," 94,70",
"26/07/2025  17:40:57,674","   175250000","ECUADOR TV","7","  89,9","      156875","         -16"," 77,20",
"26/07/2025  17:40:57,674","   181250000","CADENA ECUATORIANA DE TELE","8","  82,0","       94375","        -964"," 48,60",
"26/07/2025  17:40:57,674","   187250000","RED TELESISTEMA (R.T.S)","9","  93,6","       62500","       -1001"," 21,70",
"26/07/2025  17:40:57,674","   193250000"," ","10","  65,8","      999375","       94373"," 95,50",
"26/07/2025  17:40:57,674","   199250000","TELEVISION DEL PACIFICO","11","  66,3","      940000","       93914"," 95,10",
"26/07/2025  17:40:57,674","   205250000"," ","12","  61,5","      919375","      108526"," 93,50",
"26/07/2025  17:40:57,674","   211250000"," ","13","  59,8","      999375","      110094"," 91,90",
"26/07/2025  17:40:57,674","   471250000"," ","14","  35,7","      999375","        3199"," 94,90",
"26/07/2025  17:40:57,674","   477250000"," ","15","  35,7","      999375","      -11835"," 94,80",
"26/07/2025  17:40:57,674","   483250000"," ","16","  34,4","      999375","        2452"," 95,90",
"26/07/2025  17:40:57,674","   513250000"," ","21","  36,9","      999375","       -3277"," 93,70",
"26/07/2025  17:40:57,674","   519250000","ECOTEL","22","  78,4","       20000","        1127"," 28,50",
"26/07/2025  17:40:57,674","   525250000"," ","23","  39,6","      999375","      -45742"," 94,00",
"26/07/2025  17:40:57,674","   531250000","TELERAMA","24","  38,4","      999375","         -63"," 94,50",
"26/07/2025  17:40:57,674","   537250000","PLUS TV","25","  69,2","       93750","        3240"," 52,70",
"26/07/2025  17:40:57,674","   543250000","CANAL UNO","26","  43,6","      999375","         477"," 96,70",
"26/07/2025  17:40:57,674","   549250000"," ","27","  39,7","      999375","        1662"," 93,60",
"26/07/2025  17:40:57,674","   555250000"," ","28","  39,2","      999375","        -766"," 92,40",
"26/07/2025  17:40:57,674","   561250000"," ","29","  42,8","      999375","        1363"," 94,80",
"26/07/2025  17:40:57,674","   567250000","TELEATAHUALPA (RTU)","30","  41,0","      999375","       -4441"," 96,50",
"26/07/2025  17:40:57,674","   573250000"," ","31","  41,6","      999375","       -1078"," 93,70",
"26/07/2025  17:40:57,674","   579250000","TELEVICENTRO TVC","32","  79,8","      156875","        1004"," 70,60",
"26/07/2025  17:40:57,674","   585250000"," ","33","  41,2","      999375","        1206"," 92,70",
"26/07/2025  17:40:57,674","   591250000","UCSG TELEVISION","34","  44,2","      999375","        3522"," 96,50",
"26/07/2025  17:40:57,674","   603250000","OROMAR","36","  49,4","      999375","       -5868"," 97,20",
"26/07/2025  17:40:57,674","   615250000"," ","38","  53,9","      999375","        3657"," 95,10",
"26/07/2025  17:40:57,674","   621250000","CANAL SUR - TELEVISION MUN","39","  99,4","       94375","          50"," 59,60",
"26/07/2025  17:40:57,674","   627250000"," ","40","  46,8","      999375","          55"," 95,30",
"26/07/2025  17:40:57,674","   633250000"," ","41","  47,4","      999375","        -153"," 94,20",
"26/07/2025  17:40:57,674","   639250000"," ","42","  46,9","      999375","        8104"," 95,10",
"26/07/2025  17:40:57,674","   645250000"," ","43","  47,0","      999375","        2365"," 96,20",
"26/07/2025  17:40:57,674","   651250000"," ","44","  48,2","      999375","         164"," 94,30",
"26/07/2025  17:40:57,674","   657250000"," ","45","  49,4","      999375","       -2723"," 94,90",
"26/07/2025  17:40:57,674","   663250000"," ","46","  49,5","      999375","        1330"," 94,70",
"26/07/2025  17:40:57,674","   669250000"," ","47","  50,4","      999375","        -640"," 96,50",
"26/07/2025  17:40:57,674","   675250000"," ","48","  51,6","      999375","        3953"," 95,40",
"26/07/2025  17:40:57,674","   681250000"," ","49","  51,2","      999375","        9090"," 96,10",
"26/07/2025  17:40:57,674","   687250000"," ","50","  66,2","      999375","       -5209"," 96,70",
"26/07/2025  17:40:57,674","   693250000"," ","51","  67,4","      999375","        6649"," 95,30",
"26/07/2025  17:41:49,181","    55250000","CORPORACION ECUATORIANA DE","2","  84,3","       62500","         -10"," 36,70",
"26/07/2025  17:41:49,181","    61250000"," ","3","  45,0","      999375","       -5456"," 94,80",
"26/07/2025  17:41:49,181","    67250000","UV TELEVISION","4","  88,0","      220000","         198"," 68,90",
"26/07/2025  17:41:49,181","    77250000","TELEAMAZONAS","5","  76,3","       78750","          12"," 47,80",
"26/07/2025  17:41:49,181","    83250000"," ","6","  63,2","      999375","      -21302"," 95,60",
"26/07/2025  17:41:49,181","   175250000","ECUADOR TV","7","  89,7","      235625","         -14"," 46,20",
"26/07/2025  17:41:49,181","   181250000","CADENA ECUATORIANA DE TELE","8","  80,4","      126250","        -634"," 26,70",
"26/07/2025  17:41:49,181","   187250000","RED TELESISTEMA (R.T.S)","9","  93,8","       93750","        -933"," 21,30",
"26/07/2025  17:41:49,181","   193250000"," ","10","  65,6","      999375","       93108"," 95,60",
"26/07/2025  17:41:49,181","   199250000","TELEVISION DEL PACIFICO","11","  64,6","      997500","      113623"," 92,70",
"26/07/2025  17:41:49,181","   205250000"," ","12","  61,2","      999375","       98760"," 88,50",
"26/07/2025  17:41:49,181","   211250000"," ","13","  57,4","      999375","      116156"," 95,10",
"26/07/2025  17:41:49,181","   471250000"," ","14","  34,0","      999375","        3109"," 96,20",
"26/07/2025  17:41:49,181","   477250000"," ","15","  34,5","      999375","       -4411"," 94,00",
"26/07/2025  17:41:49,181","   483250000"," ","16","  35,2","      999375","       -2631"," 96,60",
"26/07/2025  17:41:49,181","   513250000"," ","21","  36,9","      999375","        2594"," 96,10",
"26/07/2025  17:41:49,181","   519250000","ECOTEL","22","  79,1","        5000","        1133"," 27,40",
"26/07/2025  17:41:49,181","   525250000"," ","23","  38,6","      999375","      -29696"," 96,30",
"26/07/2025  17:41:49,181","   531250000","TELERAMA","24","  38,2","      999375","       -4088"," 95,80",
"26/07/2025  17:41:49,181","   537250000","PLUS TV","25","  68,4","       78125","        3256"," 18,00",
"26/07/2025  17:41:49,181","   543250000","CANAL UNO","26","  39,2","      999375","        -449"," 95,50",
"26/07/2025  17:41:49,181","   549250000"," ","27","  38,6","      999375","       -3162"," 96,30",
"26/07/2025  17:41:49,181","   555250000"," ","28","  39,9","      999375","        2885"," 93,30",
"26/07/2025  17:41:49,181","   561250000"," ","29","  41,3","      999375","        -294"," 95,30",
"26/07/2025  17:41:49,181","   567250000","TELEATAHUALPA (RTU)","30","  41,1","      999375","       -2125"," 95,60",
"26/07/2025  17:41:49,181","   573250000"," ","31","  42,7","      999375","        3848"," 96,80",
"26/07/2025  17:41:49,181","   579250000","TELEVICENTRO TVC","32","  79,3","      581875","        1040"," 87,50",
"26/07/2025  17:41:49,181","   585250000"," ","33","  42,4","      999375","         698"," 94,70",
"26/07/2025  17:41:49,181","   591250000","UCSG TELEVISION","34","  43,1","      999375","        2073"," 94,90",
"26/07/2025  17:41:49,181","   603250000","OROMAR","36","  51,0","      999375","         617"," 97,10",
"26/07/2025  17:41:49,181","   615250000"," ","38","  49,1","      999375","        3899"," 93,80",
"26/07/2025  17:41:49,181","   621250000","CANAL SUR - TELEVISION MUN","39","  99,4","      125625","          50"," 51,70",
"26/07/2025  17:41:49,181","   627250000"," ","40","  48,3","      999375","        2129"," 95,40",
"26/07/2025  17:41:49,181","   633250000"," ","41","  46,9","      999375","        2907"," 97,10",
"26/07/2025  17:41:49,181","   639250000"," ","42","  47,7","      999375","        5666"," 94,80",
"26/07/2025  17:41:49,181","   645250000"," ","43","  47,2","      999375","        1645"," 95,80",
"26/07/2025  17:41:49,181","   651250000"," ","44","  47,3","      999375","        5770"," 93,40",
"26/07/2025  17:41:49,181","   657250000"," ","45","  48,1","      999375","        1221"," 95,90",
"26/07/2025  17:41:49,181","   663250000"," ","46","  51,0","      999375","        1476"," 97,00",
"26/07/2025  17:41:49,181","   669250000"," ","47","  49,9","      999375","       -1276"," 95,70",
"26/07/2025  17:41:49,181","   675250000"," ","48","  50,2","      999375","        2061"," 94,40",
"26/07/2025  17:41:49,181","   681250000"," ","49","  51,9","      999375","       26334"," 97,10",
"26/07/2025  17:41:49,181","   687250000"," ","50","  69,2","      999375","        4001"," 96,40",
"26/07/2025  17:41:49,181","   693250000"," ","51","  71,9","      999375","        5228"," 96,30",
"27/07/2025  7:20:03,890","    55250000","CORPORACION ECUATORIANA DE","2","  84,8","      125625","         -14"," 64,60",
"27/07/2025  7:20:03,890","    61250000"," ","3","  43,9","      999375","       -1081"," 95,10",
"27/07/2025  7:20:03,890","    67250000","UV TELEVISION","4","  67,9","      157500","        4061"," 96,90",
"27/07/2025  7:20:03,890","    77250000","TELEAMAZONAS","5","  77,3","       62500","          12"," 41,10",
"27/07/2025  7:20:03,890","    83250000"," ","6","  63,6","      999375","      -32168"," 95,20",
"27/07/2025  7:20:03,890","   175250000","ECUADOR TV","7","  91,0","      125625","         -16"," 85,40",
"27/07/2025  7:20:03,890","   181250000","CADENA ECUATORIANA DE TELE","8","  83,1","      283125","         639"," 95,30",
"27/07/2025  7:20:03,890","   187250000","RED TELESISTEMA (R.T.S)","9","  94,9","      125000","        -420"," 32,10",
"27/07/2025  7:20:03,890","   193250000"," ","10","  67,6","      925625","       88147"," 94,70",
"27/07/2025  7:20:03,890","   199250000","TELEVISION DEL PACIFICO","11","  63,7","      931875","      120960"," 92,00",
"27/07/2025  7:20:03,890","   205250000"," ","12","  62,6","      999375","      105820"," 95,70",
"27/07/2025  7:20:03,890","   211250000"," ","13","  59,4","      999375","      100096"," 95,90",
"27/07/2025  7:20:03,890","   471250000"," ","14","  35,2","      999375","        4125"," 95,70",
"27/07/2025  7:20:03,890","   477250000"," ","15","  34,0","      999375","       -6604"," 92,40",
"27/07/2025  7:20:03,890","   483250000"," ","16","  35,2","      999375","       -3664"," 93,40",
"27/07/2025  7:20:03,890","   513250000"," ","21","  36,3","      999375","         501"," 95,60",
"27/07/2025  7:20:03,890","   519250000","ECOTEL","22","  79,3","       78750","        1083"," 40,20",
"27/07/2025  7:20:03,890","   525250000"," ","23","  39,6","      999375","      -49817"," 93,80",
"27/07/2025  7:20:03,890","   531250000","TELERAMA","24","  41,5","      999375","        3918"," 93,30",
"27/07/2025  7:20:03,890","   537250000","PLUS TV","25","  70,0","      125625","        4179"," 56,50",
"27/07/2025  7:20:03,890","   543250000","CANAL UNO","26","  40,1","      999375","        3521"," 95,70",
"27/07/2025  7:20:03,890","   549250000"," ","27","  39,3","      999375","         770"," 93,10",
"27/07/2025  7:20:03,890","   555250000"," ","28","  39,8","      999375","       -1088"," 93,80",
"27/07/2025  7:20:03,890","   561250000"," ","29","  42,2","      999375","       -1491"," 91,60",
"27/07/2025  7:20:03,890","   567250000","TELEATAHUALPA (RTU)","30","  41,6","      999375","       -1314"," 96,10",
"27/07/2025  7:20:03,890","   573250000"," ","31","  42,3","      999375","        -202"," 94,80",
"27/07/2025  7:20:03,890","   579250000","TELEVICENTRO TVC","32","  77,5","      440625","        1167"," 70,60",
"27/07/2025  7:20:03,890","   585250000"," ","33","  42,2","      999375","        7880"," 96,40",
"27/07/2025  7:20:03,890","   591250000","UCSG TELEVISION","34","  41,7","      999375","         355"," 92,60",
"27/07/2025  7:20:03,890","   603250000","OROMAR","36","  45,2","      999375","        3435"," 95,30",
"27/07/2025  7:20:03,890","   615250000"," ","38","  50,4","      999375","       10985"," 96,30",
"27/07/2025  7:20:03,890","   621250000","CANAL SUR - TELEVISION MUN","39","  99,1","        3750","          51"," 21,10",
"27/07/2025  7:20:03,890","   627250000"," ","40","  46,8","      999375","       -1156"," 96,20",
"27/07/2025  7:20:03,890","   633250000"," ","41","  47,3","      999375","        4993"," 95,50",
"27/07/2025  7:20:03,890","   639250000"," ","42","  47,1","      999375","        5224"," 96,30",
"27/07/2025  7:20:03,890","   645250000"," ","43","  48,6","      999375","        2175"," 94,10",
"27/07/2025  7:20:03,890","   651250000"," ","44","  48,9","      999375","        1960"," 92,00",
"27/07/2025  7:20:03,890","   657250000"," ","45","  49,0","      999375","        -688"," 93,10",
"27/07/2025  7:20:03,890","   663250000"," ","46","  48,2","      999375","        4061"," 91,10",
"27/07/2025  7:20:03,890","   669250000"," ","47","  48,7","      999375","        -472"," 96,10",
"27/07/2025  7:20:03,890","   675250000"," ","48","  50,3","      999375","       -3536"," 96,00",
"27/07/2025  7:20:03,890","   681250000"," ","49","  52,2","      999375","       12406"," 98,10",
"27/07/2025  7:20:03,890","   687250000"," ","50","  64,7","      999375","        3930"," 97,90",
"27/07/2025  7:20:03,890","   693250000"," ","51","  68,2","      999375","       -3625"," 95,80",
"27/07/2025  7:20:57,681","    55250000","CORPORACION ECUATORIANA DE","2","  84,3","      125625","         -28"," 54,50",
"27/07/2025  7:20:57,681","    61250000"," ","3","  48,2","      999375","       -1815"," 95,90",
"27/07/2025  7:20:57,681","    67250000","UV TELEVISION","4","  88,9","      157500","         191"," 76,70",
"27/07/2025  7:20:57,681","    77250000","TELEAMAZONAS","5","  80,7","       31875","           9"," 38,80",
"27/07/2025  7:20:57,681","    83250000"," ","6","  63,6","      999375","      -13092"," 94,70",
"27/07/2025  7:20:57,681","   175250000","ECUADOR TV","7","  90,7","      188125","         -16"," 62,20",
"27/07/2025  7:20:57,681","   181250000","CADENA ECUATORIANA DE TELE","8","  82,8","      157500","          16"," 92,30",
"27/07/2025  7:20:57,681","   187250000","RED TELESISTEMA (R.T.S)","9","  93,9","      156875","        -355"," 48,20",
"27/07/2025  7:20:57,681","   193250000"," ","10","  67,2","      999375","      105400"," 91,50",
"27/07/2025  7:20:57,681","   199250000","TELEVISION DEL PACIFICO","11","  67,8","      994375","       90247"," 97,50",
"27/07/2025  7:20:57,681","   205250000"," ","12","  62,1","      999375","      118215"," 91,30",
"27/07/2025  7:20:57,681","   211250000"," ","13","  59,3","      999375","      114451"," 88,50",
"27/07/2025  7:20:57,681","   471250000"," ","14","  34,5","      999375","       -1336"," 96,20",
"27/07/2025  7:20:57,681","   477250000"," ","15","  36,1","      999375","      -12615"," 94,70",
"27/07/2025  7:20:57,681","   483250000"," ","16","  34,1","      999375","       -3525"," 95,00",
"27/07/2025  7:20:57,681","   513250000"," ","21","  40,6","      999375","        -276"," 96,10",
"27/07/2025  7:20:57,681","   519250000","ECOTEL","22","  79,8","      141250","        1078"," 42,00",
"27/07/2025  7:20:57,681","   525250000"," ","23","  39,2","      999375","      -36987"," 95,90",
"27/07/2025  7:20:57,681","   531250000","TELERAMA","24","  39,6","      999375","       -1577"," 97,50",
"27/07/2025  7:20:57,681","   537250000","PLUS TV","25","  68,8","      346250","        4167"," 61,60",
"27/07/2025  7:20:57,681","   543250000","CANAL UNO","26","  39,6","      999375","       -1868"," 96,10",
"27/07/2025  7:20:57,681","   549250000"," ","27","  38,9","      999375","        -975"," 92,60",
"27/07/2025  7:20:57,681","   555250000"," ","28","  39,7","      999375","       -3003"," 95,30",
"27/07/2025  7:20:57,681","   561250000"," ","29","  41,6","      999375","        3155"," 95,70",
"27/07/2025  7:20:57,681","   567250000","TELEATAHUALPA (RTU)","30","  40,6","      999375","       -4920"," 94,20",
"27/07/2025  7:20:57,681","   573250000"," ","31","  42,3","      999375","        -714"," 95,00",
"27/07/2025  7:20:57,681","   579250000","TELEVICENTRO TVC","32","  81,9","      110000","        1154"," 42,60",
"27/07/2025  7:20:57,681","   585250000"," ","33","  43,9","      999375","       -3531"," 93,40",
"27/07/2025  7:20:57,681","   591250000","UCSG TELEVISION","34","  43,3","      999375","         919"," 95,60",
"27/07/2025  7:20:57,681","   603250000","OROMAR","36","  46,0","      999375","       -1362"," 95,70",
"27/07/2025  7:20:57,681","   615250000"," ","38","  48,6","      999375","        8392"," 93,90",
"27/07/2025  7:20:57,681","   621250000","CANAL SUR - TELEVISION MUN","39","  99,3","        3750","          51"," 51,00",
"27/07/2025  7:20:57,681","   627250000"," ","40","  46,6","      999375","       -2205"," 95,90",
"27/07/2025  7:20:57,681","   633250000"," ","41","  46,4","      999375","        3240"," 94,50",
"27/07/2025  7:20:57,681","   639250000"," ","42","  47,0","      999375","        2362"," 97,10",
"27/07/2025  7:20:57,681","   645250000"," ","43","  47,9","      999375","        1789"," 95,00",
"27/07/2025  7:20:57,681","   651250000"," ","44","  47,6","      999375","        3350"," 93,90",
"27/07/2025  7:20:57,681","   657250000"," ","45","  48,0","      999375","        2479"," 92,50",
"27/07/2025  7:20:57,681","   663250000"," ","46","  47,9","      999375","       -1843"," 92,40",
"27/07/2025  7:20:57,681","   669250000"," ","47","  51,0","      999375","        -754"," 96,80",
"27/07/2025  7:20:57,681","   675250000"," ","48","  50,6","      999375","        4560"," 95,30",
"27/07/2025  7:20:57,681","   681250000"," ","49","  52,7","      999375","       18366"," 96,40",
"27/07/2025  7:20:57,681","   687250000"," ","50","  66,6","      999375","        -300"," 97,30",
"27/07/2025  7:20:57,681","   693250000"," ","51","  69,8","      999375","        8775"," 97,60",
"27/07/2025  7:21:49,143","    55250000","CORPORACION ECUATORIANA DE","2","  84,6","      125625","          11"," 68,70",
"27/07/2025  7:21:49,143","    61250000"," ","3","  43,2","      999375","         361"," 94,30",
"27/07/2025  7:21:49,143","    67250000","UV TELEVISION","4","  75,7","      156875","         200"," 46,20",
"27/07/2025  7:21:49,143","    77250000","TELEAMAZONAS","5","  79,4","       78125","           8"," 32,60",
"27/07/2025  7:21:49,143","    83250000"," ","6","  63,7","      999375","      -22813"," 95,50",
"27/07/2025  7:21:49,143","   175250000","ECUADOR TV","7","  90,6","      125625","         -11"," 76,10",
"27/07/2025  7:21:49,143","   181250000","CADENA ECUATORIANA DE TELE","8","  81,2","      283125","        -347"," 60,00",
"27/07/2025  7:21:49,143","   187250000","RED TELESISTEMA (R.T.S)","9","  93,3","      125625","        -477"," 36,70",
"27/07/2025  7:21:49,143","   193250000"," ","10","  66,7","      999375","      105476"," 94,50",
"27/07/2025  7:21:49,143","   199250000","TELEVISION DEL PACIFICO","11","  67,3","      995625","       80709"," 91,70",
"27/07/2025  7:21:49,143","   205250000"," ","12","  61,5","      995625","      102990"," 90,20",
"27/07/2025  7:21:49,143","   211250000"," ","13","  58,9","      998750","      108530"," 94,80",
"27/07/2025  7:21:49,143","   471250000"," ","14","  34,4","      999375","        -221"," 93,50",
"27/07/2025  7:21:49,143","   477250000"," ","15","  33,9","      999375","       -8717"," 93,50",
"27/07/2025  7:21:49,143","   483250000"," ","16","  34,4","      999375","       -4284"," 91,70",
"27/07/2025  7:21:49,143","   513250000"," ","21","  36,8","      999375","        3985"," 95,70",
"27/07/2025  7:21:49,143","   519250000","ECOTEL","22","  78,4","       78750","        1075"," 35,40",
"27/07/2025  7:21:49,143","   525250000"," ","23","  39,1","      999375","      -54942"," 94,30",
"27/07/2025  7:21:49,143","   531250000","TELERAMA","24","  39,5","      999375","        4274"," 96,20",
"27/07/2025  7:21:49,143","   537250000","PLUS TV","25","  68,5","       94375","        4174"," 62,80",
"27/07/2025  7:21:49,143","   543250000","CANAL UNO","26","  40,0","      999375","         158"," 96,60",
"27/07/2025  7:21:49,143","   549250000"," ","27","  38,0","      999375","        2532"," 91,40",
"27/07/2025  7:21:49,143","   555250000"," ","28","  38,5","      999375","        4021"," 96,70",
"27/07/2025  7:21:49,143","   561250000"," ","29","  42,0","      999375","       -1406"," 95,90",
"27/07/2025  7:21:49,143","   567250000","TELEATAHUALPA (RTU)","30","  41,3","      999375","       -4355"," 96,60",
"27/07/2025  7:21:49,143","   573250000"," ","31","  41,5","      999375","        1056"," 95,00",
"27/07/2025  7:21:49,143","   579250000","TELEVICENTRO TVC","32","  80,9","      125625","        1168"," 51,80",
"27/07/2025  7:21:49,143","   585250000"," ","33","  42,6","      999375","       -1255"," 93,20",
"27/07/2025  7:21:49,143","   591250000","UCSG TELEVISION","34","  42,4","      999375","       -1568"," 95,90",
"27/07/2025  7:21:49,143","   603250000","OROMAR","36","  48,2","      999375","        -635"," 96,10",
"27/07/2025  7:21:49,143","   615250000"," ","38","  50,9","      999375","        3745"," 97,20",
"27/07/2025  7:21:49,143","   621250000","CANAL SUR - TELEVISION MUN","39","  99,5","        4375","          51"," 20,80",
"27/07/2025  7:21:49,143","   627250000"," ","40","  46,3","      999375","         770"," 96,50",
"27/07/2025  7:21:49,143","   633250000"," ","41","  45,9","      999375","         972"," 94,90",
"27/07/2025  7:21:49,143","   639250000"," ","42","  46,4","      999375","        1986"," 95,30",
"27/07/2025  7:21:49,143","   645250000"," ","43","  47,8","      999375","       -1555"," 93,20",
"27/07/2025  7:21:49,143","   651250000"," ","44","  47,6","      999375","        -217"," 92,40",
"27/07/2025  7:21:49,143","   657250000"," ","45","  48,3","      999375","         271"," 96,10",
"27/07/2025  7:21:49,143","   663250000"," ","46","  50,5","      999375","        1038"," 95,10",
"27/07/2025  7:21:49,143","   669250000"," ","47","  50,2","      999375","         315"," 98,30",
"27/07/2025  7:21:49,143","   675250000"," ","48","  50,4","      999375","        1818"," 95,50",
"27/07/2025  7:21:49,143","   681250000"," ","49","  50,1","      999375","       16621"," 94,00",
"27/07/2025  7:21:49,143","   687250000"," ","50","  70,0","      999375","        3870"," 95,40",
"27/07/2025  7:21:49,143","   693250000"," ","51","  72,2","      999375","        4437"," 96,20",
"27/07/2025  17:40:03,948","    55250000","CORPORACION ECUATORIANA DE","2","  84,5","       63125","           5"," 42,40",
"27/07/2025  17:40:03,948","    61250000"," ","3","  45,9","      999375","       -1907"," 96,30",
"27/07/2025  17:40:03,948","    67250000","UV TELEVISION","4","  89,9","      140625","         219"," 54,50",
"27/07/2025  17:40:03,948","    77250000","TELEAMAZONAS","5","  77,0","       94375","          15"," 43,20",
"27/07/2025  17:40:03,948","    83250000"," ","6","  62,9","      999375","      -36525"," 95,30",
"27/07/2025  17:40:03,948","   175250000","ECUADOR TV","7","  90,1","      156875","         -17"," 82,80",
"27/07/2025  17:40:03,948","   181250000","CADENA ECUATORIANA DE TELE","8","  81,3","      140625","        -810"," 73,20",
"27/07/2025  17:40:03,948","   187250000","RED TELESISTEMA (R.T.S)","9","  94,5","      125625","        -796"," 50,80",
"27/07/2025  17:40:03,948","   193250000"," ","10","  64,5","      996875","      101647"," 95,20",
"27/07/2025  17:40:03,948","   199250000","TELEVISION DEL PACIFICO","11","  66,7","      930625","       84784"," 95,90",
"27/07/2025  17:40:03,948","   205250000"," ","12","  60,5","      999375","      127502"," 94,50",
"27/07/2025  17:40:03,948","   211250000"," ","13","  59,9","      917500","      104768"," 95,80",
"27/07/2025  17:40:03,948","   471250000"," ","14","  34,0","      999375","         127"," 94,00",
"27/07/2025  17:40:03,948","   477250000"," ","15","  35,3","      999375","      -11939"," 92,80",
"27/07/2025  17:40:03,948","   483250000"," ","16","  34,8","      999375","        1155"," 94,90",
"27/07/2025  17:40:03,948","   513250000"," ","21","  36,4","      999375","        -677"," 94,70",
"27/07/2025  17:40:03,948","   519250000","ECOTEL","22","  79,9","      141250","        1160"," 59,90",
"27/07/2025  17:40:03,948","   525250000"," ","23","  39,1","      999375","      -40711"," 90,80",
"27/07/2025  17:40:03,948","   531250000","TELERAMA","24","  38,7","      999375","        3568"," 94,70",
"27/07/2025  17:40:03,948","   537250000","PLUS TV","25","  72,0","       47500","        3215"," 14,60",
"27/07/2025  17:40:03,948","   543250000","CANAL UNO","26","  38,5","      999375","         -52"," 95,60",
"27/07/2025  17:40:03,948","   549250000"," ","27","  39,7","      999375","         882"," 93,00",
"27/07/2025  17:40:03,948","   555250000"," ","28","  41,1","      999375","        -210"," 96,40",
"27/07/2025  17:40:03,948","   561250000"," ","29","  41,2","      999375","        5060"," 95,50",
"27/07/2025  17:40:03,948","   567250000","TELEATAHUALPA (RTU)","30","  40,4","      999375","       -2438"," 92,20",
"27/07/2025  17:40:03,948","   573250000"," ","31","  40,9","      999375","        -905"," 94,30",
"27/07/2025  17:40:03,948","   579250000","TELEVICENTRO TVC","32","  81,9","      125625","        1022"," 77,40",
"27/07/2025  17:40:03,948","   585250000"," ","33","  42,7","      999375","       -1553"," 96,50",
"27/07/2025  17:40:03,948","   591250000","UCSG TELEVISION","34","  43,6","      999375","       -2726"," 94,90",
"27/07/2025  17:40:03,948","   603250000","OROMAR","36","  52,4","      999375","       -5261"," 98,10",
"27/07/2025  17:40:03,948","   615250000"," ","38","  48,4","      999375","        5135"," 97,10",
"27/07/2025  17:40:03,948","   621250000","CANAL SUR - TELEVISION MUN","39","  98,7","        3750","          50"," 21,00",
"27/07/2025  17:40:03,948","   627250000"," ","40","  47,4","      999375","        2398"," 97,10",
"27/07/2025  17:40:03,948","   633250000"," ","41","  46,5","      999375","       -1375"," 93,90",
"27/07/2025  17:40:03,948","   639250000"," ","42","  47,1","      999375","        6530"," 95,10",
"27/07/2025  17:40:03,948","   645250000"," ","43","  48,0","      999375","       -1228"," 96,60",
"27/07/2025  17:40:03,948","   651250000"," ","44","  48,2","      999375","        2497"," 95,00",
"27/07/2025  17:40:03,948","   657250000"," ","45","  51,6","      999375","        3368"," 95,50",
"27/07/2025  17:40:03,948","   663250000"," ","46","  49,1","      999375","        -109"," 97,00",
"27/07/2025  17:40:03,948","   669250000"," ","47","  48,9","      999375","       -2166"," 93,40",
"27/07/2025  17:40:03,948","   675250000"," ","48","  51,0","      999375","         945"," 94,40",
"27/07/2025  17:40:03,948","   681250000"," ","49","  51,7","      999375","       15048"," 94,90",
"27/07/2025  17:40:03,948","   687250000"," ","50","  64,3","      999375","        7868"," 96,00",
"27/07/2025  17:40:03,948","   693250000"," ","51","  69,6","      999375","         910"," 95,70",
"27/07/2025  17:40:57,739","    55250000","CORPORACION ECUATORIANA DE","2","  84,2","      125625","          -5"," 53,50",
"27/07/2025  17:40:57,739","    61250000"," ","3","  46,9","      999375","       12758"," 90,60",
"27/07/2025  17:40:57,739","    67250000","UV TELEVISION","4","  90,4","      156875","         217"," 34,40",
"27/07/2025  17:40:57,739","    77250000","TELEAMAZONAS","5","  78,5","       46250","          12"," 25,60",
"27/07/2025  17:40:57,739","    83250000"," ","6","  62,4","      999375","      -30701"," 95,00",
"27/07/2025  17:40:57,739","   175250000","ECUADOR TV","7","  89,7","      125625","         -15"," 67,00",
"27/07/2025  17:40:57,739","   181250000","CADENA ECUATORIANA DE TELE","8","  80,4","      110625","        -667"," 87,40",
"27/07/2025  17:40:57,739","   187250000","RED TELESISTEMA (R.T.S)","9","  93,7","       62500","        -752"," 19,70",
"27/07/2025  17:40:57,739","   193250000"," ","10","  65,7","      999375","       98229"," 95,10",
"27/07/2025  17:40:57,739","   199250000","TELEVISION DEL PACIFICO","11","  65,3","      940000","      109964"," 93,10",
"27/07/2025  17:40:57,739","   205250000"," ","12","  61,5","      999375","       66759"," 96,10",
"27/07/2025  17:40:57,739","   211250000"," ","13","  60,0","      999375","      126436"," 93,90",
"27/07/2025  17:40:57,739","   471250000"," ","14","  36,7","      999375","        1197"," 96,80",
"27/07/2025  17:40:57,739","   477250000"," ","15","  33,3","      999375","       -2245"," 94,60",
"27/07/2025  17:40:57,739","   483250000"," ","16","  35,2","      999375","       -1096"," 96,50",
"27/07/2025  17:40:57,739","   513250000"," ","21","  37,1","      999375","       -1305"," 95,70",
"27/07/2025  17:40:57,739","   519250000","ECOTEL","22","  80,6","      126250","        1152"," 51,30",
"27/07/2025  17:40:57,739","   525250000"," ","23","  38,8","      999375","      -48667"," 92,10",
"27/07/2025  17:40:57,739","   531250000","TELERAMA","24","  39,0","      999375","       -1347"," 95,60",
"27/07/2025  17:40:57,739","   537250000","PLUS TV","25","  70,5","       78750","        3217"," 15,10",
"27/07/2025  17:40:57,739","   543250000","CANAL UNO","26","  37,7","      999375","        4458"," 94,30",
"27/07/2025  17:40:57,739","   549250000"," ","27","  38,2","      999375","        -899"," 93,70",
"27/07/2025  17:40:57,739","   555250000"," ","28","  40,3","      999375","        2337"," 97,20",
"27/07/2025  17:40:57,739","   561250000"," ","29","  43,8","      999375","        2300"," 96,30",
"27/07/2025  17:40:57,739","   567250000","TELEATAHUALPA (RTU)","30","  42,4","      999375","       -2577"," 96,90",
"27/07/2025  17:40:57,739","   573250000"," ","31","  42,6","      999375","       -2881"," 98,30",
"27/07/2025  17:40:57,739","   579250000","TELEVICENTRO TVC","32","  77,8","      282500","         973"," 57,00",
"27/07/2025  17:40:57,739","   585250000"," ","33","  41,5","      999375","        -379"," 94,90",
"27/07/2025  17:40:57,739","   591250000","UCSG TELEVISION","34","  44,3","      999375","        3631"," 96,00",
"27/07/2025  17:40:57,739","   603250000","OROMAR","36","  44,3","      999375","         826"," 95,00",
"27/07/2025  17:40:57,739","   615250000"," ","38","  50,0","      999375","        6161"," 96,60",
"27/07/2025  17:40:57,739","   621250000","CANAL SUR - TELEVISION MUN","39","  99,0","        3750","          47"," 20,80",
"27/07/2025  17:40:57,739","   627250000"," ","40","  46,0","      999375","       -1017"," 96,50",
"27/07/2025  17:40:57,739","   633250000"," ","41","  46,9","      999375","         421"," 96,30",
"27/07/2025  17:40:57,739","   639250000"," ","42","  45,6","      999375","        3355"," 93,80",
"27/07/2025  17:40:57,739","   645250000"," ","43","  47,9","      999375","        3836"," 96,50",
"27/07/2025  17:40:57,739","   651250000"," ","44","  49,3","      999375","       -1053"," 97,50",
"27/07/2025  17:40:57,739","   657250000"," ","45","  49,0","      999375","         432"," 95,00",
"27/07/2025  17:40:57,739","   663250000"," ","46","  48,4","      999375","       -1952"," 94,70",
"27/07/2025  17:40:57,739","   669250000"," ","47","  50,1","      999375","         336"," 95,60",
"27/07/2025  17:40:57,739","   675250000"," ","48","  50,7","      999375","        2747"," 97,10",
"27/07/2025  17:40:57,739","   681250000"," ","49","  52,0","      999375","       16565"," 94,20",
"27/07/2025  17:40:57,739","   687250000"," ","50","  68,7","      999375","        5261"," 95,90",
"27/07/2025  17:40:57,739","   693250000"," ","51","  69,4","      999375","        6810"," 96,60",
"27/07/2025  17:41:49,178","    55250000","CORPORACION ECUATORIANA DE","2","  84,3","      156875","         -24"," 72,10",
"27/07/2025  17:41:49,178","    61250000"," ","3","  46,8","      999375","       -2770"," 92,90",
"27/07/2025  17:41:49,178","    67250000","UV TELEVISION","4","  91,0","      157500","         211"," 81,70",
"27/07/2025  17:41:49,178","    77250000","TELEAMAZONAS","5","  74,1","      141250","          10"," 49,70",
"27/07/2025  17:41:49,178","    83250000"," ","6","  64,9","      999375","      -23735"," 94,30",
"27/07/2025  17:41:49,178","   175250000","ECUADOR TV","7","  90,0","      220000","         -16"," 85,50",
"27/07/2025  17:41:49,178","   181250000","CADENA ECUATORIANA DE TELE","8","  81,1","      109375","        -856"," 32,20",
"27/07/2025  17:41:49,178","   187250000","RED TELESISTEMA (R.T.S)","9","  93,2","       93750","        -837"," 28,80",
"27/07/2025  17:41:49,178","   193250000"," ","10","  64,7","      999375","      110693"," 96,50",
"27/07/2025  17:41:49,178","   199250000","TELEVISION DEL PACIFICO","11","  63,8","      999375","      100031"," 94,50",
"27/07/2025  17:41:49,178","   205250000"," ","12","  59,9","      999375","      113857"," 93,00",
"27/07/2025  17:41:49,178","   211250000"," ","13","  60,1","      902500","      111913"," 95,00",
"27/07/2025  17:41:49,178","   471250000"," ","14","  34,3","      999375","       -1755"," 94,60",
"27/07/2025  17:41:49,178","   477250000"," ","15","  36,2","      999375","      -13987"," 94,20",
"27/07/2025  17:41:49,178","   483250000"," ","16","  39,4","      999375","       -3997"," 96,80",
"27/07/2025  17:41:49,178","   513250000"," ","21","  36,9","      999375","        4151"," 95,20",
"27/07/2025  17:41:49,178","   519250000","ECOTEL","22","  80,8","      141250","        1162"," 58,20",
"27/07/2025  17:41:49,178","   525250000"," ","23","  39,3","      999375","      -46201"," 92,30",
"27/07/2025  17:41:49,178","   531250000","TELERAMA","24","  38,4","      999375","        2623"," 96,40",
"27/07/2025  17:41:49,178","   537250000","PLUS TV","25","  69,0","       94375","        3225"," 16,00",
"27/07/2025  17:41:49,178","   543250000","CANAL UNO","26","  39,6","      999375","        -618"," 94,70",
"27/07/2025  17:41:49,178","   549250000"," ","27","  40,0","      999375","         730"," 96,60",
"27/07/2025  17:41:49,178","   555250000"," ","28","  40,0","      999375","        1666"," 94,50",
"27/07/2025  17:41:49,178","   561250000"," ","29","  41,5","      999375","        3491"," 96,00",
"27/07/2025  17:41:49,178","   567250000","TELEATAHUALPA (RTU)","30","  40,6","      999375","         166"," 94,70",
"27/07/2025  17:41:49,178","   573250000"," ","31","  42,3","      999375","        2443"," 96,30",
"27/07/2025  17:41:49,178","   579250000","TELEVICENTRO TVC","32","  80,9","      424375","        1002"," 87,20",
"27/07/2025  17:41:49,178","   585250000"," ","33","  41,3","      999375","        7642"," 96,60",
"27/07/2025  17:41:49,178","   591250000","UCSG TELEVISION","34","  42,7","      999375","        3129"," 92,80",
"27/07/2025  17:41:49,178","   603250000","OROMAR","36","  47,1","      999375","        4171"," 97,00",
"27/07/2025  17:41:49,178","   615250000"," ","38","  54,8","      999375","        2478"," 96,70",
"27/07/2025  17:41:49,178","   621250000","CANAL SUR - TELEVISION MUN","39","  98,7","        4375","          51"," 52,00",
"27/07/2025  17:41:49,178","   627250000"," ","40","  47,6","      999375","         127"," 95,60",
"27/07/2025  17:41:49,178","   633250000"," ","41","  46,1","      999375","        1599"," 91,40",
"27/07/2025  17:41:49,178","   639250000"," ","42","  46,5","      999375","        2153"," 96,10",
"27/07/2025  17:41:49,178","   645250000"," ","43","  46,7","      999375","        2630"," 95,80",
"27/07/2025  17:41:49,178","   651250000"," ","44","  46,9","      999375","        3341"," 95,60",
"27/07/2025  17:41:49,178","   657250000"," ","45","  48,9","      999375","        2301"," 95,70",
"27/07/2025  17:41:49,178","   663250000"," ","46","  48,4","      999375","       -2212"," 89,30",
"27/07/2025  17:41:49,178","   669250000"," ","47","  49,6","      999375","       -1477"," 96,20",
"27/07/2025  17:41:49,178","   675250000"," ","48","  50,0","      999375","        4281"," 96,10",
"27/07/2025  17:41:49,178","   681250000"," ","49","  51,1","      999375","       22966"," 93,50",
"27/07/2025  17:41:49,178","   687250000"," ","50","  67,1","      999375","        5008"," 97,70",
"27/07/2025  17:41:49,178","   693250000"," ","51","  67,9","      999375","       -1412"," 95,80",
"28/07/2025  7:20:03,850","    55250000","CORPORACION ECUATORIANA DE","2","  85,2","      110000","          24"," 69,00",
"28/07/2025  7:20:03,850","    61250000"," ","3","  46,9","      999375","       -2754"," 96,50",
"28/07/2025  7:20:03,850","    67250000","UV TELEVISION","4","  76,6","      125625","         198"," 51,70",
"28/07/2025  7:20:03,850","    77250000","TELEAMAZONAS","5","  82,8","       94375","          15"," 13,60",
"28/07/2025  7:20:03,850","    83250000"," ","6","  63,0","      999375","      -19741"," 94,60",
"28/07/2025  7:20:03,850","   175250000","ECUADOR TV","7","  90,8","      188125","         -15"," 72,30",
"28/07/2025  7:20:03,850","   181250000","CADENA ECUATORIANA DE TELE","8","  83,8","      289375","        -386"," 59,80",
"28/07/2025  7:20:03,850","   187250000","RED TELESISTEMA (R.T.S)","9","  95,7","      110000","        -315"," 44,40",
"28/07/2025  7:20:03,850","   193250000"," ","10","  66,2","      904375","      107009"," 96,30",
"28/07/2025  7:20:03,850","   199250000","TELEVISION DEL PACIFICO","11","  65,4","      998125","       89332"," 91,50",
"28/07/2025  7:20:03,850","   205250000"," ","12","  62,9","      921875","      105312"," 94,60",
"28/07/2025  7:20:03,850","   211250000"," ","13","  57,5","      902500","      118969"," 94,10",
"28/07/2025  7:20:03,850","   471250000"," ","14","  34,0","      999375","        1903"," 95,90",
"28/07/2025  7:20:03,850","   477250000"," ","15","  36,6","      999375","      -38090"," 91,90",
"28/07/2025  7:20:03,850","   483250000"," ","16","  34,8","      999375","        -290"," 95,80",
"28/07/2025  7:20:03,850","   513250000"," ","21","  36,1","      999375","        1624"," 95,70",
"28/07/2025  7:20:03,850","   519250000","ECOTEL","22","  73,9","      266875","        1092"," 55,30",
"28/07/2025  7:20:03,850","   525250000"," ","23","  41,0","      999375","      -38028"," 95,90",
"28/07/2025  7:20:03,850","   531250000","TELERAMA","24","  37,8","      999375","        4083"," 94,70",
"28/07/2025  7:20:03,850","   537250000","PLUS TV","25","  71,8","      110000","        4108"," 53,20",
"28/07/2025  7:20:03,850","   543250000","CANAL UNO","26","  40,0","      999375","       -3415"," 94,50",
"28/07/2025  7:20:03,850","   549250000"," ","27","  38,5","      999375","       -1703"," 94,50",
"28/07/2025  7:20:03,850","   555250000"," ","28","  40,4","      999375","        3826"," 94,90",
"28/07/2025  7:20:03,850","   561250000"," ","29","  43,3","      999375","       -1967"," 96,00",
"28/07/2025  7:20:03,850","   567250000","TELEATAHUALPA (RTU)","30","  41,0","      999375","         -63"," 96,10",
"28/07/2025  7:20:03,850","   573250000"," ","31","  41,3","      999375","        2689"," 96,90",
"28/07/2025  7:20:03,850","   579250000","TELEVICENTRO TVC","32","  82,7","      203750","        1167"," 60,20",
"28/07/2025  7:20:03,850","   585250000"," ","33","  42,6","      999375","        3161"," 95,20",
"28/07/2025  7:20:03,850","   591250000","UCSG TELEVISION","34","  43,4","      999375","        3596"," 95,20",
"28/07/2025  7:20:03,850","   603250000","OROMAR","36","  46,8","      999375","       -2297"," 96,00",
"28/07/2025  7:20:03,850","   615250000"," ","38","  51,3","      999375","        1390"," 96,90",
"28/07/2025  7:20:03,850","   621250000","CANAL SUR - TELEVISION MUN","39","  99,2","       93750","          50"," 52,60",
"28/07/2025  7:20:03,850","   627250000"," ","40","  45,9","      999375","        4097"," 94,80",
"28/07/2025  7:20:03,850","   633250000"," ","41","  46,1","      999375","        2561"," 94,90",
"28/07/2025  7:20:03,850","   639250000"," ","42","  49,0","      999375","        4952"," 96,50",
"28/07/2025  7:20:03,850","   645250000"," ","43","  47,2","      999375","        3352"," 96,70",
"28/07/2025  7:20:03,850","   651250000"," ","44","  48,3","      999375","        3497"," 94,40",
"28/07/2025  7:20:03,850","   657250000"," ","45","  48,3","      999375","        5668"," 92,80",
"28/07/2025  7:20:03,850","   663250000"," ","46","  48,1","      999375","        3046"," 93,60",
"28/07/2025  7:20:03,850","   669250000"," ","47","  49,7","      999375","        6403"," 93,80",
"28/07/2025  7:20:03,850","   675250000"," ","48","  52,4","      999375","         843"," 97,00",
"28/07/2025  7:20:03,850","   681250000"," ","49","  53,1","      999375","       18388"," 95,80",
"28/07/2025  7:20:03,850","   687250000"," ","50","  65,5","      999375","        2879"," 96,00",
"28/07/2025  7:20:03,850","   693250000"," ","51","  67,7","      999375","       10448"," 98,40",
"28/07/2025  7:20:57,639","    55250000","CORPORACION ECUATORIANA DE","2","  85,1","      125625","         -26"," 68,80",
"28/07/2025  7:20:57,639","    61250000"," ","3","  45,0","      999375","        -274"," 94,00",
"28/07/2025  7:20:57,639","    67250000","UV TELEVISION","4","  78,6","      125625","         218"," 54,70",
"28/07/2025  7:20:57,639","    77250000","TELEAMAZONAS","5","  83,8","       30625","           8"," 37,80",
"28/07/2025  7:20:57,639","    83250000"," ","6","  62,2","      999375","      -34240"," 96,70",
"28/07/2025  7:20:57,639","   175250000","ECUADOR TV","7","  91,1","      125625","         -16"," 67,50",
"28/07/2025  7:20:57,639","   181250000","CADENA ECUATORIANA DE TELE","8","  83,7","      231875","        -412"," 96,00",
"28/07/2025  7:20:57,639","   187250000","RED TELESISTEMA (R.T.S)","9","  95,7","      125625","        -268"," 63,40",
"28/07/2025  7:20:57,639","   193250000"," ","10","  66,1","      912500","      110595"," 92,40",
"28/07/2025  7:20:57,639","   199250000","TELEVISION DEL PACIFICO","11","  62,7","      877500","      122772"," 94,00",
"28/07/2025  7:20:57,639","   205250000"," ","12","  61,9","      921875","      113652"," 95,70",
"28/07/2025  7:20:57,639","   211250000"," ","13","  59,7","      999375","      112382"," 93,00",
"28/07/2025  7:20:57,639","   471250000"," ","14","  34,3","      999375","       -2918"," 98,90",
"28/07/2025  7:20:57,639","   477250000"," ","15","  35,2","      999375","      -30044"," 92,20",
"28/07/2025  7:20:57,639","   483250000"," ","16","  34,6","      999375","       -3413"," 95,30",
"28/07/2025  7:20:57,639","   513250000"," ","21","  35,8","      999375","        1390"," 95,70",
"28/07/2025  7:20:57,639","   519250000","ECOTEL","22","  74,6","      424375","        1075"," 49,10",
"28/07/2025  7:20:57,639","   525250000"," ","23","  38,3","      999375","      -29478"," 94,40",
"28/07/2025  7:20:57,639","   531250000","TELERAMA","24","  39,5","      999375","        1345"," 96,40",
"28/07/2025  7:20:57,639","   537250000","PLUS TV","25","  68,4","       93750","        4097"," 36,30",
"28/07/2025  7:20:57,639","   543250000","CANAL UNO","26","  38,8","      999375","         -17"," 95,00",
"28/07/2025  7:20:57,639","   549250000"," ","27","  39,7","      999375","        7820"," 94,60",
"28/07/2025  7:20:57,639","   555250000"," ","28","  39,4","      999375","       -1020"," 94,90",
"28/07/2025  7:20:57,639","   561250000"," ","29","  41,3","      999375","        3008"," 97,10",
"28/07/2025  7:20:57,639","   567250000","TELEATAHUALPA (RTU)","30","  41,8","      999375","        2197"," 97,20",
"28/07/2025  7:20:57,639","   573250000"," ","31","  41,7","      999375","         850"," 93,80",
"28/07/2025  7:20:57,639","   579250000","TELEVICENTRO TVC","32","  81,7","      157500","        1164"," 39,40",
"28/07/2025  7:20:57,639","   585250000"," ","33","  45,5","      999375","        5448"," 96,40",
"28/07/2025  7:20:57,639","   591250000","UCSG TELEVISION","34","  44,2","      999375","       -1037"," 95,50",
"28/07/2025  7:20:57,639","   603250000","OROMAR","36","  46,1","      999375","        2364"," 96,80",
"28/07/2025  7:20:57,639","   615250000"," ","38","  54,1","      999375","        2243"," 94,20",
"28/07/2025  7:20:57,639","   621250000","CANAL SUR - TELEVISION MUN","39","  99,4","      110000","          50"," 40,00",
"28/07/2025  7:20:57,639","   627250000"," ","40","  45,7","      999375","        5205"," 95,70",
"28/07/2025  7:20:57,639","   633250000"," ","41","  45,7","      999375","        4776"," 94,20",
"28/07/2025  7:20:57,639","   639250000"," ","42","  46,9","      999375","        6786"," 96,70",
"28/07/2025  7:20:57,639","   645250000"," ","43","  48,0","      999375","       -1798"," 94,60",
"28/07/2025  7:20:57,639","   651250000"," ","44","  51,0","      999375","        7205"," 94,80",
"28/07/2025  7:20:57,639","   657250000"," ","45","  48,8","      999375","       -4293"," 93,20",
"28/07/2025  7:20:57,639","   663250000"," ","46","  49,7","      999375","       -2062"," 96,30",
"28/07/2025  7:20:57,639","   669250000"," ","47","  49,8","      999375","       -1123"," 96,60",
"28/07/2025  7:20:57,639","   675250000"," ","48","  60,1","      999375","        4852"," 98,30",
"28/07/2025  7:20:57,639","   681250000"," ","49","  51,6","      999375","       18323"," 95,50",
"28/07/2025  7:20:57,639","   687250000"," ","50","  66,5","      999375","        8014"," 96,70",
"28/07/2025  7:20:57,639","   693250000"," ","51","  72,5","      999375","       -2315"," 97,80",
"28/07/2025  7:21:49,127","    55250000","CORPORACION ECUATORIANA DE","2","  84,8","      156875","         -22"," 77,10",
"28/07/2025  7:21:49,127","    61250000"," ","3","  43,8","      999375","        2862"," 94,30",
"28/07/2025  7:21:49,127","    67250000","UV TELEVISION","4","  77,7","      125625","         199"," 51,50",
"28/07/2025  7:21:49,127","    77250000","TELEAMAZONAS","5","  83,0","      125625","          11"," 35,50",
"28/07/2025  7:21:49,127","    83250000"," ","6","  63,1","      999375","      -26627"," 91,80",
"28/07/2025  7:21:49,127","   175250000","ECUADOR TV","7","  91,3","      125625","         -16"," 53,60",
"28/07/2025  7:21:49,127","   181250000","CADENA ECUATORIANA DE TELE","8","  84,3","      289375","        1432"," 95,80",
"28/07/2025  7:21:49,127","   187250000","RED TELESISTEMA (R.T.S)","9","  94,7","      125625","        -457"," 69,60",
"28/07/2025  7:21:49,127","   193250000"," ","10","  64,4","      994375","      104450"," 96,20",
"28/07/2025  7:21:49,127","   199250000","TELEVISION DEL PACIFICO","11","  65,9","      912500","       89552"," 94,10",
"28/07/2025  7:21:49,127","   205250000"," ","12","  61,3","      873125","      104379"," 94,70",
"28/07/2025  7:21:49,127","   211250000"," ","13","  57,1","      999375","      122210"," 93,70",
"28/07/2025  7:21:49,127","   471250000"," ","14","  34,0","      999375","       -1666"," 94,00",
"28/07/2025  7:21:49,127","   477250000"," ","15","  35,8","      999375","      -50225"," 93,30",
"28/07/2025  7:21:49,127","   483250000"," ","16","  67,4","      999375","       -1999"," 99,90",
"28/07/2025  7:21:49,127","   513250000"," ","21","  73,2","      999375","         728"," 99,90",
"28/07/2025  7:21:49,127","   519250000","ECOTEL","22","  76,9","      267500","        1086"," 54,00",
"28/07/2025  7:21:49,127","   525250000"," ","23","  38,5","      999375","      -20386"," 98,40",
"28/07/2025  7:21:49,127","   531250000","TELERAMA","24","  38,3","      999375","        -151"," 95,50",
"28/07/2025  7:21:49,127","   537250000","PLUS TV","25","  69,7","       94375","        4104"," 50,60",
"28/07/2025  7:21:49,127","   543250000","CANAL UNO","26","  38,6","      999375","       -3643"," 96,60",
"28/07/2025  7:21:49,127","   549250000"," ","27","  38,8","      999375","         204"," 94,80",
"28/07/2025  7:21:49,127","   555250000"," ","28","  40,5","      999375","        3593"," 96,10",
"28/07/2025  7:21:49,127","   561250000"," ","29","  43,6","      999375","        3967"," 95,20",
"28/07/2025  7:21:49,127","   567250000","TELEATAHUALPA (RTU)","30","  40,6","      999375","       -2373"," 95,30",
"28/07/2025  7:21:49,127","   573250000"," ","31","  44,0","      999375","        5366"," 95,30",
"28/07/2025  7:21:49,127","   579250000","TELEVICENTRO TVC","32","  85,7","      125625","        1158"," 56,40",
"28/07/2025  7:21:49,127","   585250000"," ","33","  42,5","      999375","       -4971"," 95,00",
"28/07/2025  7:21:49,127","   591250000","UCSG TELEVISION","34","  43,0","      999375","         -86"," 96,70",
"28/07/2025  7:21:49,127","   603250000","OROMAR","36","  44,5","      999375","        2215"," 96,80",
"28/07/2025  7:21:49,127","   615250000"," ","38","  52,9","      999375","        1209"," 96,50",
"28/07/2025  7:21:49,127","   621250000","CANAL SUR - TELEVISION MUN","39","  99,8","      125625","          49"," 56,00",
"28/07/2025  7:21:49,127","   627250000"," ","40","  45,7","      999375","        -689"," 95,10",
"28/07/2025  7:21:49,127","   633250000"," ","41","  46,6","      999375","        -773"," 97,90",
"28/07/2025  7:21:49,127","   639250000"," ","42","  47,7","      999375","        3815"," 95,70",
"28/07/2025  7:21:49,127","   645250000"," ","43","  47,5","      999375","        2212"," 94,70",
"28/07/2025  7:21:49,127","   651250000"," ","44","  48,9","      999375","        3658"," 93,00",
"28/07/2025  7:21:49,127","   657250000"," ","45","  50,3","      999375","       -4447"," 96,50",
"28/07/2025  7:21:49,127","   663250000"," ","46","  50,2","      999375","        1525"," 94,50",
"28/07/2025  7:21:49,127","   669250000"," ","47","  49,3","      999375","         436"," 94,50",
"28/07/2025  7:21:49,127","   675250000"," ","48","  50,1","      999375","       -1207"," 96,40",
"28/07/2025  7:21:49,127","   681250000"," ","49","  50,2","      999375","       12643"," 92,70",
"28/07/2025  7:21:49,127","   687250000"," ","50","  63,7","      999375","        8255"," 97,20",
"28/07/2025  7:21:49,127","   693250000"," ","51","  69,1","      999375","        7779"," 95,50",
"28/07/2025  17:40:03,911","    55250000","CORPORACION ECUATORIANA DE","2","  84,7","      110000","          15"," 63,50",
"28/07/2025  17:40:03,911","    61250000"," ","3","  44,5","      999375","          68"," 96,20",
"28/07/2025  17:40:03,911","    67250000","UV TELEVISION","4","  77,8","      141250","         210"," 77,00",
"28/07/2025  17:40:03,911","    77250000","TELEAMAZONAS","5","  78,0","       61875","          12"," 51,00",
"28/07/2025  17:40:03,911","    83250000"," ","6","  61,7","      999375","       -7584"," 95,20",
"28/07/2025  17:40:03,911","   175250000","ECUADOR TV","7","  88,8","      204375","         -16"," 97,00",
"28/07/2025  17:40:03,911","   181250000","CADENA ECUATORIANA DE TELE","8","  81,0","      235625","          -9"," 39,20",
"28/07/2025  17:40:03,911","   187250000","RED TELESISTEMA (R.T.S)","9","  93,6","       31875","        -592"," 29,20",
"28/07/2025  17:40:03,911","   193250000"," ","10","  66,5","      917500","      103016"," 96,10",
"28/07/2025  17:40:03,911","   199250000","TELEVISION DEL PACIFICO","11","  66,1","      921250","       84010"," 99,30",
"28/07/2025  17:40:03,911","   205250000"," ","12","  60,6","      999375","      107763"," 86,20",
"28/07/2025  17:40:03,911","   211250000"," ","13","  59,0","      874375","      108388"," 91,30",
"28/07/2025  17:40:03,911","   471250000"," ","14","  33,9","      999375","        3521"," 95,70",
"28/07/2025  17:40:03,911","   477250000"," ","15","  35,4","      999375","      -11983"," 97,40",
"28/07/2025  17:40:03,911","   483250000"," ","16","  35,0","      999375","       -5067"," 97,00",
"28/07/2025  17:40:03,911","   513250000"," ","21","  36,0","      999375","       -2938"," 93,80",
"28/07/2025  17:40:03,911","   519250000","ECOTEL","22","  78,8","       63125","        1130"," 34,80",
"28/07/2025  17:40:03,911","   525250000"," ","23","  38,5","      999375","      -31003"," 95,40",
"28/07/2025  17:40:03,911","   531250000","TELERAMA","24","  38,9","      999375","         865"," 92,70",
"28/07/2025  17:40:03,911","   537250000","PLUS TV","25","  68,6","       31875","        3941"," 23,90",
"28/07/2025  17:40:03,911","   543250000","CANAL UNO","26","  39,1","      999375","        2112"," 93,50",
"28/07/2025  17:40:03,911","   549250000"," ","27","  39,6","      999375","         982"," 93,20",
"28/07/2025  17:40:03,911","   555250000"," ","28","  41,0","      999375","         269"," 96,90",
"28/07/2025  17:40:03,911","   561250000"," ","29","  42,4","      999375","         369"," 94,60",
"28/07/2025  17:40:03,911","   567250000","TELEATAHUALPA (RTU)","30","  41,0","      999375","          57"," 95,60",
"28/07/2025  17:40:03,911","   573250000"," ","31","  41,4","      999375","        4112"," 96,60",
"28/07/2025  17:40:03,911","   579250000","TELEVICENTRO TVC","32","  81,9","      156875","        1064"," 47,50",
"28/07/2025  17:40:03,911","   585250000"," ","33","  41,1","      999375","       -2315"," 92,00",
"28/07/2025  17:40:03,911","   591250000","UCSG TELEVISION","34","  42,6","      999375","        3361"," 91,60",
"28/07/2025  17:40:03,911","   603250000","OROMAR","36","  46,4","      999375","        2674"," 95,20",
"28/07/2025  17:40:03,911","   615250000"," ","38","  52,2","      999375","        3644"," 96,60",
"28/07/2025  17:40:03,911","   621250000","CANAL SUR - TELEVISION MUN","39","  99,3","      125625","          48"," 75,40",
"28/07/2025  17:40:03,911","   627250000"," ","40","  45,1","      999375","         489"," 94,70",
"28/07/2025  17:40:03,911","   633250000"," ","41","  45,9","      999375","       -2104"," 94,90",
"28/07/2025  17:40:03,911","   639250000"," ","42","  46,8","      999375","        3991"," 94,10",
"28/07/2025  17:40:03,911","   645250000"," ","43","  47,2","      999375","        4396"," 96,80",
"28/07/2025  17:40:03,911","   651250000"," ","44","  47,3","      999375","        1963"," 95,30",
"28/07/2025  17:40:03,911","   657250000"," ","45","  48,6","      999375","        7038"," 96,00",
"28/07/2025  17:40:03,911","   663250000"," ","46","  50,9","      999375","       -3295"," 95,50",
"28/07/2025  17:40:03,911","   669250000"," ","47","  49,7","      999375","        3287"," 95,00",
"28/07/2025  17:40:03,911","   675250000"," ","48","  50,4","      999375","        1263"," 95,30",
"28/07/2025  17:40:03,911","   681250000"," ","49","  52,1","      999375","       19600"," 96,80",
"28/07/2025  17:40:03,911","   687250000"," ","50","  65,5","      999375","        4715"," 96,40",
"28/07/2025  17:40:03,911","   693250000"," ","51","  69,9","      999375","        1278"," 95,80",
"28/07/2025  17:40:57,703","    55250000","CORPORACION ECUATORIANA DE","2","  84,8","      156875","          17"," 52,40",
"28/07/2025  17:40:57,703","    61250000"," ","3","  45,7","      999375","       -1243"," 91,30",
"28/07/2025  17:40:57,703","    67250000","UV TELEVISION","4","  81,4","      251250","         236"," 52,50",
"28/07/2025  17:40:57,703","    77250000","TELEAMAZONAS","5","  78,9","      141250","          13"," 37,90",
"28/07/2025  17:40:57,703","    83250000"," ","6","  60,8","      999375","      -23789"," 95,50",
"28/07/2025  17:40:57,703","   175250000","ECUADOR TV","7","  88,8","      283125","         -18"," 82,50",
"28/07/2025  17:40:57,703","   181250000","CADENA ECUATORIANA DE TELE","8","  82,3","      203750","        -596"," 92,40",
"28/07/2025  17:40:57,703","   187250000","RED TELESISTEMA (R.T.S)","9","  93,0","       93750","        -592"," 41,20",
"28/07/2025  17:40:57,703","   193250000"," ","10","  64,4","      897500","      112422"," 91,20",
"28/07/2025  17:40:57,703","   199250000","TELEVISION DEL PACIFICO","11","  64,9","      920625","      112786"," 94,70",
"28/07/2025  17:40:57,703","   205250000"," ","12","  61,1","      896875","      121922"," 93,30",
"28/07/2025  17:40:57,703","   211250000"," ","13","  58,0","      915000","      115858"," 92,50",
"28/07/2025  17:40:57,703","   471250000"," ","14","  35,5","      999375","         192"," 95,90",
"28/07/2025  17:40:57,703","   477250000"," ","15","  35,0","      999375","       -7364"," 94,70",
"28/07/2025  17:40:57,703","   483250000"," ","16","  34,6","      999375","         635"," 94,80",
"28/07/2025  17:40:57,703","   513250000"," ","21","  36,0","      999375","        2116"," 93,50",
"28/07/2025  17:40:57,703","   519250000","ECOTEL","22","  79,3","      125625","        1118"," 39,90",
"28/07/2025  17:40:57,703","   525250000"," ","23","  37,8","      999375","      -16367"," 94,60",
"28/07/2025  17:40:57,703","   531250000","TELERAMA","24","  38,8","      999375","        1329"," 95,70",
"28/07/2025  17:40:57,703","   537250000","PLUS TV","25","  71,6","       47500","        3938"," 42,10",
"28/07/2025  17:40:57,703","   543250000","CANAL UNO","26","  39,5","      999375","         138"," 96,00",
"28/07/2025  17:40:57,703","   549250000"," ","27","  38,9","      999375","         953"," 94,30",
"28/07/2025  17:40:57,703","   555250000"," ","28","  40,1","      999375","        1113"," 95,50",
"28/07/2025  17:40:57,703","   561250000"," ","29","  42,3","      999375","        1541"," 94,30",
"28/07/2025  17:40:57,703","   567250000","TELEATAHUALPA (RTU)","30","  41,7","      999375","        8106"," 95,90",
"28/07/2025  17:40:57,703","   573250000"," ","31","  42,6","      999375","        2018"," 96,10",
"28/07/2025  17:40:57,703","   579250000","TELEVICENTRO TVC","32","  82,8","      172500","        1062"," 52,20",
"28/07/2025  17:40:57,703","   585250000"," ","33","  42,3","      999375","        2915"," 95,90",
"28/07/2025  17:40:57,703","   591250000","UCSG TELEVISION","34","  43,1","      999375","        6145"," 96,70",
"28/07/2025  17:40:57,703","   603250000","OROMAR","36","  47,3","      999375","        4076"," 96,90",
"28/07/2025  17:40:57,703","   615250000"," ","38","  51,0","      999375","        -537"," 95,70",
"28/07/2025  17:40:57,703","   621250000","CANAL SUR - TELEVISION MUN","39","  99,6","      188125","          49"," 21,10",
"28/07/2025  17:40:57,703","   627250000"," ","40","  47,4","      999375","        2070"," 97,50",
"28/07/2025  17:40:57,703","   633250000"," ","41","  46,0","      999375","        2110"," 96,90",
"28/07/2025  17:40:57,703","   639250000"," ","42","  46,0","      999375","        2987"," 96,70",
"28/07/2025  17:40:57,703","   645250000"," ","43","  48,8","      999375","        1046"," 97,10",
"28/07/2025  17:40:57,703","   651250000"," ","44","  48,7","      999375","        1058"," 96,00",
"28/07/2025  17:40:57,703","   657250000"," ","45","  47,8","      999375","        1200"," 93,60",
"28/07/2025  17:40:57,703","   663250000"," ","46","  49,3","      999375","       -1817"," 93,50",
"28/07/2025  17:40:57,703","   669250000"," ","47","  48,9","      999375","        -974"," 94,30",
"28/07/2025  17:40:57,703","   675250000"," ","48","  52,2","      999375","        3322"," 95,40",
"28/07/2025  17:40:57,703","   681250000"," ","49","  50,9","      999375","       15176"," 95,30",
"28/07/2025  17:40:57,703","   687250000"," ","50","  68,1","      999375","       -1417"," 96,50",
"28/07/2025  17:40:57,703","   693250000"," ","51","  72,5","      999375","         727"," 96,40",
"28/07/2025  17:41:49,160","    55250000","CORPORACION ECUATORIANA DE","2","  84,9","      156875","          16"," 59,50",
"28/07/2025  17:41:49,160","    61250000"," ","3","  45,9","      999375","       15324"," 92,90",
"28/07/2025  17:41:49,160","    67250000","UV TELEVISION","4","  84,7","      173125","         197"," 63,60",
"28/07/2025  17:41:49,160","    77250000","TELEAMAZONAS","5","  78,2","       63125","          17"," 36,60",
"28/07/2025  17:41:49,160","    83250000"," ","6","  60,7","      999375","      -19526"," 95,20",
"28/07/2025  17:41:49,160","   175250000","ECUADOR TV","7","  88,5","      204375","          23"," 74,20",
"28/07/2025  17:41:49,160","   181250000","CADENA ECUATORIANA DE TELE","8","  81,1","      330625","        -542"," 89,10",
"28/07/2025  17:41:49,160","   187250000","RED TELESISTEMA (R.T.S)","9","  93,2","      110000","        -602"," 43,10",
"28/07/2025  17:41:49,160","   193250000"," ","10","  66,3","      917500","      106229"," 94,60",
"28/07/2025  17:41:49,160","   199250000","TELEVISION DEL PACIFICO","11","  65,3","      942500","      110917"," 92,50",
"28/07/2025  17:41:49,160","   205250000"," ","12","  60,9","      940625","      107781"," 89,00",
"28/07/2025  17:41:49,160","   211250000"," ","13","  58,4","      999375","      114462"," 94,50",
"28/07/2025  17:41:49,160","   471250000"," ","14","  34,6","      999375","        -974"," 94,90",
"28/07/2025  17:41:49,160","   477250000"," ","15","  35,4","      999375","      -19376"," 95,90",
"28/07/2025  17:41:49,160","   483250000"," ","16","  34,4","      999375","       -8068"," 93,30",
"28/07/2025  17:41:49,160","   513250000"," ","21","  37,5","      999375","         202"," 94,00",
"28/07/2025  17:41:49,160","   519250000","ECOTEL","22","  79,3","       63125","        1136"," 32,30",
"28/07/2025  17:41:49,160","   525250000"," ","23","  39,7","      999375","      -19357"," 97,10",
"28/07/2025  17:41:49,160","   531250000","TELERAMA","24","  37,6","      999375","        3318"," 95,60",
"28/07/2025  17:41:49,160","   537250000","PLUS TV","25","  70,8","       94375","        3941"," 40,30",
"28/07/2025  17:41:49,160","   543250000","CANAL UNO","26","  39,2","      999375","         442"," 95,90",
"28/07/2025  17:41:49,160","   549250000"," ","27","  40,0","      999375","        2828"," 95,20",
"28/07/2025  17:41:49,160","   555250000"," ","28","  39,6","      999375","        -425"," 96,50",
"28/07/2025  17:41:49,160","   561250000"," ","29","  42,4","      999375","       -2703"," 94,90",
"28/07/2025  17:41:49,160","   567250000","TELEATAHUALPA (RTU)","30","  40,4","      999375","       -1578"," 96,00",
"28/07/2025  17:41:49,160","   573250000"," ","31","  41,4","      999375","        -158"," 97,70",
"28/07/2025  17:41:49,160","   579250000","TELEVICENTRO TVC","32","  83,2","      125625","        1064"," 44,90",
"28/07/2025  17:41:49,160","   585250000"," ","33","  43,1","      999375","       -3551"," 96,90",
"28/07/2025  17:41:49,160","   591250000","UCSG TELEVISION","34","  42,6","      999375","        -443"," 96,00",
"28/07/2025  17:41:49,160","   603250000","OROMAR","36","  46,1","      999375","        3345"," 96,50",
"28/07/2025  17:41:49,160","   615250000"," ","38","  47,8","      999375","        1045"," 92,50",
"28/07/2025  17:41:49,160","   621250000","CANAL SUR - TELEVISION MUN","39","  99,6","      141250","          50"," 21,70",
"28/07/2025  17:41:49,160","   627250000"," ","40","  46,1","      999375","       -1987"," 95,60",
"28/07/2025  17:41:49,160","   633250000"," ","41","  46,6","      999375","        1526"," 92,60",
"28/07/2025  17:41:49,160","   639250000"," ","42","  46,8","      999375","        1956"," 92,70",
"28/07/2025  17:41:49,160","   645250000"," ","43","  46,6","      999375","        -184"," 94,70",
"28/07/2025  17:41:49,160","   651250000"," ","44","  50,3","      999375","        2277"," 97,50",
"28/07/2025  17:41:49,160","   657250000"," ","45","  50,1","      999375","        4203"," 95,70",
"28/07/2025  17:41:49,160","   663250000"," ","46","  49,3","      999375","        2945"," 93,90",
"28/07/2025  17:41:49,160","   669250000"," ","47","  50,1","      999375","       -4804"," 95,10",
"28/07/2025  17:41:49,160","   675250000"," ","48","  49,5","      999375","        2577"," 95,60",
"28/07/2025  17:41:49,160","   681250000"," ","49","  50,7","      999375","       11862"," 93,90",
"28/07/2025  17:41:49,160","   687250000"," ","50","  68,5","      999375","        7219"," 95,00",
"28/07/2025  17:41:49,160","   693250000"," ","51","  69,7","      999375","         787"," 98,10",
"29/07/2025  7:20:03,891","    55250000","CORPORACION ECUATORIANA DE","2","  85,4","      156875","          -8"," 58,40",
"29/07/2025  7:20:03,891","    61250000"," ","3","  52,6","      999375","        1195"," 97,50",
"29/07/2025  7:20:03,891","    67250000","UV TELEVISION","4","  83,2","      156875","         186"," 72,00",
"29/07/2025  7:20:03,891","    77250000","TELEAMAZONAS","5","  75,6","      125625","          25"," 55,40",
"29/07/2025  7:20:03,891","    83250000"," ","6","  62,4","      999375","      -16252"," 96,10",
"29/07/2025  7:20:03,891","   175250000","ECUADOR TV","7","  89,6","      125625","         -17"," 60,20",
"29/07/2025  7:20:03,891","   181250000","CADENA ECUATORIANA DE TELE","8","  83,3","      278125","         168"," 54,40",
"29/07/2025  7:20:03,891","   187250000","RED TELESISTEMA (R.T.S)","9","  94,3","      188125","        -343"," 56,10",
"29/07/2025  7:20:03,891","   193250000"," ","10","  66,3","      916250","      100807"," 95,80",
"29/07/2025  7:20:03,891","   199250000","TELEVISION DEL PACIFICO","11","  66,0","      905625","       99718"," 94,00",
"29/07/2025  7:20:03,891","   205250000"," ","12","  61,4","      911250","      126184"," 92,90",
"29/07/2025  7:20:03,891","   211250000"," ","13","  55,2","      903750","      130576"," 93,20",
"29/07/2025  7:20:03,891","   471250000"," ","14","  33,8","      999375","        5021"," 93,70",
"29/07/2025  7:20:03,891","   477250000"," ","15","  34,0","      999375","       -2738"," 96,00",
"29/07/2025  7:20:03,891","   483250000"," ","16","  34,8","      999375","        2429"," 95,30",
"29/07/2025  7:20:03,891","   513250000"," ","21","  36,8","      999375","         896"," 97,10",
"29/07/2025  7:20:03,891","   519250000","ECOTEL","22","  75,1","      141250","        1048"," 53,20",
"29/07/2025  7:20:03,891","   525250000"," ","23","  39,6","      999375","      -22204"," 94,80",
"29/07/2025  7:20:03,891","   531250000","TELERAMA","24","  39,0","      999375","       -6147"," 95,00",
"29/07/2025  7:20:03,891","   537250000","PLUS TV","25","  69,4","      110000","        4327"," 60,80",
"29/07/2025  7:20:03,891","   543250000","CANAL UNO","26","  38,3","      999375","        4214"," 95,70",
"29/07/2025  7:20:03,891","   549250000"," ","27","  40,8","      999375","        1165"," 96,60",
"29/07/2025  7:20:03,891","   555250000"," ","28","  39,9","      999375","       -5165"," 99,50",
"29/07/2025  7:20:03,891","   561250000"," ","29","  41,2","      999375","        -892"," 94,30",
"29/07/2025  7:20:03,891","   567250000","TELEATAHUALPA (RTU)","30","  41,6","      999375","         528"," 96,40",
"29/07/2025  7:20:03,891","   573250000"," ","31","  41,9","      999375","          84"," 96,60",
"29/07/2025  7:20:03,891","   579250000","TELEVICENTRO TVC","32","  81,1","      172500","        1243"," 62,30",
"29/07/2025  7:20:03,891","   585250000"," ","33","  41,2","      999375","       -2442"," 93,00",
"29/07/2025  7:20:03,891","   591250000","UCSG TELEVISION","34","  42,8","      999375","         519"," 93,70",
"29/07/2025  7:20:03,891","   603250000","OROMAR","36","  43,8","      999375","       -1953"," 96,70",
"29/07/2025  7:20:03,891","   615250000"," ","38","  49,0","      999375","       -4207"," 97,60",
"29/07/2025  7:20:03,891","   621250000","CANAL SUR - TELEVISION MUN","39","  99,6","      156875","          50"," 73,70",
"29/07/2025  7:20:03,891","   627250000"," ","40","  46,5","      999375","        5974"," 95,90",
"29/07/2025  7:20:03,891","   633250000"," ","41","  47,9","      999375","        2349"," 95,40",
"29/07/2025  7:20:03,891","   639250000"," ","42","  48,1","      999375","        2420"," 94,90",
"29/07/2025  7:20:03,891","   645250000"," ","43","  47,2","      999375","        2204"," 93,20",
"29/07/2025  7:20:03,891","   651250000"," ","44","  50,2","      999375","       44944"," 95,60",
"29/07/2025  7:20:03,891","   657250000"," ","45","  48,5","      999375","         312"," 95,30",
"29/07/2025  7:20:03,891","   663250000"," ","46","  49,6","      999375","       -2303"," 94,30",
"29/07/2025  7:20:03,891","   669250000"," ","47","  50,7","      999375","         292"," 92,30",
"29/07/2025  7:20:03,891","   675250000"," ","48","  49,4","      999375","        -531"," 93,40",
"29/07/2025  7:20:03,891","   681250000"," ","49","  53,3","      999375","       12374"," 94,50",
"29/07/2025  7:20:03,891","   687250000"," ","50","  68,5","      999375","         322"," 97,80",
"29/07/2025  7:20:03,891","   693250000"," ","51","  66,3","      999375","        3844"," 97,50",
"29/07/2025  7:20:57,683","    55250000","CORPORACION ECUATORIANA DE","2","  85,2","      156875","         -17"," 64,00",
"29/07/2025  7:20:57,683","    61250000"," ","3","  55,7","      999375","      -10636"," 95,90",
"29/07/2025  7:20:57,683","    67250000","UV TELEVISION","4","  84,3","      219375","         181"," 72,30",
"29/07/2025  7:20:57,683","    77250000","TELEAMAZONAS","5","  76,9","      125625","           8"," 41,60",
"29/07/2025  7:20:57,683","    83250000"," ","6","  63,7","      999375","      -19791"," 95,20",
"29/07/2025  7:20:57,683","   175250000","ECUADOR TV","7","  90,4","      141250","         -22"," 90,30",
"29/07/2025  7:20:57,683","   181250000","CADENA ECUATORIANA DE TELE","8","  82,5","      276875","        -157"," 36,60",
"29/07/2025  7:20:57,683","   187250000","RED TELESISTEMA (R.T.S)","9","  94,6","      141250","        -190"," 62,20",
"29/07/2025  7:20:57,683","   193250000"," ","10","  62,3","      899375","       90979"," 95,70",
"29/07/2025  7:20:57,683","   199250000","TELEVISION DEL PACIFICO","11","  64,8","      908750","      133573"," 96,50",
"29/07/2025  7:20:57,683","   205250000"," ","12","  61,0","      886250","      118169"," 94,30",
"29/07/2025  7:20:57,683","   211250000"," ","13","  59,6","      996250","      115061"," 93,70",
"29/07/2025  7:20:57,683","   471250000"," ","14","  34,7","      999375","        2142"," 94,20",
"29/07/2025  7:20:57,683","   477250000"," ","15","  34,4","      999375","       -8228"," 96,10",
"29/07/2025  7:20:57,683","   483250000"," ","16","  33,9","      999375","       -2429"," 92,90",
"29/07/2025  7:20:57,683","   513250000"," ","21","  37,5","      999375","        -901"," 96,80",
"29/07/2025  7:20:57,683","   519250000","ECOTEL","22","  75,9","      660625","        1061"," 42,30",
"29/07/2025  7:20:57,683","   525250000"," ","23","  39,4","      999375","      -11491"," 96,00",
"29/07/2025  7:20:57,683","   531250000","TELERAMA","24","  38,1","      999375","        1863"," 96,30",
"29/07/2025  7:20:57,683","   537250000","PLUS TV","25","  69,5","      110000","        4329"," 39,40",
"29/07/2025  7:20:57,683","   543250000","CANAL UNO","26","  40,9","      999375","        3130"," 97,30",
"29/07/2025  7:20:57,683","   549250000"," ","27","  38,9","      999375","        3911"," 93,90",
"29/07/2025  7:20:57,683","   555250000"," ","28","  39,7","      999375","        2975"," 91,00",
"29/07/2025  7:20:57,683","   561250000"," ","29","  41,6","      999375","        2919"," 95,20",
"29/07/2025  7:20:57,683","   567250000","TELEATAHUALPA (RTU)","30","  41,1","      999375","        6187"," 92,90",
"29/07/2025  7:20:57,683","   573250000"," ","31","  41,4","      999375","         581"," 94,10",
"29/07/2025  7:20:57,683","   579250000","TELEVICENTRO TVC","32","  80,7","      203750","        1224"," 77,10",
"29/07/2025  7:20:57,683","   585250000"," ","33","  41,4","      999375","        1857"," 93,40",
"29/07/2025  7:20:57,683","   591250000","UCSG TELEVISION","34","  43,6","      999375","        -903"," 96,30",
"29/07/2025  7:20:57,683","   603250000","OROMAR","36","  46,6","      999375","        2643"," 95,10",
"29/07/2025  7:20:57,683","   615250000"," ","38","  48,6","      999375","        1809"," 95,70",
"29/07/2025  7:20:57,683","   621250000","CANAL SUR - TELEVISION MUN","39"," 100,0","      157500","          51"," 21,40",
"29/07/2025  7:20:57,683","   627250000"," ","40","  46,2","      999375","       -1361"," 94,20",
"29/07/2025  7:20:57,683","   633250000"," ","41","  47,4","      999375","        2757"," 94,40",
"29/07/2025  7:20:57,683","   639250000"," ","42","  46,6","      999375","        2575"," 93,20",
"29/07/2025  7:20:57,683","   645250000"," ","43","  48,0","      999375","        1212"," 92,90",
"29/07/2025  7:20:57,683","   651250000"," ","44","  50,4","      999375","       23722"," 95,30",
"29/07/2025  7:20:57,683","   657250000"," ","45","  50,3","      999375","        4492"," 95,40",
"29/07/2025  7:20:57,683","   663250000"," ","46","  48,8","      999375","         296"," 94,40",
"29/07/2025  7:20:57,683","   669250000"," ","47","  50,2","      999375","         214"," 96,10",
"29/07/2025  7:20:57,683","   675250000"," ","48","  50,8","      999375","        5522"," 97,20",
"29/07/2025  7:20:57,683","   681250000"," ","49","  52,7","      999375","       23930"," 95,40",
"29/07/2025  7:20:57,683","   687250000"," ","50","  68,7","      999375","        7422"," 95,00",
"29/07/2025  7:20:57,683","   693250000"," ","51","  65,7","      999375","        4282"," 95,80",
"29/07/2025  7:21:49,121","    55250000","CORPORACION ECUATORIANA DE","2","  85,6","      156875","           2"," 78,90",
"29/07/2025  7:21:49,121","    61250000"," ","3","  57,0","      999375","        3927"," 98,10",
"29/07/2025  7:21:49,121","    67250000","UV TELEVISION","4","  80,8","      157500","         164"," 96,20",
"29/07/2025  7:21:49,121","    77250000","TELEAMAZONAS","5","  74,8","       94375","          11"," 39,50",
"29/07/2025  7:21:49,121","    83250000"," ","6","  61,9","      999375","      -16941"," 95,50",
"29/07/2025  7:21:49,121","   175250000","ECUADOR TV","7","  89,3","      125625","         -15"," 69,30",
"29/07/2025  7:21:49,121","   181250000","CADENA ECUATORIANA DE TELE","8","  83,6","      236250","         313"," 91,30",
"29/07/2025  7:21:49,121","   187250000","RED TELESISTEMA (R.T.S)","9","  95,0","      126250","        -230"," 67,50",
"29/07/2025  7:21:49,121","   193250000"," ","10","  64,2","      913125","      109812"," 94,20",
"29/07/2025  7:21:49,121","   199250000","TELEVISION DEL PACIFICO","11","  66,3","      999375","      100672"," 94,70",
"29/07/2025  7:21:49,121","   205250000"," ","12","  62,1","      890000","      118072"," 93,70",
"29/07/2025  7:21:49,121","   211250000"," ","13","  58,6","      999375","       95666"," 95,20",
"29/07/2025  7:21:49,121","   471250000"," ","14","  34,7","      999375","        2730"," 94,80",
"29/07/2025  7:21:49,121","   477250000"," ","15","  34,2","      999375","       -2055"," 93,70",
"29/07/2025  7:21:49,121","   483250000"," ","16","  35,1","      999375","        1788"," 95,20",
"29/07/2025  7:21:49,121","   513250000"," ","21","  36,1","      999375","        -510"," 95,20",
"29/07/2025  7:21:49,121","   519250000","ECOTEL","22","  79,9","      140625","        1059"," 41,30",
"29/07/2025  7:21:49,121","   525250000"," ","23","  38,6","      999375","      -25374"," 94,90",
"29/07/2025  7:21:49,121","   531250000","TELERAMA","24","  39,3","      999375","       -7499"," 96,30",
"29/07/2025  7:21:49,121","   537250000","PLUS TV","25","  68,3","      110000","        4329"," 64,00",
"29/07/2025  7:21:49,121","   543250000","CANAL UNO","26","  37,8","      999375","         697"," 95,10",
"29/07/2025  7:21:49,121","   549250000"," ","27","  40,3","      999375","       -2824"," 96,70",
"29/07/2025  7:21:49,121","   555250000"," ","28","  41,4","      999375","        5146"," 96,30",
"29/07/2025  7:21:49,121","   561250000"," ","29","  40,7","      999375","        5038"," 96,40",
"29/07/2025  7:21:49,121","   567250000","TELEATAHUALPA (RTU)","30","  39,8","      999375","         743"," 95,90",
"29/07/2025  7:21:49,121","   573250000"," ","31","  43,3","      999375","         -67"," 95,40",
"29/07/2025  7:21:49,121","   579250000","TELEVICENTRO TVC","32","  76,6","      266875","        1244"," 79,60",
"29/07/2025  7:21:49,121","   585250000"," ","33","  42,7","      999375","        2195"," 96,80",
"29/07/2025  7:21:49,121","   591250000","UCSG TELEVISION","34","  42,8","      999375","        -424"," 93,40",
"29/07/2025  7:21:49,121","   603250000","OROMAR","36","  46,7","      999375","       -3634"," 92,50",
"29/07/2025  7:21:49,121","   615250000"," ","38","  47,1","      999375","        4167"," 96,80",
"29/07/2025  7:21:49,121","   621250000","CANAL SUR - TELEVISION MUN","39","  99,5","      188750","          52"," 91,00",
"29/07/2025  7:21:49,121","   627250000"," ","40","  46,2","      999375","        4671"," 95,60",
"29/07/2025  7:21:49,121","   633250000"," ","41","  47,1","      999375","       -1991"," 94,40",
"29/07/2025  7:21:49,121","   639250000"," ","42","  47,4","      999375","        3001"," 93,10",
"29/07/2025  7:21:49,121","   645250000"," ","43","  48,6","      999375","        1498"," 92,70",
"29/07/2025  7:21:49,121","   651250000"," ","44","  50,4","      999375","       20277"," 97,00",
"29/07/2025  7:21:49,121","   657250000"," ","45","  49,7","      999375","        2668"," 95,20",
"29/07/2025  7:21:49,121","   663250000"," ","46","  49,0","      999375","        2932"," 95,60",
"29/07/2025  7:21:49,121","   669250000"," ","47","  49,2","      999375","         182"," 95,80",
"29/07/2025  7:21:49,121","   675250000"," ","48","  50,6","      999375","       -1821"," 93,20",
"29/07/2025  7:21:49,121","   681250000"," ","49","  52,1","      999375","       19956"," 95,70",
"29/07/2025  7:21:49,121","   687250000"," ","50","  66,5","      999375","        4770"," 95,70",
"29/07/2025  7:21:49,121","   693250000"," ","51","  65,2","      999375","        4014"," 97,00",
"29/07/2025  17:40:03,886","    55250000","CORPORACION ECUATORIANA DE","2","  85,5","      125625","          38"," 83,90",
"29/07/2025  17:40:03,886","    61250000"," ","3","  44,3","      999375","        2035"," 95,00",
"29/07/2025  17:40:03,886","    67250000","UV TELEVISION","4","  91,1","      298750","         196"," 87,40",
"29/07/2025  17:40:03,886","    77250000","TELEAMAZONAS","5","  71,9","      460625","          12"," 43,30",
"29/07/2025  17:40:03,886","    83250000"," ","6","  62,2","      999375","      -11911"," 96,60",
"29/07/2025  17:40:03,886","   175250000","ECUADOR TV","7","  87,9","      251875","         -17"," 74,70",
"29/07/2025  17:40:03,886","   181250000","CADENA ECUATORIANA DE TELE","8","  82,8","      265625","        -425"," 96,20",
"29/07/2025  17:40:03,886","   187250000","RED TELESISTEMA (R.T.S)","9","  93,2","       94375","        -712"," 41,60",
"29/07/2025  17:40:03,886","   193250000"," ","10","  66,5","      999375","       93462"," 97,00",
"29/07/2025  17:40:03,886","   199250000","TELEVISION DEL PACIFICO","11","  65,7","      923750","       81001"," 88,60",
"29/07/2025  17:40:03,886","   205250000"," ","12","  61,1","      996875","      105115"," 93,10",
"29/07/2025  17:40:03,886","   211250000"," ","13","  55,6","      916875","      118096"," 93,90",
"29/07/2025  17:40:03,886","   471250000"," ","14","  33,2","      999375","       -2580"," 93,90",
"29/07/2025  17:40:03,886","   477250000"," ","15","  35,9","      999375","      -17073"," 95,10",
"29/07/2025  17:40:03,886","   483250000"," ","16","  34,6","      999375","       -1795"," 97,30",
"29/07/2025  17:40:03,886","   513250000"," ","21","  37,0","      999375","        3888"," 96,40",
"29/07/2025  17:40:03,886","   519250000","ECOTEL","22","  79,9","      110000","        1158"," 51,20",
"29/07/2025  17:40:03,886","   525250000"," ","23","  39,0","      999375","      -48987"," 95,10",
"29/07/2025  17:40:03,886","   531250000","TELERAMA","24","  39,8","      999375","         897"," 95,20",
"29/07/2025  17:40:03,886","   537250000","PLUS TV","25","  71,5","       47500","        3659"," 40,60",
"29/07/2025  17:40:03,886","   543250000","CANAL UNO","26","  38,8","      999375","       -2064"," 95,50",
"29/07/2025  17:40:03,886","   549250000"," ","27","  39,1","      999375","         434"," 94,20",
"29/07/2025  17:40:03,886","   555250000"," ","28","  40,2","      999375","        3038"," 94,20",
"29/07/2025  17:40:03,886","   561250000"," ","29","  42,0","      999375","        -434"," 93,50",
"29/07/2025  17:40:03,886","   567250000","TELEATAHUALPA (RTU)","30","  41,4","      999375","         902"," 93,80",
"29/07/2025  17:40:03,886","   573250000"," ","31","  40,9","      999375","        -190"," 91,70",
"29/07/2025  17:40:03,886","   579250000","TELEVICENTRO TVC","32","  75,1","      644375","       -4061"," 83,70",
"29/07/2025  17:40:03,886","   585250000"," ","33","  41,7","      999375","         -16"," 96,30",
"29/07/2025  17:40:03,886","   591250000","UCSG TELEVISION","34","  42,9","      999375","       -1987"," 94,80",
"29/07/2025  17:40:03,886","   603250000","OROMAR","36","  48,2","      999375","        2975"," 95,50",
"29/07/2025  17:40:03,886","   615250000"," ","38","  51,0","      999375","        2072"," 95,70",
"29/07/2025  17:40:03,886","   621250000","CANAL SUR - TELEVISION MUN","39"," 100,1","       31875","          50"," 23,00",
"29/07/2025  17:40:03,886","   627250000"," ","40","  46,5","      999375","         194"," 92,30",
"29/07/2025  17:40:03,886","   633250000"," ","41","  45,9","      999375","        5110"," 93,00",
"29/07/2025  17:40:03,886","   639250000"," ","42","  47,9","      999375","        1501"," 95,50",
"29/07/2025  17:40:03,886","   645250000"," ","43","  47,2","      999375","       -2628"," 96,20",
"29/07/2025  17:40:03,886","   651250000"," ","44","  47,5","      999375","        4187"," 94,60",
"29/07/2025  17:40:03,886","   657250000"," ","45","  49,3","      999375","        -179"," 94,20",
"29/07/2025  17:40:03,886","   663250000"," ","46","  48,7","      999375","       -5675"," 93,60",
"29/07/2025  17:40:03,886","   669250000"," ","47","  49,9","      999375","        3968"," 95,30",
"29/07/2025  17:40:03,886","   675250000"," ","48","  50,8","      999375","       -1640"," 94,70",
"29/07/2025  17:40:03,886","   681250000"," ","49","  52,6","      999375","       15012"," 97,30",
"29/07/2025  17:40:03,886","   687250000"," ","50","  66,6","      999375","        4778"," 95,70",
"29/07/2025  17:40:03,886","   693250000"," ","51","  67,0","      999375","        5302"," 97,00",
"29/07/2025  17:40:57,676","    55250000","CORPORACION ECUATORIANA DE","2","  85,4","      125625","          -9"," 67,60",
"29/07/2025  17:40:57,676","    61250000"," ","3","  46,3","      999375","        -895"," 92,10",
"29/07/2025  17:40:57,676","    67250000","UV TELEVISION","4","  81,7","      314375","         201"," 37,00",
"29/07/2025  17:40:57,676","    77250000","TELEAMAZONAS","5","  68,3","       63125","          16"," 51,50",
"29/07/2025  17:40:57,676","    83250000"," ","6","  62,3","      999375","      -17960"," 93,30",
"29/07/2025  17:40:57,676","   175250000","ECUADOR TV","7","  88,8","      188125","         -14"," 81,10",
"29/07/2025  17:40:57,676","   181250000","CADENA ECUATORIANA DE TELE","8","  83,0","      110625","        -671"," 50,40",
"29/07/2025  17:40:57,676","   187250000","RED TELESISTEMA (R.T.S)","9","  93,8","      125625","        -699"," 47,50",
"29/07/2025  17:40:57,676","   193250000"," ","10","  65,9","      998125","      107360"," 95,80",
"29/07/2025  17:40:57,676","   199250000","TELEVISION DEL PACIFICO","11","  67,3","      941250","       98280"," 92,00",
"29/07/2025  17:40:57,676","   205250000"," ","12","  63,3","      922500","      113453"," 91,60",
"29/07/2025  17:40:57,676","   211250000"," ","13","  60,5","      999375","      113963"," 89,10",
"29/07/2025  17:40:57,676","   471250000"," ","14","  36,0","      999375","        2615"," 96,60",
"29/07/2025  17:40:57,676","   477250000"," ","15","  35,0","      999375","       -9819"," 93,10",
"29/07/2025  17:40:57,676","   483250000"," ","16","  34,5","      999375","        2723"," 93,90",
"29/07/2025  17:40:57,676","   513250000"," ","21","  37,4","      999375","        1342"," 94,60",
"29/07/2025  17:40:57,676","   519250000","ECOTEL","22","  79,9","      125625","        1140"," 54,00",
"29/07/2025  17:40:57,676","   525250000"," ","23","  40,1","      999375","      -41004"," 93,70",
"29/07/2025  17:40:57,676","   531250000","TELERAMA","24","  38,7","      999375","        -155"," 95,30",
"29/07/2025  17:40:57,676","   537250000","PLUS TV","25","  70,7","       78125","        3671"," 29,10",
"29/07/2025  17:40:57,676","   543250000","CANAL UNO","26","  39,7","      999375","         765"," 95,20",
"29/07/2025  17:40:57,676","   549250000"," ","27","  39,7","      999375","        1116"," 95,00",
"29/07/2025  17:40:57,676","   555250000"," ","28","  40,8","      999375","       -2544"," 95,50",
"29/07/2025  17:40:57,676","   561250000"," ","29","  42,2","      999375","       -1788"," 93,10",
"29/07/2025  17:40:57,676","   567250000","TELEATAHUALPA (RTU)","30","  42,6","      999375","        -711"," 97,30",
"29/07/2025  17:40:57,676","   573250000"," ","31","  41,9","      999375","        2831"," 96,10",
"29/07/2025  17:40:57,676","   579250000","TELEVICENTRO TVC","32","  82,0","      188750","        1011"," 93,90",
"29/07/2025  17:40:57,676","   585250000"," ","33","  43,4","      999375","        1346"," 95,00",
"29/07/2025  17:40:57,676","   591250000","UCSG TELEVISION","34","  43,4","      999375","       -1752"," 96,30",
"29/07/2025  17:40:57,676","   603250000","OROMAR","36","  49,0","      999375","       -3012"," 95,40",
"29/07/2025  17:40:57,676","   615250000"," ","38","  52,3","      999375","        7405"," 95,60",
"29/07/2025  17:40:57,676","   621250000","CANAL SUR - TELEVISION MUN","39","  99,7","       94375","          48"," 41,50",
"29/07/2025  17:40:57,676","   627250000"," ","40","  47,5","      999375","        3208"," 97,60",
"29/07/2025  17:40:57,676","   633250000"," ","41","  45,8","      999375","        4908"," 94,90",
"29/07/2025  17:40:57,676","   639250000"," ","42","  47,4","      999375","        9367"," 93,80",
"29/07/2025  17:40:57,676","   645250000"," ","43","  48,0","      999375","         362"," 93,80",
"29/07/2025  17:40:57,676","   651250000"," ","44","  48,3","      999375","       -3367"," 99,10",
"29/07/2025  17:40:57,676","   657250000"," ","45","  48,8","      999375","        1422"," 95,90",
"29/07/2025  17:40:57,676","   663250000"," ","46","  58,9","      999375","       -6051"," 97,40",
"29/07/2025  17:40:57,676","   669250000"," ","47","  51,4","      999375","       -1678"," 95,80",
"29/07/2025  17:40:57,676","   675250000"," ","48","  50,6","      999375","        2945"," 94,60",
"29/07/2025  17:40:57,676","   681250000"," ","49","  52,0","      999375","       16653"," 95,10",
"29/07/2025  17:40:57,676","   687250000"," ","50","  66,4","      999375","        2582"," 95,40",
"29/07/2025  17:40:57,676","   693250000"," ","51","  66,9","      999375","        5573"," 97,30",
"29/07/2025  17:41:49,106","    55250000","CORPORACION ECUATORIANA DE","2","  85,3","      204375","          20"," 84,30",
"29/07/2025  17:41:49,106","    61250000"," ","3","  50,0","      999375","         808"," 95,70",
"29/07/2025  17:41:49,106","    67250000","UV TELEVISION","4","  82,4","      283125","         171"," 77,00",
"29/07/2025  17:41:49,106","    77250000","TELEAMAZONAS","5","  71,3","       78750","          18"," 48,10",
"29/07/2025  17:41:49,106","    83250000"," ","6","  61,4","      999375","      -33097"," 93,00",
"29/07/2025  17:41:49,106","   175250000","ECUADOR TV","7","  88,9","      251250","         -16"," 79,30",
"29/07/2025  17:41:49,106","   181250000","CADENA ECUATORIANA DE TELE","8","  83,2","      330000","        -904"," 95,30",
"29/07/2025  17:41:49,106","   187250000","RED TELESISTEMA (R.T.S)","9","  93,2","       94375","        -663"," 39,00",
"29/07/2025  17:41:49,106","   193250000"," ","10","  66,1","      925000","       91014"," 94,90",
"29/07/2025  17:41:49,106","   199250000","TELEVISION DEL PACIFICO","11","  68,0","      936250","       99947"," 97,00",
"29/07/2025  17:41:49,106","   205250000"," ","12","  61,0","      925000","       95484"," 95,40",
"29/07/2025  17:41:49,106","   211250000"," ","13","  58,2","      999375","      107722"," 90,80",
"29/07/2025  17:41:49,106","   471250000"," ","14","  34,6","      999375","        5999"," 96,40",
"29/07/2025  17:41:49,106","   477250000"," ","15","  34,0","      999375","       -5342"," 97,80",
"29/07/2025  17:41:49,106","   483250000"," ","16","  34,8","      999375","         653"," 95,50",
"29/07/2025  17:41:49,106","   513250000"," ","21","  38,9","      999375","       -1490"," 95,40",
"29/07/2025  17:41:49,106","   519250000","ECOTEL","22","  79,4","       63750","        1150"," 46,10",
"29/07/2025  17:41:49,106","   525250000"," ","23","  39,9","      999375","      -32129"," 94,10",
"29/07/2025  17:41:49,106","   531250000","TELERAMA","24","  40,5","      999375","         491"," 96,00",
"29/07/2025  17:41:49,106","   537250000","PLUS TV","25","  70,3","       47500","        3665"," 42,40",
"29/07/2025  17:41:49,106","   543250000","CANAL UNO","26","  39,5","      999375","       -3661"," 95,90",
"29/07/2025  17:41:49,106","   549250000"," ","27","  40,0","      999375","        1533"," 96,20",
"29/07/2025  17:41:49,106","   555250000"," ","28","  39,2","      999375","          49"," 96,90",
"29/07/2025  17:41:49,106","   561250000"," ","29","  42,1","      999375","        2018"," 93,30",
"29/07/2025  17:41:49,106","   567250000","TELEATAHUALPA (RTU)","30","  41,5","      999375","       -4594"," 95,00",
"29/07/2025  17:41:49,106","   573250000"," ","31","  41,9","      999375","        1375"," 92,90",
"29/07/2025  17:41:49,106","   579250000","TELEVICENTRO TVC","32","  81,1","      188750","        -291"," 55,40",
"29/07/2025  17:41:49,106","   585250000"," ","33","  43,5","      999375","        -447"," 95,00",
"29/07/2025  17:41:49,106","   591250000","UCSG TELEVISION","34","  43,6","      999375","       -2361"," 96,00",
"29/07/2025  17:41:49,106","   603250000","OROMAR","36","  47,3","      999375","        4323"," 95,20",
"29/07/2025  17:41:49,106","   615250000"," ","38","  50,0","      999375","        5479"," 94,00",
"29/07/2025  17:41:49,106","   621250000","CANAL SUR - TELEVISION MUN","39","  99,8","       62500","          50"," 52,70",
"29/07/2025  17:41:49,106","   627250000"," ","40","  46,0","      999375","        2742"," 94,10",
"29/07/2025  17:41:49,106","   633250000"," ","41","  46,3","      999375","       -3887"," 95,90",
"29/07/2025  17:41:49,106","   639250000"," ","42","  46,8","      999375","        3582"," 97,30",
"29/07/2025  17:41:49,106","   645250000"," ","43","  48,4","      999375","        -488"," 96,50",
"29/07/2025  17:41:49,106","   651250000"," ","44","  49,5","      999375","        3142"," 93,30",
"29/07/2025  17:41:49,106","   657250000"," ","45","  48,9","      999375","        3220"," 92,80",
"29/07/2025  17:41:49,106","   663250000"," ","46","  49,7","      999375","       -5498"," 94,60",
"29/07/2025  17:41:49,106","   669250000"," ","47","  50,2","      999375","        -591"," 94,70",
"29/07/2025  17:41:49,106","   675250000"," ","48","  51,1","      999375","        3663"," 94,60",
"29/07/2025  17:41:49,106","   681250000"," ","49","  52,1","      999375","       14210"," 92,50",
"29/07/2025  17:41:49,106","   687250000"," ","50","  63,1","      999375","        2016"," 96,00",
"29/07/2025  17:41:49,106","   693250000"," ","51","  68,8","      999375","        4103"," 96,80",
"30/07/2025  7:20:03,858","    55250000","CORPORACION ECUATORIANA DE","2","  85,9","      188125","          -3"," 78,90",
"30/07/2025  7:20:03,858","    61250000"," ","3","  48,1","      999375","       -1100"," 95,50",
"30/07/2025  7:20:03,858","    67250000","UV TELEVISION","4","  86,5","      156875","         174"," 74,60",
"30/07/2025  7:20:03,858","    77250000","TELEAMAZONAS","5","  78,6","      125625","          11"," 34,80",
"30/07/2025  7:20:03,858","    83250000"," ","6","  62,2","      999375","      -40795"," 95,90",
"30/07/2025  7:20:03,858","   175250000","ECUADOR TV","7","  89,7","      235625","         -17"," 93,50",
"30/07/2025  7:20:03,858","   181250000","CADENA ECUATORIANA DE TELE","8","  81,7","      192500","        2182"," 97,70",
"30/07/2025  7:20:03,858","   187250000","RED TELESISTEMA (R.T.S)","9","  93,6","      126250","        -443"," 59,70",
"30/07/2025  7:20:03,858","   193250000"," ","10","  65,5","      904375","      104139"," 93,90",
"30/07/2025  7:20:03,858","   199250000","TELEVISION DEL PACIFICO","11","  64,0","      913750","      114300"," 95,80",
"30/07/2025  7:20:03,858","   205250000"," ","12","  61,3","      995000","      113359"," 95,60",
"30/07/2025  7:20:03,858","   211250000"," ","13","  60,3","      999375","      114627"," 87,60",
"30/07/2025  7:20:03,858","   471250000"," ","14","  34,8","      999375","         885"," 96,00",
"30/07/2025  7:20:03,858","   477250000"," ","15","  35,0","      999375","      -10231"," 92,80",
"30/07/2025  7:20:03,858","   483250000"," ","16","  34,6","      999375","       -1482"," 95,40",
"30/07/2025  7:20:03,858","   513250000"," ","21","  36,6","      999375","         692"," 96,40",
"30/07/2025  7:20:03,858","   519250000","ECOTEL","22","  79,2","      314375","        1051"," 61,90",
"30/07/2025  7:20:03,858","   525250000"," ","23","  40,0","      999375","      -45466"," 95,50",
"30/07/2025  7:20:03,858","   531250000","TELERAMA","24","  38,8","      999375","         888"," 94,10",
"30/07/2025  7:20:03,858","   537250000","PLUS TV","25","  69,6","      125625","        4283"," 71,20",
"30/07/2025  7:20:03,858","   543250000","CANAL UNO","26","  38,7","      999375","       -1545"," 94,30",
"30/07/2025  7:20:03,858","   549250000"," ","27","  39,0","      999375","        3075"," 94,40",
"30/07/2025  7:20:03,858","   555250000"," ","28","  40,6","      999375","       -2134"," 95,80",
"30/07/2025  7:20:03,858","   561250000"," ","29","  40,9","      999375","       -1120"," 93,60",
"30/07/2025  7:20:03,858","   567250000","TELEATAHUALPA (RTU)","30","  40,7","      999375","         -86"," 95,60",
"30/07/2025  7:20:03,858","   573250000"," ","31","  41,4","      999375","        1432"," 94,00",
"30/07/2025  7:20:03,858","   579250000","TELEVICENTRO TVC","32","  82,0","      251250","        1211"," 94,30",
"30/07/2025  7:20:03,858","   585250000"," ","33","  42,6","      999375","        1113"," 95,30",
"30/07/2025  7:20:03,858","   591250000","UCSG TELEVISION","34","  44,7","      999375","        3344"," 96,60",
"30/07/2025  7:20:03,858","   603250000","OROMAR","36","  47,2","      999375","        7320"," 93,10",
"30/07/2025  7:20:03,858","   615250000"," ","38","  48,8","      999375","        1329"," 96,20",
"30/07/2025  7:20:03,858","   621250000","CANAL SUR - TELEVISION MUN","39","  99,6","       46875","          51"," 29,90",
"30/07/2025  7:20:03,858","   627250000"," ","40","  44,2","      999375","        1457"," 94,20",
"30/07/2025  7:20:03,858","   633250000"," ","41","  45,3","      999375","        -674"," 94,40",
"30/07/2025  7:20:03,858","   639250000"," ","42","  48,1","      999375","       -1567"," 95,20",
"30/07/2025  7:20:03,858","   645250000"," ","43","  47,7","      999375","        -917"," 96,70",
"30/07/2025  7:20:03,858","   651250000"," ","44","  48,3","      999375","         227"," 97,30",
"30/07/2025  7:20:03,858","   657250000"," ","45","  49,4","      999375","        -932"," 96,00",
"30/07/2025  7:20:03,858","   663250000"," ","46","  49,6","      999375","       -2425"," 96,00",
"30/07/2025  7:20:03,858","   669250000"," ","47","  52,2","      999375","        7502"," 95,10",
"30/07/2025  7:20:03,858","   675250000"," ","48","  50,6","      999375","        1127"," 95,10",
"30/07/2025  7:20:03,858","   681250000"," ","49","  51,3","      999375","        5947"," 93,80",
"30/07/2025  7:20:03,858","   687250000"," ","50","  66,4","      999375","        4023"," 97,00",
"30/07/2025  7:20:03,858","   693250000"," ","51","  68,0","      999375","         185"," 99,20",
"30/07/2025  7:20:57,648","    55250000","CORPORACION ECUATORIANA DE","2","  86,1","      188125","         -19"," 64,60",
"30/07/2025  7:20:57,648","    61250000"," ","3","  43,7","      999375","        1608"," 95,60",
"30/07/2025  7:20:57,648","    67250000","UV TELEVISION","4","  80,7","      126250","         203"," 95,60",
"30/07/2025  7:20:57,648","    77250000","TELEAMAZONAS","5","  76,8","       94375","           9"," 61,40",
"30/07/2025  7:20:57,648","    83250000"," ","6","  63,1","      999375","      -24299"," 96,30",
"30/07/2025  7:20:57,648","   175250000","ECUADOR TV","7","  88,9","      125625","         -16"," 86,40",
"30/07/2025  7:20:57,648","   181250000","CADENA ECUATORIANA DE TELE","8","  83,5","      303750","         -34"," 68,30",
"30/07/2025  7:20:57,648","   187250000","RED TELESISTEMA (R.T.S)","9","  94,5","      188750","        -324"," 65,60",
"30/07/2025  7:20:57,648","   193250000"," ","10","  64,4","      924375","      115783"," 95,00",
"30/07/2025  7:20:57,648","   199250000","TELEVISION DEL PACIFICO","11","  64,6","      903125","      119632"," 96,20",
"30/07/2025  7:20:57,648","   205250000"," ","12","  62,5","      915625","      119788"," 95,20",
"30/07/2025  7:20:57,648","   211250000"," ","13","  60,6","      999375","      119963"," 95,00",
"30/07/2025  7:20:57,648","   471250000"," ","14","  33,1","      999375","       -1820"," 96,20",
"30/07/2025  7:20:57,648","   477250000"," ","15","  36,0","      999375","       -9858"," 94,90",
"30/07/2025  7:20:57,648","   483250000"," ","16","  33,6","      999375","       -5139"," 94,20",
"30/07/2025  7:20:57,648","   513250000"," ","21","  36,9","      999375","        -804"," 91,80",
"30/07/2025  7:20:57,648","   519250000","ECOTEL","22","  76,9","      267500","        1059"," 57,70",
"30/07/2025  7:20:57,648","   525250000"," ","23","  38,3","      999375","      -29322"," 94,90",
"30/07/2025  7:20:57,648","   531250000","TELERAMA","24","  38,2","      999375","        3605"," 93,70",
"30/07/2025  7:20:57,648","   537250000","PLUS TV","25","  70,6","      156875","        4283"," 39,50",
"30/07/2025  7:20:57,648","   543250000","CANAL UNO","26","  39,8","      999375","        3211"," 97,10",
"30/07/2025  7:20:57,648","   549250000"," ","27","  40,3","      999375","       -4263"," 96,60",
"30/07/2025  7:20:57,648","   555250000"," ","28","  40,6","      999375","       -3243"," 95,20",
"30/07/2025  7:20:57,648","   561250000"," ","29","  42,2","      999375","        5217"," 96,20",
"30/07/2025  7:20:57,648","   567250000","TELEATAHUALPA (RTU)","30","  40,9","      999375","         501"," 96,80",
"30/07/2025  7:20:57,648","   573250000"," ","31","  41,8","      999375","        2090"," 92,60",
"30/07/2025  7:20:57,648","   579250000","TELEVICENTRO TVC","32","  78,6","      266875","        1229"," 72,90",
"30/07/2025  7:20:57,648","   585250000"," ","33","  42,3","      999375","        -374"," 92,00",
"30/07/2025  7:20:57,648","   591250000","UCSG TELEVISION","34","  45,1","      999375","        -430"," 97,40",
"30/07/2025  7:20:57,648","   603250000","OROMAR","36","  47,5","      999375","       -2039"," 91,90",
"30/07/2025  7:20:57,648","   615250000"," ","38","  51,4","      999375","        4449"," 96,60",
"30/07/2025  7:20:57,648","   621250000","CANAL SUR - TELEVISION MUN","39","  98,9","       94375","          51"," 21,70",
"30/07/2025  7:20:57,648","   627250000"," ","40","  45,6","      999375","        4624"," 93,60",
"30/07/2025  7:20:57,648","   633250000"," ","41","  46,4","      999375","        4524"," 95,70",
"30/07/2025  7:20:57,648","   639250000"," ","42","  46,4","      999375","        3645"," 94,00",
"30/07/2025  7:20:57,648","   645250000"," ","43","  46,0","      999375","         276"," 94,90",
"30/07/2025  7:20:57,648","   651250000"," ","44","  49,3","      999375","        -480"," 95,20",
"30/07/2025  7:20:57,648","   657250000"," ","45","  49,8","      999375","        1961"," 95,80",
"30/07/2025  7:20:57,648","   663250000"," ","46","  50,3","      999375","        3988"," 96,90",
"30/07/2025  7:20:57,648","   669250000"," ","47","  50,5","      999375","       -1209"," 95,40",
"30/07/2025  7:20:57,648","   675250000"," ","48","  51,2","      999375","       -1189"," 95,50",
"30/07/2025  7:20:57,648","   681250000"," ","49","  51,7","      999375","       18333"," 94,40",
"30/07/2025  7:20:57,648","   687250000"," ","50","  70,1","      999375","       -3083"," 93,30",
"30/07/2025  7:20:57,648","   693250000"," ","51","  66,6","      999375","         825"," 95,90",
"30/07/2025  7:21:49,118","    55250000","CORPORACION ECUATORIANA DE","2","  85,8","      125625","         -45"," 86,60",
"30/07/2025  7:21:49,118","    61250000"," ","3","  46,3","      999375","       -3050"," 95,60",
"30/07/2025  7:21:49,118","    67250000","UV TELEVISION","4","  90,1","      156875","         206"," 72,90",
"30/07/2025  7:21:49,118","    77250000","TELEAMAZONAS","5","  74,0","      156875","           0"," 65,70",
"30/07/2025  7:21:49,118","    83250000"," ","6","  63,7","      999375","      -43349"," 96,00",
"30/07/2025  7:21:49,118","   175250000","ECUADOR TV","7","  88,6","      172500","         -18"," 54,70",
"30/07/2025  7:21:49,118","   181250000","CADENA ECUATORIANA DE TELE","8","  82,9","      424375","       12735"," 98,40",
"30/07/2025  7:21:49,118","   187250000","RED TELESISTEMA (R.T.S)","9","  94,0","       95000","        -288"," 54,60",
"30/07/2025  7:21:49,118","   193250000"," ","10","  66,6","      999375","      102236"," 97,10",
"30/07/2025  7:21:49,118","   199250000","TELEVISION DEL PACIFICO","11","  67,0","      905000","      112544"," 94,30",
"30/07/2025  7:21:49,118","   205250000"," ","12","  60,4","      883750","      119933"," 96,50",
"30/07/2025  7:21:49,118","   211250000"," ","13","  56,4","      985625","      119396"," 92,20",
"30/07/2025  7:21:49,118","   471250000"," ","14","  34,6","      999375","        1354"," 93,10",
"30/07/2025  7:21:49,118","   477250000"," ","15","  34,7","      999375","       -9168"," 94,90",
"30/07/2025  7:21:49,118","   483250000"," ","16","  33,9","      999375","       -4186"," 92,80",
"30/07/2025  7:21:49,118","   513250000"," ","21","  36,4","      999375","         130"," 93,40",
"30/07/2025  7:21:49,118","   519250000","ECOTEL","22","  78,7","      203750","        1055"," 51,20",
"30/07/2025  7:21:49,118","   525250000"," ","23","  39,9","      999375","      -33350"," 94,60",
"30/07/2025  7:21:49,118","   531250000","TELERAMA","24","  39,3","      999375","       -2515"," 96,50",
"30/07/2025  7:21:49,118","   537250000","PLUS TV","25","  67,5","       94375","        4281"," 41,00",
"30/07/2025  7:21:49,118","   543250000","CANAL UNO","26","  38,1","      999375","         -69"," 94,20",
"30/07/2025  7:21:49,118","   549250000"," ","27","  38,3","      999375","        -242"," 94,60",
"30/07/2025  7:21:49,118","   555250000"," ","28","  40,0","      999375","         295"," 95,30",
"30/07/2025  7:21:49,118","   561250000"," ","29","  41,8","      999375","         643"," 95,30",
"30/07/2025  7:21:49,118","   567250000","TELEATAHUALPA (RTU)","30","  41,0","      999375","        -458"," 95,50",
"30/07/2025  7:21:49,118","   573250000"," ","31","  42,7","      999375","        1220"," 92,60",
"30/07/2025  7:21:49,118","   579250000","TELEVICENTRO TVC","32","  68,1","      881250","      -19393"," 94,90",
"30/07/2025  7:21:49,118","   585250000"," ","33","  43,2","      999375","        -926"," 94,10",
"30/07/2025  7:21:49,118","   591250000","UCSG TELEVISION","34","  43,4","      999375","       -2138"," 96,40",
"30/07/2025  7:21:49,118","   603250000","OROMAR","36","  46,0","      999375","        4514"," 95,10",
"30/07/2025  7:21:49,118","   615250000"," ","38","  50,9","      999375","         639"," 96,80",
"30/07/2025  7:21:49,118","   621250000","CANAL SUR - TELEVISION MUN","39","  99,1","      110000","          52"," 32,00",
"30/07/2025  7:21:49,118","   627250000"," ","40","  46,9","      999375","        2324"," 96,30",
"30/07/2025  7:21:49,118","   633250000"," ","41","  47,1","      999375","        5709"," 97,20",
"30/07/2025  7:21:49,118","   639250000"," ","42","  47,6","      999375","        6371"," 95,80",
"30/07/2025  7:21:49,118","   645250000"," ","43","  47,5","      999375","         729"," 97,00",
"30/07/2025  7:21:49,118","   651250000"," ","44","  47,8","      999375","       -2477"," 96,60",
"30/07/2025  7:21:49,118","   657250000"," ","45","  49,5","      999375","       -1783"," 94,00",
"30/07/2025  7:21:49,118","   663250000"," ","46","  48,7","      999375","        -402"," 96,30",
"30/07/2025  7:21:49,118","   669250000"," ","47","  48,7","      999375","        3044"," 92,70",
"30/07/2025  7:21:49,118","   675250000"," ","48","  49,4","      999375","        3923"," 91,80",
"30/07/2025  7:21:49,118","   681250000"," ","49","  51,2","      999375","       10705"," 96,50",
"30/07/2025  7:21:49,118","   687250000"," ","50","  64,7","      999375","        1775"," 96,20",
"30/07/2025  7:21:49,118","   693250000"," ","51","  72,4","      999375","        4412"," 94,10",
"30/07/2025  17:40:03,921","    55250000","CORPORACION ECUATORIANA DE","2","  92,6","      203750","           3"," 79,70",
"30/07/2025  17:40:03,921","    61250000"," ","3","  57,4","      999375","         399"," 98,10",
"30/07/2025  17:40:03,921","    67250000","UV TELEVISION","4","  92,3","      125625","         209"," 50,40",
"30/07/2025  17:40:03,921","    77250000","TELEAMAZONAS","5","  71,6","       62500","           8"," 65,00",
"30/07/2025  17:40:03,921","    83250000"," ","6","  67,5","      999375","        1034"," 92,40",
"30/07/2025  17:40:03,921","   175250000","ECUADOR TV","7","  93,7","      156875","         -15"," 75,30",
"30/07/2025  17:40:03,921","   181250000","CADENA ECUATORIANA DE TELE","8","  85,5","      329375","        -743"," 70,40",
"30/07/2025  17:40:03,921","   187250000","RED TELESISTEMA (R.T.S)","9","  90,3","      172500","        -585"," 53,10",
"30/07/2025  17:40:03,921","   193250000"," ","10","  73,3","      896875","      115851"," 93,10",
"30/07/2025  17:40:03,921","   199250000","TELEVISION DEL PACIFICO","11","  75,1","      921250","      100524"," 94,10",
"30/07/2025  17:40:03,921","   205250000"," ","12","  67,6","      999375","      104073"," 95,00",
"30/07/2025  17:40:03,921","   211250000"," ","13","  62,5","      999375","      101056"," 96,30",
"30/07/2025  17:40:03,921","   471250000"," ","14","  24,6","      999375","       -4002"," 96,30",
"30/07/2025  17:40:03,921","   477250000"," ","15","  30,1","      999375","      -81519"," 93,90",
"30/07/2025  17:40:03,921","   483250000"," ","16","  29,7","      999375","      -69122"," 93,70",
"30/07/2025  17:40:03,921","   513250000"," ","21","  27,5","      999375","      -23927"," 95,00",
"30/07/2025  17:40:03,921","   519250000","ECOTEL","22","  83,3","      109375","        1111"," 52,30",
"30/07/2025  17:40:03,921","   525250000"," ","23","  29,4","      999375","      -20225"," 95,10",
"30/07/2025  17:40:03,921","   531250000","TELERAMA","24","  30,6","      999375","       29258"," 96,30",
"30/07/2025  17:40:03,921","   537250000","PLUS TV","25","  70,7","       94375","        3970"," 28,90",
"30/07/2025  17:40:03,921","   543250000","CANAL UNO","26","  29,2","      999375","       14080"," 95,70",
"30/07/2025  17:40:03,921","   549250000"," ","27","  30,4","      999375","          50"," 95,50",
"30/07/2025  17:40:03,921","   555250000"," ","28","  42,2","      999375","         -87"," 95,20",
"30/07/2025  17:40:03,921","   561250000"," ","29","  41,6","      999375","        2546"," 96,40",
"30/07/2025  17:40:03,921","   567250000","TELEATAHUALPA (RTU)","30","  40,4","      999375","       -7088"," 93,00",
"30/07/2025  17:40:03,921","   573250000"," ","31","  36,6","      999375","       -8696"," 91,50",
"30/07/2025  17:40:03,921","   579250000","TELEVICENTRO TVC","32","  82,4","      125625","        1086"," 50,20",
"30/07/2025  17:40:03,921","   585250000"," ","33","  33,2","      999375","       -4494"," 95,20",
"30/07/2025  17:40:03,921","   591250000","UCSG TELEVISION","34","  33,8","      999375","        2766"," 96,00",
"30/07/2025  17:40:03,921","   603250000","OROMAR","36","  33,3","      999375","       -5485"," 96,90",
"30/07/2025  17:40:03,921","   615250000"," ","38","  42,6","      885625","      103791"," 88,10",
"30/07/2025  17:40:03,921","   621250000","CANAL SUR - TELEVISION MUN","39","  71,1","      251250","          52"," 33,10",
"30/07/2025  17:40:03,921","   627250000"," ","40","  33,5","      999375","        2209"," 92,80",
"30/07/2025  17:40:03,921","   633250000"," ","41","  36,1","      999375","       56533"," 96,00",
"30/07/2025  17:40:03,921","   639250000"," ","42","  39,5","      999375","       99306"," 84,70",
"30/07/2025  17:40:03,921","   645250000"," ","43","  34,3","      999375","         119"," 93,20",
"30/07/2025  17:40:03,921","   651250000"," ","44","  37,4","      999375","        1128"," 95,70",
"30/07/2025  17:40:03,921","   657250000"," ","45","  37,9","      999375","        4612"," 97,10",
"30/07/2025  17:40:03,921","   663250000"," ","46","  38,2","      999375","        2789"," 96,40",
"30/07/2025  17:40:03,921","   669250000"," ","47","  38,9","      999375","        4146"," 95,50",
"30/07/2025  17:40:03,921","   675250000"," ","48","  42,7","      999375","       37983"," 97,20",
"30/07/2025  17:40:03,921","   681250000"," ","49","  48,8","      999375","      102361"," 93,40",
"30/07/2025  17:40:03,921","   687250000"," ","50","  53,5","      999375","        1937"," 97,10",
"30/07/2025  17:40:03,921","   693250000"," ","51","  57,7","      999375","        2038"," 94,80",
"30/07/2025  17:40:57,713","    55250000","CORPORACION ECUATORIANA DE","2","  92,7","      188125","         -15"," 65,70",
"30/07/2025  17:40:57,713","    61250000"," ","3","  60,0","      999375","      -49420"," 98,70",
"30/07/2025  17:40:57,713","    67250000","UV TELEVISION","4","  94,5","      141250","         198"," 72,30",
"30/07/2025  17:40:57,713","    77250000","TELEAMAZONAS","5","  64,3","      524375","        5919"," 93,70",
"30/07/2025  17:40:57,713","    83250000"," ","6","  69,1","      999375","       21755"," 95,50",
"30/07/2025  17:40:57,713","   175250000","ECUADOR TV","7","  93,7","      156875","         -15"," 71,60",
"30/07/2025  17:40:57,713","   181250000","CADENA ECUATORIANA DE TELE","8","  86,2","      563125","        -333"," 58,10",
"30/07/2025  17:40:57,713","   187250000","RED TELESISTEMA (R.T.S)","9","  90,4","      172500","        -488"," 41,00",
"30/07/2025  17:40:57,713","   193250000"," ","10","  74,2","      901250","       90597"," 96,80",
"30/07/2025  17:40:57,713","   199250000","TELEVISION DEL PACIFICO","11","  74,4","      999375","      102200"," 94,60",
"30/07/2025  17:40:57,713","   205250000"," ","12","  63,2","      921875","      136325"," 95,00",
"30/07/2025  17:40:57,713","   211250000"," ","13","  60,8","      999375","      115604"," 92,30",
"30/07/2025  17:40:57,713","   471250000"," ","14","  24,8","      999375","        1834"," 95,30",
"30/07/2025  17:40:57,713","   477250000"," ","15","  30,9","      999375","      -77629"," 94,00",
"30/07/2025  17:40:57,713","   483250000"," ","16","  28,0","      999375","      -51813"," 95,20",
"30/07/2025  17:40:57,713","   513250000"," ","21","  28,0","      999375","       -9872"," 96,00",
"30/07/2025  17:40:57,713","   519250000","ECOTEL","22","  84,7","      125625","        1110"," 57,40",
"30/07/2025  17:40:57,713","   525250000"," ","23","  30,8","      999375","       -6343"," 96,60",
"30/07/2025  17:40:57,713","   531250000","TELERAMA","24","  28,3","      999375","      -16178"," 95,80",
"30/07/2025  17:40:57,713","   537250000","PLUS TV","25","  70,3","       93750","        3964"," 32,70",
"30/07/2025  17:40:57,713","   543250000","CANAL UNO","26","  27,4","      999375","       24979"," 95,00",
"30/07/2025  17:40:57,713","   549250000"," ","27","  29,1","      999375","        3372"," 94,10",
"30/07/2025  17:40:57,713","   555250000"," ","28","  43,5","      999375","       -1648"," 96,10",
"30/07/2025  17:40:57,713","   561250000"," ","29","  43,0","      999375","       -2045"," 97,80",
"30/07/2025  17:40:57,713","   567250000","TELEATAHUALPA (RTU)","30","  42,8","      999375","       -6179"," 95,60",
"30/07/2025  17:40:57,713","   573250000"," ","31","  37,1","      999375","       -6251"," 92,50",
"30/07/2025  17:40:57,713","   579250000","TELEVICENTRO TVC","32","  81,7","      141250","        1085"," 60,50",
"30/07/2025  17:40:57,713","   585250000"," ","33","  34,8","      999375","        1899"," 96,40",
"30/07/2025  17:40:57,713","   591250000","UCSG TELEVISION","34","  33,3","      999375","        2636"," 98,00",
"30/07/2025  17:40:57,713","   603250000","OROMAR","36","  32,4","      999375","        3961"," 96,20",
"30/07/2025  17:40:57,713","   615250000"," ","38","  43,5","      999375","       99359"," 81,10",
"30/07/2025  17:40:57,713","   621250000","CANAL SUR - TELEVISION MUN","39","  72,2","      188750","          49"," 59,70",
"30/07/2025  17:40:57,713","   627250000"," ","40","  33,8","      999375","       15541"," 93,10",
"30/07/2025  17:40:57,713","   633250000"," ","41","  35,6","      999375","       55006"," 92,10",
"30/07/2025  17:40:57,713","   639250000"," ","42","  39,0","      999375","       77636"," 92,50",
"30/07/2025  17:40:57,713","   645250000"," ","43","  35,1","      999375","         153"," 95,80",
"30/07/2025  17:40:57,713","   651250000"," ","44","  38,1","      999375","        -378"," 93,70",
"30/07/2025  17:40:57,713","   657250000"," ","45","  36,9","      999375","       -1794"," 94,90",
"30/07/2025  17:40:57,713","   663250000"," ","46","  38,3","      999375","         694"," 94,20",
"30/07/2025  17:40:57,713","   669250000"," ","47","  38,5","      999375","        4037"," 93,70",
"30/07/2025  17:40:57,713","   675250000"," ","48","  44,4","      999375","       46248"," 97,50",
"30/07/2025  17:40:57,713","   681250000"," ","49","  58,2","      999375","      100077"," 97,50",
"30/07/2025  17:40:57,713","   687250000"," ","50","  54,3","      999375","        5213"," 96,40",
"30/07/2025  17:40:57,713","   693250000"," ","51","  57,5","      999375","         279"," 99,00",
"30/07/2025  17:41:49,148","    55250000","CORPORACION ECUATORIANA DE","2","  92,7","      125625","          -9"," 46,00",
"30/07/2025  17:41:49,148","    61250000"," ","3","  42,4","      999375","      -20727"," 96,50",
"30/07/2025  17:41:49,148","    67250000","UV TELEVISION","4","  94,4","      156875","         186"," 47,90",
"30/07/2025  17:41:49,148","    77250000","TELEAMAZONAS","5","  60,7","       78125","       38090"," 95,80",
"30/07/2025  17:41:49,148","    83250000"," ","6","  69,7","      999375","        8720"," 94,60",
"30/07/2025  17:41:49,148","   175250000","ECUADOR TV","7","  93,4","      141250","         -15"," 71,00",
"30/07/2025  17:41:49,148","   181250000","CADENA ECUATORIANA DE TELE","8","  85,5","      563750","        1621"," 90,50",
"30/07/2025  17:41:49,148","   187250000","RED TELESISTEMA (R.T.S)","9","  90,2","      205000","        -543"," 59,10",
"30/07/2025  17:41:49,148","   193250000"," ","10","  74,7","      916875","      116794"," 95,10",
"30/07/2025  17:41:49,148","   199250000","TELEVISION DEL PACIFICO","11","  74,3","      999375","      118855"," 99,00",
"30/07/2025  17:41:49,148","   205250000"," ","12","  66,3","      999375","      108697"," 93,30",
"30/07/2025  17:41:49,148","   211250000"," ","13","  62,1","      999375","      108514"," 93,60",
"30/07/2025  17:41:49,148","   471250000"," ","14","  23,7","      999375","        1479"," 90,70",
"30/07/2025  17:41:49,148","   477250000"," ","15","  32,0","      999375","      -84416"," 85,10",
"30/07/2025  17:41:49,148","   483250000"," ","16","  26,9","      999375","      -51916"," 95,10",
"30/07/2025  17:41:49,148","   513250000"," ","21","  29,5","      999375","       -6096"," 96,30",
"30/07/2025  17:41:49,148","   519250000","ECOTEL","22","  85,4","      110000","        1111"," 43,00",
"30/07/2025  17:41:49,148","   525250000"," ","23","  31,7","      999375","      -11942"," 96,70",
"30/07/2025  17:41:49,148","   531250000","TELERAMA","24","  27,8","      999375","        4333"," 94,00",
"30/07/2025  17:41:49,148","   537250000","PLUS TV","25","  69,8","       93750","        3967"," 27,90",
"30/07/2025  17:41:49,148","   543250000","CANAL UNO","26","  30,8","      999375","       17737"," 97,30",
"30/07/2025  17:41:49,148","   549250000"," ","27","  28,0","      999375","        1539"," 95,40",
"30/07/2025  17:41:49,148","   555250000"," ","28","  42,4","      999375","       -4519"," 93,80",
"30/07/2025  17:41:49,148","   561250000"," ","29","  41,3","      999375","       -2166"," 95,80",
"30/07/2025  17:41:49,148","   567250000","TELEATAHUALPA (RTU)","30","  42,2","      999375","       -7148"," 95,10",
"30/07/2025  17:41:49,148","   573250000"," ","31","  37,9","      999375","       -2337"," 95,30",
"30/07/2025  17:41:49,148","   579250000","TELEVICENTRO TVC","32","  81,4","        2500","        1086"," 25,40",
"30/07/2025  17:41:49,148","   585250000"," ","33","  35,8","      999375","       -3197"," 98,00",
"30/07/2025  17:41:49,148","   591250000","UCSG TELEVISION","34","  33,8","      999375","        -980"," 97,30",
"30/07/2025  17:41:49,148","   603250000","OROMAR","36","  33,4","      999375","        4419"," 96,00",
"30/07/2025  17:41:49,148","   615250000"," ","38","  43,7","      999375","       82384"," 80,90",
"30/07/2025  17:41:49,148","   621250000","CANAL SUR - TELEVISION MUN","39","  73,2","      204375","          45"," 77,70",
"30/07/2025  17:41:49,148","   627250000"," ","40","  34,1","      999375","        8508"," 94,60",
"30/07/2025  17:41:49,148","   633250000"," ","41","  35,3","      999375","       56167"," 92,40",
"30/07/2025  17:41:49,148","   639250000"," ","42","  39,7","      999375","       94833"," 93,20",
"30/07/2025  17:41:49,148","   645250000"," ","43","  35,1","      999375","        4986"," 95,80",
"30/07/2025  17:41:49,148","   651250000"," ","44","  38,0","      999375","        1542"," 93,40",
"30/07/2025  17:41:49,148","   657250000"," ","45","  38,0","      999375","        7782"," 95,50",
"30/07/2025  17:41:49,148","   663250000"," ","46","  37,5","      999375","         533"," 96,10",
"30/07/2025  17:41:49,148","   669250000"," ","47","  39,2","      999375","       11486"," 96,30",
"30/07/2025  17:41:49,148","   675250000"," ","48","  43,8","      999375","       39324"," 94,40",
"30/07/2025  17:41:49,148","   681250000"," ","49","  46,6","      999375","      104708"," 94,20",
"30/07/2025  17:41:49,148","   687250000"," ","50","  49,6","      999375","        2936"," 96,30",
"30/07/2025  17:41:49,148","   693250000"," ","51","  52,4","      999375","       -1901"," 97,50",
"31/07/2025  7:20:03,846","    55250000","CORPORACION ECUATORIANA DE","2","  93,3","      141250","         -21"," 80,00",
"31/07/2025  7:20:03,846","    61250000"," ","3","  41,7","      999375","       -5292"," 93,90",
"31/07/2025  7:20:03,846","    67250000","UV TELEVISION","4","  92,5","      141250","         173"," 29,40",
"31/07/2025  7:20:03,846","    77250000","TELEAMAZONAS","5","  82,6","      156875","          15"," 56,60",
"31/07/2025  7:20:03,846","    83250000"," ","6","  70,7","      999375","         304"," 96,10",
"31/07/2025  7:20:03,846","   175250000","ECUADOR TV","7","  94,3","      156875","         -17"," 66,20",
"31/07/2025  7:20:03,846","   181250000","CADENA ECUATORIANA DE TELE","8","  87,9","      900625","        2540"," 93,10",
"31/07/2025  7:20:03,846","   187250000","RED TELESISTEMA (R.T.S)","9","  91,0","      555625","        -273"," 60,70",
"31/07/2025  7:20:03,846","   193250000"," ","10","  76,9","      915000","      108576"," 92,40",
"31/07/2025  7:20:03,846","   199250000","TELEVISION DEL PACIFICO","11","  75,6","      999375","       89551"," 93,70",
"31/07/2025  7:20:03,846","   205250000"," ","12","  67,1","      999375","       97104"," 94,00",
"31/07/2025  7:20:03,846","   211250000"," ","13","  64,4","      999375","       98931"," 93,80",
"31/07/2025  7:20:03,846","   471250000"," ","14","  25,1","      999375","        2073"," 97,30",
"31/07/2025  7:20:03,846","   477250000"," ","15","  31,7","      999375","      -83055"," 91,70",
"31/07/2025  7:20:03,846","   483250000"," ","16","  29,3","      999375","      -36076"," 94,60",
"31/07/2025  7:20:03,846","   513250000"," ","21","  28,9","      999375","      -37128"," 95,60",
"31/07/2025  7:20:03,846","   519250000","ECOTEL","22","  85,0","      188750","        1011"," 24,20",
"31/07/2025  7:20:03,846","   525250000"," ","23","  33,7","      999375","      -26582"," 95,90",
"31/07/2025  7:20:03,846","   531250000","TELERAMA","24","  28,8","      999375","        2302"," 93,70",
"31/07/2025  7:20:03,846","   537250000","PLUS TV","25","  72,6","      110000","        4301"," 53,20",
"31/07/2025  7:20:03,846","   543250000","CANAL UNO","26","  30,0","      999375","       16282"," 95,00",
"31/07/2025  7:20:03,846","   549250000"," ","27","  31,2","      999375","        2592"," 96,10",
"31/07/2025  7:20:03,846","   555250000"," ","28","  46,0","      999375","        4739"," 96,50",
"31/07/2025  7:20:03,846","   561250000"," ","29","  43,3","      999375","       -1670"," 96,80",
"31/07/2025  7:20:03,846","   567250000","TELEATAHUALPA (RTU)","30","  41,8","      999375","        -219"," 96,20",
"31/07/2025  7:20:03,846","   573250000"," ","31","  38,4","      999375","        2169"," 96,10",
"31/07/2025  7:20:03,846","   579250000","TELEVICENTRO TVC","32","  81,1","      172500","        1248"," 75,50",
"31/07/2025  7:20:03,846","   585250000"," ","33","  36,8","      999375","      -15087"," 96,80",
"31/07/2025  7:20:03,846","   591250000","UCSG TELEVISION","34","  32,9","      999375","        1878"," 94,40",
"31/07/2025  7:20:03,846","   603250000","OROMAR","36","  32,6","      999375","        2296"," 97,00",
"31/07/2025  7:20:03,846","   615250000"," ","38","  41,4","      999375","       92711"," 75,10",
"31/07/2025  7:20:03,846","   621250000","CANAL SUR - TELEVISION MUN","39","  68,2","      235625","          68"," 78,20",
"31/07/2025  7:20:03,846","   627250000"," ","40","  35,4","      999375","        9069"," 95,00",
"31/07/2025  7:20:03,846","   633250000"," ","41","  36,7","      999375","       42912"," 94,00",
"31/07/2025  7:20:03,846","   639250000"," ","42","  37,7","      999375","       81416"," 94,20",
"31/07/2025  7:20:03,846","   645250000"," ","43","  35,8","      999375","        3849"," 96,10",
"31/07/2025  7:20:03,846","   651250000"," ","44","  36,6","      999375","        2796"," 92,70",
"31/07/2025  7:20:03,846","   657250000"," ","45","  36,7","      999375","        1462"," 94,10",
"31/07/2025  7:20:03,846","   663250000"," ","46","  38,1","      999375","        2624"," 97,00",
"31/07/2025  7:20:03,846","   669250000"," ","47","  40,2","      999375","        8598"," 95,90",
"31/07/2025  7:20:03,846","   675250000"," ","48","  44,1","      999375","       76232"," 90,40",
"31/07/2025  7:20:03,846","   681250000"," ","49","  48,8","      999375","       88115"," 86,30",
"31/07/2025  7:20:03,846","   687250000"," ","50","  51,8","      999375","         960"," 98,10",
"31/07/2025  7:20:03,846","   693250000"," ","51","  55,4","      999375","       -2640"," 97,30",
"31/07/2025  7:20:57,639","    55250000","CORPORACION ECUATORIANA DE","2","  92,8","      125625","         -29"," 72,80",
"31/07/2025  7:20:57,639","    61250000"," ","3","  49,4","      691250","      -60710"," 98,30",
"31/07/2025  7:20:57,639","    67250000","UV TELEVISION","4","  93,7","      141250","         172"," 71,30",
"31/07/2025  7:20:57,639","    77250000","TELEAMAZONAS","5","  81,5","       94375","          11"," 57,20",
"31/07/2025  7:20:57,639","    83250000"," ","6","  70,0","      999375","      -14421"," 95,80",
"31/07/2025  7:20:57,639","   175250000","ECUADOR TV","7","  94,3","      141250","         -16"," 92,60",
"31/07/2025  7:20:57,639","   181250000","CADENA ECUATORIANA DE TELE","8","  86,6","      767500","        -193"," 52,00",
"31/07/2025  7:20:57,639","   187250000","RED TELESISTEMA (R.T.S)","9","  90,7","      592500","        -245"," 69,80",
"31/07/2025  7:20:57,639","   193250000"," ","10","  75,7","      904375","      118455"," 93,40",
"31/07/2025  7:20:57,639","   199250000","TELEVISION DEL PACIFICO","11","  76,5","      999375","      118609"," 95,10",
"31/07/2025  7:20:57,639","   205250000"," ","12","  63,1","      919375","      121274"," 90,10",
"31/07/2025  7:20:57,639","   211250000"," ","13","  63,2","      999375","      126630"," 92,80",
"31/07/2025  7:20:57,639","   471250000"," ","14","  24,7","      999375","        2362"," 96,40",
"31/07/2025  7:20:57,639","   477250000"," ","15","  31,4","      999375","      -96263"," 93,40",
"31/07/2025  7:20:57,639","   483250000"," ","16","  28,3","      999375","      -50637"," 92,90",
"31/07/2025  7:20:57,639","   513250000"," ","21","  28,3","      999375","      -16193"," 95,00",
"31/07/2025  7:20:57,639","   519250000","ECOTEL","22","  83,9","      126250","        1014"," 61,90",
"31/07/2025  7:20:57,639","   525250000"," ","23","  28,6","      999375","      -17692"," 95,00",
"31/07/2025  7:20:57,639","   531250000","TELERAMA","24","  29,6","      999375","        4353"," 94,90",
"31/07/2025  7:20:57,639","   537250000","PLUS TV","25","  72,4","      125625","        4306"," 45,50",
"31/07/2025  7:20:57,639","   543250000","CANAL UNO","26","  32,4","      999375","        8239"," 97,00",
"31/07/2025  7:20:57,639","   549250000"," ","27","  29,8","      999375","        1721"," 93,20",
"31/07/2025  7:20:57,639","   555250000"," ","28","  44,3","      999375","        1325"," 95,70",
"31/07/2025  7:20:57,639","   561250000"," ","29","  43,5","      999375","       -1867"," 96,30",
"31/07/2025  7:20:57,639","   567250000","TELEATAHUALPA (RTU)","30","  40,7","      999375","       -4425"," 95,20",
"31/07/2025  7:20:57,639","   573250000"," ","31","  38,9","      999375","       -2247"," 96,30",
"31/07/2025  7:20:57,639","   579250000","TELEVICENTRO TVC","32","  80,4","      125625","        1247"," 67,30",
"31/07/2025  7:20:57,639","   585250000"," ","33","  36,1","      999375","         185"," 95,80",
"31/07/2025  7:20:57,639","   591250000","UCSG TELEVISION","34","  31,6","      999375","       -1876"," 93,50",
"31/07/2025  7:20:57,639","   603250000","OROMAR","36","  34,6","      999375","        -350"," 96,80",
"31/07/2025  7:20:57,639","   615250000"," ","38","  41,5","      999375","       77064"," 81,10",
"31/07/2025  7:20:57,639","   621250000","CANAL SUR - TELEVISION MUN","39","  73,7","      157500","          54"," 55,80",
"31/07/2025  7:20:57,639","   627250000"," ","40","  33,8","      999375","        6526"," 95,10",
"31/07/2025  7:20:57,639","   633250000"," ","41","  36,4","      999375","       36084"," 94,60",
"31/07/2025  7:20:57,639","   639250000"," ","42","  39,8","      999375","       78656"," 95,70",
"31/07/2025  7:20:57,639","   645250000"," ","43","  35,4","      999375","        1159"," 95,20",
"31/07/2025  7:20:57,639","   651250000"," ","44","  36,8","      999375","        5458"," 95,80",
"31/07/2025  7:20:57,639","   657250000"," ","45","  38,4","      999375","        -760"," 96,60",
"31/07/2025  7:20:57,639","   663250000"," ","46","  37,8","      999375","        2235"," 95,20",
"31/07/2025  7:20:57,639","   669250000"," ","47","  40,7","      999375","       10730"," 92,70",
"31/07/2025  7:20:57,639","   675250000"," ","48","  43,5","      999375","       56618"," 97,10",
"31/07/2025  7:20:57,639","   681250000"," ","49","  48,2","      999375","       96251"," 84,10",
"31/07/2025  7:20:57,639","   687250000"," ","50","  50,1","      999375","        2888"," 97,90",
"31/07/2025  7:20:57,639","   693250000"," ","51","  54,0","      999375","          58"," 97,60",
"31/07/2025  7:21:49,084","    55250000","CORPORACION ECUATORIANA DE","2","  93,0","      156875","          20"," 70,70",
"31/07/2025  7:21:49,084","    61250000"," ","3","  42,9","      999375","      -13302"," 97,20",
"31/07/2025  7:21:49,084","    67250000","UV TELEVISION","4","  93,7","      156875","         189"," 73,10",
"31/07/2025  7:21:49,084","    77250000","TELEAMAZONAS","5","  84,5","      110000","          15"," 59,50",
"31/07/2025  7:21:49,084","    83250000"," ","6","  69,5","      999375","       -9929"," 94,80",
"31/07/2025  7:21:49,084","   175250000","ECUADOR TV","7","  94,1","      156875","         -16"," 53,90",
"31/07/2025  7:21:49,084","   181250000","CADENA ECUATORIANA DE TELE","8","  86,3","      820000","        5554"," 67,00",
"31/07/2025  7:21:49,084","   187250000","RED TELESISTEMA (R.T.S)","9","  90,6","      235625","        -248"," 61,60",
"31/07/2025  7:21:49,084","   193250000"," ","10","  77,6","      910625","      102610"," 96,90",
"31/07/2025  7:21:49,084","   199250000","TELEVISION DEL PACIFICO","11","  75,5","      999375","      103167"," 92,10",
"31/07/2025  7:21:49,084","   205250000"," ","12","  66,9","      998750","      115349"," 95,50",
"31/07/2025  7:21:49,084","   211250000"," ","13","  62,1","      999375","       96179"," 93,00",
"31/07/2025  7:21:49,084","   471250000"," ","14","  29,1","      999375","         264"," 96,60",
"31/07/2025  7:21:49,084","   477250000"," ","15","  31,7","      999375","      -70019"," 93,10",
"31/07/2025  7:21:49,084","   483250000"," ","16","  27,0","      999375","      -72911"," 94,20",
"31/07/2025  7:21:49,084","   513250000"," ","21","  28,3","      999375","      -21716"," 95,20",
"31/07/2025  7:21:49,084","   519250000","ECOTEL","22","  83,8","      126250","        1015"," 43,10",
"31/07/2025  7:21:49,084","   525250000"," ","23","  30,3","      999375","      -33999"," 97,50",
"31/07/2025  7:21:49,084","   531250000","TELERAMA","24","  29,0","      999375","        6769"," 97,10",
"31/07/2025  7:21:49,084","   537250000","PLUS TV","25","  73,0","      110000","        4297"," 46,20",
"31/07/2025  7:21:49,084","   543250000","CANAL UNO","26","  31,4","      999375","        7558"," 93,50",
"31/07/2025  7:21:49,084","   549250000"," ","27","  28,0","      999375","        3356"," 91,70",
"31/07/2025  7:21:49,084","   555250000"," ","28","  44,7","      999375","        2321"," 93,00",
"31/07/2025  7:21:49,084","   561250000"," ","29","  43,9","      999375","       -2752"," 94,60",
"31/07/2025  7:21:49,084","   567250000","TELEATAHUALPA (RTU)","30","  42,0","      999375","       -6067"," 94,60",
"31/07/2025  7:21:49,084","   573250000"," ","31","  37,8","      999375","       -5898"," 95,80",
"31/07/2025  7:21:49,084","   579250000","TELEVICENTRO TVC","32","  81,0","      125625","        1248"," 79,80",
"31/07/2025  7:21:49,084","   585250000"," ","33","  35,4","      999375","        7851"," 95,40",
"31/07/2025  7:21:49,084","   591250000","UCSG TELEVISION","34","  32,8","      999375","        1683"," 96,50",
"31/07/2025  7:21:49,084","   603250000","OROMAR","36","  33,6","      999375","       -2273"," 95,80",
"31/07/2025  7:21:49,084","   615250000"," ","38","  41,1","      999375","       95692"," 83,10",
"31/07/2025  7:21:49,084","   621250000","CANAL SUR - TELEVISION MUN","39","  72,9","      172500","          53"," 62,00",
"31/07/2025  7:21:49,084","   627250000"," ","40","  34,5","      999375","        4560"," 97,10",
"31/07/2025  7:21:49,084","   633250000"," ","41","  36,7","      999375","       26852"," 93,50",
"31/07/2025  7:21:49,084","   639250000"," ","42","  40,2","      999375","      101814"," 89,90",
"31/07/2025  7:21:49,084","   645250000"," ","43","  35,6","      999375","        2193"," 95,40",
"31/07/2025  7:21:49,084","   651250000"," ","44","  40,0","      999375","        3811"," 95,30",
"31/07/2025  7:21:49,084","   657250000"," ","45","  37,3","      999375","        3506"," 95,80",
"31/07/2025  7:21:49,084","   663250000"," ","46","  38,1","      999375","        2025"," 94,70",
"31/07/2025  7:21:49,084","   669250000"," ","47","  39,5","      999375","       13307"," 94,10",
"31/07/2025  7:21:49,084","   675250000"," ","48","  42,9","      999375","       57121"," 97,30",
"31/07/2025  7:21:49,084","   681250000"," ","49","  48,7","      999375","       81711"," 95,60",
"31/07/2025  7:21:49,084","   687250000"," ","50","  51,7","      999375","       -6840"," 97,00",
"31/07/2025  7:21:49,084","   693250000"," ","51","  53,6","      999375","        3420"," 97,00",
"31/07/2025  17:40:03,016","    55250000","CORPORACION ECUATORIANA DE","2","  92,6","       94375","          -4"," 49,40",
"31/07/2025  17:40:03,016","    61250000"," ","3","  44,7","      999375","      -10974"," 96,40",
"31/07/2025  17:40:03,016","    67250000","UV TELEVISION","4","  91,5","      157500","         208"," 63,40",
"31/07/2025  17:40:03,016","    77250000","TELEAMAZONAS","5","  80,6","       78125","          15"," 39,70",
"31/07/2025  17:40:03,016","    83250000"," ","6","  70,0","      999375","      -19172"," 94,60",
"31/07/2025  17:40:03,016","   175250000","ECUADOR TV","7","  95,7","      188125","         -16"," 65,30",
"31/07/2025  17:40:03,016","   181250000","CADENA ECUATORIANA DE TELE","8","  87,1","      776875","        -237"," 49,10",
"31/07/2025  17:40:03,016","   187250000","RED TELESISTEMA (R.T.S)","9","  90,7","      516875","        -402"," 56,70",
"31/07/2025  17:40:03,016","   193250000"," ","10","  75,0","      909375","      101466"," 93,70",
"31/07/2025  17:40:03,016","   199250000","TELEVISION DEL PACIFICO","11","  75,0","      999375","      114163"," 91,20",
"31/07/2025  17:40:03,016","   205250000"," ","12","  65,4","      882500","      113847"," 94,50",
"31/07/2025  17:40:03,016","   211250000"," ","13","  63,8","      999375","      107187"," 90,90",
"31/07/2025  17:40:03,016","   471250000"," ","14","  24,8","      999375","        2973"," 96,40",
"31/07/2025  17:40:03,016","   477250000"," ","15","  32,2","      999375","      -82952"," 91,60",
"31/07/2025  17:40:03,016","   483250000"," ","16","  27,8","      999375","      -41224"," 95,20",
"31/07/2025  17:40:03,016","   513250000"," ","21","  27,3","      999375","      -12328"," 95,70",
"31/07/2025  17:40:03,016","   519250000","ECOTEL","22","  84,6","      141250","        1085"," 60,90",
"31/07/2025  17:40:03,016","   525250000"," ","23","  32,2","      999375","      -29897"," 95,70",
"31/07/2025  17:40:03,016","   531250000","TELERAMA","24","  28,8","      999375","        5447"," 94,40",
"31/07/2025  17:40:03,016","   537250000","PLUS TV","25","  71,1","       62500","        3503"," 31,60",
"31/07/2025  17:40:03,016","   543250000","CANAL UNO","26","  28,3","      999375","       11974"," 93,50",
"31/07/2025  17:40:03,016","   549250000"," ","27","  27,0","      999375","        1628"," 92,60",
"31/07/2025  17:40:03,016","   555250000"," ","28","  41,1","      999375","        3188"," 94,80",
"31/07/2025  17:40:03,016","   561250000"," ","29","  41,4","      999375","        1586"," 95,50",
"31/07/2025  17:40:03,016","   567250000","TELEATAHUALPA (RTU)","30","  41,3","      999375","       -4429"," 96,80",
"31/07/2025  17:40:03,016","   573250000"," ","31","  35,9","      999375","       -4768"," 95,30",
"31/07/2025  17:40:03,016","   579250000","TELEVICENTRO TVC","32","  81,9","      126250","        1060"," 57,20",
"31/07/2025  17:40:03,016","   585250000"," ","33","  34,8","      999375","       -2360"," 95,30",
"31/07/2025  17:40:03,016","   591250000","UCSG TELEVISION","34","  34,1","      999375","        7232"," 97,10",
"31/07/2025  17:40:03,016","   603250000","OROMAR","36","  32,1","      999375","         693"," 96,10",
"31/07/2025  17:40:03,016","   615250000"," ","38","  44,0","      999375","       96947"," 96,40",
"31/07/2025  17:40:03,016","   621250000","CANAL SUR - TELEVISION MUN","39","  74,0","      110000","          51"," 59,00",
"31/07/2025  17:40:03,016","   627250000"," ","40","  34,2","      999375","        9180"," 93,70",
"31/07/2025  17:40:03,016","   633250000"," ","41","  35,7","      999375","       66270"," 95,00",
"31/07/2025  17:40:03,016","   639250000"," ","42","  39,9","      999375","      100754"," 90,70",
"31/07/2025  17:40:03,016","   645250000"," ","43","  34,1","      999375","         256"," 94,10",
"31/07/2025  17:40:03,016","   651250000"," ","44","  35,8","      999375","        -923"," 95,70",
"31/07/2025  17:40:03,016","   657250000"," ","45","  37,3","      999375","        1054"," 95,50",
"31/07/2025  17:40:03,016","   663250000"," ","46","  37,6","      999375","        2401"," 94,10",
"31/07/2025  17:40:03,016","   669250000"," ","47","  39,4","      999375","        3276"," 96,10",
"31/07/2025  17:40:03,016","   675250000"," ","48","  42,6","      999375","       67548"," 88,70",
"31/07/2025  17:40:03,016","   681250000"," ","49","  48,0","      999375","       81733"," 93,90",
"31/07/2025  17:40:03,016","   687250000"," ","50","  50,7","      999375","        4251"," 98,00",
"31/07/2025  17:40:03,016","   693250000"," ","51","  53,5","      999375","       -2779"," 98,60",
"31/07/2025  17:40:57,797","    55250000","CORPORACION ECUATORIANA DE","2","  92,6","      125625","           1"," 83,30",
"31/07/2025  17:40:57,797","    61250000"," ","3","  39,3","      999375","       -5937"," 95,60",
"31/07/2025  17:40:57,797","    67250000","UV TELEVISION","4","  92,6","      157500","         191"," 55,80",
"31/07/2025  17:40:57,797","    77250000","TELEAMAZONAS","5","  78,2","       31875","           9"," 38,70",
"31/07/2025  17:40:57,797","    83250000"," ","6","  67,7","      999375","       -9373"," 95,50",
"31/07/2025  17:40:57,797","   175250000","ECUADOR TV","7","  96,2","      125625","         -16"," 50,70",
"31/07/2025  17:40:57,797","   181250000","CADENA ECUATORIANA DE TELE","8","  85,8","      289375","        -400"," 49,20",
"31/07/2025  17:40:57,797","   187250000","RED TELESISTEMA (R.T.S)","9","  89,9","       94375","        -631"," 56,50",
"31/07/2025  17:40:57,797","   193250000"," ","10","  74,3","      903750","      111234"," 96,70",
"31/07/2025  17:40:57,797","   199250000","TELEVISION DEL PACIFICO","11","  73,7","      920625","      116156"," 92,60",
"31/07/2025  17:40:57,797","   205250000"," ","12","  68,6","      932500","       96384"," 95,60",
"31/07/2025  17:40:57,797","   211250000"," ","13","  63,5","      999375","      110545"," 92,30",
"31/07/2025  17:40:57,797","   471250000"," ","14","  24,4","      999375","        1941"," 95,90",
"31/07/2025  17:40:57,797","   477250000"," ","15","  31,4","      999375","      -60439"," 95,50",
"31/07/2025  17:40:57,797","   483250000"," ","16","  28,2","      999375","      -41943"," 95,30",
"31/07/2025  17:40:57,797","   513250000"," ","21","  28,3","      999375","      -10139"," 97,30",
"31/07/2025  17:40:57,797","   519250000","ECOTEL","22","  86,0","      125625","        1087"," 50,40",
"31/07/2025  17:40:57,797","   525250000"," ","23","  31,5","      999375","      -25425"," 96,30",
"31/07/2025  17:40:57,797","   531250000","TELERAMA","24","  28,9","      999375","       26765"," 95,80",
"31/07/2025  17:40:57,797","   537250000","PLUS TV","25","  72,0","      125000","        3513"," 56,10",
"31/07/2025  17:40:57,797","   543250000","CANAL UNO","26","  31,6","      999375","        3065"," 96,70",
"31/07/2025  17:40:57,797","   549250000"," ","27","  34,5","      999375","        1778"," 98,30",
"31/07/2025  17:40:57,797","   555250000"," ","28","  44,9","      999375","        -689"," 95,90",
"31/07/2025  17:40:57,797","   561250000"," ","29","  42,1","      999375","         823"," 94,10",
"31/07/2025  17:40:57,797","   567250000","TELEATAHUALPA (RTU)","30","  40,7","      999375","       -8345"," 96,30",
"31/07/2025  17:40:57,797","   573250000"," ","31","  37,7","      999375","       -4765"," 93,70",
"31/07/2025  17:40:57,797","   579250000","TELEVICENTRO TVC","32","  82,0","      126250","        1058"," 60,70",
"31/07/2025  17:40:57,797","   585250000"," ","33","  36,4","      999375","        1627"," 95,90",
"31/07/2025  17:40:57,797","   591250000","UCSG TELEVISION","34","  33,0","      999375","        3472"," 95,30",
"31/07/2025  17:40:57,797","   603250000","OROMAR","36","  33,6","      999375","        1808"," 96,40",
"31/07/2025  17:40:57,797","   615250000"," ","38","  42,4","      999375","       95660"," 89,90",
"31/07/2025  17:40:57,797","   621250000","CANAL SUR - TELEVISION MUN","39","  76,3","      172500","          50"," 61,40",
"31/07/2025  17:40:57,797","   627250000"," ","40","  33,6","      999375","        9666"," 95,00",
"31/07/2025  17:40:57,797","   633250000"," ","41","  35,4","      999375","       26127"," 94,80",
"31/07/2025  17:40:57,797","   639250000"," ","42","  39,3","      999375","       79892"," 95,90",
"31/07/2025  17:40:57,797","   645250000"," ","43","  36,5","      999375","        2333"," 93,50",
"31/07/2025  17:40:57,797","   651250000"," ","44","  37,7","      999375","        1376"," 95,60",
"31/07/2025  17:40:57,797","   657250000"," ","45","  38,1","      999375","        4483"," 95,90",
"31/07/2025  17:40:57,797","   663250000"," ","46","  36,4","      999375","        3040"," 92,80",
"31/07/2025  17:40:57,797","   669250000"," ","47","  38,6","      999375","        2762"," 92,50",
"31/07/2025  17:40:57,797","   675250000"," ","48","  42,7","      999375","       66853"," 95,50",
"31/07/2025  17:40:57,797","   681250000"," ","49","  45,6","      999375","       84041"," 88,90",
"31/07/2025  17:40:57,797","   687250000"," ","50","  51,6","      999375","        2961"," 97,20",
"31/07/2025  17:40:57,797","   693250000"," ","51","  56,0","      999375","       -3124"," 98,10",
"31/07/2025  17:41:49,246","    55250000","CORPORACION ECUATORIANA DE","2","  93,2","      156875","         -18"," 55,30",
"31/07/2025  17:41:49,246","    61250000"," ","3","  40,0","      999375","       -5806"," 94,00",
"31/07/2025  17:41:49,246","    67250000","UV TELEVISION","4","  94,8","      141250","         208"," 60,40",
"31/07/2025  17:41:49,246","    77250000","TELEAMAZONAS","5","  82,5","       63125","          12"," 30,30",
"31/07/2025  17:41:49,246","    83250000"," ","6","  66,1","      999375","      -67820"," 95,00",
"31/07/2025  17:41:49,246","   175250000","ECUADOR TV","7","  95,6","      172500","         -16"," 63,80",
"31/07/2025  17:41:49,246","   181250000","CADENA ECUATORIANA DE TELE","8","  85,3","      252500","         652"," 63,60",
"31/07/2025  17:41:49,246","   187250000","RED TELESISTEMA (R.T.S)","9","  88,4","      156875","        -477"," 58,70",
"31/07/2025  17:41:49,246","   193250000"," ","10","  70,1","      999375","      106755"," 91,10",
"31/07/2025  17:41:49,246","   199250000","TELEVISION DEL PACIFICO","11","  71,9","      999375","      117008"," 95,30",
"31/07/2025  17:41:49,246","   205250000"," ","12","  63,6","      999375","       69485"," 95,10",
"31/07/2025  17:41:49,246","   211250000"," ","13","  58,8","      999375","      128144"," 94,80",
"31/07/2025  17:41:49,246","   471250000"," ","14","  24,6","      999375","       -3337"," 94,90",
"31/07/2025  17:41:49,246","   477250000"," ","15","  30,7","      999375","      -91570"," 94,90",
"31/07/2025  17:41:49,246","   483250000"," ","16","  27,2","      999375","      -18090"," 95,60",
"31/07/2025  17:41:49,246","   513250000"," ","21","  29,2","      999375","      -10410"," 96,80",
"31/07/2025  17:41:49,246","   519250000","ECOTEL","22","  84,8","      125625","        1119"," 53,30",
"31/07/2025  17:41:49,246","   525250000"," ","23","  29,6","      999375","       22091"," 96,10",
"31/07/2025  17:41:49,246","   531250000","TELERAMA","24","  26,8","      999375","       16731"," 92,40",
"31/07/2025  17:41:49,246","   537250000","PLUS TV","25","  70,9","       46875","        3516"," 13,30",
"31/07/2025  17:41:49,246","   543250000","CANAL UNO","26","  29,9","      999375","       26036"," 93,90",
"31/07/2025  17:41:49,246","   549250000"," ","27","  29,3","      999375","        1616"," 95,20",
"31/07/2025  17:41:49,246","   555250000"," ","28","  41,1","      999375","        4141"," 95,10",
"31/07/2025  17:41:49,246","   561250000"," ","29","  40,8","      999375","         717"," 96,00",
"31/07/2025  17:41:49,246","   567250000","TELEATAHUALPA (RTU)","30","  40,0","      999375","       -2617"," 95,40",
"31/07/2025  17:41:49,246","   573250000"," ","31","  36,9","      999375","      -13587"," 91,50",
"31/07/2025  17:41:49,246","   579250000","TELEVICENTRO TVC","32","  80,4","      125625","        1066"," 60,30",
"31/07/2025  17:41:49,246","   585250000"," ","33","  34,2","      999375","       -1980"," 97,40",
"31/07/2025  17:41:49,246","   591250000","UCSG TELEVISION","34","  33,5","      999375","        -721"," 97,20",
"31/07/2025  17:41:49,246","   603250000","OROMAR","36","  34,2","      999375","        1597"," 97,20",
"31/07/2025  17:41:49,246","   615250000"," ","38","  43,0","      999375","      107376"," 95,00",
"31/07/2025  17:41:49,246","   621250000","CANAL SUR - TELEVISION MUN","39","  73,6","      171875","          51"," 27,00",
"31/07/2025  17:41:49,246","   627250000"," ","40","  35,0","      999375","        9752"," 97,20",
"31/07/2025  17:41:49,246","   633250000"," ","41","  35,3","      999375","       28200"," 94,50",
"31/07/2025  17:41:49,246","   639250000"," ","42","  39,7","      999375","       95790"," 95,30",
"31/07/2025  17:41:49,246","   645250000"," ","43","  36,1","      999375","        1542"," 92,60",
"31/07/2025  17:41:49,246","   651250000"," ","44","  36,8","      999375","          68"," 95,40",
"31/07/2025  17:41:49,246","   657250000"," ","45","  36,4","      999375","        -224"," 95,00",
"31/07/2025  17:41:49,246","   663250000"," ","46","  38,6","      999375","        -279"," 97,20",
"31/07/2025  17:41:49,246","   669250000"," ","47","  39,1","      999375","        9339"," 96,30",
"31/07/2025  17:41:49,246","   675250000"," ","48","  43,4","      999375","       81898"," 91,30",
"31/07/2025  17:41:49,246","   681250000"," ","49","  46,9","      999375","       87939"," 75,30",
"31/07/2025  17:41:49,246","   687250000"," ","50","  54,8","      999375","        1592"," 97,90",
"31/07/2025  17:41:49,246","   693250000"," ","51","  54,6","      999375","       -1393"," 97,60",
