"Tiempo","Frecuencia (Hz)","ESTACION","CANAL","Level (dBµV/m)","Bandwidth (Hz)","Offset (Hz)","AM (%)","Arch_ Info"
"01/07/2025  18:15:03,686","    61250000","RED TELESISTEMA (R.T.S)","3","  86,6","      125625","        -506"," 62,50","Procesar Archivos de resultos de medición: Result. de med."
"01/07/2025  18:15:03,686","    67250000"," ","4","  39,2","      999375","        -240"," 94,70","Propriedades del res. de med.:"
"01/07/2025  18:15:03,686","    77250000"," ","5","  42,6","      908750","       15307"," 75,90"," Fecha inic.: 01/07/2025"
"01/07/2025  18:15:03,686","    83250000"," ","6","  39,2","      850625","       32394"," 97,00"," Hora inicial: 18:15:03"
"01/07/2025  18:15:03,686","   175250000","ECUADOR TV","7"," 108,7","      125625","          63"," 79,30"," Fecha final: 31/07/2025"
"01/07/2025  18:15:03,686","   181250000","CADENA ECUATORIANA DE TELEVISIO","8","  39,0","      999375","        -563"," 97,90"," Hora final: 7:16:50"
"01/07/2025  18:15:03,686","   187250000","TELEVISION DEL PACIFICO","9","  36,0","      999375","        7866"," 95,80"," Cantidad de med.: 3381"
"01/07/2025  18:15:03,686","   193250000"," ","10","  39,9","      999375","       75715"," 94,00","Columnas: Tiempo"
"01/07/2025  18:15:03,686","   199250000"," ","11","  37,6","      999375","       60338"," 96,30"," Frecuencia"
"01/07/2025  18:15:03,686","   205250000"," ","12","  34,1","      999375","       -6609"," 95,60"," ESTACION"
"01/07/2025  18:15:03,686","   211250000","TELEAMAZONAS","13","  92,8","      126250","         128"," 49,80"," CANAL"
"01/07/2025  18:15:03,686","   471250000"," ","14","  27,9","      999375","       -1523"," 96,20"," Level"
"01/07/2025  18:15:03,686","   477250000"," ","15","  26,5","      999375","       -5940"," 93,50"," Bandwidth"
"01/07/2025  18:15:03,686","   483250000"," ","16","  29,1","      999375","        -547"," 96,70"," Offset"
"01/07/2025  18:15:03,686","   513250000"," ","21","  28,3","      999375","         312"," 95,30"," AM"
"01/07/2025  18:15:03,686","   519250000","UCSG TELEVISION","22","  27,5","      999375","        3165"," 95,80"," "
"01/07/2025  18:15:03,686","   525250000"," ","23","  28,0","      999375","        2433"," 95,60","Origen:"
"01/07/2025  18:15:03,686","   531250000"," ","24","  27,9","      999375","        3772"," 95,10","Resultados de medic.: TvM025_250701_0201"
"01/07/2025  18:15:03,686","   537250000"," ","25","  28,2","      999375","       -2291"," 94,40","Resultados de medic.: TvM025_250702_0101"
"01/07/2025  18:15:03,686","   543250000","SONOVISIÓN TV","26","  28,9","      999375","        5076"," 91,50","Resultados de medic.: TvM025_250702_0201"
"01/07/2025  18:15:03,686","   549250000"," ","27","  28,6","      999375","       -1140"," 96,50","Resultados de medic.: TvM025_250703_0101"
"01/07/2025  18:15:03,686","   555250000","DIGITAL TV","28","  32,5","      999375","        2269"," 95,70","Resultados de medic.: TvM025_250703_0201"
"01/07/2025  18:15:03,686","   561250000"," ","29","  30,4","      999375","        4208"," 96,10","Resultados de medic.: TvM025_250704_0101"
"01/07/2025  18:15:03,686","   567250000","TV LEGISLATIVA NO AUTORIZADA","30","  29,7","      999375","       -2105"," 96,20","Resultados de medic.: TvM025_250704_0201"
"01/07/2025  18:15:03,686","   573250000"," ","31","  30,3","      999375","        1118"," 95,00","Resultados de medic.: TvM025_250707_0201"
"01/07/2025  18:15:03,686","   579250000","TELEATAHUALPA (RTU)","32","  28,0","      999375","        2067"," 94,80","Resultados de medic.: TvM025_250708_0101"
"01/07/2025  18:15:03,686","   585250000"," ","33","  29,6","      999375","        1498"," 97,90","Resultados de medic.: TvM025_250709_0201"
"01/07/2025  18:15:03,686","   591250000"," ","34","  28,9","      999375","         -18"," 95,30","Resultados de medic.: TvM025_250710_0101"
"01/07/2025  18:15:03,686","   597250000"," ","35","  29,9","      999375","         680"," 94,90","Resultados de medic.: TvM025_250710_0201"
"01/07/2025  18:15:03,686","   603250000"," ","36","  38,9","      999375","        -325"," 98,70","Resultados de medic.: TvM025_250711_0101"
"01/07/2025  18:15:03,686","   615250000"," ","38","  30,0","      999375","        2390"," 93,80","Resultados de medic.: TvM025_250714_0201"
"01/07/2025  18:15:03,686","   621250000"," ","39","  29,8","      999375","         783"," 95,80","Resultados de medic.: TvM025_250715_0101"
"01/07/2025  18:15:03,686","   627250000"," ","40","  28,6","      999375","         305"," 94,70","Resultados de medic.: TvM025_250715_0201"
"01/07/2025  18:15:03,686","   633250000"," ","41","  28,7","      999375","       26330"," 94,40","Resultados de medic.: TvM025_250716_0101"
"01/07/2025  18:15:03,686","   639250000"," ","42","  38,0","      999375","         204"," 98,30","Resultados de medic.: TvM025_250716_0201"
"01/07/2025  18:15:03,686","   645250000"," ","43","  29,5","      999375","        1097"," 96,00","Resultados de medic.: TvM025_250717_0101"
"01/07/2025  18:15:03,686","   651250000"," ","44","  26,8","      999375","        6557"," 95,30","Resultados de medic.: TvM025_250717_0201"
"01/07/2025  18:15:03,686","   657250000"," ","45","  27,9","      999375","       -2693"," 94,70","Resultados de medic.: TvM025_250718_0101"
"01/07/2025  18:15:03,686","   663250000"," ","46","  28,4","      999375","       -4558"," 96,30","Resultados de medic.: TvM025_250718_0201"
"01/07/2025  18:15:03,686","   669250000"," ","47","  28,8","      999375","       -3770"," 96,50","Resultados de medic.: TvM025_250719_0101"
"01/07/2025  18:15:03,686","   675250000","EL CIUDADANO TV NO AUTORIZADA","48","  29,4","      999375","       -5511"," 94,80","Resultados de medic.: TvM025_250719_0201"
"01/07/2025  18:15:03,686","   681250000"," ","49","  28,5","      999375","        1764"," 95,40","Resultados de medic.: TvM025_250720_0101"
"01/07/2025  18:15:03,686","   687250000"," ","50","  27,8","      999375","        1330"," 97,30","Resultados de medic.: TvM025_250720_0201"
"01/07/2025  18:15:03,686","   693250000"," ","51","  32,2","      999375","        3116"," 97,30","Resultados de medic.: TvM025_250721_0101"
"01/07/2025  18:15:57,185","    61250000","RED TELESISTEMA (R.T.S)","3","  86,6","      110625","        -822"," 55,90","Resultados de medic.: TvM025_250721_0201"
"01/07/2025  18:15:57,185","    67250000"," ","4","  39,7","      999375","      -24655"," 96,90","Resultados de medic.: TvM025_250722_0101"
"01/07/2025  18:15:57,185","    77250000"," ","5","  41,8","      914375","        1613"," 65,90","Resultados de medic.: TvM025_250722_0201"
"01/07/2025  18:15:57,185","    83250000"," ","6","  40,3","      848750","       39522"," 97,50","Resultados de medic.: TvM025_250723_0101"
"01/07/2025  18:15:57,185","   175250000","ECUADOR TV","7"," 108,9","      156875","          64"," 79,50","Resultados de medic.: TvM025_250723_0201"
"01/07/2025  18:15:57,185","   181250000","CADENA ECUATORIANA DE TELEVISIO","8","  37,5","      999375","       -1944"," 93,40","Resultados de medic.: TvM025_250724_0101"
"01/07/2025  18:15:57,185","   187250000","TELEVISION DEL PACIFICO","9","  36,6","      999375","        3511"," 96,10","Resultados de medic.: TvM025_250724_0201"
"01/07/2025  18:15:57,185","   193250000"," ","10","  41,8","      999375","       77124"," 91,90","Resultados de medic.: TvM025_250725_0101"
"01/07/2025  18:15:57,185","   199250000"," ","11","  38,4","      999375","       82246"," 94,50","Resultados de medic.: TvM025_250725_0201"
"01/07/2025  18:15:57,185","   205250000"," ","12","  35,3","      999375","        1446"," 94,50","Resultados de medic.: TvM025_250726_0101"
"01/07/2025  18:15:57,185","   211250000","TELEAMAZONAS","13","  92,8","      282500","          26"," 49,60","Resultados de medic.: TvM025_250726_0201"
"01/07/2025  18:15:57,185","   471250000"," ","14","  27,8","      999375","        1311"," 96,30","Resultados de medic.: TvM025_250727_0101"
"01/07/2025  18:15:57,185","   477250000"," ","15","  28,4","      999375","        1823"," 96,30","Resultados de medic.: TvM025_250727_0201"
"01/07/2025  18:15:57,185","   483250000"," ","16","  26,5","      999375","       -3190"," 94,90","Resultados de medic.: TvM025_250728_0101"
"01/07/2025  18:15:57,185","   513250000"," ","21","  27,3","      999375","       -1639"," 94,70","Resultados de medic.: TvM025_250728_0201"
"01/07/2025  18:15:57,185","   519250000","UCSG TELEVISION","22","  27,1","      999375","        3430"," 93,90","Resultados de medic.: TvM025_250729_0101"
"01/07/2025  18:15:57,185","   525250000"," ","23","  27,0","      999375","        2849"," 96,20","Resultados de medic.: TvM025_250729_0201"
"01/07/2025  18:15:57,185","   531250000"," ","24","  26,9","      999375","       -1147"," 94,50","Resultados de medic.: TvM025_250730_0101"
"01/07/2025  18:15:57,185","   537250000"," ","25","  26,9","      999375","        2201"," 94,20","Resultados de medic.: TvM025_250730_0201"
"01/07/2025  18:15:57,185","   543250000","SONOVISIÓN TV","26","  28,2","      999375","         926"," 95,10","Resultados de medic.: TvM025_250731_0101"
"01/07/2025  18:15:57,185","   549250000"," ","27","  28,6","      999375","       -2094"," 94,50"," "
"01/07/2025  18:15:57,185","   555250000","DIGITAL TV","28","  30,3","      999375","        3235"," 93,80","Arch. Info: $Temp00095"
"01/07/2025  18:15:57,185","   561250000"," ","29","  28,2","      999375","        1791"," 96,30"," "
"01/07/2025  18:15:57,185","   567250000","TV LEGISLATIVA NO AUTORIZADA","30","  29,4","      999375","        1564"," 95,50","Arch. Info: TvM025_250731_0101"
"01/07/2025  18:15:57,185","   573250000"," ","31","  28,9","      999375","        -888"," 93,90","Unid. de med.: scs-l04"
"01/07/2025  18:15:57,185","   579250000","TELEATAHUALPA (RTU)","32","  29,3","      999375","       -2034"," 95,20","Longitud: 078°07'40,5""W"
"01/07/2025  18:15:57,185","   585250000"," ","33","  28,8","      999375","        -117"," 93,30","Latitud: 02°18'58,7""S"
"01/07/2025  18:15:57,185","   591250000"," ","34","  29,6","      999375","        3343"," 96,10","Tipo result. de medic.: Result. de med."
"01/07/2025  18:15:57,185","   597250000"," ","35","  29,9","      999375","       -5272"," 94,50","Propied. de result. de med.: "
"01/07/2025  18:15:57,185","   603250000"," ","36","  29,3","      999375","        1656"," 94,20"," Número de mediciones: 4"
"01/07/2025  18:15:57,185","   615250000"," ","38","  29,3","      999375","       -6834"," 96,40","Definic. de horario:"
"01/07/2025  18:15:57,185","   621250000"," ","39","  29,4","      999375","         112"," 94,90","Nombre: TVmacas"
"01/07/2025  18:15:57,185","   627250000"," ","40","  28,1","      999375","        2773"," 95,40","Fecha: 26/12/2024"
"01/07/2025  18:15:57,185","   633250000"," ","41","  30,1","      999375","       26506"," 95,20","Hora: 8:22:50"
"01/07/2025  18:15:57,185","   639250000"," ","42","  40,9","      999375","        -115"," 98,80","Definición de medición:"
"01/07/2025  18:15:57,185","   645250000"," ","43","  30,6","      999375","        1090"," 95,00","Nombre: TVmacas"
"01/07/2025  18:15:57,185","   651250000"," ","44","  27,0","      999375","        3927"," 93,80","Fecha: 16/01/2024"
"01/07/2025  18:15:57,185","   657250000"," ","45","  29,2","      999375","         607"," 95,40","Hora: 15:28:57"
"01/07/2025  18:15:57,185","   663250000"," ","46","  30,1","      999375","       44212"," 97,00","Tipo de med.: Rastreo de lista de frec."
"01/07/2025  18:15:57,185","   669250000"," ","47","  29,4","      999375","        4117"," 94,30","Lista de frecuencias: TV MACAS TOT"
"01/07/2025  18:15:57,185","   675250000","EL CIUDADANO TV NO AUTORIZADA","48","  29,0","      999375","       -2118"," 97,00","Squelch: Off"
"01/07/2025  18:15:57,185","   681250000"," ","49","  28,7","      999375","       -5526"," 94,40","Parámetro de med.: Level Bandwidth Offset AM"
"01/07/2025  18:15:57,185","   687250000"," ","50","  27,6","      999375","       -4081"," 96,20","Definición de rango:"
"01/07/2025  18:15:57,185","   693250000"," ","51","  27,8","      999375","        3594"," 95,60","Nombre: TVmacas"
"01/07/2025  18:16:51,773","    61250000","RED TELESISTEMA (R.T.S)","3","  87,0","      125625","        -580"," 56,60","Fecha: 28/01/2022"
"01/07/2025  18:16:51,773","    67250000"," ","4","  41,3","      999375","       -2438"," 96,60","Hora: 14:39:25"
"01/07/2025  18:16:51,773","    77250000"," ","5","  41,1","      981875","        7285"," 92,60","No. de subrangos: 1"
"01/07/2025  18:16:51,773","    83250000"," ","6","  37,4","      941250","       21644"," 97,00","Subrango 1:"
"01/07/2025  18:16:51,773","   175250000","ECUADOR TV","7"," 108,9","      156875","          63"," 78,40","Frecuencia inicial: 54,000000 MHz"
"01/07/2025  18:16:51,773","   181250000","CADENA ECUATORIANA DE TELEVISIO","8","  37,9","      999375","        2425"," 96,90","Frecuencia final: 700,000000 MHz"
"01/07/2025  18:16:51,773","   187250000","TELEVISION DEL PACIFICO","9","  36,6","      999375","          27"," 96,30","Dispos. 1:"
"01/07/2025  18:16:51,773","   193250000"," ","10","  41,9","      999375","       87090"," 96,20","Nombre: ANTENNA_3"
"01/07/2025  18:16:51,773","   199250000"," ","11","  39,5","      999375","       84644"," 89,80","Acimut: 0,000 Grad"
"01/07/2025  18:16:51,773","   205250000"," ","12","  34,2","      999375","         588"," 96,00","Elevación: 0,000 Grad"
"01/07/2025  18:16:51,773","   211250000","TELEAMAZONAS","13","  92,9","      125000","         -22"," 44,80","Altura: 0,00 m"
"01/07/2025  18:16:51,773","   471250000"," ","14","  28,9","      999375","         720"," 96,50","Dispos. 2:"
"01/07/2025  18:16:51,773","   477250000"," ","15","  27,4","      999375","        2082"," 96,30","Nombre: DDF255"
"01/07/2025  18:16:51,773","   483250000"," ","16","  27,3","      999375","        -258"," 96,70","Modo b. DF: Cont"
"01/07/2025  18:16:51,773","   513250000"," ","21","  26,9","      999375","         725"," 93,50","Ancho ban. FI: 300 kHz"
"01/07/2025  18:16:51,773","   519250000","UCSG TELEVISION","22","  27,8","      999375","        4087"," 95,10","Tiempo integrac. b. DF: 100 ms"
"01/07/2025  18:16:51,773","   525250000"," ","23","  26,2","      999375","        1722"," 94,30","Atenuación FR: Auto"
"01/07/2025  18:16:51,773","   531250000"," ","24","  27,1","      999375","        2842"," 95,50","Atenuación FI: Normal"
"01/07/2025  18:16:51,773","   537250000"," ","25","  26,1","      999375","        3694"," 92,90","Demodulación: AM"
"01/07/2025  18:16:51,773","   543250000","SONOVISIÓN TV","26","  28,0","      999375","        2204"," 96,00","T. Medición: Default"
"01/07/2025  18:16:51,773","   549250000"," ","27","  28,4","      999375","        2875"," 96,70","Detector: Peak"
"01/07/2025  18:16:51,773","   555250000","DIGITAL TV","28","  29,8","      999375","        1165"," 95,60","Medic. ancho de banda x dB bajo: 26,0 dB"
"01/07/2025  18:16:51,773","   561250000"," ","29","  28,7","      999375","       -2835"," 96,70","Ancho banda Span: 1,000000 MHz"
"01/07/2025  18:16:51,773","   567250000","TV LEGISLATIVA NO AUTORIZADA","30","  30,4","      999375","        2801"," 96,20",
"01/07/2025  18:16:51,773","   573250000"," ","31","  28,1","      999375","        6187"," 95,80",
"01/07/2025  18:16:51,773","   579250000","TELEATAHUALPA (RTU)","32","  28,8","      999375","       -3280"," 93,80",
"01/07/2025  18:16:51,773","   585250000"," ","33","  29,5","      999375","        3495"," 96,40",
"01/07/2025  18:16:51,773","   591250000"," ","34","  29,0","      999375","       -2398"," 94,50",
"01/07/2025  18:16:51,773","   597250000"," ","35","  30,5","      999375","         165"," 94,70",
"01/07/2025  18:16:51,773","   603250000"," ","36","  30,2","      999375","        1850"," 97,00",
"01/07/2025  18:16:51,773","   615250000"," ","38","  29,0","      999375","       -1967"," 94,80",
"01/07/2025  18:16:51,773","   621250000"," ","39","  28,1","      999375","        -731"," 95,70",
"01/07/2025  18:16:51,773","   627250000"," ","40","  28,0","      999375","         524"," 93,00",
"01/07/2025  18:16:51,773","   633250000"," ","41","  29,0","      999375","       23961"," 94,50",
"01/07/2025  18:16:51,773","   639250000"," ","42","  39,1","      999375","        4479"," 98,30",
"01/07/2025  18:16:51,773","   645250000"," ","43","  30,4","      999375","        1991"," 92,80",
"01/07/2025  18:16:51,773","   651250000"," ","44","  27,8","      999375","        7619"," 96,10",
"01/07/2025  18:16:51,773","   657250000"," ","45","  27,1","      999375","       -3406"," 94,60",
"01/07/2025  18:16:51,773","   663250000"," ","46","  29,2","      999375","        -142"," 94,70",
"01/07/2025  18:16:51,773","   669250000"," ","47","  28,0","      999375","        3003"," 96,40",
"01/07/2025  18:16:51,773","   675250000","EL CIUDADANO TV NO AUTORIZADA","48","  31,6","      999375","       -1911"," 96,60",
"01/07/2025  18:16:51,773","   681250000"," ","49","  27,5","      999375","        1383"," 92,40",
"01/07/2025  18:16:51,773","   687250000"," ","50","  28,1","      999375","        2480"," 92,90",
"01/07/2025  18:16:51,773","   693250000"," ","51","  29,5","      999375","        9236"," 96,40",
"02/07/2025  7:15:03,577","    61250000","RED TELESISTEMA (R.T.S)","3","  82,6","      126250","        -492"," 52,70",
"02/07/2025  7:15:03,577","    67250000"," ","4","  46,0","      999375","       -2191"," 94,10",
"02/07/2025  7:15:03,577","    77250000"," ","5","  53,7","      999375","       18825"," 48,70",
"02/07/2025  7:15:03,577","    83250000"," ","6","  50,7","      970625","       10196"," 96,30",
"02/07/2025  7:15:03,577","   175250000","ECUADOR TV","7"," 109,0","      156875","          64"," 70,60",
"02/07/2025  7:15:03,577","   181250000","CADENA ECUATORIANA DE TELEVISIO","8","  49,3","      278750","      -13865"," 98,40",
"02/07/2025  7:15:03,577","   187250000","TELEVISION DEL PACIFICO","9","  37,7","      999375","        8030"," 92,50",
"02/07/2025  7:15:03,577","   193250000"," ","10","  49,1","      820625","      135742"," 94,90",
"02/07/2025  7:15:03,577","   199250000"," ","11","  41,3","      999375","      115461"," 88,00",
"02/07/2025  7:15:03,577","   205250000"," ","12","  36,7","      999375","       21078"," 95,30",
"02/07/2025  7:15:03,577","   211250000","TELEAMAZONAS","13","  96,8","      251250","        -154"," 46,00",
"02/07/2025  7:15:03,577","   471250000"," ","14","  27,4","      999375","        3027"," 92,50",
"02/07/2025  7:15:03,577","   477250000"," ","15","  28,8","      999375","       -1836"," 96,30",
"02/07/2025  7:15:03,577","   483250000"," ","16","  26,4","      999375","         -52"," 96,70",
"02/07/2025  7:15:03,577","   513250000"," ","21","  25,4","      999375","       -2169"," 93,70",
"02/07/2025  7:15:03,577","   519250000","UCSG TELEVISION","22","  26,8","      999375","       -1477"," 94,60",
"02/07/2025  7:15:03,577","   525250000"," ","23","  40,7","      999375","        -391"," 99,10",
"02/07/2025  7:15:03,577","   531250000"," ","24","  28,1","      999375","        1226"," 97,50",
"02/07/2025  7:15:03,577","   537250000"," ","25","  27,6","      999375","       -1278"," 96,60",
"02/07/2025  7:15:03,577","   543250000","SONOVISIÓN TV","26","  27,2","      999375","        -406"," 97,20",
"02/07/2025  7:15:03,577","   549250000"," ","27","  27,8","      999375","        1718"," 93,70",
"02/07/2025  7:15:03,577","   555250000","DIGITAL TV","28","  34,2","      999375","         815"," 94,80",
"02/07/2025  7:15:03,577","   561250000"," ","29","  42,6","      999375","        1019"," 99,40",
"02/07/2025  7:15:03,577","   567250000","TV LEGISLATIVA NO AUTORIZADA","30","  34,6","      999375","       -3314"," 94,50",
"02/07/2025  7:15:03,577","   573250000"," ","31","  29,0","      999375","        -768"," 93,80",
"02/07/2025  7:15:03,577","   579250000","TELEATAHUALPA (RTU)","32","  29,3","      999375","       -2295"," 94,00",
"02/07/2025  7:15:03,577","   585250000"," ","33","  28,7","      999375","        3766"," 96,50",
"02/07/2025  7:15:03,577","   591250000"," ","34","  30,7","      999375","       -4083"," 94,70",
"02/07/2025  7:15:03,577","   597250000"," ","35","  29,1","      999375","        2960"," 96,70",
"02/07/2025  7:15:03,577","   603250000"," ","36","  30,7","      999375","        1505"," 96,00",
"02/07/2025  7:15:03,577","   615250000"," ","38","  28,4","      999375","       -2080"," 96,10",
"02/07/2025  7:15:03,577","   621250000"," ","39","  28,5","      999375","       -1052"," 96,60",
"02/07/2025  7:15:03,577","   627250000"," ","40","  27,9","      999375","        1209"," 96,10",
"02/07/2025  7:15:03,577","   633250000"," ","41","  28,8","      999375","       11985"," 96,60",
"02/07/2025  7:15:03,577","   639250000"," ","42","  40,5","      999375","       -2208"," 98,50",
"02/07/2025  7:15:03,577","   645250000"," ","43","  31,7","      999375","        -869"," 94,60",
"02/07/2025  7:15:03,577","   651250000"," ","44","  27,3","      999375","        2679"," 94,70",
"02/07/2025  7:15:03,577","   657250000"," ","45","  29,6","      999375","        1467"," 94,20",
"02/07/2025  7:15:03,577","   663250000"," ","46","  29,2","      252500","        5249"," 95,60",
"02/07/2025  7:15:03,577","   669250000"," ","47","  27,8","      534375","        6221"," 93,70",
"02/07/2025  7:15:03,577","   675250000","EL CIUDADANO TV NO AUTORIZADA","48","  29,9","      999375","        2255"," 97,50",
"02/07/2025  7:15:03,577","   681250000"," ","49","  28,5","      999375","         484"," 96,20",
"02/07/2025  7:15:03,577","   687250000"," ","50","  27,0","      999375","         -99"," 96,70",
"02/07/2025  7:15:03,577","   693250000"," ","51","  27,3","      999375","       -1191"," 93,40",
"02/07/2025  7:15:57,463","    61250000","RED TELESISTEMA (R.T.S)","3","  82,4","      110000","        -451"," 69,50",
"02/07/2025  7:15:57,463","    67250000"," ","4","  45,4","      999375","        -732"," 95,30",
"02/07/2025  7:15:57,463","    77250000"," ","5","  52,9","      999375","       12083"," 48,00",
"02/07/2025  7:15:57,463","    83250000"," ","6","  49,3","      829375","       19827"," 97,30",
"02/07/2025  7:15:57,463","   175250000","ECUADOR TV","7"," 109,0","      156875","          63"," 68,60",
"02/07/2025  7:15:57,463","   181250000","CADENA ECUATORIANA DE TELEVISIO","8","  40,4","      493125","        8067"," 97,00",
"02/07/2025  7:15:57,463","   187250000","TELEVISION DEL PACIFICO","9","  38,5","      999375","       11764"," 95,40",
"02/07/2025  7:15:57,463","   193250000"," ","10","  50,0","      934375","      120362"," 89,40",
"02/07/2025  7:15:57,463","   199250000"," ","11","  41,5","      999375","       95812"," 90,20",
"02/07/2025  7:15:57,463","   205250000"," ","12","  37,1","      999375","      -19741"," 94,60",
"02/07/2025  7:15:57,463","   211250000","TELEAMAZONAS","13","  96,4","      188125","         135"," 64,90",
"02/07/2025  7:15:57,463","   471250000"," ","14","  25,8","      999375","         766"," 95,30",
"02/07/2025  7:15:57,463","   477250000"," ","15","  27,8","      999375","        -589"," 94,70",
"02/07/2025  7:15:57,463","   483250000"," ","16","  26,9","      999375","        1866"," 93,80",
"02/07/2025  7:15:57,463","   513250000"," ","21","  26,3","      999375","         675"," 91,10",
"02/07/2025  7:15:57,463","   519250000","UCSG TELEVISION","22","  26,9","      999375","        2406"," 95,50",
"02/07/2025  7:15:57,463","   525250000"," ","23","  27,7","      999375","        -730"," 95,70",
"02/07/2025  7:15:57,463","   531250000"," ","24","  26,4","      999375","       -1855"," 97,20",
"02/07/2025  7:15:57,463","   537250000"," ","25","  28,1","      999375","        1144"," 95,60",
"02/07/2025  7:15:57,463","   543250000","SONOVISIÓN TV","26","  28,2","      999375","        3543"," 96,70",
"02/07/2025  7:15:57,463","   549250000"," ","27","  29,2","      999375","        -471"," 94,70",
"02/07/2025  7:15:57,463","   555250000","DIGITAL TV","28","  36,5","      999375","        3430"," 96,00",
"02/07/2025  7:15:57,463","   561250000"," ","29","  28,0","      999375","        -600"," 94,70",
"02/07/2025  7:15:57,463","   567250000","TV LEGISLATIVA NO AUTORIZADA","30","  47,6","      999375","         376"," 99,30",
"02/07/2025  7:15:57,463","   573250000"," ","31","  31,5","      999375","       -6262"," 96,50",
"02/07/2025  7:15:57,463","   579250000","TELEATAHUALPA (RTU)","32","  42,7","      999375","       -3677"," 99,10",
"02/07/2025  7:15:57,463","   585250000"," ","33","  30,9","      999375","         914"," 97,00",
"02/07/2025  7:15:57,463","   591250000"," ","34","  28,2","      999375","        2063"," 96,60",
"02/07/2025  7:15:57,463","   597250000"," ","35","  29,8","      999375","        -366"," 95,20",
"02/07/2025  7:15:57,463","   603250000"," ","36","  30,2","      999375","        2475"," 95,30",
"02/07/2025  7:15:57,463","   615250000"," ","38","  28,8","      999375","        2805"," 96,70",
"02/07/2025  7:15:57,463","   621250000"," ","39","  28,3","      999375","       -1645"," 94,80",
"02/07/2025  7:15:57,463","   627250000"," ","40","  29,0","      999375","         976"," 97,60",
"02/07/2025  7:15:57,463","   633250000"," ","41","  28,3","      999375","       19201"," 94,40",
"02/07/2025  7:15:57,463","   639250000"," ","42","  39,2","      999375","       -3683"," 98,30",
"02/07/2025  7:15:57,463","   645250000"," ","43","  33,3","      999375","       -2265"," 94,10",
"02/07/2025  7:15:57,463","   651250000"," ","44","  26,6","      999375","        2225"," 96,10",
"02/07/2025  7:15:57,463","   657250000"," ","45","  30,4","      999375","       -3152"," 95,50",
"02/07/2025  7:15:57,463","   663250000"," ","46","  29,9","      999375","        -783"," 95,80",
"02/07/2025  7:15:57,463","   669250000"," ","47","  32,0","      361250","        -206"," 96,70",
"02/07/2025  7:15:57,463","   675250000","EL CIUDADANO TV NO AUTORIZADA","48","  32,3","      999375","       -3734"," 97,60",
"02/07/2025  7:15:57,463","   681250000"," ","49","  27,3","      999375","        2275"," 93,50",
"02/07/2025  7:15:57,463","   687250000"," ","50","  27,5","      999375","         879"," 97,10",
"02/07/2025  7:15:57,463","   693250000"," ","51","  28,7","      999375","         190"," 93,30",
"02/07/2025  7:16:51,311","    61250000","RED TELESISTEMA (R.T.S)","3","  82,7","      157500","        -413"," 61,00",
"02/07/2025  7:16:51,311","    67250000"," ","4","  46,2","      999375","       -3421"," 96,30",
"02/07/2025  7:16:51,311","    77250000"," ","5","  55,7","      999375","      -27657"," 70,50",
"02/07/2025  7:16:51,311","    83250000"," ","6","  50,7","      893125","       19453"," 95,40",
"02/07/2025  7:16:51,311","   175250000","ECUADOR TV","7"," 108,9","      314375","          63"," 86,60",
"02/07/2025  7:16:51,311","   181250000","CADENA ECUATORIANA DE TELEVISIO","8","  40,6","      246875","      -17008"," 96,00",
"02/07/2025  7:16:51,311","   187250000","TELEVISION DEL PACIFICO","9","  37,6","      999375","        9895"," 93,60",
"02/07/2025  7:16:51,311","   193250000"," ","10","  48,0","      898750","      128052"," 80,90",
"02/07/2025  7:16:51,311","   199250000"," ","11","  42,6","      999375","       96330"," 95,10",
"02/07/2025  7:16:51,311","   205250000"," ","12","  38,3","      999375","        9077"," 93,70",
"02/07/2025  7:16:51,311","   211250000","TELEAMAZONAS","13","  96,6","      126250","         145"," 60,50",
"02/07/2025  7:16:51,311","   471250000"," ","14","  28,0","      999375","        3440"," 96,50",
"02/07/2025  7:16:51,311","   477250000"," ","15","  28,2","      999375","         502"," 97,50",
"02/07/2025  7:16:51,311","   483250000"," ","16","  26,0","      999375","       -1612"," 94,60",
"02/07/2025  7:16:51,311","   513250000"," ","21","  25,2","      999375","       -1000"," 91,90",
"02/07/2025  7:16:51,311","   519250000","UCSG TELEVISION","22","  25,8","      999375","       -4936"," 96,20",
"02/07/2025  7:16:51,311","   525250000"," ","23","  28,4","      999375","        1018"," 95,50",
"02/07/2025  7:16:51,311","   531250000"," ","24","  27,4","      999375","        -233"," 93,90",
"02/07/2025  7:16:51,311","   537250000"," ","25","  28,4","      999375","       -2783"," 94,40",
"02/07/2025  7:16:51,311","   543250000","SONOVISIÓN TV","26","  27,8","      999375","        2317"," 96,00",
"02/07/2025  7:16:51,311","   549250000"," ","27","  28,4","      999375","       -4260"," 96,10",
"02/07/2025  7:16:51,311","   555250000","DIGITAL TV","28","  37,1","      999375","        3347"," 94,60",
"02/07/2025  7:16:51,311","   561250000"," ","29","  28,8","      999375","       -7307"," 95,10",
"02/07/2025  7:16:51,311","   567250000","TV LEGISLATIVA NO AUTORIZADA","30","  34,8","      999375","       -2062"," 95,20",
"02/07/2025  7:16:51,311","   573250000"," ","31","  29,8","      999375","         -50"," 94,30",
"02/07/2025  7:16:51,311","   579250000","TELEATAHUALPA (RTU)","32","  29,3","      999375","       -3055"," 95,90",
"02/07/2025  7:16:51,311","   585250000"," ","33","  28,8","      999375","       -1882"," 96,30",
"02/07/2025  7:16:51,311","   591250000"," ","34","  30,7","      999375","       18645"," 93,80",
"02/07/2025  7:16:51,311","   597250000"," ","35","  30,2","      999375","          73"," 95,40",
"02/07/2025  7:16:51,311","   603250000"," ","36","  29,6","      999375","        5951"," 97,60",
"02/07/2025  7:16:51,311","   615250000"," ","38","  28,7","      999375","        1809"," 93,80",
"02/07/2025  7:16:51,311","   621250000"," ","39","  28,3","      999375","        -458"," 95,90",
"02/07/2025  7:16:51,311","   627250000"," ","40","  28,4","      999375","          23"," 92,50",
"02/07/2025  7:16:51,311","   633250000"," ","41","  28,9","      999375","       20656"," 96,30",
"02/07/2025  7:16:51,311","   639250000"," ","42","  38,8","      999375","       -1453"," 97,50",
"02/07/2025  7:16:51,311","   645250000"," ","43","  33,4","      999375","        -676"," 94,40",
"02/07/2025  7:16:51,311","   651250000"," ","44","  27,0","      999375","        3398"," 95,00",
"02/07/2025  7:16:51,311","   657250000"," ","45","  27,2","      999375","       -4473"," 93,60",
"02/07/2025  7:16:51,311","   663250000"," ","46","  29,6","      999375","          55"," 96,00",
"02/07/2025  7:16:51,311","   669250000"," ","47","  26,9","      267500","       -2326"," 94,20",
"02/07/2025  7:16:51,311","   675250000","EL CIUDADANO TV NO AUTORIZADA","48","  32,3","      999375","        2248"," 96,20",
"02/07/2025  7:16:51,311","   681250000"," ","49","  28,8","      999375","       -2405"," 95,30",
"02/07/2025  7:16:51,311","   687250000"," ","50","  27,6","      999375","       -2802"," 95,30",
"02/07/2025  7:16:51,311","   693250000"," ","51","  31,3","      999375","        1173"," 92,70",
"02/07/2025  18:15:03,690","    61250000","RED TELESISTEMA (R.T.S)","3","  83,5","       47500","        -497"," 33,20",
"02/07/2025  18:15:03,690","    67250000"," ","4","  42,4","      999375","       -1751"," 96,60",
"02/07/2025  18:15:03,690","    77250000"," ","5","  48,9","      887500","        1006"," 60,30",
"02/07/2025  18:15:03,690","    83250000"," ","6","  48,8","      226875","       43718"," 94,00",
"02/07/2025  18:15:03,690","   175250000","ECUADOR TV","7"," 110,4","      156875","          62"," 77,70",
"02/07/2025  18:15:03,690","   181250000","CADENA ECUATORIANA DE TELEVISIO","8","  40,2","      480000","       14154"," 95,70",
"02/07/2025  18:15:03,690","   187250000","TELEVISION DEL PACIFICO","9","  36,6","      999375","       13678"," 92,50",
"02/07/2025  18:15:03,690","   193250000"," ","10","  45,5","      999375","      114757"," 93,40",
"02/07/2025  18:15:03,690","   199250000"," ","11","  39,9","      999375","       57858"," 96,40",
"02/07/2025  18:15:03,690","   205250000"," ","12","  37,1","      999375","       47943"," 93,20",
"02/07/2025  18:15:03,690","   211250000","TELEAMAZONAS","13","  96,3","       94375","          49"," 39,50",
"02/07/2025  18:15:03,690","   471250000"," ","14","  28,2","      999375","       -1566"," 96,70",
"02/07/2025  18:15:03,690","   477250000"," ","15","  28,2","      999375","       -1576"," 98,00",
"02/07/2025  18:15:03,690","   483250000"," ","16","  26,2","      999375","        2715"," 97,00",
"02/07/2025  18:15:03,690","   513250000"," ","21","  27,0","      999375","        4835"," 96,00",
"02/07/2025  18:15:03,690","   519250000","UCSG TELEVISION","22","  27,6","      999375","        1731"," 95,60",
"02/07/2025  18:15:03,690","   525250000"," ","23","  28,3","      999375","        4831"," 93,80",
"02/07/2025  18:15:03,690","   531250000"," ","24","  37,4","      999375","       -3514"," 98,60",
"02/07/2025  18:15:03,690","   537250000"," ","25","  27,9","      999375","       -4302"," 93,90",
"02/07/2025  18:15:03,690","   543250000","SONOVISIÓN TV","26","  28,0","      999375","        2568"," 95,60",
"02/07/2025  18:15:03,690","   549250000"," ","27","  28,6","      999375","       -1935"," 96,40",
"02/07/2025  18:15:03,690","   555250000","DIGITAL TV","28","  34,8","      999375","        9830"," 95,90",
"02/07/2025  18:15:03,690","   561250000"," ","29","  27,8","      999375","        3008"," 91,50",
"02/07/2025  18:15:03,690","   567250000","TV LEGISLATIVA NO AUTORIZADA","30","  28,7","      999375","          55"," 95,60",
"02/07/2025  18:15:03,690","   573250000"," ","31","  32,1","      999375","       -4794"," 94,10",
"02/07/2025  18:15:03,690","   579250000","TELEATAHUALPA (RTU)","32","  39,0","      999375","        -680"," 98,10",
"02/07/2025  18:15:03,690","   585250000"," ","33","  29,2","      999375","          32"," 93,30",
"02/07/2025  18:15:03,690","   591250000"," ","34","  28,7","      999375","        -455"," 96,60",
"02/07/2025  18:15:03,690","   597250000"," ","35","  29,5","      999375","        1314"," 94,50",
"02/07/2025  18:15:03,690","   603250000"," ","36","  30,5","      999375","        1637"," 97,10",
"02/07/2025  18:15:03,690","   615250000"," ","38","  30,4","      999375","       -1880"," 96,60",
"02/07/2025  18:15:03,690","   621250000"," ","39","  29,7","      999375","        -287"," 95,70",
"02/07/2025  18:15:03,690","   627250000"," ","40","  27,9","      999375","        1847"," 95,30",
"02/07/2025  18:15:03,690","   633250000"," ","41","  29,1","      999375","       19636"," 96,70",
"02/07/2025  18:15:03,690","   639250000"," ","42","  39,1","      999375","       -4316"," 97,70",
"02/07/2025  18:15:03,690","   645250000"," ","43","  32,1","      999375","       -6720"," 93,40",
"02/07/2025  18:15:03,690","   651250000"," ","44","  26,4","      999375","         682"," 93,80",
"02/07/2025  18:15:03,690","   657250000"," ","45","  28,1","      999375","       -1027"," 94,50",
"02/07/2025  18:15:03,690","   663250000"," ","46","  30,8","      999375","       -2939"," 94,20",
"02/07/2025  18:15:03,690","   669250000"," ","47","  27,8","      999375","       -2101"," 94,90",
"02/07/2025  18:15:03,690","   675250000","EL CIUDADANO TV NO AUTORIZADA","48","  34,9","      999375","       -4281"," 96,80",
"02/07/2025  18:15:03,690","   681250000"," ","49","  28,6","      999375","       -3541"," 95,90",
"02/07/2025  18:15:03,690","   687250000"," ","50","  25,8","      999375","         363"," 96,90",
"02/07/2025  18:15:03,690","   693250000"," ","51","  31,1","      999375","        8579"," 94,60",
"02/07/2025  18:15:57,563","    61250000","RED TELESISTEMA (R.T.S)","3","  83,0","       93750","        -485"," 32,80",
"02/07/2025  18:15:57,563","    67250000"," ","4","  43,1","      999375","      -72674"," 93,40",
"02/07/2025  18:15:57,563","    77250000"," ","5","  49,5","      866875","       -2184"," 44,10",
"02/07/2025  18:15:57,563","    83250000"," ","6","  47,5","      283125","       47927"," 97,50",
"02/07/2025  18:15:57,563","   175250000","ECUADOR TV","7"," 110,2","      156875","          63"," 68,20",
"02/07/2025  18:15:57,563","   181250000","CADENA ECUATORIANA DE TELEVISIO","8","  38,6","       94375","       22188"," 96,00",
"02/07/2025  18:15:57,563","   187250000","TELEVISION DEL PACIFICO","9","  37,5","      999375","       11759"," 96,80",
"02/07/2025  18:15:57,563","   193250000"," ","10","  45,5","      999375","      124042"," 94,70",
"02/07/2025  18:15:57,563","   199250000"," ","11","  39,4","      999375","       68431"," 93,30",
"02/07/2025  18:15:57,563","   205250000"," ","12","  37,1","      999375","       26555"," 94,50",
"02/07/2025  18:15:57,563","   211250000","TELEAMAZONAS","13","  96,4","      220000","         -30"," 39,20",
"02/07/2025  18:15:57,563","   471250000"," ","14","  27,6","      999375","        6978"," 96,40",
"02/07/2025  18:15:57,563","   477250000"," ","15","  27,0","      999375","         -57"," 92,30",
"02/07/2025  18:15:57,563","   483250000"," ","16","  26,6","      999375","       -3054"," 95,10",
"02/07/2025  18:15:57,563","   513250000"," ","21","  25,8","      999375","       -6840"," 95,20",
"02/07/2025  18:15:57,563","   519250000","UCSG TELEVISION","22","  26,9","      999375","         116"," 95,20",
"02/07/2025  18:15:57,563","   525250000"," ","23","  30,0","      987500","         603"," 96,60",
"02/07/2025  18:15:57,563","   531250000"," ","24","  29,0","      999375","       -4841"," 94,90",
"02/07/2025  18:15:57,563","   537250000"," ","25","  28,9","      999375","       -4607"," 96,00",
"02/07/2025  18:15:57,563","   543250000","SONOVISIÓN TV","26","  28,6","      999375","        1070"," 97,50",
"02/07/2025  18:15:57,563","   549250000"," ","27","  28,1","      999375","         786"," 93,80",
"02/07/2025  18:15:57,563","   555250000","DIGITAL TV","28","  35,7","      999375","        9036"," 95,00",
"02/07/2025  18:15:57,563","   561250000"," ","29","  29,2","      999375","        -256"," 96,40",
"02/07/2025  18:15:57,563","   567250000","TV LEGISLATIVA NO AUTORIZADA","30","  30,0","      999375","        6325"," 95,60",
"02/07/2025  18:15:57,563","   573250000"," ","31","  29,4","      999375","       -1447"," 95,50",
"02/07/2025  18:15:57,563","   579250000","TELEATAHUALPA (RTU)","32","  29,0","      999375","        1903"," 95,10",
"02/07/2025  18:15:57,563","   585250000"," ","33","  28,9","      999375","        4057"," 93,90",
"02/07/2025  18:15:57,563","   591250000"," ","34","  28,9","      999375","        2337"," 96,10",
"02/07/2025  18:15:57,563","   597250000"," ","35","  30,5","      999375","        -141"," 96,90",
"02/07/2025  18:15:57,563","   603250000"," ","36","  29,2","      999375","        2095"," 92,80",
"02/07/2025  18:15:57,563","   615250000"," ","38","  28,3","      999375","         672"," 97,20",
"02/07/2025  18:15:57,563","   621250000"," ","39","  28,8","      999375","        1655"," 95,50",
"02/07/2025  18:15:57,563","   627250000"," ","40","  29,0","      999375","       -5830"," 94,90",
"02/07/2025  18:15:57,563","   633250000"," ","41","  28,5","      999375","       17417"," 96,10",
"02/07/2025  18:15:57,563","   639250000"," ","42","  40,5","      999375","       -3835"," 97,40",
"02/07/2025  18:15:57,563","   645250000"," ","43","  33,6","      999375","       -4171"," 94,90",
"02/07/2025  18:15:57,563","   651250000"," ","44","  28,3","      999375","        6377"," 94,90",
"02/07/2025  18:15:57,563","   657250000"," ","45","  28,8","      999375","        3626"," 95,90",
"02/07/2025  18:15:57,563","   663250000"," ","46","  30,3","      999375","       -3950"," 97,70",
"02/07/2025  18:15:57,563","   669250000"," ","47","  26,8","      999375","        2148"," 96,70",
"02/07/2025  18:15:57,563","   675250000","EL CIUDADANO TV NO AUTORIZADA","48","  33,3","      999375","       -4969"," 98,00",
"02/07/2025  18:15:57,563","   681250000"," ","49","  27,7","      999375","          37"," 93,30",
"02/07/2025  18:15:57,563","   687250000"," ","50","  26,6","      999375","        3201"," 93,30",
"02/07/2025  18:15:57,563","   693250000"," ","51","  30,7","      999375","       -1780"," 96,40",
"02/07/2025  18:16:51,432","    61250000","RED TELESISTEMA (R.T.S)","3","  83,3","       93750","        -418"," 30,10",
"02/07/2025  18:16:51,432","    67250000"," ","4","  43,9","      999375","       -2706"," 96,60",
"02/07/2025  18:16:51,432","    77250000"," ","5","  49,2","      911875","       -2962"," 30,40",
"02/07/2025  18:16:51,432","    83250000"," ","6","  47,0","      134375","       40949"," 96,70",
"02/07/2025  18:16:51,432","   175250000","ECUADOR TV","7"," 110,2","      125625","          63"," 71,50",
"02/07/2025  18:16:51,432","   181250000","CADENA ECUATORIANA DE TELEVISIO","8","  42,9","      568750","       16535"," 95,40",
"02/07/2025  18:16:51,432","   187250000","TELEVISION DEL PACIFICO","9","  36,9","      999375","       15360"," 95,00",
"02/07/2025  18:16:51,432","   193250000"," ","10","  47,3","      999375","      105482"," 92,20",
"02/07/2025  18:16:51,432","   199250000"," ","11","  38,7","      999375","       58014"," 96,70",
"02/07/2025  18:16:51,432","   205250000"," ","12","  35,9","      999375","       30905"," 94,10",
"02/07/2025  18:16:51,432","   211250000","TELEAMAZONAS","13","  96,5","      110000","        -106"," 44,80",
"02/07/2025  18:16:51,432","   471250000"," ","14","  27,7","      999375","         737"," 93,30",
"02/07/2025  18:16:51,432","   477250000"," ","15","  26,6","      999375","       -5507"," 92,90",
"02/07/2025  18:16:51,432","   483250000"," ","16","  27,1","      999375","        3988"," 95,00",
"02/07/2025  18:16:51,432","   513250000"," ","21","  26,4","      999375","        2809"," 95,10",
"02/07/2025  18:16:51,432","   519250000","UCSG TELEVISION","22","  27,0","      999375","       -1632"," 94,10",
"02/07/2025  18:16:51,432","   525250000"," ","23","  26,9","      943125","        3348"," 93,00",
"02/07/2025  18:16:51,432","   531250000"," ","24","  26,2","      999375","       -1008"," 95,70",
"02/07/2025  18:16:51,432","   537250000"," ","25","  27,4","      999375","        -779"," 95,70",
"02/07/2025  18:16:51,432","   543250000","SONOVISIÓN TV","26","  27,7","      999375","        3911"," 97,30",
"02/07/2025  18:16:51,432","   549250000"," ","27","  26,8","      999375","         988"," 96,10",
"02/07/2025  18:16:51,432","   555250000","DIGITAL TV","28","  35,7","      999375","       11316"," 95,60",
"02/07/2025  18:16:51,432","   561250000"," ","29","  28,5","      999375","        3153"," 93,70",
"02/07/2025  18:16:51,432","   567250000","TV LEGISLATIVA NO AUTORIZADA","30","  32,3","      999375","       -2301"," 96,30",
"02/07/2025  18:16:51,432","   573250000"," ","31","  29,4","      999375","        -877"," 96,90",
"02/07/2025  18:16:51,432","   579250000","TELEATAHUALPA (RTU)","32","  30,1","      999375","       -2425"," 94,70",
"02/07/2025  18:16:51,432","   585250000"," ","33","  29,4","      999375","        1275"," 95,10",
"02/07/2025  18:16:51,432","   591250000"," ","34","  29,6","      999375","          52"," 94,60",
"02/07/2025  18:16:51,432","   597250000"," ","35","  30,2","      999375","       -3397"," 95,10",
"02/07/2025  18:16:51,432","   603250000"," ","36","  29,2","      999375","       -6561"," 95,50",
"02/07/2025  18:16:51,432","   615250000"," ","38","  30,3","      999375","       -2858"," 95,40",
"02/07/2025  18:16:51,432","   621250000"," ","39","  29,1","      999375","       -1558"," 94,80",
"02/07/2025  18:16:51,432","   627250000"," ","40","  27,9","      999375","       -2176"," 93,50",
"02/07/2025  18:16:51,432","   633250000"," ","41","  28,2","      999375","       18647"," 94,30",
"02/07/2025  18:16:51,432","   639250000"," ","42","  43,5","      999375","       -2718"," 99,30",
"02/07/2025  18:16:51,432","   645250000"," ","43","  33,0","      999375","        -523"," 95,40",
"02/07/2025  18:16:51,432","   651250000"," ","44","  28,0","      999375","        1871"," 94,80",
"02/07/2025  18:16:51,432","   657250000"," ","45","  30,0","      999375","         824"," 96,00",
"02/07/2025  18:16:51,432","   663250000"," ","46","  31,2","      203750","        6096"," 96,40",
"02/07/2025  18:16:51,432","   669250000"," ","47","  26,7","      220000","       -4839"," 93,20",
"02/07/2025  18:16:51,432","   675250000","EL CIUDADANO TV NO AUTORIZADA","48","  31,8","      999375","       -3665"," 95,30",
"02/07/2025  18:16:51,432","   681250000"," ","49","  28,9","      999375","         531"," 94,10",
"02/07/2025  18:16:51,432","   687250000"," ","50","  27,7","      999375","       -4204"," 95,40",
"02/07/2025  18:16:51,432","   693250000"," ","51","  30,3","      999375","        6666"," 96,40",
"03/07/2025  7:15:03,537","    61250000","RED TELESISTEMA (R.T.S)","3","  88,0","      125625","        -279"," 70,10",
"03/07/2025  7:15:03,537","    67250000"," ","4","  60,8","      999375","        1817"," 97,30",
"03/07/2025  7:15:03,537","    77250000"," ","5","  56,6","      999375","         131"," 96,80",
"03/07/2025  7:15:03,537","    83250000"," ","6","  49,0","      999375","        3172"," 97,20",
"03/07/2025  7:15:03,537","   175250000","ECUADOR TV","7"," 109,4","      125625","          62"," 53,80",
"03/07/2025  7:15:03,537","   181250000","CADENA ECUATORIANA DE TELEVISIO","8","  45,7","      999375","         999"," 94,90",
"03/07/2025  7:15:03,537","   187250000","TELEVISION DEL PACIFICO","9","  42,6","      999375","        3445"," 98,40",
"03/07/2025  7:15:03,537","   193250000"," ","10","  41,1","      999375","       38804"," 93,10",
"03/07/2025  7:15:03,537","   199250000"," ","11","  40,3","      999375","       12301"," 95,70",
"03/07/2025  7:15:03,537","   205250000"," ","12","  37,0","      999375","        4001"," 93,50",
"03/07/2025  7:15:03,537","   211250000","TELEAMAZONAS","13","  93,2","      156875","         -28"," 55,40",
"03/07/2025  7:15:03,537","   471250000"," ","14","  30,0","      999375","       -1454"," 95,30",
"03/07/2025  7:15:03,537","   477250000"," ","15","  28,4","      999375","         739"," 92,70",
"03/07/2025  7:15:03,537","   483250000"," ","16","  26,7","      999375","       -4915"," 92,40",
"03/07/2025  7:15:03,537","   513250000"," ","21","  25,7","      999375","       -1560"," 93,30",
"03/07/2025  7:15:03,537","   519250000","UCSG TELEVISION","22","  27,8","      999375","       -3878"," 95,80",
"03/07/2025  7:15:03,537","   525250000"," ","23","  27,8","      999375","       -1150"," 95,70",
"03/07/2025  7:15:03,537","   531250000"," ","24","  27,7","      999375","        2298"," 94,30",
"03/07/2025  7:15:03,537","   537250000"," ","25","  28,1","      999375","        3116"," 94,30",
"03/07/2025  7:15:03,537","   543250000","SONOVISIÓN TV","26","  28,6","      999375","        -670"," 93,60",
"03/07/2025  7:15:03,537","   549250000"," ","27","  28,2","      999375","        1254"," 95,30",
"03/07/2025  7:15:03,537","   555250000","DIGITAL TV","28","  31,3","      999375","       -1954"," 95,30",
"03/07/2025  7:15:03,537","   561250000"," ","29","  28,6","      999375","        -704"," 95,60",
"03/07/2025  7:15:03,537","   567250000","TV LEGISLATIVA NO AUTORIZADA","30","  28,2","      999375","       -2904"," 96,50",
"03/07/2025  7:15:03,537","   573250000"," ","31","  30,0","      999375","        1944"," 93,90",
"03/07/2025  7:15:03,537","   579250000","TELEATAHUALPA (RTU)","32","  29,7","      999375","       -1352"," 95,10",
"03/07/2025  7:15:03,537","   585250000"," ","33","  28,5","      999375","        3829"," 96,00",
"03/07/2025  7:15:03,537","   591250000"," ","34","  29,2","      999375","        3578"," 94,50",
"03/07/2025  7:15:03,537","   597250000"," ","35","  29,7","      999375","         257"," 97,00",
"03/07/2025  7:15:03,537","   603250000"," ","36","  29,2","      999375","         309"," 96,80",
"03/07/2025  7:15:03,537","   615250000"," ","38","  27,8","      999375","        2268"," 91,70",
"03/07/2025  7:15:03,537","   621250000"," ","39","  28,7","      999375","        1352"," 96,00",
"03/07/2025  7:15:03,537","   627250000"," ","40","  27,9","      999375","       -2480"," 95,10",
"03/07/2025  7:15:03,537","   633250000"," ","41","  28,0","      999375","       29028"," 95,50",
"03/07/2025  7:15:03,537","   639250000"," ","42","  39,4","      999375","        1651"," 98,20",
"03/07/2025  7:15:03,537","   645250000"," ","43","  30,5","      999375","       -3151"," 94,90",
"03/07/2025  7:15:03,537","   651250000"," ","44","  29,0","      999375","       -3451"," 95,40",
"03/07/2025  7:15:03,537","   657250000"," ","45","  26,6","      999375","       -3194"," 90,60",
"03/07/2025  7:15:03,537","   663250000"," ","46","  27,8","      999375","         837"," 93,80",
"03/07/2025  7:15:03,537","   669250000"," ","47","  27,8","      999375","       -2377"," 95,70",
"03/07/2025  7:15:03,537","   675250000","EL CIUDADANO TV NO AUTORIZADA","48","  30,1","      999375","       -3187"," 95,40",
"03/07/2025  7:15:03,537","   681250000"," ","49","  28,5","      999375","        1537"," 97,10",
"03/07/2025  7:15:03,537","   687250000"," ","50","  27,2","      999375","       -5919"," 95,20",
"03/07/2025  7:15:03,537","   693250000"," ","51","  29,3","      999375","       -2749"," 91,70",
"03/07/2025  7:15:57,008","    61250000","RED TELESISTEMA (R.T.S)","3","  88,0","      251250","        -367"," 70,30",
"03/07/2025  7:15:57,008","    67250000"," ","4","  48,9","      999375","       -1975"," 96,50",
"03/07/2025  7:15:57,008","    77250000"," ","5","  55,6","      999375","       -3898"," 96,70",
"03/07/2025  7:15:57,008","    83250000"," ","6","  55,6","      998750","        4668"," 97,50",
"03/07/2025  7:15:57,008","   175250000","ECUADOR TV","7"," 109,9","      156875","          63"," 63,70",
"03/07/2025  7:15:57,008","   181250000","CADENA ECUATORIANA DE TELEVISIO","8","  43,4","      999375","        -164"," 94,60",
"03/07/2025  7:15:57,008","   187250000","TELEVISION DEL PACIFICO","9","  42,7","      999375","        3099"," 95,90",
"03/07/2025  7:15:57,008","   193250000"," ","10","  41,9","      999375","       43390"," 95,90",
"03/07/2025  7:15:57,008","   199250000"," ","11","  40,9","      999375","        7348"," 96,80",
"03/07/2025  7:15:57,008","   205250000"," ","12","  38,0","      999375","         693"," 94,20",
"03/07/2025  7:15:57,008","   211250000","TELEAMAZONAS","13","  93,6","      125625","         306"," 52,80",
"03/07/2025  7:15:57,008","   471250000"," ","14","  27,0","      999375","       -1568"," 92,90",
"03/07/2025  7:15:57,008","   477250000"," ","15","  28,0","      999375","       -3867"," 95,00",
"03/07/2025  7:15:57,008","   483250000"," ","16","  28,0","      999375","       -3957"," 94,60",
"03/07/2025  7:15:57,008","   513250000"," ","21","  27,3","      999375","       -1243"," 95,90",
"03/07/2025  7:15:57,008","   519250000","UCSG TELEVISION","22","  28,3","      999375","        5211"," 96,00",
"03/07/2025  7:15:57,008","   525250000"," ","23","  27,5","      999375","        3671"," 96,90",
"03/07/2025  7:15:57,008","   531250000"," ","24","  26,8","      999375","        2078"," 96,50",
"03/07/2025  7:15:57,008","   537250000"," ","25","  27,2","      999375","       -3094"," 95,30",
"03/07/2025  7:15:57,008","   543250000","SONOVISIÓN TV","26","  28,3","      999375","       -2749"," 93,90",
"03/07/2025  7:15:57,008","   549250000"," ","27","  27,6","      999375","        4870"," 96,00",
"03/07/2025  7:15:57,008","   555250000","DIGITAL TV","28","  31,3","      999375","        -972"," 94,70",
"03/07/2025  7:15:57,008","   561250000"," ","29","  28,7","      999375","       -2634"," 92,30",
"03/07/2025  7:15:57,008","   567250000","TV LEGISLATIVA NO AUTORIZADA","30","  30,3","      999375","       -1697"," 95,40",
"03/07/2025  7:15:57,008","   573250000"," ","31","  29,9","      999375","        2243"," 96,50",
"03/07/2025  7:15:57,008","   579250000","TELEATAHUALPA (RTU)","32","  29,2","      999375","       -2382"," 94,80",
"03/07/2025  7:15:57,008","   585250000"," ","33","  28,6","      999375","        4448"," 97,80",
"03/07/2025  7:15:57,008","   591250000"," ","34","  28,4","      999375","        2492"," 92,80",
"03/07/2025  7:15:57,008","   597250000"," ","35","  30,1","      999375","       -1132"," 95,00",
"03/07/2025  7:15:57,008","   603250000"," ","36","  28,4","      999375","        1028"," 94,10",
"03/07/2025  7:15:57,008","   615250000"," ","38","  30,1","      999375","       -1746"," 96,40",
"03/07/2025  7:15:57,008","   621250000"," ","39","  30,0","      999375","       -2720"," 94,50",
"03/07/2025  7:15:57,008","   627250000"," ","40","  27,8","      999375","        3156"," 95,00",
"03/07/2025  7:15:57,008","   633250000"," ","41","  28,9","      999375","       29898"," 95,00",
"03/07/2025  7:15:57,008","   639250000"," ","42","  39,4","      999375","       -3061"," 97,90",
"03/07/2025  7:15:57,008","   645250000"," ","43","  30,8","      999375","       -2651"," 93,80",
"03/07/2025  7:15:57,008","   651250000"," ","44","  27,6","      999375","        3371"," 96,00",
"03/07/2025  7:15:57,008","   657250000"," ","45","  28,2","      999375","        2483"," 97,20",
"03/07/2025  7:15:57,008","   663250000"," ","46","  30,0","      999375","       24262"," 93,80",
"03/07/2025  7:15:57,008","   669250000"," ","47","  28,1","      999375","        1295"," 96,80",
"03/07/2025  7:15:57,008","   675250000","EL CIUDADANO TV NO AUTORIZADA","48","  30,9","      999375","        1853"," 94,30",
"03/07/2025  7:15:57,008","   681250000"," ","49","  28,4","      999375","        -218"," 97,50",
"03/07/2025  7:15:57,008","   687250000"," ","50","  28,3","      999375","       -3117"," 94,70",
"03/07/2025  7:15:57,008","   693250000"," ","51","  28,2","      999375","         228"," 96,00",
"03/07/2025  7:16:50,496","    61250000","RED TELESISTEMA (R.T.S)","3","  87,9","      157500","        -307"," 67,80",
"03/07/2025  7:16:50,496","    67250000"," ","4","  57,6","      999375","        3254"," 97,30",
"03/07/2025  7:16:50,496","    77250000"," ","5","  57,1","      999375","       -1913"," 95,20",
"03/07/2025  7:16:50,496","    83250000"," ","6","  53,4","      999375","        7249"," 96,20",
"03/07/2025  7:16:50,496","   175250000","ECUADOR TV","7"," 109,7","      392500","          63"," 64,70",
"03/07/2025  7:16:50,496","   181250000","CADENA ECUATORIANA DE TELEVISIO","8","  46,0","      999375","         -97"," 96,90",
"03/07/2025  7:16:50,496","   187250000","TELEVISION DEL PACIFICO","9","  42,2","      999375","       -5787"," 94,60",
"03/07/2025  7:16:50,496","   193250000"," ","10","  41,8","      999375","       61394"," 97,20",
"03/07/2025  7:16:50,496","   199250000"," ","11","  38,6","      999375","       12948"," 95,00",
"03/07/2025  7:16:50,496","   205250000"," ","12","  38,5","      999375","        1388"," 95,80",
"03/07/2025  7:16:50,496","   211250000","TELEAMAZONAS","13","  93,3","      220000","        -156"," 66,80",
"03/07/2025  7:16:50,496","   471250000"," ","14","  26,4","      999375","         880"," 95,80",
"03/07/2025  7:16:50,496","   477250000"," ","15","  28,6","      999375","       -3639"," 95,00",
"03/07/2025  7:16:50,496","   483250000"," ","16","  26,3","      999375","       -3323"," 92,50",
"03/07/2025  7:16:50,496","   513250000"," ","21","  28,7","      999375","        2050"," 95,70",
"03/07/2025  7:16:50,496","   519250000","UCSG TELEVISION","22","  27,7","      999375","        -471"," 97,00",
"03/07/2025  7:16:50,496","   525250000"," ","23","  26,9","      999375","        2325"," 94,00",
"03/07/2025  7:16:50,496","   531250000"," ","24","  27,5","      999375","        -271"," 96,60",
"03/07/2025  7:16:50,496","   537250000"," ","25","  27,8","      999375","        4464"," 97,00",
"03/07/2025  7:16:50,496","   543250000","SONOVISIÓN TV","26","  27,8","      999375","        3853"," 97,80",
"03/07/2025  7:16:50,496","   549250000"," ","27","  27,7","      999375","       -2556"," 93,60",
"03/07/2025  7:16:50,496","   555250000","DIGITAL TV","28","  32,5","      999375","        2953"," 95,20",
"03/07/2025  7:16:50,496","   561250000"," ","29","  28,5","      999375","         418"," 94,90",
"03/07/2025  7:16:50,496","   567250000","TV LEGISLATIVA NO AUTORIZADA","30","  29,0","      999375","        2121"," 96,50",
"03/07/2025  7:16:50,496","   573250000"," ","31","  28,3","      999375","        4362"," 94,40",
"03/07/2025  7:16:50,496","   579250000","TELEATAHUALPA (RTU)","32","  28,2","      999375","       -5249"," 94,20",
"03/07/2025  7:16:50,496","   585250000"," ","33","  31,7","      999375","       76061"," 91,30",
"03/07/2025  7:16:50,496","   591250000"," ","34","  29,5","      999375","        4715"," 96,60",
"03/07/2025  7:16:50,496","   597250000"," ","35","  28,6","      999375","        1479"," 94,50",
"03/07/2025  7:16:50,496","   603250000"," ","36","  28,9","      999375","        2465"," 89,00",
"03/07/2025  7:16:50,496","   615250000"," ","38","  29,2","      999375","       -4744"," 96,30",
"03/07/2025  7:16:50,496","   621250000"," ","39","  28,3","      999375","       -2503"," 94,40",
"03/07/2025  7:16:50,496","   627250000"," ","40","  29,7","      999375","       -4215"," 96,10",
"03/07/2025  7:16:50,496","   633250000"," ","41","  28,1","      999375","       30440"," 95,00",
"03/07/2025  7:16:50,496","   639250000"," ","42","  38,0","      999375","       -5381"," 97,70",
"03/07/2025  7:16:50,496","   645250000"," ","43","  30,9","      999375","       -2821"," 95,20",
"03/07/2025  7:16:50,496","   651250000"," ","44","  27,9","      999375","        2059"," 94,30",
"03/07/2025  7:16:50,496","   657250000"," ","45","  27,9","      999375","       -1982"," 96,50",
"03/07/2025  7:16:50,496","   663250000"," ","46","  30,8","      999375","        1998"," 94,80",
"03/07/2025  7:16:50,496","   669250000"," ","47","  26,9","      999375","         586"," 93,90",
"03/07/2025  7:16:50,496","   675250000","EL CIUDADANO TV NO AUTORIZADA","48","  31,6","      999375","       -4083"," 96,30",
"03/07/2025  7:16:50,496","   681250000"," ","49","  29,5","      999375","        -155"," 96,10",
"03/07/2025  7:16:50,496","   687250000"," ","50","  26,5","      999375","        5753"," 97,80",
"03/07/2025  7:16:50,496","   693250000"," ","51","  31,0","      999375","        3156"," 96,90",
"03/07/2025  18:15:03,416","    61250000","RED TELESISTEMA (R.T.S)","3","  86,9","       93750","        -497"," 43,60",
"03/07/2025  18:15:03,416","    67250000"," ","4","  38,6","      999375","        1609"," 96,50",
"03/07/2025  18:15:03,416","    77250000"," ","5","  41,4","      845000","         295"," 76,50",
"03/07/2025  18:15:03,416","    83250000"," ","6","  38,9","      817500","       39615"," 95,60",
"03/07/2025  18:15:03,416","   175250000","ECUADOR TV","7"," 108,9","      156875","          62"," 57,10",
"03/07/2025  18:15:03,416","   181250000","CADENA ECUATORIANA DE TELEVISIO","8","  37,9","      999375","        -671"," 95,40",
"03/07/2025  18:15:03,416","   187250000","TELEVISION DEL PACIFICO","9","  36,3","      999375","        4670"," 96,30",
"03/07/2025  18:15:03,416","   193250000"," ","10","  41,1","      999375","      112258"," 95,50",
"03/07/2025  18:15:03,416","   199250000"," ","11","  39,4","      999375","       76522"," 95,60",
"03/07/2025  18:15:03,416","   205250000"," ","12","  35,0","      999375","      -17557"," 94,40",
"03/07/2025  18:15:03,416","   211250000","TELEAMAZONAS","13","  93,2","      126875","         150"," 75,50",
"03/07/2025  18:15:03,416","   471250000"," ","14","  27,1","      999375","        -439"," 94,20",
"03/07/2025  18:15:03,416","   477250000"," ","15","  28,3","      999375","        -635"," 96,90",
"03/07/2025  18:15:03,416","   483250000"," ","16","  26,7","      999375","        -733"," 94,90",
"03/07/2025  18:15:03,416","   513250000"," ","21","  27,4","      999375","         564"," 94,80",
"03/07/2025  18:15:03,416","   519250000","UCSG TELEVISION","22","  34,0","      999375","        1050"," 96,40",
"03/07/2025  18:15:03,416","   525250000"," ","23","  26,8","      999375","        -709"," 96,00",
"03/07/2025  18:15:03,416","   531250000"," ","24","  27,2","      999375","        3242"," 95,50",
"03/07/2025  18:15:03,416","   537250000"," ","25","  27,5","      999375","        2238"," 96,60",
"03/07/2025  18:15:03,416","   543250000","SONOVISIÓN TV","26","  28,2","      999375","        5017"," 96,20",
"03/07/2025  18:15:03,416","   549250000"," ","27","  28,1","      999375","        -926"," 94,40",
"03/07/2025  18:15:03,416","   555250000","DIGITAL TV","28","  30,4","      999375","        3752"," 93,90",
"03/07/2025  18:15:03,416","   561250000"," ","29","  29,1","      999375","        2065"," 96,80",
"03/07/2025  18:15:03,416","   567250000","TV LEGISLATIVA NO AUTORIZADA","30","  30,9","      999375","        -498"," 96,20",
"03/07/2025  18:15:03,416","   573250000"," ","31","  29,4","      999375","         617"," 96,90",
"03/07/2025  18:15:03,416","   579250000","TELEATAHUALPA (RTU)","32","  30,5","      999375","       -5831"," 97,10",
"03/07/2025  18:15:03,416","   585250000"," ","33","  29,2","      999375","        1098"," 95,10",
"03/07/2025  18:15:03,416","   591250000"," ","34","  43,8","      999375","         790"," 97,60",
"03/07/2025  18:15:03,416","   597250000"," ","35","  28,8","      999375","        1830"," 92,90",
"03/07/2025  18:15:03,416","   603250000"," ","36","  28,5","      999375","          61"," 92,30",
"03/07/2025  18:15:03,416","   615250000"," ","38","  28,2","      999375","        -207"," 93,60",
"03/07/2025  18:15:03,416","   621250000"," ","39","  28,5","      999375","       -1206"," 96,30",
"03/07/2025  18:15:03,416","   627250000"," ","40","  27,5","      999375","        4375"," 93,50",
"03/07/2025  18:15:03,416","   633250000"," ","41","  29,9","      999375","       29698"," 95,90",
"03/07/2025  18:15:03,416","   639250000"," ","42","  40,8","      999375","       -2689"," 97,60",
"03/07/2025  18:15:03,416","   645250000"," ","43","  33,3","      999375","        2894"," 96,20",
"03/07/2025  18:15:03,416","   651250000"," ","44","  26,9","      999375","        -930"," 93,40",
"03/07/2025  18:15:03,416","   657250000"," ","45","  28,9","      999375","        -672"," 95,50",
"03/07/2025  18:15:03,416","   663250000"," ","46","  28,7","      999375","       -1047"," 96,00",
"03/07/2025  18:15:03,416","   669250000"," ","47","  26,6","      999375","       -5610"," 92,00",
"03/07/2025  18:15:03,416","   675250000","EL CIUDADANO TV NO AUTORIZADA","48","  30,4","      999375","        2240"," 94,20",
"03/07/2025  18:15:03,416","   681250000"," ","49","  29,2","      999375","        -903"," 94,30",
"03/07/2025  18:15:03,416","   687250000"," ","50","  26,7","      999375","        2198"," 93,50",
"03/07/2025  18:15:03,416","   693250000"," ","51","  29,2","      999375","         839"," 95,50",
"03/07/2025  18:15:57,088","    61250000","RED TELESISTEMA (R.T.S)","3","  87,3","       94375","        -518"," 46,10",
"03/07/2025  18:15:57,088","    67250000"," ","4","  40,7","      999375","        2446"," 94,90",
"03/07/2025  18:15:57,088","    77250000"," ","5","  44,3","      873750","       -2472"," 87,40",
"03/07/2025  18:15:57,088","    83250000"," ","6","  39,8","      850000","       31515"," 95,80",
"03/07/2025  18:15:57,088","   175250000","ECUADOR TV","7"," 108,9","      188125","          63"," 59,10",
"03/07/2025  18:15:57,088","   181250000","CADENA ECUATORIANA DE TELEVISIO","8","  37,0","      999375","       -1024"," 90,50",
"03/07/2025  18:15:57,088","   187250000","TELEVISION DEL PACIFICO","9","  37,8","      999375","        2062"," 95,70",
"03/07/2025  18:15:57,088","   193250000"," ","10","  41,1","      999375","       95709"," 95,80",
"03/07/2025  18:15:57,088","   199250000"," ","11","  38,8","      999375","      110886"," 93,60",
"03/07/2025  18:15:57,088","   205250000"," ","12","  36,0","      999375","       -1423"," 95,60",
"03/07/2025  18:15:57,088","   211250000","TELEAMAZONAS","13","  93,0","      125625","        -114"," 74,60",
"03/07/2025  18:15:57,088","   471250000"," ","14","  31,5","      999375","        1240"," 95,50",
"03/07/2025  18:15:57,088","   477250000"," ","15","  27,4","      999375","       -2095"," 93,90",
"03/07/2025  18:15:57,088","   483250000"," ","16","  27,1","      999375","       -2180"," 93,20",
"03/07/2025  18:15:57,088","   513250000"," ","21","  27,6","      999375","        -492"," 95,00",
"03/07/2025  18:15:57,088","   519250000","UCSG TELEVISION","22","  26,6","      999375","        4027"," 93,10",
"03/07/2025  18:15:57,088","   525250000"," ","23","  27,5","      999375","       -7643"," 94,50",
"03/07/2025  18:15:57,088","   531250000"," ","24","  26,6","      999375","       -6489"," 92,60",
"03/07/2025  18:15:57,088","   537250000"," ","25","  26,6","      999375","        1813"," 94,10",
"03/07/2025  18:15:57,088","   543250000","SONOVISIÓN TV","26","  27,3","      999375","       -1534"," 94,30",
"03/07/2025  18:15:57,088","   549250000"," ","27","  27,9","      999375","        4801"," 93,20",
"03/07/2025  18:15:57,088","   555250000","DIGITAL TV","28","  31,5","      999375","        -514"," 95,80",
"03/07/2025  18:15:57,088","   561250000"," ","29","  30,5","      999375","        3042"," 94,20",
"03/07/2025  18:15:57,088","   567250000","TV LEGISLATIVA NO AUTORIZADA","30","  29,9","      999375","        3781"," 92,00",
"03/07/2025  18:15:57,088","   573250000"," ","31","  28,9","      999375","       -3483"," 95,80",
"03/07/2025  18:15:57,088","   579250000","TELEATAHUALPA (RTU)","32","  28,2","      999375","        1770"," 96,50",
"03/07/2025  18:15:57,088","   585250000"," ","33","  28,6","      999375","        4061"," 92,80",
"03/07/2025  18:15:57,088","   591250000"," ","34","  29,3","      999375","       -1944"," 95,90",
"03/07/2025  18:15:57,088","   597250000"," ","35","  30,1","      999375","       -1040"," 96,60",
"03/07/2025  18:15:57,088","   603250000"," ","36","  28,8","      999375","        -675"," 93,60",
"03/07/2025  18:15:57,088","   615250000"," ","38","  32,9","      999375","         997"," 97,30",
"03/07/2025  18:15:57,088","   621250000"," ","39","  30,4","      999375","         441"," 94,20",
"03/07/2025  18:15:57,088","   627250000"," ","40","  29,3","      999375","       -1411"," 95,30",
"03/07/2025  18:15:57,088","   633250000"," ","41","  29,7","      999375","       28351"," 96,00",
"03/07/2025  18:15:57,088","   639250000"," ","42","  40,0","      999375","        3642"," 97,30",
"03/07/2025  18:15:57,088","   645250000"," ","43","  31,3","      999375","        1069"," 97,00",
"03/07/2025  18:15:57,088","   651250000"," ","44","  28,5","      999375","        3624"," 96,00",
"03/07/2025  18:15:57,088","   657250000"," ","45","  30,7","      999375","       -2185"," 96,60",
"03/07/2025  18:15:57,088","   663250000"," ","46","  29,9","      999375","        -634"," 97,00",
"03/07/2025  18:15:57,088","   669250000"," ","47","  27,5","      999375","         934"," 96,50",
"03/07/2025  18:15:57,088","   675250000","EL CIUDADANO TV NO AUTORIZADA","48","  29,9","      999375","       -4381"," 93,70",
"03/07/2025  18:15:57,088","   681250000"," ","49","  27,9","      999375","        -199"," 95,10",
"03/07/2025  18:15:57,088","   687250000"," ","50","  27,4","      999375","       -2514"," 94,20",
"03/07/2025  18:15:57,088","   693250000"," ","51","  31,1","      999375","         573"," 95,90",
"03/07/2025  18:16:50,356","    61250000","RED TELESISTEMA (R.T.S)","3","  86,8","       95000","        -419"," 42,60",
"03/07/2025  18:16:50,356","    67250000"," ","4","  41,4","      999375","        4851"," 96,90",
"03/07/2025  18:16:50,356","    77250000"," ","5","  43,3","      863125","       -3749"," 82,60",
"03/07/2025  18:16:50,356","    83250000"," ","6","  39,5","      855625","       36792"," 96,60",
"03/07/2025  18:16:50,356","   175250000","ECUADOR TV","7"," 109,0","      156875","          63"," 66,30",
"03/07/2025  18:16:50,356","   181250000","CADENA ECUATORIANA DE TELEVISIO","8","  36,8","      999375","        3431"," 95,80",
"03/07/2025  18:16:50,356","   187250000","TELEVISION DEL PACIFICO","9","  37,1","      999375","        8546"," 95,90",
"03/07/2025  18:16:50,356","   193250000"," ","10","  40,2","      999375","       78530"," 96,10",
"03/07/2025  18:16:50,356","   199250000"," ","11","  38,8","      999375","       61884"," 94,30",
"03/07/2025  18:16:50,356","   205250000"," ","12","  35,3","      999375","       -1866"," 97,30",
"03/07/2025  18:16:50,356","   211250000","TELEAMAZONAS","13","  92,8","      125625","         -60"," 36,50",
"03/07/2025  18:16:50,356","   471250000"," ","14","  28,5","      999375","        5624"," 95,00",
"03/07/2025  18:16:50,356","   477250000"," ","15","  27,8","      999375","         919"," 95,40",
"03/07/2025  18:16:50,356","   483250000"," ","16","  28,1","      999375","        1356"," 96,40",
"03/07/2025  18:16:50,356","   513250000"," ","21","  25,6","      999375","         743"," 95,80",
"03/07/2025  18:16:50,356","   519250000","UCSG TELEVISION","22","  26,4","      999375","       -1000"," 93,60",
"03/07/2025  18:16:50,356","   525250000"," ","23","  27,3","      999375","        1808"," 93,10",
"03/07/2025  18:16:50,356","   531250000"," ","24","  27,0","      999375","       -1060"," 94,40",
"03/07/2025  18:16:50,356","   537250000"," ","25","  27,9","      999375","       -3849"," 91,00",
"03/07/2025  18:16:50,356","   543250000","SONOVISIÓN TV","26","  27,5","      999375","         665"," 95,20",
"03/07/2025  18:16:50,356","   549250000"," ","27","  27,4","      999375","        1662"," 94,90",
"03/07/2025  18:16:50,356","   555250000","DIGITAL TV","28","  30,8","      999375","         633"," 96,70",
"03/07/2025  18:16:50,356","   561250000"," ","29","  30,0","      999375","         534"," 96,60",
"03/07/2025  18:16:50,356","   567250000","TV LEGISLATIVA NO AUTORIZADA","30","  32,3","      999375","        1284"," 96,50",
"03/07/2025  18:16:50,356","   573250000"," ","31","  28,9","      999375","       -5467"," 95,40",
"03/07/2025  18:16:50,356","   579250000","TELEATAHUALPA (RTU)","32","  28,3","      999375","        -219"," 95,10",
"03/07/2025  18:16:50,356","   585250000"," ","33","  27,6","      999375","        4006"," 93,10",
"03/07/2025  18:16:50,356","   591250000"," ","34","  30,9","      999375","        -684"," 97,40",
"03/07/2025  18:16:50,356","   597250000"," ","35","  29,7","      999375","        5131"," 96,30",
"03/07/2025  18:16:50,356","   603250000"," ","36","  30,5","      999375","       -4954"," 96,00",
"03/07/2025  18:16:50,356","   615250000"," ","38","  30,3","      999375","       -1115"," 98,70",
"03/07/2025  18:16:50,356","   621250000"," ","39","  27,6","      999375","        -284"," 94,90",
"03/07/2025  18:16:50,356","   627250000"," ","40","  27,4","      999375","        2936"," 94,90",
"03/07/2025  18:16:50,356","   633250000"," ","41","  28,7","      999375","       32083"," 92,40",
"03/07/2025  18:16:50,356","   639250000"," ","42","  36,5","      999375","        -428"," 97,20",
"03/07/2025  18:16:50,356","   645250000"," ","43","  31,5","      999375","       -1082"," 94,30",
"03/07/2025  18:16:50,356","   651250000"," ","44","  29,1","      999375","        1144"," 95,70",
"03/07/2025  18:16:50,356","   657250000"," ","45","  29,0","      999375","         322"," 94,80",
"03/07/2025  18:16:50,356","   663250000"," ","46","  29,7","      999375","        3097"," 95,70",
"03/07/2025  18:16:50,356","   669250000"," ","47","  27,0","      999375","        1664"," 93,10",
"03/07/2025  18:16:50,356","   675250000","EL CIUDADANO TV NO AUTORIZADA","48","  29,4","      999375","        1564"," 96,70",
"03/07/2025  18:16:50,356","   681250000"," ","49","  26,9","      999375","        1886"," 95,20",
"03/07/2025  18:16:50,356","   687250000"," ","50","  28,2","      999375","       -4039"," 95,10",
"03/07/2025  18:16:50,356","   693250000"," ","51","  30,5","      999375","        2196"," 97,50",
"04/07/2025  7:15:03,576","    61250000","RED TELESISTEMA (R.T.S)","3","  87,0","      188125","        -127"," 58,60",
"04/07/2025  7:15:03,576","    67250000"," ","4","  60,9","      999375","        3459"," 97,20",
"04/07/2025  7:15:03,576","    77250000"," ","5","  57,7","      999375","       -1232"," 95,10",
"04/07/2025  7:15:03,576","    83250000"," ","6","  49,9","      999375","        3150"," 96,50",
"04/07/2025  7:15:03,576","   175250000","ECUADOR TV","7"," 109,2","      125625","          63"," 49,70",
"04/07/2025  7:15:03,576","   181250000","CADENA ECUATORIANA DE TELEVISIO","8","  44,5","      999375","         657"," 95,90",
"04/07/2025  7:15:03,576","   187250000","TELEVISION DEL PACIFICO","9","  42,0","      999375","        -125"," 94,70",
"04/07/2025  7:15:03,576","   193250000"," ","10","  45,1","      999375","       72731"," 95,80",
"04/07/2025  7:15:03,576","   199250000"," ","11","  43,5","      999375","       51139"," 96,40",
"04/07/2025  7:15:03,576","   205250000"," ","12","  41,8","      999375","        7298"," 95,40",
"04/07/2025  7:15:03,576","   211250000","TELEAMAZONAS","13","  93,0","      110000","         184"," 75,00",
"04/07/2025  7:15:03,576","   471250000"," ","14","  28,6","      999375","        3211"," 97,60",
"04/07/2025  7:15:03,576","   477250000"," ","15","  29,3","      999375","       -1470"," 96,00",
"04/07/2025  7:15:03,576","   483250000"," ","16","  27,4","      999375","       -2753"," 95,70",
"04/07/2025  7:15:03,576","   513250000"," ","21","  25,8","      999375","       -2421"," 96,50",
"04/07/2025  7:15:03,576","   519250000","UCSG TELEVISION","22","  27,8","      999375","        2573"," 94,30",
"04/07/2025  7:15:03,576","   525250000"," ","23","  27,0","      999375","        1392"," 93,10",
"04/07/2025  7:15:03,576","   531250000"," ","24","  29,7","      999375","       -4494"," 95,10",
"04/07/2025  7:15:03,576","   537250000"," ","25","  28,2","      999375","       -1844"," 96,20",
"04/07/2025  7:15:03,576","   543250000","SONOVISIÓN TV","26","  28,9","      999375","         330"," 95,90",
"04/07/2025  7:15:03,576","   549250000"," ","27","  27,0","      999375","        1475"," 94,90",
"04/07/2025  7:15:03,576","   555250000","DIGITAL TV","28","  32,4","      999375","        3005"," 97,20",
"04/07/2025  7:15:03,576","   561250000"," ","29","  30,2","      999375","       -4546"," 96,70",
"04/07/2025  7:15:03,576","   567250000","TV LEGISLATIVA NO AUTORIZADA","30","  29,5","      999375","       -1284"," 93,90",
"04/07/2025  7:15:03,576","   573250000"," ","31","  28,1","      999375","        -280"," 92,20",
"04/07/2025  7:15:03,576","   579250000","TELEATAHUALPA (RTU)","32","  28,8","      999375","        -125"," 94,80",
"04/07/2025  7:15:03,576","   585250000"," ","33","  29,1","      999375","        4007"," 94,60",
"04/07/2025  7:15:03,576","   591250000"," ","34","  30,4","      999375","          97"," 97,60",
"04/07/2025  7:15:03,576","   597250000"," ","35","  29,4","      999375","        -132"," 96,80",
"04/07/2025  7:15:03,576","   603250000"," ","36","  28,8","      999375","        1122"," 94,10",
"04/07/2025  7:15:03,576","   615250000"," ","38","  30,8","      999375","       -1421"," 95,20",
"04/07/2025  7:15:03,576","   621250000"," ","39","  28,7","      999375","       -2431"," 94,80",
"04/07/2025  7:15:03,576","   627250000"," ","40","  28,8","      999375","        2737"," 96,30",
"04/07/2025  7:15:03,576","   633250000"," ","41","  29,5","      999375","       35189"," 93,20",
"04/07/2025  7:15:03,576","   639250000"," ","42","  39,8","      999375","        1246"," 97,80",
"04/07/2025  7:15:03,576","   645250000"," ","43","  31,0","      999375","       -3056"," 94,70",
"04/07/2025  7:15:03,576","   651250000"," ","44","  29,7","      999375","         736"," 95,40",
"04/07/2025  7:15:03,576","   657250000"," ","45","  27,6","      999375","       -3263"," 94,00",
"04/07/2025  7:15:03,576","   663250000"," ","46","  28,8","      999375","        5685"," 97,50",
"04/07/2025  7:15:03,576","   669250000"," ","47","  27,5","      999375","       -5050"," 95,50",
"04/07/2025  7:15:03,576","   675250000","EL CIUDADANO TV NO AUTORIZADA","48","  30,2","      999375","        5608"," 95,50",
"04/07/2025  7:15:03,576","   681250000"," ","49","  28,2","      999375","        3875"," 96,00",
"04/07/2025  7:15:03,576","   687250000"," ","50","  27,0","      999375","        -924"," 95,90",
"04/07/2025  7:15:03,576","   693250000"," ","51","  30,7","      999375","        7387"," 93,90",
"04/07/2025  7:15:57,060","    61250000","RED TELESISTEMA (R.T.S)","3","  87,4","      125625","        -235"," 54,10",
"04/07/2025  7:15:57,060","    67250000"," ","4","  53,3","      999375","        1970"," 98,20",
"04/07/2025  7:15:57,060","    77250000"," ","5","  53,3","      999375","         193"," 96,40",
"04/07/2025  7:15:57,060","    83250000"," ","6","  52,7","      999375","        4857"," 97,00",
"04/07/2025  7:15:57,060","   175250000","ECUADOR TV","7"," 109,0","      125625","          63"," 69,70",
"04/07/2025  7:15:57,060","   181250000","CADENA ECUATORIANA DE TELEVISIO","8","  44,4","      999375","       -2897"," 97,50",
"04/07/2025  7:15:57,060","   187250000","TELEVISION DEL PACIFICO","9","  40,4","      999375","        3328"," 94,90",
"04/07/2025  7:15:57,060","   193250000"," ","10","  46,3","      999375","       68672"," 95,80",
"04/07/2025  7:15:57,060","   199250000"," ","11","  44,1","      999375","       52583"," 95,60",
"04/07/2025  7:15:57,060","   205250000"," ","12","  37,7","      999375","       -1884"," 95,00",
"04/07/2025  7:15:57,060","   211250000","TELEAMAZONAS","13","  93,4","      188125","         229"," 34,40",
"04/07/2025  7:15:57,060","   471250000"," ","14","  30,4","      999375","         679"," 96,60",
"04/07/2025  7:15:57,060","   477250000"," ","15","  28,6","      999375","       -1057"," 94,00",
"04/07/2025  7:15:57,060","   483250000"," ","16","  27,7","      999375","       -5318"," 95,50",
"04/07/2025  7:15:57,060","   513250000"," ","21","  27,8","      999375","         898"," 94,50",
"04/07/2025  7:15:57,060","   519250000","UCSG TELEVISION","22","  26,6","      999375","        1466"," 97,10",
"04/07/2025  7:15:57,060","   525250000"," ","23","  27,5","      999375","        3848"," 96,80",
"04/07/2025  7:15:57,060","   531250000"," ","24","  27,4","      999375","       -3287"," 95,10",
"04/07/2025  7:15:57,060","   537250000"," ","25","  28,0","      999375","        -234"," 95,90",
"04/07/2025  7:15:57,060","   543250000","SONOVISIÓN TV","26","  26,7","      999375","        2121"," 96,20",
"04/07/2025  7:15:57,060","   549250000"," ","27","  28,2","      999375","       -1111"," 96,20",
"04/07/2025  7:15:57,060","   555250000","DIGITAL TV","28","  30,7","      999375","         716"," 95,70",
"04/07/2025  7:15:57,060","   561250000"," ","29","  28,6","      999375","       -1139"," 91,30",
"04/07/2025  7:15:57,060","   567250000","TV LEGISLATIVA NO AUTORIZADA","30","  30,6","      999375","         803"," 94,10",
"04/07/2025  7:15:57,060","   573250000"," ","31","  28,3","      999375","        2011"," 94,20",
"04/07/2025  7:15:57,060","   579250000","TELEATAHUALPA (RTU)","32","  28,9","      999375","        5285"," 96,10",
"04/07/2025  7:15:57,060","   585250000"," ","33","  28,4","      999375","        3153"," 96,10",
"04/07/2025  7:15:57,060","   591250000"," ","34","  30,1","      999375","        2980"," 95,90",
"04/07/2025  7:15:57,060","   597250000"," ","35","  29,7","      999375","         -61"," 92,50",
"04/07/2025  7:15:57,060","   603250000"," ","36","  28,2","      999375","        1482"," 96,40",
"04/07/2025  7:15:57,060","   615250000"," ","38","  28,5","      999375","        1248"," 95,70",
"04/07/2025  7:15:57,060","   621250000"," ","39","  28,8","      999375","        3284"," 94,00",
"04/07/2025  7:15:57,060","   627250000"," ","40","  29,1","      999375","        1558"," 97,20",
"04/07/2025  7:15:57,060","   633250000"," ","41","  29,7","      999375","       33187"," 96,30",
"04/07/2025  7:15:57,060","   639250000"," ","42","  39,8","      999375","         583"," 98,70",
"04/07/2025  7:15:57,060","   645250000"," ","43","  31,8","      999375","        -605"," 94,30",
"04/07/2025  7:15:57,060","   651250000"," ","44","  27,5","      999375","         -19"," 97,40",
"04/07/2025  7:15:57,060","   657250000"," ","45","  29,3","      999375","        -264"," 97,80",
"04/07/2025  7:15:57,060","   663250000"," ","46","  29,2","      999375","        3847"," 93,60",
"04/07/2025  7:15:57,060","   669250000"," ","47","  27,3","      999375","       -4528"," 95,90",
"04/07/2025  7:15:57,060","   675250000","EL CIUDADANO TV NO AUTORIZADA","48","  28,1","      999375","       -2869"," 95,00",
"04/07/2025  7:15:57,060","   681250000"," ","49","  28,3","      999375","       -1694"," 95,30",
"04/07/2025  7:15:57,060","   687250000"," ","50","  27,1","      999375","        1406"," 95,10",
"04/07/2025  7:15:57,060","   693250000"," ","51","  29,3","      999375","         -54"," 92,40",
"04/07/2025  7:16:51,648","    61250000","RED TELESISTEMA (R.T.S)","3","  86,5","      156250","        -155"," 56,80",
"04/07/2025  7:16:51,648","    67250000"," ","4","  60,1","      999375","       -3406"," 96,70",
"04/07/2025  7:16:51,648","    77250000"," ","5","  58,6","      999375","         648"," 95,70",
"04/07/2025  7:16:51,648","    83250000"," ","6","  54,9","      999375","        1983"," 97,70",
"04/07/2025  7:16:51,648","   175250000","ECUADOR TV","7"," 109,2","      125625","          63"," 71,90",
"04/07/2025  7:16:51,648","   181250000","CADENA ECUATORIANA DE TELEVISIO","8","  44,9","      999375","       -8867"," 96,10",
"04/07/2025  7:16:51,648","   187250000","TELEVISION DEL PACIFICO","9","  42,7","      999375","        3758"," 94,30",
"04/07/2025  7:16:51,648","   193250000"," ","10","  43,8","      999375","       72986"," 97,00",
"04/07/2025  7:16:51,648","   199250000"," ","11","  42,1","      999375","       45186"," 96,00",
"04/07/2025  7:16:51,648","   205250000"," ","12","  40,2","      999375","        3988"," 94,40",
"04/07/2025  7:16:51,648","   211250000","TELEAMAZONAS","13","  93,2","      110000","          16"," 41,60",
"04/07/2025  7:16:51,648","   471250000"," ","14","  28,0","      999375","         -98"," 94,00",
"04/07/2025  7:16:51,648","   477250000"," ","15","  27,4","      999375","       -3483"," 95,50",
"04/07/2025  7:16:51,648","   483250000"," ","16","  27,9","      999375","       -3465"," 95,70",
"04/07/2025  7:16:51,648","   513250000"," ","21","  26,2","      999375","        -694"," 94,50",
"04/07/2025  7:16:51,648","   519250000","UCSG TELEVISION","22","  28,0","      999375","        3809"," 96,40",
"04/07/2025  7:16:51,648","   525250000"," ","23","  27,4","      999375","        1574"," 95,00",
"04/07/2025  7:16:51,648","   531250000"," ","24","  26,2","      999375","        1625"," 94,90",
"04/07/2025  7:16:51,648","   537250000"," ","25","  27,7","      999375","       -4935"," 95,50",
"04/07/2025  7:16:51,648","   543250000","SONOVISIÓN TV","26","  28,6","      999375","       -1683"," 96,90",
"04/07/2025  7:16:51,648","   549250000"," ","27","  29,3","      999375","       -2081"," 94,80",
"04/07/2025  7:16:51,648","   555250000","DIGITAL TV","28","  30,2","      999375","        2443"," 95,50",
"04/07/2025  7:16:51,648","   561250000"," ","29","  29,2","      999375","          94"," 97,20",
"04/07/2025  7:16:51,648","   567250000","TV LEGISLATIVA NO AUTORIZADA","30","  30,8","      999375","       -4277"," 97,20",
"04/07/2025  7:16:51,648","   573250000"," ","31","  34,4","      999375","        2548"," 96,90",
"04/07/2025  7:16:51,648","   579250000","TELEATAHUALPA (RTU)","32","  28,3","      999375","        1923"," 94,90",
"04/07/2025  7:16:51,648","   585250000"," ","33","  28,4","      999375","         519"," 96,60",
"04/07/2025  7:16:51,648","   591250000"," ","34","  29,5","      999375","       -3738"," 95,60",
"04/07/2025  7:16:51,648","   597250000"," ","35","  31,5","      999375","        1870"," 95,70",
"04/07/2025  7:16:51,648","   603250000"," ","36","  29,5","      999375","       -3192"," 98,20",
"04/07/2025  7:16:51,648","   615250000"," ","38","  29,9","      999375","        1601"," 95,10",
"04/07/2025  7:16:51,648","   621250000"," ","39","  28,8","      999375","         766"," 97,50",
"04/07/2025  7:16:51,648","   627250000"," ","40","  28,2","      999375","        2132"," 96,90",
"04/07/2025  7:16:51,648","   633250000"," ","41","  30,0","      999375","       35836"," 95,10",
"04/07/2025  7:16:51,648","   639250000"," ","42","  36,0","      999375","        1979"," 97,10",
"04/07/2025  7:16:51,648","   645250000"," ","43","  32,5","      999375","       -3199"," 95,90",
"04/07/2025  7:16:51,648","   651250000"," ","44","  27,8","      999375","        4033"," 93,70",
"04/07/2025  7:16:51,648","   657250000"," ","45","  27,4","      999375","        1127"," 97,60",
"04/07/2025  7:16:51,648","   663250000"," ","46","  28,1","      999375","        -814"," 91,70",
"04/07/2025  7:16:51,648","   669250000"," ","47","  27,7","      235625","       -1216"," 97,30",
"04/07/2025  7:16:51,648","   675250000","EL CIUDADANO TV NO AUTORIZADA","48","  28,5","      999375","        -969"," 97,40",
"04/07/2025  7:16:51,648","   681250000"," ","49","  27,4","      999375","       -1082"," 96,60",
"04/07/2025  7:16:51,648","   687250000"," ","50","  27,0","      999375","        2041"," 94,90",
"04/07/2025  7:16:51,648","   693250000"," ","51","  28,9","      999375","       -1741"," 96,50",
"04/07/2025  18:15:03,414","    61250000","RED TELESISTEMA (R.T.S)","3","  87,2","       94375","        -456"," 40,70",
"04/07/2025  18:15:03,414","    67250000"," ","4","  42,9","      999375","      -25388"," 96,60",
"04/07/2025  18:15:03,414","    77250000"," ","5","  42,0","      856875","       -9656"," 65,90",
"04/07/2025  18:15:03,414","    83250000"," ","6","  37,0","      882500","       31913"," 97,60",
"04/07/2025  18:15:03,414","   175250000","ECUADOR TV","7"," 108,8","      156875","          64"," 78,40",
"04/07/2025  18:15:03,414","   181250000","CADENA ECUATORIANA DE TELEVISIO","8","  36,7","      999375","       -3077"," 97,60",
"04/07/2025  18:15:03,414","   187250000","TELEVISION DEL PACIFICO","9","  41,6","      999375","        5255"," 97,50",
"04/07/2025  18:15:03,414","   193250000"," ","10","  41,5","      999375","       72528"," 93,80",
"04/07/2025  18:15:03,414","   199250000"," ","11","  38,4","      999375","       98279"," 88,30",
"04/07/2025  18:15:03,414","   205250000"," ","12","  34,4","      999375","        5673"," 92,00",
"04/07/2025  18:15:03,414","   211250000","TELEAMAZONAS","13","  92,4","       94375","          96"," 42,20",
"04/07/2025  18:15:03,414","   471250000"," ","14","  27,4","      999375","        -417"," 94,70",
"04/07/2025  18:15:03,414","   477250000"," ","15","  27,9","      999375","       -4881"," 94,30",
"04/07/2025  18:15:03,414","   483250000"," ","16","  27,0","      999375","       -8606"," 94,70",
"04/07/2025  18:15:03,414","   513250000"," ","21","  27,4","      999375","        -298"," 96,10",
"04/07/2025  18:15:03,414","   519250000","UCSG TELEVISION","22","  26,1","      999375","       -3256"," 94,10",
"04/07/2025  18:15:03,414","   525250000"," ","23","  27,5","      999375","        2875"," 94,10",
"04/07/2025  18:15:03,414","   531250000"," ","24","  28,2","      999375","        2103"," 98,40",
"04/07/2025  18:15:03,414","   537250000"," ","25","  27,5","      999375","       -3513"," 95,40",
"04/07/2025  18:15:03,414","   543250000","SONOVISIÓN TV","26","  27,0","      999375","        3082"," 93,40",
"04/07/2025  18:15:03,414","   549250000"," ","27","  27,0","      999375","       -1372"," 96,50",
"04/07/2025  18:15:03,414","   555250000","DIGITAL TV","28","  32,3","      999375","        8031"," 96,90",
"04/07/2025  18:15:03,414","   561250000"," ","29","  29,1","      999375","       -1368"," 96,30",
"04/07/2025  18:15:03,414","   567250000","TV LEGISLATIVA NO AUTORIZADA","30","  30,4","      999375","        1409"," 96,80",
"04/07/2025  18:15:03,414","   573250000"," ","31","  28,1","      999375","       -3446"," 93,80",
"04/07/2025  18:15:03,414","   579250000","TELEATAHUALPA (RTU)","32","  28,2","      999375","        5053"," 94,00",
"04/07/2025  18:15:03,414","   585250000"," ","33","  31,0","      999375","       57502"," 93,40",
"04/07/2025  18:15:03,414","   591250000"," ","34","  29,8","      999375","       -3151"," 95,50",
"04/07/2025  18:15:03,414","   597250000"," ","35","  29,8","      999375","        1856"," 95,10",
"04/07/2025  18:15:03,414","   603250000"," ","36","  30,4","      999375","        2838"," 94,80",
"04/07/2025  18:15:03,414","   615250000"," ","38","  29,2","      999375","        5315"," 98,10",
"04/07/2025  18:15:03,414","   621250000"," ","39","  28,6","      999375","        4112"," 93,90",
"04/07/2025  18:15:03,414","   627250000"," ","40","  27,9","      999375","        5487"," 97,90",
"04/07/2025  18:15:03,414","   633250000"," ","41","  29,7","      999375","       20701"," 96,60",
"04/07/2025  18:15:03,414","   639250000"," ","42","  36,8","      999375","        1520"," 96,50",
"04/07/2025  18:15:03,414","   645250000"," ","43","  32,3","      999375","        -750"," 96,40",
"04/07/2025  18:15:03,414","   651250000"," ","44","  27,1","      999375","       -4202"," 93,50",
"04/07/2025  18:15:03,414","   657250000"," ","45","  28,6","      999375","         807"," 96,90",
"04/07/2025  18:15:03,414","   663250000"," ","46","  29,4","      999375","         938"," 96,50",
"04/07/2025  18:15:03,414","   669250000"," ","47","  28,3","      999375","        1919"," 95,30",
"04/07/2025  18:15:03,414","   675250000","EL CIUDADANO TV NO AUTORIZADA","48","  31,3","      999375","       -4899"," 97,60",
"04/07/2025  18:15:03,414","   681250000"," ","49","  28,1","      999375","       -5006"," 95,50",
"04/07/2025  18:15:03,414","   687250000"," ","50","  28,6","      999375","         967"," 95,20",
"04/07/2025  18:15:03,414","   693250000"," ","51","  29,3","      999375","        3701"," 96,80",
"04/07/2025  18:15:57,077","    61250000","RED TELESISTEMA (R.T.S)","3","  87,3","       95000","        -516"," 30,70",
"04/07/2025  18:15:57,077","    67250000"," ","4","  38,1","      999375","        -530"," 94,40",
"04/07/2025  18:15:57,077","    77250000"," ","5","  42,7","      824375","       -6125"," 76,10",
"04/07/2025  18:15:57,077","    83250000"," ","6","  35,4","      908750","       24548"," 94,30",
"04/07/2025  18:15:57,077","   175250000","ECUADOR TV","7"," 109,3","      188125","          63"," 73,20",
"04/07/2025  18:15:57,077","   181250000","CADENA ECUATORIANA DE TELEVISIO","8","  40,4","      999375","        1973"," 97,40",
"04/07/2025  18:15:57,077","   187250000","TELEVISION DEL PACIFICO","9","  38,9","      999375","        8346"," 96,60",
"04/07/2025  18:15:57,077","   193250000"," ","10","  41,0","      999375","       93162"," 84,40",
"04/07/2025  18:15:57,077","   199250000"," ","11","  38,1","      999375","       85182"," 94,10",
"04/07/2025  18:15:57,077","   205250000"," ","12","  33,9","      999375","        3978"," 95,20",
"04/07/2025  18:15:57,077","   211250000","TELEAMAZONAS","13","  92,7","      126250","         -93"," 47,70",
"04/07/2025  18:15:57,077","   471250000"," ","14","  27,7","      999375","       -2712"," 95,70",
"04/07/2025  18:15:57,077","   477250000"," ","15","  27,7","      999375","         890"," 96,00",
"04/07/2025  18:15:57,077","   483250000"," ","16","  28,1","      999375","        -544"," 95,10",
"04/07/2025  18:15:57,077","   513250000"," ","21","  30,7","      999375","        -352"," 97,90",
"04/07/2025  18:15:57,077","   519250000","UCSG TELEVISION","22","  26,4","      999375","         498"," 96,60",
"04/07/2025  18:15:57,077","   525250000"," ","23","  26,2","      999375","        2069"," 92,50",
"04/07/2025  18:15:57,077","   531250000"," ","24","  28,6","      999375","       -2754"," 95,60",
"04/07/2025  18:15:57,077","   537250000"," ","25","  29,2","      999375","        1203"," 94,40",
"04/07/2025  18:15:57,077","   543250000","SONOVISIÓN TV","26","  28,3","      999375","       -1460"," 95,70",
"04/07/2025  18:15:57,077","   549250000"," ","27","  27,6","      999375","         -76"," 95,50",
"04/07/2025  18:15:57,077","   555250000","DIGITAL TV","28","  30,4","      999375","        -244"," 93,50",
"04/07/2025  18:15:57,077","   561250000"," ","29","  46,0","      999375","        -657"," 99,60",
"04/07/2025  18:15:57,077","   567250000","TV LEGISLATIVA NO AUTORIZADA","30","  29,3","      999375","        -732"," 93,40",
"04/07/2025  18:15:57,077","   573250000"," ","31","  29,0","      999375","       -2316"," 93,80",
"04/07/2025  18:15:57,077","   579250000","TELEATAHUALPA (RTU)","32","  28,8","      999375","       -4132"," 93,70",
"04/07/2025  18:15:57,077","   585250000"," ","33","  29,7","      999375","         117"," 96,80",
"04/07/2025  18:15:57,077","   591250000"," ","34","  29,0","      999375","       -2433"," 96,60",
"04/07/2025  18:15:57,077","   597250000"," ","35","  28,3","      999375","        3462"," 94,80",
"04/07/2025  18:15:57,077","   603250000"," ","36","  29,0","      999375","       -1241"," 95,40",
"04/07/2025  18:15:57,077","   615250000"," ","38","  42,1","      999375","       -5777"," 99,20",
"04/07/2025  18:15:57,077","   621250000"," ","39","  29,0","      999375","       -2031"," 94,20",
"04/07/2025  18:15:57,077","   627250000"," ","40","  28,2","      999375","       -3387"," 96,70",
"04/07/2025  18:15:57,077","   633250000"," ","41","  37,1","      999375","       21698"," 98,60",
"04/07/2025  18:15:57,077","   639250000"," ","42","  38,3","      999375","        -385"," 98,30",
"04/07/2025  18:15:57,077","   645250000"," ","43","  32,8","      999375","       -3799"," 94,30",
"04/07/2025  18:15:57,077","   651250000"," ","44","  27,1","      999375","        1472"," 95,00",
"04/07/2025  18:15:57,077","   657250000"," ","45","  27,8","      999375","       -3395"," 95,20",
"04/07/2025  18:15:57,077","   663250000"," ","46","  30,8","      999375","       -3056"," 96,20",
"04/07/2025  18:15:57,077","   669250000"," ","47","  27,6","      999375","         546"," 90,10",
"04/07/2025  18:15:57,077","   675250000","EL CIUDADANO TV NO AUTORIZADA","48","  28,2","      999375","        2523"," 95,40",
"04/07/2025  18:15:57,077","   681250000"," ","49","  29,3","      999375","       -5544"," 96,30",
"04/07/2025  18:15:57,077","   687250000"," ","50","  28,7","      999375","        2851"," 95,00",
"04/07/2025  18:15:57,077","   693250000"," ","51","  31,0","      999375","        6162"," 96,20",
"04/07/2025  18:16:50,345","    61250000","RED TELESISTEMA (R.T.S)","3","  87,1","       95000","        -528"," 26,90",
"04/07/2025  18:16:50,345","    67250000"," ","4","  40,4","      999375","        1194"," 97,40",
"04/07/2025  18:16:50,345","    77250000"," ","5","  43,3","      866875","       -2023"," 85,90",
"04/07/2025  18:16:50,345","    83250000"," ","6","  37,7","      826250","       38950"," 96,20",
"04/07/2025  18:16:50,345","   175250000","ECUADOR TV","7"," 108,8","      125625","          63"," 28,00",
"04/07/2025  18:16:50,345","   181250000","CADENA ECUATORIANA DE TELEVISIO","8","  36,1","      999375","        3604"," 91,90",
"04/07/2025  18:16:50,345","   187250000","TELEVISION DEL PACIFICO","9","  42,5","      999375","        8233"," 97,30",
"04/07/2025  18:16:50,345","   193250000"," ","10","  41,2","      999375","      104332"," 95,20",
"04/07/2025  18:16:50,345","   199250000"," ","11","  38,8","      999375","       55683"," 93,00",
"04/07/2025  18:16:50,345","   205250000"," ","12","  35,1","      999375","       -2372"," 95,00",
"04/07/2025  18:16:50,345","   211250000","TELEAMAZONAS","13","  92,6","      141250","         161"," 43,80",
"04/07/2025  18:16:50,345","   471250000"," ","14","  26,3","      999375","       -2742"," 93,70",
"04/07/2025  18:16:50,345","   477250000"," ","15","  26,9","      999375","       -1178"," 93,50",
"04/07/2025  18:16:50,345","   483250000"," ","16","  27,5","      999375","        4052"," 94,50",
"04/07/2025  18:16:50,345","   513250000"," ","21","  26,7","      999375","        -555"," 95,10",
"04/07/2025  18:16:50,345","   519250000","UCSG TELEVISION","22","  31,0","      999375","        3532"," 97,80",
"04/07/2025  18:16:50,345","   525250000"," ","23","  26,3","      999375","       -1013"," 94,10",
"04/07/2025  18:16:50,345","   531250000"," ","24","  27,9","      999375","        3484"," 95,60",
"04/07/2025  18:16:50,345","   537250000"," ","25","  28,5","      999375","         841"," 95,00",
"04/07/2025  18:16:50,345","   543250000","SONOVISIÓN TV","26","  27,2","      999375","        4016"," 94,60",
"04/07/2025  18:16:50,345","   549250000"," ","27","  29,0","      999375","         632"," 94,50",
"04/07/2025  18:16:50,345","   555250000","DIGITAL TV","28","  29,7","      999375","        4457"," 96,60",
"04/07/2025  18:16:50,345","   561250000"," ","29","  27,8","      999375","         286"," 94,90",
"04/07/2025  18:16:50,345","   567250000","TV LEGISLATIVA NO AUTORIZADA","30","  30,2","      999375","       -1086"," 95,20",
"04/07/2025  18:16:50,345","   573250000"," ","31","  28,9","      999375","        -915"," 96,30",
"04/07/2025  18:16:50,345","   579250000","TELEATAHUALPA (RTU)","32","  30,4","      999375","        -166"," 95,20",
"04/07/2025  18:16:50,345","   585250000"," ","33","  29,1","      999375","        2889"," 97,00",
"04/07/2025  18:16:50,345","   591250000"," ","34","  31,3","      999375","       -2000"," 97,30",
"04/07/2025  18:16:50,345","   597250000"," ","35","  31,4","      999375","        -606"," 96,20",
"04/07/2025  18:16:50,345","   603250000"," ","36","  29,2","      999375","         644"," 95,90",
"04/07/2025  18:16:50,345","   615250000"," ","38","  28,5","      999375","        1150"," 95,40",
"04/07/2025  18:16:50,345","   621250000"," ","39","  29,8","      999375","        1556"," 96,90",
"04/07/2025  18:16:50,345","   627250000"," ","40","  28,2","      999375","        1076"," 95,90",
"04/07/2025  18:16:50,345","   633250000"," ","41","  28,4","      999375","       22062"," 91,90",
"04/07/2025  18:16:50,345","   639250000"," ","42","  39,9","      999375","        -351"," 99,00",
"04/07/2025  18:16:50,345","   645250000"," ","43","  30,9","      999375","        -694"," 92,00",
"04/07/2025  18:16:50,345","   651250000"," ","44","  28,3","      999375","       -3000"," 95,20",
"04/07/2025  18:16:50,345","   657250000"," ","45","  28,7","      999375","        -614"," 93,40",
"04/07/2025  18:16:50,345","   663250000"," ","46","  27,9","      999375","       -2429"," 94,80",
"04/07/2025  18:16:50,345","   669250000"," ","47","  29,2","      999375","       -5684"," 97,10",
"04/07/2025  18:16:50,345","   675250000","EL CIUDADANO TV NO AUTORIZADA","48","  27,4","      999375","       -1700"," 94,60",
"04/07/2025  18:16:50,345","   681250000"," ","49","  27,5","      999375","       -1476"," 95,50",
"04/07/2025  18:16:50,345","   687250000"," ","50","  27,1","      999375","       -4406"," 95,60",
"04/07/2025  18:16:50,345","   693250000"," ","51","  30,0","      999375","        2918"," 96,50",
"07/07/2025  18:15:03,388","    61250000","RED TELESISTEMA (R.T.S)","3","  87,3","      126250","        -846"," 64,10",
"07/07/2025  18:15:03,388","    67250000"," ","4","  38,5","      999375","       -1944"," 94,90",
"07/07/2025  18:15:03,388","    77250000"," ","5","  41,8","      848750","       -1448"," 82,90",
"07/07/2025  18:15:03,388","    83250000"," ","6","  37,1","      812500","       20124"," 95,00",
"07/07/2025  18:15:03,388","   175250000","ECUADOR TV","7"," 108,4","      172500","          62"," 77,40",
"07/07/2025  18:15:03,388","   181250000","CADENA ECUATORIANA DE TELEVISIO","8","  36,4","      999375","      -12885"," 94,10",
"07/07/2025  18:15:03,388","   187250000","TELEVISION DEL PACIFICO","9","  35,7","      999375","        3426"," 96,20",
"07/07/2025  18:15:03,388","   193250000"," ","10","  42,0","      999375","       93015"," 76,80",
"07/07/2025  18:15:03,388","   199250000"," ","11","  38,3","      999375","       79120"," 94,40",
"07/07/2025  18:15:03,388","   205250000"," ","12","  32,5","      999375","        2445"," 95,20",
"07/07/2025  18:15:03,388","   211250000","TELEAMAZONAS","13","  92,6","      156875","         261"," 58,70",
"07/07/2025  18:15:03,388","   471250000"," ","14","  28,0","      999375","       -2050"," 93,80",
"07/07/2025  18:15:03,388","   477250000"," ","15","  27,1","      999375","       -1500"," 92,90",
"07/07/2025  18:15:03,388","   483250000"," ","16","  26,9","      999375","        2102"," 95,20",
"07/07/2025  18:15:03,388","   513250000"," ","21","  26,6","      999375","       -2159"," 96,80",
"07/07/2025  18:15:03,388","   519250000","UCSG TELEVISION","22","  26,6","      999375","        -134"," 94,90",
"07/07/2025  18:15:03,388","   525250000"," ","23","  27,6","      999375","        -778"," 93,60",
"07/07/2025  18:15:03,388","   531250000"," ","24","  27,7","      999375","       -1545"," 96,00",
"07/07/2025  18:15:03,388","   537250000"," ","25","  28,4","      999375","         819"," 97,20",
"07/07/2025  18:15:03,388","   543250000","SONOVISIÓN TV","26","  27,7","      999375","        1934"," 92,90",
"07/07/2025  18:15:03,388","   549250000"," ","27","  26,8","      999375","       -1979"," 96,10",
"07/07/2025  18:15:03,388","   555250000","DIGITAL TV","28","  29,2","      999375","        4481"," 93,40",
"07/07/2025  18:15:03,388","   561250000"," ","29","  27,5","      999375","        1690"," 93,30",
"07/07/2025  18:15:03,388","   567250000","TV LEGISLATIVA NO AUTORIZADA","30","  29,4","      999375","        2952"," 94,70",
"07/07/2025  18:15:03,388","   573250000"," ","31","  29,1","      999375","        5433"," 96,00",
"07/07/2025  18:15:03,388","   579250000","TELEATAHUALPA (RTU)","32","  29,0","      999375","       -4991"," 97,00",
"07/07/2025  18:15:03,388","   585250000"," ","33","  28,5","      999375","        6832"," 94,50",
"07/07/2025  18:15:03,388","   591250000"," ","34","  28,3","      999375","        1514"," 92,80",
"07/07/2025  18:15:03,388","   597250000"," ","35","  28,9","      999375","       -1115"," 95,30",
"07/07/2025  18:15:03,388","   603250000"," ","36","  28,0","      999375","       -4107"," 92,30",
"07/07/2025  18:15:03,388","   615250000"," ","38","  29,1","      999375","        2035"," 95,80",
"07/07/2025  18:15:03,388","   621250000"," ","39","  28,7","      999375","        -503"," 95,20",
"07/07/2025  18:15:03,388","   627250000"," ","40","  27,1","      999375","        3224"," 94,80",
"07/07/2025  18:15:03,388","   633250000"," ","41","  28,5","      999375","       15348"," 96,50",
"07/07/2025  18:15:03,388","   639250000"," ","42","  38,5","      999375","        -486"," 97,70",
"07/07/2025  18:15:03,388","   645250000"," ","43","  31,2","      999375","        2142"," 93,90",
"07/07/2025  18:15:03,388","   651250000"," ","44","  27,9","      999375","       -2190"," 96,10",
"07/07/2025  18:15:03,388","   657250000"," ","45","  29,9","      999375","       -2079"," 96,10",
"07/07/2025  18:15:03,388","   663250000"," ","46","  30,5","      999375","       36214"," 95,90",
"07/07/2025  18:15:03,388","   669250000"," ","47","  27,9","      999375","       -5994"," 96,60",
"07/07/2025  18:15:03,388","   675250000","EL CIUDADANO TV NO AUTORIZADA","48","  29,1","      999375","       -2688"," 96,60",
"07/07/2025  18:15:03,388","   681250000"," ","49","  27,1","      999375","         -23"," 95,70",
"07/07/2025  18:15:03,388","   687250000"," ","50","  26,8","      999375","        -499"," 95,10",
"07/07/2025  18:15:03,388","   693250000"," ","51","  29,2","      999375","        5456"," 95,80",
"07/07/2025  18:15:57,037","    61250000","RED TELESISTEMA (R.T.S)","3","  86,9","       94375","        -690"," 37,40",
"07/07/2025  18:15:57,037","    67250000"," ","4","  38,9","      999375","         -59"," 99,40",
"07/07/2025  18:15:57,037","    77250000"," ","5","  41,1","      818750","       -1058"," 77,70",
"07/07/2025  18:15:57,037","    83250000"," ","6","  40,4","      746875","       25826"," 96,30",
"07/07/2025  18:15:57,037","   175250000","ECUADOR TV","7"," 108,5","      126250","          63"," 77,90",
"07/07/2025  18:15:57,037","   181250000","CADENA ECUATORIANA DE TELEVISIO","8","  36,7","      999375","       -1389"," 96,00",
"07/07/2025  18:15:57,037","   187250000","TELEVISION DEL PACIFICO","9","  35,8","      999375","         798"," 95,80",
"07/07/2025  18:15:57,037","   193250000"," ","10","  40,6","      999375","      112194"," 86,40",
"07/07/2025  18:15:57,037","   199250000"," ","11","  38,0","      999375","       51254"," 92,60",
"07/07/2025  18:15:57,037","   205250000"," ","12","  35,5","      999375","       -5423"," 94,80",
"07/07/2025  18:15:57,037","   211250000","TELEAMAZONAS","13","  92,6","       94375","         351"," 57,80",
"07/07/2025  18:15:57,037","   471250000"," ","14","  27,4","      999375","       -2588"," 95,80",
"07/07/2025  18:15:57,037","   477250000"," ","15","  27,7","      999375","         -74"," 94,70",
"07/07/2025  18:15:57,037","   483250000"," ","16","  27,8","      999375","        -951"," 93,90",
"07/07/2025  18:15:57,037","   513250000"," ","21","  27,3","      999375","       -2314"," 94,80",
"07/07/2025  18:15:57,037","   519250000","UCSG TELEVISION","22","  26,8","      999375","       -2241"," 95,40",
"07/07/2025  18:15:57,037","   525250000"," ","23","  27,2","      999375","        2870"," 96,10",
"07/07/2025  18:15:57,037","   531250000"," ","24","  27,0","      999375","        -509"," 96,80",
"07/07/2025  18:15:57,037","   537250000"," ","25","  27,5","      999375","        -920"," 97,60",
"07/07/2025  18:15:57,037","   543250000","SONOVISIÓN TV","26","  26,6","      999375","       -1454"," 91,70",
"07/07/2025  18:15:57,037","   549250000"," ","27","  27,4","      999375","         842"," 93,50",
"07/07/2025  18:15:57,037","   555250000","DIGITAL TV","28","  30,9","      999375","       -3304"," 92,20",
"07/07/2025  18:15:57,037","   561250000"," ","29","  28,9","      999375","        1117"," 95,00",
"07/07/2025  18:15:57,037","   567250000","TV LEGISLATIVA NO AUTORIZADA","30","  30,1","      999375","        1698"," 97,20",
"07/07/2025  18:15:57,037","   573250000"," ","31","  28,9","      999375","        1463"," 94,80",
"07/07/2025  18:15:57,037","   579250000","TELEATAHUALPA (RTU)","32","  27,7","      999375","        3801"," 93,30",
"07/07/2025  18:15:57,037","   585250000"," ","33","  27,7","      999375","       -1299"," 95,10",
"07/07/2025  18:15:57,037","   591250000"," ","34","  28,5","      999375","        2397"," 94,20",
"07/07/2025  18:15:57,037","   597250000"," ","35","  29,9","      999375","        2341"," 95,80",
"07/07/2025  18:15:57,037","   603250000"," ","36","  30,4","      999375","       -3427"," 95,40",
"07/07/2025  18:15:57,037","   615250000"," ","38","  28,5","      999375","       -2737"," 96,90",
"07/07/2025  18:15:57,037","   621250000"," ","39","  31,0","      999375","        3026"," 97,00",
"07/07/2025  18:15:57,037","   627250000"," ","40","  28,5","      999375","        7283"," 93,50",
"07/07/2025  18:15:57,037","   633250000"," ","41","  28,2","      999375","       13090"," 94,50",
"07/07/2025  18:15:57,037","   639250000"," ","42","  37,8","      999375","       -4243"," 98,20",
"07/07/2025  18:15:57,037","   645250000"," ","43","  31,7","      999375","        -266"," 95,20",
"07/07/2025  18:15:57,037","   651250000"," ","44","  27,8","      999375","        -653"," 95,00",
"07/07/2025  18:15:57,037","   657250000"," ","45","  27,3","      999375","       -4271"," 95,50",
"07/07/2025  18:15:57,037","   663250000"," ","46","  27,4","      999375","       -1053"," 95,70",
"07/07/2025  18:15:57,037","   669250000"," ","47","  28,0","      999375","       -1530"," 94,30",
"07/07/2025  18:15:57,037","   675250000","EL CIUDADANO TV NO AUTORIZADA","48","  27,8","      999375","        1954"," 95,60",
"07/07/2025  18:15:57,037","   681250000"," ","49","  27,9","      999375","       -4034"," 90,90",
"07/07/2025  18:15:57,037","   687250000"," ","50","  27,2","      999375","        2277"," 94,90",
"07/07/2025  18:15:57,037","   693250000"," ","51","  33,3","      999375","       -2000"," 95,20",
"07/07/2025  18:16:50,292","    61250000","RED TELESISTEMA (R.T.S)","3","  87,0","       94375","        -898"," 38,50",
"07/07/2025  18:16:50,292","    67250000"," ","4","  39,1","      999375","        -747"," 96,60",
"07/07/2025  18:16:50,292","    77250000"," ","5","  42,2","      830625","        3464"," 80,00",
"07/07/2025  18:16:50,292","    83250000"," ","6","  35,6","      150625","       19294"," 95,00",
"07/07/2025  18:16:50,292","   175250000","ECUADOR TV","7"," 108,5","      188125","          62"," 70,20",
"07/07/2025  18:16:50,292","   181250000","CADENA ECUATORIANA DE TELEVISIO","8","  35,8","      999375","       -7366"," 96,50",
"07/07/2025  18:16:50,292","   187250000","TELEVISION DEL PACIFICO","9","  36,8","      999375","       -1987"," 95,80",
"07/07/2025  18:16:50,292","   193250000"," ","10","  41,5","      999375","       98361"," 95,20",
"07/07/2025  18:16:50,292","   199250000"," ","11","  38,3","      999375","       61857"," 94,70",
"07/07/2025  18:16:50,292","   205250000"," ","12","  43,9","      999375","        3698"," 98,60",
"07/07/2025  18:16:50,292","   211250000","TELEAMAZONAS","13","  92,4","      156875","         108"," 60,50",
"07/07/2025  18:16:50,292","   471250000"," ","14","  27,5","      999375","       -1807"," 97,00",
"07/07/2025  18:16:50,292","   477250000"," ","15","  27,4","      999375","        -893"," 94,00",
"07/07/2025  18:16:50,292","   483250000"," ","16","  27,5","      999375","        1077"," 96,80",
"07/07/2025  18:16:50,292","   513250000"," ","21","  26,6","      999375","       -4135"," 95,30",
"07/07/2025  18:16:50,292","   519250000","UCSG TELEVISION","22","  26,9","      999375","        2406"," 95,50",
"07/07/2025  18:16:50,292","   525250000"," ","23","  27,8","      999375","        1228"," 95,20",
"07/07/2025  18:16:50,292","   531250000"," ","24","  27,2","      999375","        2755"," 94,40",
"07/07/2025  18:16:50,292","   537250000"," ","25","  27,2","      999375","          62"," 91,80",
"07/07/2025  18:16:50,292","   543250000","SONOVISIÓN TV","26","  27,8","      999375","         712"," 94,70",
"07/07/2025  18:16:50,292","   549250000"," ","27","  28,4","      999375","        -324"," 92,40",
"07/07/2025  18:16:50,292","   555250000","DIGITAL TV","28","  29,4","      999375","        3336"," 96,90",
"07/07/2025  18:16:50,292","   561250000"," ","29","  26,8","      999375","         901"," 94,80",
"07/07/2025  18:16:50,292","   567250000","TV LEGISLATIVA NO AUTORIZADA","30","  31,3","      999375","         275"," 93,80",
"07/07/2025  18:16:50,292","   573250000"," ","31","  29,7","      999375","        -958"," 94,90",
"07/07/2025  18:16:50,292","   579250000","TELEATAHUALPA (RTU)","32","  29,4","      999375","        -354"," 94,10",
"07/07/2025  18:16:50,292","   585250000"," ","33","  28,5","      999375","        1388"," 96,00",
"07/07/2025  18:16:50,292","   591250000"," ","34","  28,9","      999375","        5531"," 95,80",
"07/07/2025  18:16:50,292","   597250000"," ","35","  28,9","      999375","        1864"," 92,00",
"07/07/2025  18:16:50,292","   603250000"," ","36","  29,9","      999375","       -2520"," 95,00",
"07/07/2025  18:16:50,292","   615250000"," ","38","  28,4","      999375","        2119"," 95,40",
"07/07/2025  18:16:50,292","   621250000"," ","39","  28,1","      999375","          94"," 95,20",
"07/07/2025  18:16:50,292","   627250000"," ","40","  28,4","      999375","        3638"," 94,80",
"07/07/2025  18:16:50,292","   633250000"," ","41","  28,4","      999375","       15800"," 95,30",
"07/07/2025  18:16:50,292","   639250000"," ","42","  41,0","      999375","        -995"," 97,80",
"07/07/2025  18:16:50,292","   645250000"," ","43","  31,2","      999375","         253"," 93,30",
"07/07/2025  18:16:50,292","   651250000"," ","44","  28,0","      999375","        2857"," 96,70",
"07/07/2025  18:16:50,292","   657250000"," ","45","  28,2","      999375","        -834"," 93,70",
"07/07/2025  18:16:50,292","   663250000"," ","46","  28,9","      999375","        1918"," 94,20",
"07/07/2025  18:16:50,292","   669250000"," ","47","  27,6","      999375","       -4629"," 95,20",
"07/07/2025  18:16:50,292","   675250000","EL CIUDADANO TV NO AUTORIZADA","48","  28,2","      999375","        2812"," 96,70",
"07/07/2025  18:16:50,292","   681250000"," ","49","  27,2","      999375","       -1263"," 92,10",
"07/07/2025  18:16:50,292","   687250000"," ","50","  27,3","      999375","         875"," 96,70",
"07/07/2025  18:16:50,292","   693250000"," ","51","  31,2","      999375","       18817"," 97,00",
"08/07/2025  7:15:03,556","    61250000","RED TELESISTEMA (R.T.S)","3","  81,6","      188750","        -296"," 78,10",
"08/07/2025  7:15:03,556","    67250000"," ","4","  47,4","      999375","        3697"," 95,50",
"08/07/2025  7:15:03,556","    77250000"," ","5","  52,2","      998750","       -8816"," 58,00",
"08/07/2025  7:15:03,556","    83250000"," ","6","  47,7","      375625","       41273"," 97,20",
"08/07/2025  7:15:03,556","   175250000","ECUADOR TV","7"," 109,2","      125625","          62"," 51,00",
"08/07/2025  7:15:03,556","   181250000","CADENA ECUATORIANA DE TELEVISIO","8","  53,7","      351875","      -13338"," 91,00",
"08/07/2025  7:15:03,556","   187250000","TELEVISION DEL PACIFICO","9","  38,8","      999375","        3855"," 95,00",
"08/07/2025  7:15:03,556","   193250000"," ","10","  47,3","      989375","      116172"," 94,40",
"08/07/2025  7:15:03,556","   199250000"," ","11","  39,5","      999375","       59983"," 93,70",
"08/07/2025  7:15:03,556","   205250000"," ","12","  37,4","      999375","       26998"," 96,80",
"08/07/2025  7:15:03,556","   211250000","TELEAMAZONAS","13","  96,7","      188750","        -151"," 83,00",
"08/07/2025  7:15:03,556","   471250000"," ","14","  29,2","      999375","         -70"," 98,10",
"08/07/2025  7:15:03,556","   477250000"," ","15","  27,1","      999375","       -2622"," 95,30",
"08/07/2025  7:15:03,556","   483250000"," ","16","  27,4","      999375","       -1846"," 96,40",
"08/07/2025  7:15:03,556","   513250000"," ","21","  28,3","      999375","         676"," 95,50",
"08/07/2025  7:15:03,556","   519250000","UCSG TELEVISION","22","  26,8","      999375","        -767"," 95,10",
"08/07/2025  7:15:03,556","   525250000"," ","23","  27,4","      999375","        3404"," 96,20",
"08/07/2025  7:15:03,556","   531250000"," ","24","  27,6","      999375","         496"," 94,10",
"08/07/2025  7:15:03,556","   537250000"," ","25","  28,0","      999375","       -5104"," 94,90",
"08/07/2025  7:15:03,556","   543250000","SONOVISIÓN TV","26","  27,5","      999375","       -1170"," 94,50",
"08/07/2025  7:15:03,556","   549250000"," ","27","  31,1","      999375","        1095"," 95,10",
"08/07/2025  7:15:03,556","   555250000","DIGITAL TV","28","  38,3","      999375","        3057"," 97,20",
"08/07/2025  7:15:03,556","   561250000"," ","29","  29,2","      999375","        -262"," 92,20",
"08/07/2025  7:15:03,556","   567250000","TV LEGISLATIVA NO AUTORIZADA","30","  32,3","      999375","       -1890"," 98,20",
"08/07/2025  7:15:03,556","   573250000"," ","31","  28,3","      999375","       -3956"," 95,40",
"08/07/2025  7:15:03,556","   579250000","TELEATAHUALPA (RTU)","32","  28,6","      319375","        1084"," 95,00",
"08/07/2025  7:15:03,556","   585250000"," ","33","  28,6","      999375","        -784"," 93,90",
"08/07/2025  7:15:03,556","   591250000"," ","34","  30,4","      999375","        2879"," 95,70",
"08/07/2025  7:15:03,556","   597250000"," ","35","  30,6","      999375","       -1799"," 94,70",
"08/07/2025  7:15:03,556","   603250000"," ","36","  27,9","      999375","       -3014"," 92,70",
"08/07/2025  7:15:03,556","   615250000"," ","38","  29,0","      999375","       -2214"," 96,30",
"08/07/2025  7:15:03,556","   621250000"," ","39","  29,7","      999375","        1126"," 95,70",
"08/07/2025  7:15:03,556","   627250000"," ","40","  27,8","      999375","         621"," 91,70",
"08/07/2025  7:15:03,556","   633250000"," ","41","  30,0","      999375","       19885"," 96,10",
"08/07/2025  7:15:03,556","   639250000"," ","42","  40,9","      999375","       -1832"," 98,20",
"08/07/2025  7:15:03,556","   645250000"," ","43","  32,1","      999375","       -1445"," 97,20",
"08/07/2025  7:15:03,556","   651250000"," ","44","  27,8","      999375","        6182"," 96,40",
"08/07/2025  7:15:03,556","   657250000"," ","45","  29,2","      999375","        -525"," 94,10",
"08/07/2025  7:15:03,556","   663250000"," ","46","  32,6","      999375","       36588"," 96,30",
"08/07/2025  7:15:03,556","   669250000"," ","47","  29,2","      999375","       18551"," 94,90",
"08/07/2025  7:15:03,556","   675250000","EL CIUDADANO TV NO AUTORIZADA","48","  30,3","      999375","         502"," 97,40",
"08/07/2025  7:15:03,556","   681250000"," ","49","  28,8","      999375","       -3937"," 96,00",
"08/07/2025  7:15:03,556","   687250000"," ","50","  27,9","      999375","       -1783"," 94,00",
"08/07/2025  7:15:03,556","   693250000"," ","51","  29,6","      999375","        3886"," 95,50",
"08/07/2025  7:15:57,435","    61250000","RED TELESISTEMA (R.T.S)","3","  81,0","      188750","        -319"," 56,10",
"08/07/2025  7:15:57,435","    67250000"," ","4","  48,8","      999375","        5071"," 97,50",
"08/07/2025  7:15:57,435","    77250000"," ","5","  51,6","      999375","       -9686"," 61,10",
"08/07/2025  7:15:57,435","    83250000"," ","6","  49,7","      420000","       29325"," 96,10",
"08/07/2025  7:15:57,435","   175250000","ECUADOR TV","7"," 109,2","      141250","          62"," 69,90",
"08/07/2025  7:15:57,435","   181250000","CADENA ECUATORIANA DE TELEVISIO","8","  41,8","       74375","       22767"," 96,80",
"08/07/2025  7:15:57,435","   187250000","TELEVISION DEL PACIFICO","9","  39,0","      999375","       11634"," 93,40",
"08/07/2025  7:15:57,435","   193250000"," ","10","  44,2","      999375","      109668"," 90,60",
"08/07/2025  7:15:57,435","   199250000"," ","11","  41,9","      999375","       69257"," 95,80",
"08/07/2025  7:15:57,435","   205250000"," ","12","  39,0","      999375","       27285"," 92,90",
"08/07/2025  7:15:57,435","   211250000","TELEAMAZONAS","13","  96,0","      125625","        -112"," 70,50",
"08/07/2025  7:15:57,435","   471250000"," ","14","  27,9","      999375","       -6517"," 96,80",
"08/07/2025  7:15:57,435","   477250000"," ","15","  27,5","      999375","       -1562"," 95,40",
"08/07/2025  7:15:57,435","   483250000"," ","16","  27,7","      999375","       -2030"," 94,40",
"08/07/2025  7:15:57,435","   513250000"," ","21","  27,2","      999375","        -118"," 94,60",
"08/07/2025  7:15:57,435","   519250000","UCSG TELEVISION","22","  26,6","      999375","         566"," 95,10",
"08/07/2025  7:15:57,435","   525250000"," ","23","  27,0","      999375","        1455"," 95,40",
"08/07/2025  7:15:57,435","   531250000"," ","24","  27,4","      999375","       -3575"," 96,90",
"08/07/2025  7:15:57,435","   537250000"," ","25","  27,5","      999375","       -7511"," 94,40",
"08/07/2025  7:15:57,435","   543250000","SONOVISIÓN TV","26","  27,8","      999375","        2435"," 96,20",
"08/07/2025  7:15:57,435","   549250000"," ","27","  27,7","      999375","        2363"," 92,80",
"08/07/2025  7:15:57,435","   555250000","DIGITAL TV","28","  37,2","      999375","        6479"," 95,70",
"08/07/2025  7:15:57,435","   561250000"," ","29","  28,0","      999375","       -1179"," 92,50",
"08/07/2025  7:15:57,435","   567250000","TV LEGISLATIVA NO AUTORIZADA","30","  31,1","      999375","        -939"," 97,20",
"08/07/2025  7:15:57,435","   573250000"," ","31","  28,9","      999375","        -125"," 95,20",
"08/07/2025  7:15:57,435","   579250000","TELEATAHUALPA (RTU)","32","  29,5","      999375","       -2949"," 94,90",
"08/07/2025  7:15:57,435","   585250000"," ","33","  29,0","      999375","       -3871"," 96,80",
"08/07/2025  7:15:57,435","   591250000"," ","34","  30,5","      999375","       -2255"," 97,20",
"08/07/2025  7:15:57,435","   597250000"," ","35","  28,2","      999375","       -4069"," 93,60",
"08/07/2025  7:15:57,435","   603250000"," ","36","  29,8","      999375","        2407"," 97,60",
"08/07/2025  7:15:57,435","   615250000"," ","38","  30,4","      999375","        1983"," 95,90",
"08/07/2025  7:15:57,435","   621250000"," ","39","  27,5","      999375","       -3139"," 97,00",
"08/07/2025  7:15:57,435","   627250000"," ","40","  29,2","      999375","        1614"," 96,30",
"08/07/2025  7:15:57,435","   633250000"," ","41","  27,9","      999375","       12314"," 94,20",
"08/07/2025  7:15:57,435","   639250000"," ","42","  39,8","      999375","       -2068"," 99,60",
"08/07/2025  7:15:57,435","   645250000"," ","43","  33,3","      999375","         290"," 97,00",
"08/07/2025  7:15:57,435","   651250000"," ","44","  27,7","      999375","        6367"," 95,00",
"08/07/2025  7:15:57,435","   657250000"," ","45","  27,7","      999375","       -2008"," 95,00",
"08/07/2025  7:15:57,435","   663250000"," ","46","  29,9","      999375","        2107"," 95,50",
"08/07/2025  7:15:57,435","   669250000"," ","47","  28,1","      999375","        2428"," 94,90",
"08/07/2025  7:15:57,435","   675250000","EL CIUDADANO TV NO AUTORIZADA","48","  31,9","      999375","       -1912"," 96,40",
"08/07/2025  7:15:57,435","   681250000"," ","49","  29,0","      999375","       -1582"," 96,10",
"08/07/2025  7:15:57,435","   687250000"," ","50","  26,7","      999375","        -358"," 95,90",
"08/07/2025  7:15:57,435","   693250000"," ","51","  31,0","      999375","        3737"," 96,50",
"08/07/2025  7:16:51,294","    61250000","RED TELESISTEMA (R.T.S)","3","  82,0","      298750","        -370"," 85,60",
"08/07/2025  7:16:51,294","    67250000"," ","4","  44,7","      999375","        2553"," 94,70",
"08/07/2025  7:16:51,294","    77250000"," ","5","  53,4","      976875","        1522"," 62,40",
"08/07/2025  7:16:51,294","    83250000"," ","6","  49,4","      399375","       36832"," 97,70",
"08/07/2025  7:16:51,294","   175250000","ECUADOR TV","7"," 109,1","      156875","          63"," 79,90",
"08/07/2025  7:16:51,294","   181250000","CADENA ECUATORIANA DE TELEVISIO","8","  53,0","      383750","      -35311"," 86,00",
"08/07/2025  7:16:51,294","   187250000","TELEVISION DEL PACIFICO","9","  39,2","      999375","       16224"," 97,20",
"08/07/2025  7:16:51,294","   193250000"," ","10","  43,6","      999375","      111177"," 93,90",
"08/07/2025  7:16:51,294","   199250000"," ","11","  40,9","      999375","       73896"," 95,70",
"08/07/2025  7:16:51,294","   205250000"," ","12","  37,5","      999375","       24552"," 94,80",
"08/07/2025  7:16:51,294","   211250000","TELEAMAZONAS","13","  96,1","      125625","         272"," 69,20",
"08/07/2025  7:16:51,294","   471250000"," ","14","  27,4","      999375","        1441"," 97,30",
"08/07/2025  7:16:51,294","   477250000"," ","15","  28,0","      999375","        -563"," 96,60",
"08/07/2025  7:16:51,294","   483250000"," ","16","  26,2","      999375","         666"," 94,30",
"08/07/2025  7:16:51,294","   513250000"," ","21","  27,8","      999375","        4834"," 96,50",
"08/07/2025  7:16:51,294","   519250000","UCSG TELEVISION","22","  29,0","      999375","       -4711"," 96,40",
"08/07/2025  7:16:51,294","   525250000"," ","23","  27,2","      999375","        2134"," 95,60",
"08/07/2025  7:16:51,294","   531250000"," ","24","  26,3","      999375","          33"," 96,30",
"08/07/2025  7:16:51,294","   537250000"," ","25","  26,8","      999375","        -410"," 96,30",
"08/07/2025  7:16:51,294","   543250000","SONOVISIÓN TV","26","  28,2","      999375","        -473"," 95,10",
"08/07/2025  7:16:51,294","   549250000"," ","27","  29,0","      999375","        1140"," 95,40",
"08/07/2025  7:16:51,294","   555250000","DIGITAL TV","28","  35,5","      999375","        2478"," 96,50",
"08/07/2025  7:16:51,294","   561250000"," ","29","  28,0","      999375","        -605"," 94,70",
"08/07/2025  7:16:51,294","   567250000","TV LEGISLATIVA NO AUTORIZADA","30","  30,1","      999375","       -1430"," 93,70",
"08/07/2025  7:16:51,294","   573250000"," ","31","  28,4","      999375","        1762"," 97,00",
"08/07/2025  7:16:51,294","   579250000","TELEATAHUALPA (RTU)","32","  27,7","      999375","        1436"," 96,50",
"08/07/2025  7:16:51,294","   585250000"," ","33","  28,5","      999375","        4349"," 96,00",
"08/07/2025  7:16:51,294","   591250000"," ","34","  29,0","      999375","        2924"," 97,00",
"08/07/2025  7:16:51,294","   597250000"," ","35","  29,6","      999375","        2466"," 93,10",
"08/07/2025  7:16:51,294","   603250000"," ","36","  30,8","      999375","        2555"," 97,10",
"08/07/2025  7:16:51,294","   615250000"," ","38","  28,4","      999375","        -322"," 93,60",
"08/07/2025  7:16:51,294","   621250000"," ","39","  29,8","      999375","       -2153"," 96,40",
"08/07/2025  7:16:51,294","   627250000"," ","40","  30,3","      999375","       -1995"," 96,70",
"08/07/2025  7:16:51,294","   633250000"," ","41","  30,0","      999375","       16920"," 97,40",
"08/07/2025  7:16:51,294","   639250000"," ","42","  40,7","      999375","       -1763"," 97,10",
"08/07/2025  7:16:51,294","   645250000"," ","43","  31,9","      999375","       -3105"," 96,00",
"08/07/2025  7:16:51,294","   651250000"," ","44","  29,0","      999375","         203"," 97,00",
"08/07/2025  7:16:51,294","   657250000"," ","45","  27,0","      999375","       -1110"," 95,40",
"08/07/2025  7:16:51,294","   663250000"," ","46","  30,4","      999375","       46406"," 96,50",
"08/07/2025  7:16:51,294","   669250000"," ","47","  27,5","      361875","        2065"," 93,60",
"08/07/2025  7:16:51,294","   675250000","EL CIUDADANO TV NO AUTORIZADA","48","  33,7","      999375","         559"," 97,20",
"08/07/2025  7:16:51,294","   681250000"," ","49","  29,4","      999375","       -2478"," 95,00",
"08/07/2025  7:16:51,294","   687250000"," ","50","  28,6","      999375","       -2180"," 95,50",
"08/07/2025  7:16:51,294","   693250000"," ","51","  28,5","      999375","        5982"," 94,40",
"09/07/2025  18:15:03,623","    61250000","RED TELESISTEMA (R.T.S)","3","  86,5","      157500","        -374"," 36,00",
"09/07/2025  18:15:03,623","    67250000"," ","4","  39,1","      999375","       -4632"," 91,60",
"09/07/2025  18:15:03,623","    77250000"," ","5","  42,3","      818750","        4630"," 55,30",
"09/07/2025  18:15:03,623","    83250000"," ","6","  34,9","      206875","       27979"," 95,80",
"09/07/2025  18:15:03,623","   175250000","ECUADOR TV","7"," 108,8","       94375","          63"," 55,80",
"09/07/2025  18:15:03,623","   181250000","CADENA ECUATORIANA DE TELEVISIO","8","  36,9","      999375","       10194"," 95,30",
"09/07/2025  18:15:03,623","   187250000","TELEVISION DEL PACIFICO","9","  37,0","      999375","        3532"," 95,00",
"09/07/2025  18:15:03,623","   193250000"," ","10","  40,2","      999375","      100824"," 95,40",
"09/07/2025  18:15:03,623","   199250000"," ","11","  39,1","      999375","       69247"," 93,30",
"09/07/2025  18:15:03,623","   205250000"," ","12","  35,1","      999375","        2904"," 95,70",
"09/07/2025  18:15:03,623","   211250000","TELEAMAZONAS","13","  93,2","      156875","        -138"," 40,50",
"09/07/2025  18:15:03,623","   471250000"," ","14","  27,8","      999375","        1064"," 95,40",
"09/07/2025  18:15:03,623","   477250000"," ","15","  27,4","      999375","         904"," 92,70",
"09/07/2025  18:15:03,623","   483250000"," ","16","  30,2","      999375","        4437"," 98,00",
"09/07/2025  18:15:03,623","   513250000"," ","21","  26,2","      999375","        7419"," 96,80",
"09/07/2025  18:15:03,623","   519250000","UCSG TELEVISION","22","  26,8","      999375","        1626"," 95,30",
"09/07/2025  18:15:03,623","   525250000"," ","23","  27,8","      999375","        1237"," 97,10",
"09/07/2025  18:15:03,623","   531250000"," ","24","  26,7","      999375","        1501"," 94,10",
"09/07/2025  18:15:03,623","   537250000"," ","25","  27,0","      999375","       -1402"," 94,80",
"09/07/2025  18:15:03,623","   543250000","SONOVISIÓN TV","26","  27,8","      999375","        2248"," 94,10",
"09/07/2025  18:15:03,623","   549250000"," ","27","  28,1","      999375","        4002"," 97,30",
"09/07/2025  18:15:03,623","   555250000","DIGITAL TV","28","  31,3","      999375","        6821"," 94,40",
"09/07/2025  18:15:03,623","   561250000"," ","29","  29,0","      999375","       -3313"," 96,20",
"09/07/2025  18:15:03,623","   567250000","TV LEGISLATIVA NO AUTORIZADA","30","  29,9","      999375","         862"," 94,50",
"09/07/2025  18:15:03,623","   573250000"," ","31","  29,1","      999375","       -4108"," 95,20",
"09/07/2025  18:15:03,623","   579250000","TELEATAHUALPA (RTU)","32","  27,7","      999375","       -6579"," 91,20",
"09/07/2025  18:15:03,623","   585250000"," ","33","  30,1","      999375","        -840"," 94,40",
"09/07/2025  18:15:03,623","   591250000"," ","34","  29,4","      999375","       -2274"," 94,50",
"09/07/2025  18:15:03,623","   597250000"," ","35","  29,4","      999375","         103"," 95,50",
"09/07/2025  18:15:03,623","   603250000"," ","36","  29,1","      999375","       -6699"," 98,00",
"09/07/2025  18:15:03,623","   615250000"," ","38","  29,6","      999375","         867"," 95,50",
"09/07/2025  18:15:03,623","   621250000"," ","39","  28,7","      999375","        -550"," 96,10",
"09/07/2025  18:15:03,623","   627250000"," ","40","  29,1","      999375","        -397"," 96,50",
"09/07/2025  18:15:03,623","   633250000"," ","41","  28,7","      999375","       32921"," 95,90",
"09/07/2025  18:15:03,623","   639250000"," ","42","  39,7","      999375","       -2171"," 98,40",
"09/07/2025  18:15:03,623","   645250000"," ","43","  31,6","      999375","         635"," 93,40",
"09/07/2025  18:15:03,623","   651250000"," ","44","  26,9","      999375","        2823"," 93,40",
"09/07/2025  18:15:03,623","   657250000"," ","45","  29,0","      999375","        -448"," 94,90",
"09/07/2025  18:15:03,623","   663250000"," ","46","  28,8","      999375","        3933"," 96,10",
"09/07/2025  18:15:03,623","   669250000"," ","47","  28,1","      999375","       -5508"," 96,10",
"09/07/2025  18:15:03,623","   675250000","EL CIUDADANO TV NO AUTORIZADA","48","  30,1","      999375","         272"," 96,30",
"09/07/2025  18:15:03,623","   681250000"," ","49","  27,8","      999375","        -953"," 93,50",
"09/07/2025  18:15:03,623","   687250000"," ","50","  27,4","      999375","        2023"," 95,30",
"09/07/2025  18:15:03,623","   693250000"," ","51","  27,9","      999375","        1524"," 93,80",
"09/07/2025  18:15:57,087","    61250000","RED TELESISTEMA (R.T.S)","3","  86,5","      125000","        -426"," 40,30",
"09/07/2025  18:15:57,087","    67250000"," ","4","  41,2","      999375","      -37144"," 93,40",
"09/07/2025  18:15:57,087","    77250000"," ","5","  42,6","      826250","        1118"," 50,60",
"09/07/2025  18:15:57,087","    83250000"," ","6","  41,1","      870000","       24873"," 98,20",
"09/07/2025  18:15:57,087","   175250000","ECUADOR TV","7"," 108,8","      125625","          63"," 48,90",
"09/07/2025  18:15:57,087","   181250000","CADENA ECUATORIANA DE TELEVISIO","8","  38,2","      999375","      -21650"," 95,80",
"09/07/2025  18:15:57,087","   187250000","TELEVISION DEL PACIFICO","9","  37,2","      999375","        1960"," 96,00",
"09/07/2025  18:15:57,087","   193250000"," ","10","  40,5","      999375","       86500"," 89,60",
"09/07/2025  18:15:57,087","   199250000"," ","11","  40,2","      999375","       65734"," 91,90",
"09/07/2025  18:15:57,087","   205250000"," ","12","  36,0","      999375","      -18052"," 96,70",
"09/07/2025  18:15:57,087","   211250000","TELEAMAZONAS","13","  93,2","      125625","          96"," 51,20",
"09/07/2025  18:15:57,087","   471250000"," ","14","  29,4","      999375","        1828"," 96,50",
"09/07/2025  18:15:57,087","   477250000"," ","15","  28,2","      999375","        3901"," 96,30",
"09/07/2025  18:15:57,087","   483250000"," ","16","  27,6","      999375","        -914"," 95,30",
"09/07/2025  18:15:57,087","   513250000"," ","21","  25,2","      999375","        2676"," 94,80",
"09/07/2025  18:15:57,087","   519250000","UCSG TELEVISION","22","  27,8","      999375","         531"," 95,80",
"09/07/2025  18:15:57,087","   525250000"," ","23","  28,8","      999375","        1830"," 96,20",
"09/07/2025  18:15:57,087","   531250000"," ","24","  28,4","      999375","       -2656"," 95,50",
"09/07/2025  18:15:57,087","   537250000"," ","25","  27,9","      999375","        -497"," 92,40",
"09/07/2025  18:15:57,087","   543250000","SONOVISIÓN TV","26","  27,7","      999375","        4666"," 98,10",
"09/07/2025  18:15:57,087","   549250000"," ","27","  28,4","      999375","       -1709"," 97,00",
"09/07/2025  18:15:57,087","   555250000","DIGITAL TV","28","  30,0","      999375","        1558"," 95,40",
"09/07/2025  18:15:57,087","   561250000"," ","29","  27,9","      999375","         871"," 95,10",
"09/07/2025  18:15:57,087","   567250000","TV LEGISLATIVA NO AUTORIZADA","30","  29,9","      999375","        2198"," 95,40",
"09/07/2025  18:15:57,087","   573250000"," ","31","  27,9","      999375","       -1796"," 97,10",
"09/07/2025  18:15:57,087","   579250000","TELEATAHUALPA (RTU)","32","  27,6","      999375","       -2582"," 98,70",
"09/07/2025  18:15:57,087","   585250000"," ","33","  29,6","      999375","        4648"," 95,30",
"09/07/2025  18:15:57,087","   591250000"," ","34","  28,9","      999375","        -671"," 94,60",
"09/07/2025  18:15:57,087","   597250000"," ","35","  28,7","      999375","         445"," 96,90",
"09/07/2025  18:15:57,087","   603250000"," ","36","  30,0","      999375","          61"," 96,40",
"09/07/2025  18:15:57,087","   615250000"," ","38","  29,2","      999375","         991"," 92,50",
"09/07/2025  18:15:57,087","   621250000"," ","39","  30,3","      999375","        -282"," 93,50",
"09/07/2025  18:15:57,087","   627250000"," ","40","  28,6","      999375","       -1558"," 93,00",
"09/07/2025  18:15:57,087","   633250000"," ","41","  28,8","      999375","       30689"," 95,80",
"09/07/2025  18:15:57,087","   639250000"," ","42","  38,7","      999375","       -1968"," 97,90",
"09/07/2025  18:15:57,087","   645250000"," ","43","  32,5","      999375","        1187"," 96,90",
"09/07/2025  18:15:57,087","   651250000"," ","44","  28,0","      999375","        2689"," 96,50",
"09/07/2025  18:15:57,087","   657250000"," ","45","  28,4","      999375","        -317"," 97,20",
"09/07/2025  18:15:57,087","   663250000"," ","46","  28,6","      999375","         804"," 94,50",
"09/07/2025  18:15:57,087","   669250000"," ","47","  27,4","      999375","        1849"," 95,20",
"09/07/2025  18:15:57,087","   675250000","EL CIUDADANO TV NO AUTORIZADA","48","  30,7","      999375","       -5375"," 97,40",
"09/07/2025  18:15:57,087","   681250000"," ","49","  27,3","      999375","        4690"," 96,20",
"09/07/2025  18:15:57,087","   687250000"," ","50","  27,3","      999375","       -1965"," 96,20",
"09/07/2025  18:15:57,087","   693250000"," ","51","  29,8","      999375","         530"," 94,00",
"09/07/2025  18:16:51,675","    61250000","RED TELESISTEMA (R.T.S)","3","  86,8","      125625","        -521"," 53,00",
"09/07/2025  18:16:51,675","    67250000"," ","4","  39,8","      999375","        4697"," 95,40",
"09/07/2025  18:16:51,675","    77250000"," ","5","  42,1","      828125","         526"," 68,20",
"09/07/2025  18:16:51,675","    83250000"," ","6","  41,4","      805625","       30663"," 97,40",
"09/07/2025  18:16:51,675","   175250000","ECUADOR TV","7"," 109,1","      172500","          64"," 86,40",
"09/07/2025  18:16:51,675","   181250000","CADENA ECUATORIANA DE TELEVISIO","8","  36,2","      999375","         -92"," 95,80",
"09/07/2025  18:16:51,675","   187250000","TELEVISION DEL PACIFICO","9","  37,0","      999375","       -1617"," 94,40",
"09/07/2025  18:16:51,675","   193250000"," ","10","  40,5","      999375","       85778"," 98,10",
"09/07/2025  18:16:51,675","   199250000"," ","11","  40,3","      999375","       59178"," 96,50",
"09/07/2025  18:16:51,675","   205250000"," ","12","  33,8","      999375","       -3837"," 94,70",
"09/07/2025  18:16:51,675","   211250000","TELEAMAZONAS","13","  93,4","      125625","        -122"," 61,10",
"09/07/2025  18:16:51,675","   471250000"," ","14","  27,0","      999375","         487"," 93,50",
"09/07/2025  18:16:51,675","   477250000"," ","15","  28,4","      999375","       -1863"," 93,00",
"09/07/2025  18:16:51,675","   483250000"," ","16","  27,0","      999375","       -1215"," 94,10",
"09/07/2025  18:16:51,675","   513250000"," ","21","  31,4","      999375","        1567"," 97,40",
"09/07/2025  18:16:51,675","   519250000","UCSG TELEVISION","22","  25,6","      999375","        1564"," 94,30",
"09/07/2025  18:16:51,675","   525250000"," ","23","  28,1","      999375","         576"," 94,50",
"09/07/2025  18:16:51,675","   531250000"," ","24","  27,5","      999375","         519"," 94,50",
"09/07/2025  18:16:51,675","   537250000"," ","25","  26,7","      999375","        4593"," 95,60",
"09/07/2025  18:16:51,675","   543250000","SONOVISIÓN TV","26","  27,8","      999375","        5042"," 96,00",
"09/07/2025  18:16:51,675","   549250000"," ","27","  28,0","      999375","         523"," 97,40",
"09/07/2025  18:16:51,675","   555250000","DIGITAL TV","28","  30,8","      999375","        1797"," 95,90",
"09/07/2025  18:16:51,675","   561250000"," ","29","  29,0","      999375","         206"," 98,50",
"09/07/2025  18:16:51,675","   567250000","TV LEGISLATIVA NO AUTORIZADA","30","  29,7","      999375","        1764"," 94,60",
"09/07/2025  18:16:51,675","   573250000"," ","31","  30,2","      999375","       -5069"," 96,60",
"09/07/2025  18:16:51,675","   579250000","TELEATAHUALPA (RTU)","32","  29,5","      999375","         413"," 94,40",
"09/07/2025  18:16:51,675","   585250000"," ","33","  28,6","      999375","          20"," 95,90",
"09/07/2025  18:16:51,675","   591250000"," ","34","  29,0","      999375","       -2893"," 95,20",
"09/07/2025  18:16:51,675","   597250000"," ","35","  29,5","      999375","        -464"," 96,80",
"09/07/2025  18:16:51,675","   603250000"," ","36","  29,3","      999375","        1627"," 95,10",
"09/07/2025  18:16:51,675","   615250000"," ","38","  29,5","      999375","       -4033"," 93,30",
"09/07/2025  18:16:51,675","   621250000"," ","39","  29,4","      999375","       -1572"," 96,30",
"09/07/2025  18:16:51,675","   627250000"," ","40","  28,1","      999375","         142"," 95,10",
"09/07/2025  18:16:51,675","   633250000"," ","41","  28,9","      999375","       37473"," 93,20",
"09/07/2025  18:16:51,675","   639250000"," ","42","  40,9","      999375","       -3344"," 98,90",
"09/07/2025  18:16:51,675","   645250000"," ","43","  30,2","      999375","        4369"," 96,40",
"09/07/2025  18:16:51,675","   651250000"," ","44","  29,5","      999375","         344"," 96,50",
"09/07/2025  18:16:51,675","   657250000"," ","45","  29,0","      999375","         366"," 96,40",
"09/07/2025  18:16:51,675","   663250000"," ","46","  28,5","      999375","       -6172"," 92,50",
"09/07/2025  18:16:51,675","   669250000"," ","47","  27,0","      999375","        2693"," 95,70",
"09/07/2025  18:16:51,675","   675250000","EL CIUDADANO TV NO AUTORIZADA","48","  30,6","      999375","       -1321"," 97,50",
"09/07/2025  18:16:51,675","   681250000"," ","49","  26,8","      999375","        1745"," 96,10",
"09/07/2025  18:16:51,675","   687250000"," ","50","  26,6","      999375","       -2420"," 96,60",
"09/07/2025  18:16:51,675","   693250000"," ","51","  30,4","      999375","       -1734"," 96,40",
"10/07/2025  7:15:03,599","    61250000","RED TELESISTEMA (R.T.S)","3","  82,2","      141250","        -281"," 47,00",
"10/07/2025  7:15:03,599","    67250000"," ","4","  47,9","      999375","      -57810"," 93,10",
"10/07/2025  7:15:03,599","    77250000"," ","5","  50,7","      937500","        2301"," 43,50",
"10/07/2025  7:15:03,599","    83250000"," ","6","  45,7","      228750","       38279"," 97,10",
"10/07/2025  7:15:03,599","   175250000","ECUADOR TV","7"," 108,8","      125625","          63"," 66,90",
"10/07/2025  7:15:03,599","   181250000","CADENA ECUATORIANA DE TELEVISIO","8","  40,1","      589375","       12133"," 94,90",
"10/07/2025  7:15:03,599","   187250000","TELEVISION DEL PACIFICO","9","  37,9","      999375","        8834"," 93,60",
"10/07/2025  7:15:03,599","   193250000"," ","10","  47,5","      999375","      107772"," 90,50",
"10/07/2025  7:15:03,599","   199250000"," ","11","  40,6","      999375","       57454"," 96,70",
"10/07/2025  7:15:03,599","   205250000"," ","12","  37,6","      999375","       16499"," 94,80",
"10/07/2025  7:15:03,599","   211250000","TELEAMAZONAS","13","  96,2","      156875","        -147"," 70,70",
"10/07/2025  7:15:03,599","   471250000"," ","14","  27,9","      999375","         614"," 95,20",
"10/07/2025  7:15:03,599","   477250000"," ","15","  29,0","      999375","        1376"," 94,60",
"10/07/2025  7:15:03,599","   483250000"," ","16","  27,8","      999375","       -2029"," 95,60",
"10/07/2025  7:15:03,599","   513250000"," ","21","  26,2","      999375","        4847"," 95,70",
"10/07/2025  7:15:03,599","   519250000","UCSG TELEVISION","22","  26,8","      999375","        2926"," 94,30",
"10/07/2025  7:15:03,599","   525250000"," ","23","  27,4","      999375","       -5037"," 94,50",
"10/07/2025  7:15:03,599","   531250000"," ","24","  27,0","      999375","        2933"," 96,00",
"10/07/2025  7:15:03,599","   537250000"," ","25","  28,1","      999375","         114"," 95,50",
"10/07/2025  7:15:03,599","   543250000","SONOVISIÓN TV","26","  29,1","      999375","        1941"," 95,10",
"10/07/2025  7:15:03,599","   549250000"," ","27","  29,1","      999375","       -1648"," 96,10",
"10/07/2025  7:15:03,599","   555250000","DIGITAL TV","28","  35,0","      999375","        5546"," 96,00",
"10/07/2025  7:15:03,599","   561250000"," ","29","  28,4","      999375","         753"," 95,80",
"10/07/2025  7:15:03,599","   567250000","TV LEGISLATIVA NO AUTORIZADA","30","  30,1","      999375","       -4212"," 96,40",
"10/07/2025  7:15:03,599","   573250000"," ","31","  29,0","      999375","        1183"," 93,00",
"10/07/2025  7:15:03,599","   579250000","TELEATAHUALPA (RTU)","32","  31,4","      999375","       -1767"," 96,60",
"10/07/2025  7:15:03,599","   585250000"," ","33","  28,9","      999375","        -178"," 97,30",
"10/07/2025  7:15:03,599","   591250000"," ","34","  29,5","      999375","        1435"," 95,80",
"10/07/2025  7:15:03,599","   597250000"," ","35","  31,1","      999375","         826"," 95,90",
"10/07/2025  7:15:03,599","   603250000"," ","36","  29,0","      999375","         453"," 94,40",
"10/07/2025  7:15:03,599","   615250000"," ","38","  28,5","      999375","       -2270"," 92,90",
"10/07/2025  7:15:03,599","   621250000"," ","39","  28,0","      999375","        6521"," 92,00",
"10/07/2025  7:15:03,599","   627250000"," ","40","  28,7","      999375","         797"," 94,80",
"10/07/2025  7:15:03,599","   633250000"," ","41","  29,5","      999375","       26126"," 95,50",
"10/07/2025  7:15:03,599","   639250000"," ","42","  40,7","      999375","       -2942"," 98,20",
"10/07/2025  7:15:03,599","   645250000"," ","43","  31,9","      999375","       -3409"," 94,40",
"10/07/2025  7:15:03,599","   651250000"," ","44","  27,6","      999375","       -1603"," 96,50",
"10/07/2025  7:15:03,599","   657250000"," ","45","  30,3","      999375","        -434"," 96,90",
"10/07/2025  7:15:03,599","   663250000"," ","46","  27,8","      999375","       -5854"," 96,30",
"10/07/2025  7:15:03,599","   669250000"," ","47","  27,4","      157500","       -2685"," 97,20",
"10/07/2025  7:15:03,599","   675250000","EL CIUDADANO TV NO AUTORIZADA","48","  31,3","      999375","        3255"," 96,10",
"10/07/2025  7:15:03,599","   681250000"," ","49","  28,5","      999375","       -2835"," 96,50",
"10/07/2025  7:15:03,599","   687250000"," ","50","  27,6","      999375","       -3545"," 95,70",
"10/07/2025  7:15:03,599","   693250000"," ","51","  30,6","      999375","        6797"," 94,90",
"10/07/2025  7:15:57,451","    61250000","RED TELESISTEMA (R.T.S)","3","  81,8","       95000","        -232"," 15,90",
"10/07/2025  7:15:57,451","    67250000"," ","4","  41,6","      999375","       -2192"," 91,00",
"10/07/2025  7:15:57,451","    77250000"," ","5","  50,6","      997500","        -347"," 37,90",
"10/07/2025  7:15:57,451","    83250000"," ","6","  47,9","      254375","       35934"," 96,90",
"10/07/2025  7:15:57,451","   175250000","ECUADOR TV","7"," 108,5","      125625","          64"," 81,80",
"10/07/2025  7:15:57,451","   181250000","CADENA ECUATORIANA DE TELEVISIO","8","  45,6","      583750","       18386"," 96,10",
"10/07/2025  7:15:57,451","   187250000","TELEVISION DEL PACIFICO","9","  37,2","      999375","       12617"," 96,00",
"10/07/2025  7:15:57,451","   193250000"," ","10","  47,2","      999375","      126798"," 96,00",
"10/07/2025  7:15:57,451","   199250000"," ","11","  40,6","      999375","       65044"," 95,80",
"10/07/2025  7:15:57,451","   205250000"," ","12","  38,3","      999375","       36497"," 95,70",
"10/07/2025  7:15:57,451","   211250000","TELEAMAZONAS","13","  96,3","      188125","         316"," 76,50",
"10/07/2025  7:15:57,451","   471250000"," ","14","  26,8","      999375","        2786"," 95,00",
"10/07/2025  7:15:57,451","   477250000"," ","15","  28,4","      999375","       -1095"," 96,10",
"10/07/2025  7:15:57,451","   483250000"," ","16","  27,4","      999375","        1050"," 96,50",
"10/07/2025  7:15:57,451","   513250000"," ","21","  27,1","      999375","        3579"," 96,30",
"10/07/2025  7:15:57,451","   519250000","UCSG TELEVISION","22","  27,2","      999375","        1737"," 96,30",
"10/07/2025  7:15:57,451","   525250000"," ","23","  26,3","      999375","        2305"," 96,20",
"10/07/2025  7:15:57,451","   531250000"," ","24","  27,0","      999375","         244"," 94,80",
"10/07/2025  7:15:57,451","   537250000"," ","25","  27,7","      999375","        2684"," 95,30",
"10/07/2025  7:15:57,451","   543250000","SONOVISIÓN TV","26","  28,8","      999375","        1987"," 94,60",
"10/07/2025  7:15:57,451","   549250000"," ","27","  28,4","      999375","          71"," 96,30",
"10/07/2025  7:15:57,451","   555250000","DIGITAL TV","28","  36,0","      999375","        4344"," 97,20",
"10/07/2025  7:15:57,451","   561250000"," ","29","  29,1","      999375","        3304"," 91,00",
"10/07/2025  7:15:57,451","   567250000","TV LEGISLATIVA NO AUTORIZADA","30","  30,0","      999375","        -832"," 95,90",
"10/07/2025  7:15:57,451","   573250000"," ","31","  29,2","      999375","       -4200"," 96,50",
"10/07/2025  7:15:57,451","   579250000","TELEATAHUALPA (RTU)","32","  28,9","      999375","         418"," 95,10",
"10/07/2025  7:15:57,451","   585250000"," ","33","  29,3","      999375","        -975"," 96,20",
"10/07/2025  7:15:57,451","   591250000"," ","34","  29,4","      999375","        1936"," 93,40",
"10/07/2025  7:15:57,451","   597250000"," ","35","  29,3","      999375","        -347"," 95,10",
"10/07/2025  7:15:57,451","   603250000"," ","36","  28,3","      999375","       -3108"," 93,90",
"10/07/2025  7:15:57,451","   615250000"," ","38","  29,2","      999375","       -3084"," 95,40",
"10/07/2025  7:15:57,451","   621250000"," ","39","  27,8","      999375","        2869"," 93,50",
"10/07/2025  7:15:57,451","   627250000"," ","40","  28,8","      999375","       -2445"," 97,70",
"10/07/2025  7:15:57,451","   633250000"," ","41","  29,1","      999375","       27963"," 96,20",
"10/07/2025  7:15:57,451","   639250000"," ","42","  41,3","      999375","       -1603"," 97,80",
"10/07/2025  7:15:57,451","   645250000"," ","43","  31,9","      999375","           4"," 94,90",
"10/07/2025  7:15:57,451","   651250000"," ","44","  27,1","      999375","        5615"," 96,30",
"10/07/2025  7:15:57,451","   657250000"," ","45","  29,4","      999375","        2146"," 97,80",
"10/07/2025  7:15:57,451","   663250000"," ","46","  30,9","      999375","       -1175"," 94,40",
"10/07/2025  7:15:57,451","   669250000"," ","47","  27,3","      156875","       -2746"," 94,70",
"10/07/2025  7:15:57,451","   675250000","EL CIUDADANO TV NO AUTORIZADA","48","  31,2","      999375","       -2344"," 96,00",
"10/07/2025  7:15:57,451","   681250000"," ","49","  28,9","      999375","        3063"," 95,90",
"10/07/2025  7:15:57,451","   687250000"," ","50","  28,2","      999375","        1788"," 96,70",
"10/07/2025  7:15:57,451","   693250000"," ","51","  28,3","      999375","        2406"," 96,90",
"10/07/2025  7:16:51,298","    61250000","RED TELESISTEMA (R.T.S)","3","  81,7","       94375","        -194"," 46,40",
"10/07/2025  7:16:51,298","    67250000"," ","4","  46,1","      999375","        2796"," 94,20",
"10/07/2025  7:16:51,298","    77250000"," ","5","  49,5","      979375","       -8898"," 29,80",
"10/07/2025  7:16:51,298","    83250000"," ","6","  43,3","      160000","       31460"," 92,40",
"10/07/2025  7:16:51,298","   175250000","ECUADOR TV","7"," 108,4","      172500","          64"," 36,10",
"10/07/2025  7:16:51,298","   181250000","CADENA ECUATORIANA DE TELEVISIO","8","  41,8","      613750","       19707"," 95,60",
"10/07/2025  7:16:51,298","   187250000","TELEVISION DEL PACIFICO","9","  38,0","      999375","       18834"," 95,70",
"10/07/2025  7:16:51,298","   193250000"," ","10","  47,0","      999375","      119147"," 94,10",
"10/07/2025  7:16:51,298","   199250000"," ","11","  40,7","      999375","       65590"," 94,50",
"10/07/2025  7:16:51,298","   205250000"," ","12","  37,6","      999375","       16157"," 94,60",
"10/07/2025  7:16:51,298","   211250000","TELEAMAZONAS","13","  96,1","      156875","         125"," 72,80",
"10/07/2025  7:16:51,298","   471250000"," ","14","  27,8","      999375","       -2470"," 92,90",
"10/07/2025  7:16:51,298","   477250000"," ","15","  28,0","      999375","        -186"," 97,90",
"10/07/2025  7:16:51,298","   483250000"," ","16","  27,4","      999375","        1958"," 93,50",
"10/07/2025  7:16:51,298","   513250000"," ","21","  25,7","      999375","        2171"," 92,70",
"10/07/2025  7:16:51,298","   519250000","UCSG TELEVISION","22","  25,6","      999375","        3022"," 92,60",
"10/07/2025  7:16:51,298","   525250000"," ","23","  27,0","      999375","        -564"," 95,80",
"10/07/2025  7:16:51,298","   531250000"," ","24","  27,0","      999375","         877"," 92,60",
"10/07/2025  7:16:51,298","   537250000"," ","25","  27,7","      999375","         501"," 93,80",
"10/07/2025  7:16:51,298","   543250000","SONOVISIÓN TV","26","  28,9","      999375","        5223"," 97,00",
"10/07/2025  7:16:51,298","   549250000"," ","27","  28,8","      999375","       -1359"," 96,60",
"10/07/2025  7:16:51,298","   555250000","DIGITAL TV","28","  36,7","      999375","        1282"," 96,70",
"10/07/2025  7:16:51,298","   561250000"," ","29","  30,2","      999375","        2352"," 97,70",
"10/07/2025  7:16:51,298","   567250000","TV LEGISLATIVA NO AUTORIZADA","30","  31,0","      999375","        5230"," 96,90",
"10/07/2025  7:16:51,298","   573250000"," ","31","  27,6","      999375","        1404"," 94,00",
"10/07/2025  7:16:51,298","   579250000","TELEATAHUALPA (RTU)","32","  28,3","      999375","         142"," 96,40",
"10/07/2025  7:16:51,298","   585250000"," ","33","  28,7","      999375","        -989"," 96,10",
"10/07/2025  7:16:51,298","   591250000"," ","34","  29,6","      999375","           5"," 96,00",
"10/07/2025  7:16:51,298","   597250000"," ","35","  29,2","      999375","         655"," 94,50",
"10/07/2025  7:16:51,298","   603250000"," ","36","  29,5","      999375","        3758"," 97,10",
"10/07/2025  7:16:51,298","   615250000"," ","38","  28,2","      999375","         221"," 96,30",
"10/07/2025  7:16:51,298","   621250000"," ","39","  29,5","      999375","       -1870"," 93,80",
"10/07/2025  7:16:51,298","   627250000"," ","40","  28,4","      999375","        1543"," 95,80",
"10/07/2025  7:16:51,298","   633250000"," ","41","  30,0","      999375","       31557"," 94,70",
"10/07/2025  7:16:51,298","   639250000"," ","42","  40,0","      999375","       -3363"," 97,90",
"10/07/2025  7:16:51,298","   645250000"," ","43","  31,7","      999375","        1959"," 90,00",
"10/07/2025  7:16:51,298","   651250000"," ","44","  31,5","      999375","        1707"," 95,60",
"10/07/2025  7:16:51,298","   657250000"," ","45","  28,2","      999375","        2841"," 96,30",
"10/07/2025  7:16:51,298","   663250000"," ","46","  30,8","      204375","         569"," 94,20",
"10/07/2025  7:16:51,298","   669250000"," ","47","  27,2","      999375","       -1130"," 97,50",
"10/07/2025  7:16:51,298","   675250000","EL CIUDADANO TV NO AUTORIZADA","48","  33,4","      999375","       -3988"," 96,50",
"10/07/2025  7:16:51,298","   681250000"," ","49","  29,9","      999375","       -1991"," 92,80",
"10/07/2025  7:16:51,298","   687250000"," ","50","  26,5","      999375","       -2291"," 94,80",
"10/07/2025  7:16:51,298","   693250000"," ","51","  30,6","      999375","        -813"," 93,20",
"10/07/2025  18:15:03,416","    61250000","RED TELESISTEMA (R.T.S)","3","  86,6","      125625","        -393"," 39,10",
"10/07/2025  18:15:03,416","    67250000"," ","4","  37,5","      999375","        2440"," 96,20",
"10/07/2025  18:15:03,416","    77250000"," ","5","  42,5","      839375","        8936"," 81,10",
"10/07/2025  18:15:03,416","    83250000"," ","6","  40,1","      845625","       49416"," 84,40",
"10/07/2025  18:15:03,416","   175250000","ECUADOR TV","7"," 108,9","      125625","          63"," 68,80",
"10/07/2025  18:15:03,416","   181250000","CADENA ECUATORIANA DE TELEVISIO","8","  37,3","      999375","       -5520"," 96,80",
"10/07/2025  18:15:03,416","   187250000","TELEVISION DEL PACIFICO","9","  37,4","      999375","         681"," 97,30",
"10/07/2025  18:15:03,416","   193250000"," ","10","  40,9","      999375","       94294"," 86,70",
"10/07/2025  18:15:03,416","   199250000"," ","11","  37,3","      999375","       56484"," 94,60",
"10/07/2025  18:15:03,416","   205250000"," ","12","  35,3","      999375","        8689"," 97,70",
"10/07/2025  18:15:03,416","   211250000","TELEAMAZONAS","13","  93,2","      314375","           1"," 76,20",
"10/07/2025  18:15:03,416","   471250000"," ","14","  27,9","      999375","       -2239"," 97,40",
"10/07/2025  18:15:03,416","   477250000"," ","15","  27,2","      999375","        3142"," 96,60",
"10/07/2025  18:15:03,416","   483250000"," ","16","  26,9","      999375","        1722"," 93,80",
"10/07/2025  18:15:03,416","   513250000"," ","21","  26,7","      999375","        1742"," 92,00",
"10/07/2025  18:15:03,416","   519250000","UCSG TELEVISION","22","  26,5","      999375","        -680"," 96,10",
"10/07/2025  18:15:03,416","   525250000"," ","23","  27,8","      999375","       -3339"," 97,30",
"10/07/2025  18:15:03,416","   531250000"," ","24","  27,2","      999375","        2350"," 93,00",
"10/07/2025  18:15:03,416","   537250000"," ","25","  28,5","      999375","         344"," 97,20",
"10/07/2025  18:15:03,416","   543250000","SONOVISIÓN TV","26","  28,0","      999375","         203"," 96,90",
"10/07/2025  18:15:03,416","   549250000"," ","27","  27,2","      999375","       -3952"," 94,60",
"10/07/2025  18:15:03,416","   555250000","DIGITAL TV","28","  30,1","      999375","        1432"," 96,40",
"10/07/2025  18:15:03,416","   561250000"," ","29","  28,6","      999375","        2262"," 93,10",
"10/07/2025  18:15:03,416","   567250000","TV LEGISLATIVA NO AUTORIZADA","30","  30,8","      999375","       -8485"," 96,00",
"10/07/2025  18:15:03,416","   573250000"," ","31","  28,8","      999375","        3827"," 96,30",
"10/07/2025  18:15:03,416","   579250000","TELEATAHUALPA (RTU)","32","  28,8","      999375","        3372"," 90,60",
"10/07/2025  18:15:03,416","   585250000"," ","33","  28,3","      999375","       -4309"," 93,20",
"10/07/2025  18:15:03,416","   591250000"," ","34","  29,4","      999375","         362"," 94,50",
"10/07/2025  18:15:03,416","   597250000"," ","35","  30,2","      999375","         896"," 99,10",
"10/07/2025  18:15:03,416","   603250000"," ","36","  28,4","      999375","        -978"," 94,80",
"10/07/2025  18:15:03,416","   615250000"," ","38","  28,4","      999375","        1221"," 93,50",
"10/07/2025  18:15:03,416","   621250000"," ","39","  29,3","      999375","        1838"," 95,40",
"10/07/2025  18:15:03,416","   627250000"," ","40","  27,8","      999375","        4180"," 94,20",
"10/07/2025  18:15:03,416","   633250000"," ","41","  29,4","      999375","       42377"," 93,00",
"10/07/2025  18:15:03,416","   639250000"," ","42","  39,1","      999375","       -3651"," 98,20",
"10/07/2025  18:15:03,416","   645250000"," ","43","  31,0","      999375","        -272"," 97,00",
"10/07/2025  18:15:03,416","   651250000"," ","44","  27,2","      999375","        2166"," 93,40",
"10/07/2025  18:15:03,416","   657250000"," ","45","  29,4","      999375","        -412"," 96,00",
"10/07/2025  18:15:03,416","   663250000"," ","46","  28,5","      999375","       -1217"," 95,80",
"10/07/2025  18:15:03,416","   669250000"," ","47","  27,2","      999375","        -817"," 94,10",
"10/07/2025  18:15:03,416","   675250000","EL CIUDADANO TV NO AUTORIZADA","48","  30,8","      999375","       -1563"," 96,30",
"10/07/2025  18:15:03,416","   681250000"," ","49","  27,6","      999375","       -2203"," 95,10",
"10/07/2025  18:15:03,416","   687250000"," ","50","  26,6","      999375","       -2695"," 95,40",
"10/07/2025  18:15:03,416","   693250000"," ","51","  27,6","      999375","        -946"," 96,50",
"10/07/2025  18:15:57,081","    61250000","RED TELESISTEMA (R.T.S)","3","  86,3","       63750","        -373"," 47,00",
"10/07/2025  18:15:57,081","    67250000"," ","4","  38,9","      999375","       -2565"," 95,50",
"10/07/2025  18:15:57,081","    77250000"," ","5","  42,0","      862500","        3865"," 68,50",
"10/07/2025  18:15:57,081","    83250000"," ","6","  44,3","      868125","       50887"," 88,70",
"10/07/2025  18:15:57,081","   175250000","ECUADOR TV","7"," 108,8","      156875","          63"," 40,70",
"10/07/2025  18:15:57,081","   181250000","CADENA ECUATORIANA DE TELEVISIO","8","  40,3","      999375","       -8868"," 97,70",
"10/07/2025  18:15:57,081","   187250000","TELEVISION DEL PACIFICO","9","  37,0","      999375","        6515"," 97,40",
"10/07/2025  18:15:57,081","   193250000"," ","10","  42,5","      999375","       97038"," 94,30",
"10/07/2025  18:15:57,081","   199250000"," ","11","  38,5","      999375","       57072"," 93,10",
"10/07/2025  18:15:57,081","   205250000"," ","12","  34,6","      999375","        4117"," 97,00",
"10/07/2025  18:15:57,081","   211250000","TELEAMAZONAS","13","  93,4","      126250","        -113"," 54,60",
"10/07/2025  18:15:57,081","   471250000"," ","14","  28,3","      999375","         234"," 97,50",
"10/07/2025  18:15:57,081","   477250000"," ","15","  26,5","      999375","       -3547"," 95,00",
"10/07/2025  18:15:57,081","   483250000"," ","16","  27,0","      999375","        -382"," 95,40",
"10/07/2025  18:15:57,081","   513250000"," ","21","  26,4","      999375","        -863"," 96,00",
"10/07/2025  18:15:57,081","   519250000","UCSG TELEVISION","22","  26,7","      999375","       -1298"," 97,90",
"10/07/2025  18:15:57,081","   525250000"," ","23","  26,8","      999375","        -895"," 90,80",
"10/07/2025  18:15:57,081","   531250000"," ","24","  26,6","      999375","        1008"," 95,70",
"10/07/2025  18:15:57,081","   537250000"," ","25","  27,7","      999375","       -2365"," 95,00",
"10/07/2025  18:15:57,081","   543250000","SONOVISIÓN TV","26","  27,5","      999375","         604"," 94,20",
"10/07/2025  18:15:57,081","   549250000"," ","27","  26,6","      999375","         752"," 94,20",
"10/07/2025  18:15:57,081","   555250000","DIGITAL TV","28","  30,1","      999375","        2034"," 95,70",
"10/07/2025  18:15:57,081","   561250000"," ","29","  31,3","      999375","       -2396"," 97,20",
"10/07/2025  18:15:57,081","   567250000","TV LEGISLATIVA NO AUTORIZADA","30","  29,8","      999375","       -8041"," 95,50",
"10/07/2025  18:15:57,081","   573250000"," ","31","  29,4","      999375","       -2613"," 94,60",
"10/07/2025  18:15:57,081","   579250000","TELEATAHUALPA (RTU)","32","  29,1","      999375","        4063"," 96,70",
"10/07/2025  18:15:57,081","   585250000"," ","33","  32,4","      999375","       73803"," 91,70",
"10/07/2025  18:15:57,081","   591250000"," ","34","  29,1","      999375","        -159"," 94,40",
"10/07/2025  18:15:57,081","   597250000"," ","35","  28,4","      999375","        2267"," 92,60",
"10/07/2025  18:15:57,081","   603250000"," ","36","  29,4","      999375","        1892"," 94,80",
"10/07/2025  18:15:57,081","   615250000"," ","38","  29,6","      999375","        -239"," 95,80",
"10/07/2025  18:15:57,081","   621250000"," ","39","  28,9","      999375","        -940"," 95,70",
"10/07/2025  18:15:57,081","   627250000"," ","40","  29,3","      999375","        5635"," 97,00",
"10/07/2025  18:15:57,081","   633250000"," ","41","  29,7","      999375","       41870"," 95,90",
"10/07/2025  18:15:57,081","   639250000"," ","42","  35,8","      999375","       -3597"," 97,80",
"10/07/2025  18:15:57,081","   645250000"," ","43","  30,2","      999375","          45"," 96,60",
"10/07/2025  18:15:57,081","   651250000"," ","44","  26,9","      999375","        7896"," 97,10",
"10/07/2025  18:15:57,081","   657250000"," ","45","  30,2","      999375","       -1476"," 94,50",
"10/07/2025  18:15:57,081","   663250000"," ","46","  28,1","      999375","       -3819"," 96,10",
"10/07/2025  18:15:57,081","   669250000"," ","47","  28,3","      999375","        2223"," 93,30",
"10/07/2025  18:15:57,081","   675250000","EL CIUDADANO TV NO AUTORIZADA","48","  30,1","      999375","         169"," 96,10",
"10/07/2025  18:15:57,081","   681250000"," ","49","  26,2","      999375","       -5128"," 93,70",
"10/07/2025  18:15:57,081","   687250000"," ","50","  29,2","      999375","        3974"," 95,60",
"10/07/2025  18:15:57,081","   693250000"," ","51","  28,5","      999375","        5303"," 95,30",
"10/07/2025  18:16:50,339","    61250000","RED TELESISTEMA (R.T.S)","3","  86,6","       95000","        -325"," 39,10",
"10/07/2025  18:16:50,339","    67250000"," ","4","  39,7","      999375","      -39293"," 97,00",
"10/07/2025  18:16:50,339","    77250000"," ","5","  41,4","      836875","        6902"," 67,50",
"10/07/2025  18:16:50,339","    83250000"," ","6","  42,9","      419375","       46102"," 90,10",
"10/07/2025  18:16:50,339","   175250000","ECUADOR TV","7"," 109,1","      188125","          64"," 85,30",
"10/07/2025  18:16:50,339","   181250000","CADENA ECUATORIANA DE TELEVISIO","8","  38,1","      999375","      -12105"," 95,90",
"10/07/2025  18:16:50,339","   187250000","TELEVISION DEL PACIFICO","9","  36,3","      999375","       -3148"," 93,60",
"10/07/2025  18:16:50,339","   193250000"," ","10","  39,3","      999375","       65307"," 97,00",
"10/07/2025  18:16:50,339","   199250000"," ","11","  37,7","      999375","       64189"," 92,90",
"10/07/2025  18:16:50,339","   205250000"," ","12","  35,9","      999375","        4483"," 97,10",
"10/07/2025  18:16:50,339","   211250000","TELEAMAZONAS","13","  93,3","      189375","        -151"," 63,30",
"10/07/2025  18:16:50,339","   471250000"," ","14","  28,3","      999375","        1593"," 96,10",
"10/07/2025  18:16:50,339","   477250000"," ","15","  26,7","      999375","        5907"," 92,10",
"10/07/2025  18:16:50,339","   483250000"," ","16","  25,9","      999375","        -793"," 93,90",
"10/07/2025  18:16:50,339","   513250000"," ","21","  26,6","      999375","       -1382"," 93,40",
"10/07/2025  18:16:50,339","   519250000","UCSG TELEVISION","22","  26,9","      999375","        -437"," 95,50",
"10/07/2025  18:16:50,339","   525250000"," ","23","  26,8","      999375","         692"," 95,80",
"10/07/2025  18:16:50,339","   531250000"," ","24","  26,7","      999375","        5571"," 91,50",
"10/07/2025  18:16:50,339","   537250000"," ","25","  26,9","      999375","        1733"," 94,50",
"10/07/2025  18:16:50,339","   543250000","SONOVISIÓN TV","26","  28,8","      999375","        3133"," 96,40",
"10/07/2025  18:16:50,339","   549250000"," ","27","  28,0","      999375","       -1067"," 95,90",
"10/07/2025  18:16:50,339","   555250000","DIGITAL TV","28","  29,0","      999375","        1821"," 93,70",
"10/07/2025  18:16:50,339","   561250000"," ","29","  29,0","      999375","        1883"," 94,10",
"10/07/2025  18:16:50,339","   567250000","TV LEGISLATIVA NO AUTORIZADA","30","  30,0","      999375","       -8929"," 94,40",
"10/07/2025  18:16:50,339","   573250000"," ","31","  29,2","      999375","        5213"," 95,60",
"10/07/2025  18:16:50,339","   579250000","TELEATAHUALPA (RTU)","32","  29,0","      999375","        1124"," 94,40",
"10/07/2025  18:16:50,339","   585250000"," ","33","  29,2","      999375","       -1926"," 97,40",
"10/07/2025  18:16:50,339","   591250000"," ","34","  30,4","      999375","       -1844"," 95,80",
"10/07/2025  18:16:50,339","   597250000"," ","35","  31,4","      999375","        2085"," 94,60",
"10/07/2025  18:16:50,339","   603250000"," ","36","  28,6","      999375","       -3084"," 93,50",
"10/07/2025  18:16:50,339","   615250000"," ","38","  27,6","      999375","        2098"," 93,90",
"10/07/2025  18:16:50,339","   621250000"," ","39","  28,2","      999375","        -282"," 94,80",
"10/07/2025  18:16:50,339","   627250000"," ","40","  29,3","      999375","        4370"," 95,30",
"10/07/2025  18:16:50,339","   633250000"," ","41","  31,3","      999375","       44611"," 95,00",
"10/07/2025  18:16:50,339","   639250000"," ","42","  37,4","      999375","       -1527"," 97,10",
"10/07/2025  18:16:50,339","   645250000"," ","43","  31,1","      999375","         870"," 96,30",
"10/07/2025  18:16:50,339","   651250000"," ","44","  27,1","      999375","        5583"," 95,80",
"10/07/2025  18:16:50,339","   657250000"," ","45","  27,6","      999375","        -688"," 96,00",
"10/07/2025  18:16:50,339","   663250000"," ","46","  29,3","      999375","        1861"," 96,90",
"10/07/2025  18:16:50,339","   669250000"," ","47","  26,4","      999375","       -1980"," 94,20",
"10/07/2025  18:16:50,339","   675250000","EL CIUDADANO TV NO AUTORIZADA","48","  29,0","      999375","        5426"," 94,60",
"10/07/2025  18:16:50,339","   681250000"," ","49","  28,2","      999375","        3215"," 95,90",
"10/07/2025  18:16:50,339","   687250000"," ","50","  27,0","      999375","        -640"," 96,30",
"10/07/2025  18:16:50,339","   693250000"," ","51","  27,8","      999375","       -3278"," 96,10",
"11/07/2025  7:15:03,568","    61250000","RED TELESISTEMA (R.T.S)","3","  85,6","      156875","        -277"," 56,60",
"11/07/2025  7:15:03,568","    67250000"," ","4","  49,8","      999375","      -21731"," 96,60",
"11/07/2025  7:15:03,568","    77250000"," ","5","  53,1","      985625","        1413"," 54,40",
"11/07/2025  7:15:03,568","    83250000"," ","6","  54,5","      413125","       56737"," 91,60",
"11/07/2025  7:15:03,568","   175250000","ECUADOR TV","7"," 108,4","      125625","          64"," 76,30",
"11/07/2025  7:15:03,568","   181250000","CADENA ECUATORIANA DE TELEVISIO","8","  50,4","      543750","      -45950"," 45,10",
"11/07/2025  7:15:03,568","   187250000","TELEVISION DEL PACIFICO","9","  38,5","      999375","       15603"," 95,30",
"11/07/2025  7:15:03,568","   193250000"," ","10","  49,4","      690625","      125283"," 92,50",
"11/07/2025  7:15:03,568","   199250000"," ","11","  40,8","      999375","       67465"," 94,50",
"11/07/2025  7:15:03,568","   205250000"," ","12","  37,3","      999375","       22467"," 95,70",
"11/07/2025  7:15:03,568","   211250000","TELEAMAZONAS","13","  96,5","      156875","         333"," 59,50",
"11/07/2025  7:15:03,568","   471250000"," ","14","  26,8","      999375","        -166"," 95,50",
"11/07/2025  7:15:03,568","   477250000"," ","15","  26,2","      999375","       -1132"," 94,50",
"11/07/2025  7:15:03,568","   483250000"," ","16","  27,3","      999375","        -855"," 95,70",
"11/07/2025  7:15:03,568","   513250000"," ","21","  30,0","      999375","       -1601"," 95,70",
"11/07/2025  7:15:03,568","   519250000","UCSG TELEVISION","22","  26,7","      999375","        -693"," 94,30",
"11/07/2025  7:15:03,568","   525250000"," ","23","  26,6","      999375","        -649"," 95,40",
"11/07/2025  7:15:03,568","   531250000"," ","24","  27,9","      999375","        -120"," 95,90",
"11/07/2025  7:15:03,568","   537250000"," ","25","  27,2","      999375","        -701"," 95,90",
"11/07/2025  7:15:03,568","   543250000","SONOVISIÓN TV","26","  28,2","      999375","       -1522"," 96,60",
"11/07/2025  7:15:03,568","   549250000"," ","27","  28,3","      999375","        2904"," 96,20",
"11/07/2025  7:15:03,568","   555250000","DIGITAL TV","28","  37,4","      999375","        8400"," 94,40",
"11/07/2025  7:15:03,568","   561250000"," ","29","  28,0","      999375","           9"," 96,20",
"11/07/2025  7:15:03,568","   567250000","TV LEGISLATIVA NO AUTORIZADA","30","  31,5","      999375","       -1142"," 97,10",
"11/07/2025  7:15:03,568","   573250000"," ","31","  29,1","      999375","        -684"," 96,80",
"11/07/2025  7:15:03,568","   579250000","TELEATAHUALPA (RTU)","32","  30,7","      999375","       -3263"," 94,80",
"11/07/2025  7:15:03,568","   585250000"," ","33","  29,6","      999375","         602"," 96,40",
"11/07/2025  7:15:03,568","   591250000"," ","34","  28,7","      999375","        3133"," 95,90",
"11/07/2025  7:15:03,568","   597250000"," ","35","  29,7","      999375","        3235"," 93,80",
"11/07/2025  7:15:03,568","   603250000"," ","36","  29,8","      999375","        -665"," 94,40",
"11/07/2025  7:15:03,568","   615250000"," ","38","  29,5","      999375","        1849"," 95,70",
"11/07/2025  7:15:03,568","   621250000"," ","39","  27,3","      999375","        1205"," 97,20",
"11/07/2025  7:15:03,568","   627250000"," ","40","  28,1","      999375","       -1369"," 93,60",
"11/07/2025  7:15:03,568","   633250000"," ","41","  28,6","      999375","       32341"," 97,10",
"11/07/2025  7:15:03,568","   639250000"," ","42","  37,8","      999375","       -3503"," 98,70",
"11/07/2025  7:15:03,568","   645250000"," ","43","  33,7","      999375","        -379"," 94,40",
"11/07/2025  7:15:03,568","   651250000"," ","44","  27,8","      999375","        3267"," 95,30",
"11/07/2025  7:15:03,568","   657250000"," ","45","  28,3","      999375","         270"," 96,20",
"11/07/2025  7:15:03,568","   663250000"," ","46","  29,2","      999375","       -1554"," 96,40",
"11/07/2025  7:15:03,568","   669250000"," ","47","  28,4","      378125","        3442"," 94,70",
"11/07/2025  7:15:03,568","   675250000","EL CIUDADANO TV NO AUTORIZADA","48","  32,4","      999375","       -4481"," 97,80",
"11/07/2025  7:15:03,568","   681250000"," ","49","  27,5","      999375","       -3535"," 96,50",
"11/07/2025  7:15:03,568","   687250000"," ","50","  26,8","      999375","       -1592"," 94,80",
"11/07/2025  7:15:03,568","   693250000"," ","51","  30,9","      999375","        -657"," 95,20",
"11/07/2025  7:15:57,445","    61250000","RED TELESISTEMA (R.T.S)","3","  84,9","      126250","        -254"," 50,10",
"11/07/2025  7:15:57,445","    67250000"," ","4","  53,6","      999375","       -3099"," 97,70",
"11/07/2025  7:15:57,445","    77250000"," ","5","  54,3","      907500","         174"," 63,50",
"11/07/2025  7:15:57,445","    83250000"," ","6","  53,8","      862500","       18656"," 94,10",
"11/07/2025  7:15:57,445","   175250000","ECUADOR TV","7"," 108,5","      125625","          63"," 80,90",
"11/07/2025  7:15:57,445","   181250000","CADENA ECUATORIANA DE TELEVISIO","8","  50,9","      560000","      -47092"," 37,00",
"11/07/2025  7:15:57,445","   187250000","TELEVISION DEL PACIFICO","9","  39,3","      999375","        8101"," 95,60",
"11/07/2025  7:15:57,445","   193250000"," ","10","  48,9","      812500","      132608"," 88,20",
"11/07/2025  7:15:57,445","   199250000"," ","11","  41,0","      999375","       73720"," 94,60",
"11/07/2025  7:15:57,445","   205250000"," ","12","  36,3","      999375","       48072"," 95,50",
"11/07/2025  7:15:57,445","   211250000","TELEAMAZONAS","13","  96,9","      125625","         329"," 68,70",
"11/07/2025  7:15:57,445","   471250000"," ","14","  26,7","      999375","        3610"," 95,00",
"11/07/2025  7:15:57,445","   477250000"," ","15","  28,9","      999375","        -828"," 95,80",
"11/07/2025  7:15:57,445","   483250000"," ","16","  26,1","      999375","       -4550"," 93,90",
"11/07/2025  7:15:57,445","   513250000"," ","21","  27,7","      999375","         673"," 94,40",
"11/07/2025  7:15:57,445","   519250000","UCSG TELEVISION","22","  27,4","      999375","        1320"," 91,50",
"11/07/2025  7:15:57,445","   525250000"," ","23","  26,7","      999375","        6617"," 92,70",
"11/07/2025  7:15:57,445","   531250000"," ","24","  26,3","      999375","        -589"," 91,80",
"11/07/2025  7:15:57,445","   537250000"," ","25","  27,2","      999375","         935"," 93,60",
"11/07/2025  7:15:57,445","   543250000","SONOVISIÓN TV","26","  28,6","      999375","        2736"," 94,70",
"11/07/2025  7:15:57,445","   549250000"," ","27","  31,9","      999375","         583"," 96,80",
"11/07/2025  7:15:57,445","   555250000","DIGITAL TV","28","  37,0","      999375","        5957"," 96,00",
"11/07/2025  7:15:57,445","   561250000"," ","29","  28,3","      999375","        2594"," 94,80",
"11/07/2025  7:15:57,445","   567250000","TV LEGISLATIVA NO AUTORIZADA","30","  32,6","      999375","       -3485"," 96,40",
"11/07/2025  7:15:57,445","   573250000"," ","31","  30,3","      999375","        3111"," 94,90",
"11/07/2025  7:15:57,445","   579250000","TELEATAHUALPA (RTU)","32","  29,4","      999375","        -822"," 95,30",
"11/07/2025  7:15:57,445","   585250000"," ","33","  29,4","      999375","        -389"," 95,40",
"11/07/2025  7:15:57,445","   591250000"," ","34","  30,0","      999375","       -3210"," 93,80",
"11/07/2025  7:15:57,445","   597250000"," ","35","  29,6","      999375","       -1364"," 95,90",
"11/07/2025  7:15:57,445","   603250000"," ","36","  29,3","      999375","        1389"," 93,30",
"11/07/2025  7:15:57,445","   615250000"," ","38","  29,1","      999375","         579"," 96,20",
"11/07/2025  7:15:57,445","   621250000"," ","39","  29,3","      999375","       -3437"," 94,10",
"11/07/2025  7:15:57,445","   627250000"," ","40","  27,6","      999375","        3652"," 96,30",
"11/07/2025  7:15:57,445","   633250000"," ","41","  30,0","      999375","       28626"," 95,30",
"11/07/2025  7:15:57,445","   639250000"," ","42","  38,3","      999375","        -327"," 98,30",
"11/07/2025  7:15:57,445","   645250000"," ","43","  33,9","      999375","       -6274"," 93,40",
"11/07/2025  7:15:57,445","   651250000"," ","44","  28,3","      999375","        1199"," 96,90",
"11/07/2025  7:15:57,445","   657250000"," ","45","  27,7","      999375","         482"," 95,30",
"11/07/2025  7:15:57,445","   663250000"," ","46","  30,3","      999375","        1682"," 94,80",
"11/07/2025  7:15:57,445","   669250000"," ","47","  29,2","      999375","        4351"," 96,00",
"11/07/2025  7:15:57,445","   675250000","EL CIUDADANO TV NO AUTORIZADA","48","  31,0","      999375","       -2712"," 94,90",
"11/07/2025  7:15:57,445","   681250000"," ","49","  28,4","      999375","       -3699"," 94,90",
"11/07/2025  7:15:57,445","   687250000"," ","50","  28,3","      999375","        1237"," 96,80",
"11/07/2025  7:15:57,445","   693250000"," ","51","  28,4","      999375","        2172"," 97,30",
"11/07/2025  7:16:51,316","    61250000","RED TELESISTEMA (R.T.S)","3","  85,2","      126250","        -184"," 60,70",
"11/07/2025  7:16:51,316","    67250000"," ","4","  50,6","      999375","      -29768"," 96,70",
"11/07/2025  7:16:51,316","    77250000"," ","5","  52,8","      998125","          38"," 47,80",
"11/07/2025  7:16:51,316","    83250000"," ","6","  53,0","      856250","       47205"," 96,00",
"11/07/2025  7:16:51,316","   175250000","ECUADOR TV","7"," 108,3","      125625","          64"," 19,40",
"11/07/2025  7:16:51,316","   181250000","CADENA ECUATORIANA DE TELEVISIO","8","  50,2","      513750","      -40643"," 34,60",
"11/07/2025  7:16:51,316","   187250000","TELEVISION DEL PACIFICO","9","  39,7","      999375","        9466"," 95,80",
"11/07/2025  7:16:51,316","   193250000"," ","10","  47,5","      958125","      136225"," 93,50",
"11/07/2025  7:16:51,316","   199250000"," ","11","  40,8","      999375","       65441"," 94,00",
"11/07/2025  7:16:51,316","   205250000"," ","12","  37,1","      999375","       24211"," 96,50",
"11/07/2025  7:16:51,316","   211250000","TELEAMAZONAS","13","  96,3","      251250","         181"," 68,70",
"11/07/2025  7:16:51,316","   471250000"," ","14","  26,8","      999375","       -2227"," 95,90",
"11/07/2025  7:16:51,316","   477250000"," ","15","  27,6","      999375","       -1571"," 96,30",
"11/07/2025  7:16:51,316","   483250000"," ","16","  27,5","      999375","       -1581"," 95,00",
"11/07/2025  7:16:51,316","   513250000"," ","21","  26,2","      999375","       -2182"," 95,80",
"11/07/2025  7:16:51,316","   519250000","UCSG TELEVISION","22","  26,2","      999375","       -1965"," 95,20",
"11/07/2025  7:16:51,316","   525250000"," ","23","  28,1","      999375","       -1261"," 95,90",
"11/07/2025  7:16:51,316","   531250000"," ","24","  33,9","      999375","        -993"," 98,30",
"11/07/2025  7:16:51,316","   537250000"," ","25","  26,3","      999375","       -3308"," 93,20",
"11/07/2025  7:16:51,316","   543250000","SONOVISIÓN TV","26","  27,6","      999375","       -1122"," 96,80",
"11/07/2025  7:16:51,316","   549250000"," ","27","  27,7","      999375","        6856"," 96,60",
"11/07/2025  7:16:51,316","   555250000","DIGITAL TV","28","  36,4","      999375","        8520"," 96,60",
"11/07/2025  7:16:51,316","   561250000"," ","29","  27,3","      999375","         992"," 95,10",
"11/07/2025  7:16:51,316","   567250000","TV LEGISLATIVA NO AUTORIZADA","30","  36,4","      999375","        1026"," 97,00",
"11/07/2025  7:16:51,316","   573250000"," ","31","  29,1","      999375","        1342"," 94,50",
"11/07/2025  7:16:51,316","   579250000","TELEATAHUALPA (RTU)","32","  28,9","      999375","        4021"," 95,00",
"11/07/2025  7:16:51,316","   585250000"," ","33","  29,4","      999375","        1513"," 94,20",
"11/07/2025  7:16:51,316","   591250000"," ","34","  29,2","      999375","       -2307"," 96,70",
"11/07/2025  7:16:51,316","   597250000"," ","35","  29,3","      999375","         697"," 98,10",
"11/07/2025  7:16:51,316","   603250000"," ","36","  28,7","      999375","        4828"," 96,00",
"11/07/2025  7:16:51,316","   615250000"," ","38","  30,3","      999375","        -430"," 95,60",
"11/07/2025  7:16:51,316","   621250000"," ","39","  29,1","      999375","          46"," 96,20",
"11/07/2025  7:16:51,316","   627250000"," ","40","  29,1","      999375","        -357"," 97,40",
"11/07/2025  7:16:51,316","   633250000"," ","41","  29,0","      999375","       34699"," 95,00",
"11/07/2025  7:16:51,316","   639250000"," ","42","  35,8","      999375","       -3007"," 97,60",
"11/07/2025  7:16:51,316","   645250000"," ","43","  33,7","      999375","        3669"," 93,80",
"11/07/2025  7:16:51,316","   651250000"," ","44","  27,7","      999375","        -388"," 95,30",
"11/07/2025  7:16:51,316","   657250000"," ","45","  29,0","      999375","       -2119"," 95,70",
"11/07/2025  7:16:51,316","   663250000"," ","46","  30,5","      999375","       -1233"," 95,60",
"11/07/2025  7:16:51,316","   669250000"," ","47","  27,6","      281875","       -1644"," 95,70",
"11/07/2025  7:16:51,316","   675250000","EL CIUDADANO TV NO AUTORIZADA","48","  34,5","      999375","        3085"," 97,50",
"11/07/2025  7:16:51,316","   681250000"," ","49","  30,3","      999375","         976"," 96,70",
"11/07/2025  7:16:51,316","   687250000"," ","50","  27,8","      999375","        1582"," 96,30",
"11/07/2025  7:16:51,316","   693250000"," ","51","  30,6","      999375","        4618"," 93,00",
"14/07/2025  18:15:03,413","    61250000","RED TELESISTEMA (R.T.S)","3","  87,0","      125625","        -611"," 33,20",
"14/07/2025  18:15:03,413","    67250000"," ","4","  39,0","      999375","        1910"," 96,60",
"14/07/2025  18:15:03,413","    77250000"," ","5","  44,8","      945000","        5453"," 80,30",
"14/07/2025  18:15:03,413","    83250000"," ","6","  44,7","      484375","       51338"," 90,00",
"14/07/2025  18:15:03,413","   175250000","ECUADOR TV","7"," 108,8","      203750","          63"," 72,00",
"14/07/2025  18:15:03,413","   181250000","CADENA ECUATORIANA DE TELEVISIO","8","  37,3","      999375","        3912"," 96,10",
"14/07/2025  18:15:03,413","   187250000","TELEVISION DEL PACIFICO","9","  36,9","      999375","         253"," 97,50",
"14/07/2025  18:15:03,413","   193250000"," ","10","  41,3","      999375","       63944"," 93,40",
"14/07/2025  18:15:03,413","   199250000"," ","11","  37,7","      999375","       42727"," 95,60",
"14/07/2025  18:15:03,413","   205250000"," ","12","  33,0","      999375","       -8224"," 94,30",
"14/07/2025  18:15:03,413","   211250000","TELEAMAZONAS","13","  92,9","      188750","          86"," 59,40",
"14/07/2025  18:15:03,413","   471250000"," ","14","  27,5","      999375","       -5208"," 93,80",
"14/07/2025  18:15:03,413","   477250000"," ","15","  27,5","      999375","        3546"," 95,90",
"14/07/2025  18:15:03,413","   483250000"," ","16","  27,1","      999375","        2115"," 93,80",
"14/07/2025  18:15:03,413","   513250000"," ","21","  26,8","      999375","       -1382"," 97,00",
"14/07/2025  18:15:03,413","   519250000","UCSG TELEVISION","22","  26,0","      999375","        3927"," 95,60",
"14/07/2025  18:15:03,413","   525250000"," ","23","  27,9","      999375","        -884"," 94,80",
"14/07/2025  18:15:03,413","   531250000"," ","24","  27,9","      999375","       -1407"," 95,80",
"14/07/2025  18:15:03,413","   537250000"," ","25","  27,4","      999375","        1210"," 95,10",
"14/07/2025  18:15:03,413","   543250000","SONOVISIÓN TV","26","  27,1","      999375","       -5924"," 96,30",
"14/07/2025  18:15:03,413","   549250000"," ","27","  27,8","      999375","        -256"," 96,10",
"14/07/2025  18:15:03,413","   555250000","DIGITAL TV","28","  30,1","      999375","         981"," 93,20",
"14/07/2025  18:15:03,413","   561250000"," ","29","  29,6","       62500","       -1221"," 96,40",
"14/07/2025  18:15:03,413","   567250000","TV LEGISLATIVA NO AUTORIZADA","30","  31,1","      999375","       -8906"," 93,60",
"14/07/2025  18:15:03,413","   573250000"," ","31","  29,0","      999375","        -236"," 95,60",
"14/07/2025  18:15:03,413","   579250000","TELEATAHUALPA (RTU)","32","  27,9","      999375","         545"," 93,30",
"14/07/2025  18:15:03,413","   585250000"," ","33","  29,1","      999375","        1401"," 95,20",
"14/07/2025  18:15:03,413","   591250000"," ","34","  29,4","      999375","       -1137"," 96,90",
"14/07/2025  18:15:03,413","   597250000"," ","35","  29,5","      999375","         925"," 96,30",
"14/07/2025  18:15:03,413","   603250000"," ","36","  28,8","      999375","        -368"," 96,10",
"14/07/2025  18:15:03,413","   615250000"," ","38","  28,6","      999375","       -4090"," 95,40",
"14/07/2025  18:15:03,413","   621250000"," ","39","  29,9","      999375","         697"," 96,40",
"14/07/2025  18:15:03,413","   627250000"," ","40","  28,7","      999375","         365"," 98,40",
"14/07/2025  18:15:03,413","   633250000"," ","41","  29,0","      999375","       36748"," 98,10",
"14/07/2025  18:15:03,413","   639250000"," ","42","  41,5","      999375","        -423"," 97,60",
"14/07/2025  18:15:03,413","   645250000"," ","43","  32,3","      999375","        3314"," 95,00",
"14/07/2025  18:15:03,413","   651250000"," ","44","  27,0","      999375","        1478"," 96,60",
"14/07/2025  18:15:03,413","   657250000"," ","45","  29,3","      999375","        2180"," 94,30",
"14/07/2025  18:15:03,413","   663250000"," ","46","  29,4","      999375","        1763"," 93,70",
"14/07/2025  18:15:03,413","   669250000"," ","47","  27,4","      999375","        3092"," 95,80",
"14/07/2025  18:15:03,413","   675250000","EL CIUDADANO TV NO AUTORIZADA","48","  31,0","      999375","       -1148"," 95,70",
"14/07/2025  18:15:03,413","   681250000"," ","49","  27,9","      999375","        4027"," 95,10",
"14/07/2025  18:15:03,413","   687250000"," ","50","  27,0","      999375","        1316"," 95,80",
"14/07/2025  18:15:03,413","   693250000"," ","51","  29,2","      999375","        5067"," 95,60",
"14/07/2025  18:15:57,081","    61250000","RED TELESISTEMA (R.T.S)","3","  87,3","       95000","        -646"," 47,90",
"14/07/2025  18:15:57,081","    67250000"," ","4","  44,8","      999375","        2189"," 96,40",
"14/07/2025  18:15:57,081","    77250000"," ","5","  42,2","      996875","       -3700"," 88,50",
"14/07/2025  18:15:57,081","    83250000"," ","6","  41,8","      453125","       39101"," 61,30",
"14/07/2025  18:15:57,081","   175250000","ECUADOR TV","7"," 109,3","      125625","          63"," 84,50",
"14/07/2025  18:15:57,081","   181250000","CADENA ECUATORIANA DE TELEVISIO","8","  45,2","      999375","        4856"," 99,00",
"14/07/2025  18:15:57,081","   187250000","TELEVISION DEL PACIFICO","9","  36,3","      999375","        5748"," 98,10",
"14/07/2025  18:15:57,081","   193250000"," ","10","  40,4","      999375","       81017"," 94,60",
"14/07/2025  18:15:57,081","   199250000"," ","11","  38,5","      999375","       88639"," 96,40",
"14/07/2025  18:15:57,081","   205250000"," ","12","  34,7","      999375","        -349"," 93,90",
"14/07/2025  18:15:57,081","   211250000","TELEAMAZONAS","13","  92,9","      126250","         -99"," 51,80",
"14/07/2025  18:15:57,081","   471250000"," ","14","  27,4","      999375","       -5027"," 93,30",
"14/07/2025  18:15:57,081","   477250000"," ","15","  28,1","      999375","       -3702"," 97,50",
"14/07/2025  18:15:57,081","   483250000"," ","16","  26,6","      999375","       -1840"," 90,40",
"14/07/2025  18:15:57,081","   513250000"," ","21","  26,5","      999375","         279"," 93,40",
"14/07/2025  18:15:57,081","   519250000","UCSG TELEVISION","22","  27,9","      999375","         306"," 96,00",
"14/07/2025  18:15:57,081","   525250000"," ","23","  29,1","      999375","       -2202"," 95,50",
"14/07/2025  18:15:57,081","   531250000"," ","24","  28,2","      999375","        5334"," 97,40",
"14/07/2025  18:15:57,081","   537250000"," ","25","  26,5","      999375","        1586"," 94,50",
"14/07/2025  18:15:57,081","   543250000","SONOVISIÓN TV","26","  27,6","      999375","       -3530"," 98,10",
"14/07/2025  18:15:57,081","   549250000"," ","27","  26,7","      999375","         760"," 94,80",
"14/07/2025  18:15:57,081","   555250000","DIGITAL TV","28","  30,2","      999375","        2799"," 94,50",
"14/07/2025  18:15:57,081","   561250000"," ","29","  39,6","       61875","        3559"," 99,20",
"14/07/2025  18:15:57,081","   567250000","TV LEGISLATIVA NO AUTORIZADA","30","  31,5","      999375","      -13794"," 94,60",
"14/07/2025  18:15:57,081","   573250000"," ","31","  29,6","      999375","         466"," 96,00",
"14/07/2025  18:15:57,081","   579250000","TELEATAHUALPA (RTU)","32","  29,8","      999375","         116"," 96,00",
"14/07/2025  18:15:57,081","   585250000"," ","33","  30,3","      999375","         321"," 94,10",
"14/07/2025  18:15:57,081","   591250000"," ","34","  29,7","      999375","         925"," 95,20",
"14/07/2025  18:15:57,081","   597250000"," ","35","  30,1","      999375","        -906"," 95,60",
"14/07/2025  18:15:57,081","   603250000"," ","36","  29,1","      999375","        2222"," 95,30",
"14/07/2025  18:15:57,081","   615250000"," ","38","  28,7","      999375","        1855"," 95,90",
"14/07/2025  18:15:57,081","   621250000"," ","39","  28,8","      999375","       -1447"," 95,00",
"14/07/2025  18:15:57,081","   627250000"," ","40","  27,2","      999375","           9"," 93,30",
"14/07/2025  18:15:57,081","   633250000"," ","41","  28,1","      999375","       37125"," 93,20",
"14/07/2025  18:15:57,081","   639250000"," ","42","  39,6","      999375","        -829"," 96,50",
"14/07/2025  18:15:57,081","   645250000"," ","43","  31,7","      999375","        2209"," 97,60",
"14/07/2025  18:15:57,081","   651250000"," ","44","  27,4","      999375","        2251"," 94,50",
"14/07/2025  18:15:57,081","   657250000"," ","45","  27,5","      999375","        8064"," 97,30",
"14/07/2025  18:15:57,081","   663250000"," ","46","  30,1","      999375","        2713"," 97,40",
"14/07/2025  18:15:57,081","   669250000"," ","47","  28,3","      999375","        5199"," 95,50",
"14/07/2025  18:15:57,081","   675250000","EL CIUDADANO TV NO AUTORIZADA","48","  30,1","      999375","         184"," 94,10",
"14/07/2025  18:15:57,081","   681250000"," ","49","  27,8","      999375","        1212"," 95,70",
"14/07/2025  18:15:57,081","   687250000"," ","50","  27,1","      999375","        6805"," 94,80",
"14/07/2025  18:15:57,081","   693250000"," ","51","  28,9","      999375","         458"," 95,40",
"14/07/2025  18:16:50,327","    61250000","RED TELESISTEMA (R.T.S)","3","  87,2","      125625","        -726"," 63,10",
"14/07/2025  18:16:50,327","    67250000"," ","4","  43,4","      999375","        -523"," 96,50",
"14/07/2025  18:16:50,327","    77250000"," ","5","  43,1","      951875","        4535"," 73,50",
"14/07/2025  18:16:50,327","    83250000"," ","6","  44,3","      450000","       12608"," 80,50",
"14/07/2025  18:16:50,327","   175250000","ECUADOR TV","7"," 109,1","      125625","          63"," 76,40",
"14/07/2025  18:16:50,327","   181250000","CADENA ECUATORIANA DE TELEVISIO","8","  37,1","      999375","       -1185"," 95,70",
"14/07/2025  18:16:50,327","   187250000","TELEVISION DEL PACIFICO","9","  35,2","      999375","         349"," 96,00",
"14/07/2025  18:16:50,327","   193250000"," ","10","  42,2","      999375","       94035"," 91,00",
"14/07/2025  18:16:50,327","   199250000"," ","11","  36,7","      999375","       61308"," 95,70",
"14/07/2025  18:16:50,327","   205250000"," ","12","  36,1","      999375","       -6006"," 97,40",
"14/07/2025  18:16:50,327","   211250000","TELEAMAZONAS","13","  92,2","       93750","        -108"," 29,80",
"14/07/2025  18:16:50,327","   471250000"," ","14","  27,7","      999375","         421"," 94,70",
"14/07/2025  18:16:50,327","   477250000"," ","15","  27,7","      999375","        2115"," 94,30",
"14/07/2025  18:16:50,327","   483250000"," ","16","  26,9","      999375","       -1593"," 94,40",
"14/07/2025  18:16:50,327","   513250000"," ","21","  27,2","      999375","        1831"," 93,70",
"14/07/2025  18:16:50,327","   519250000","UCSG TELEVISION","22","  29,3","      999375","        -110"," 96,60",
"14/07/2025  18:16:50,327","   525250000"," ","23","  27,5","      999375","        4311"," 93,80",
"14/07/2025  18:16:50,327","   531250000"," ","24","  29,0","      999375","         214"," 97,40",
"14/07/2025  18:16:50,327","   537250000"," ","25","  28,1","      999375","        4213"," 95,00",
"14/07/2025  18:16:50,327","   543250000","SONOVISIÓN TV","26","  27,5","      999375","       -3953"," 94,00",
"14/07/2025  18:16:50,327","   549250000"," ","27","  29,0","      999375","       -2093"," 96,10",
"14/07/2025  18:16:50,327","   555250000","DIGITAL TV","28","  30,2","      999375","        3572"," 96,10",
"14/07/2025  18:16:50,327","   561250000"," ","29","  28,3","       63125","        1270"," 92,60",
"14/07/2025  18:16:50,327","   567250000","TV LEGISLATIVA NO AUTORIZADA","30","  31,0","      999375","       -3816"," 94,20",
"14/07/2025  18:16:50,327","   573250000"," ","31","  28,2","      999375","        1895"," 91,40",
"14/07/2025  18:16:50,327","   579250000","TELEATAHUALPA (RTU)","32","  29,0","      999375","        -629"," 94,70",
"14/07/2025  18:16:50,327","   585250000"," ","33","  29,0","      999375","       -2037"," 96,80",
"14/07/2025  18:16:50,327","   591250000"," ","34","  28,9","      999375","       -4043"," 96,40",
"14/07/2025  18:16:50,327","   597250000"," ","35","  29,5","      999375","        3237"," 95,40",
"14/07/2025  18:16:50,327","   603250000"," ","36","  30,2","      999375","       -1721"," 95,80",
"14/07/2025  18:16:50,327","   615250000"," ","38","  29,1","      999375","       -2056"," 95,10",
"14/07/2025  18:16:50,327","   621250000"," ","39","  29,4","      999375","       -1015"," 94,40",
"14/07/2025  18:16:50,327","   627250000"," ","40","  28,2","      999375","        1772"," 95,50",
"14/07/2025  18:16:50,327","   633250000"," ","41","  29,9","      999375","       40256"," 93,60",
"14/07/2025  18:16:50,327","   639250000"," ","42","  37,7","      999375","        -763"," 98,10",
"14/07/2025  18:16:50,327","   645250000"," ","43","  32,2","      999375","         455"," 96,60",
"14/07/2025  18:16:50,327","   651250000"," ","44","  27,9","      999375","        1709"," 93,60",
"14/07/2025  18:16:50,327","   657250000"," ","45","  27,2","      999375","         180"," 94,70",
"14/07/2025  18:16:50,327","   663250000"," ","46","  29,1","      999375","       -2606"," 93,80",
"14/07/2025  18:16:50,327","   669250000"," ","47","  28,3","      999375","         484"," 97,60",
"14/07/2025  18:16:50,327","   675250000","EL CIUDADANO TV NO AUTORIZADA","48","  33,7","      999375","         568"," 98,10",
"14/07/2025  18:16:50,327","   681250000"," ","49","  27,8","      999375","        1313"," 95,80",
"14/07/2025  18:16:50,327","   687250000"," ","50","  29,3","      999375","         382"," 96,60",
"14/07/2025  18:16:50,327","   693250000"," ","51","  31,8","      999375","        2788"," 97,50",
"15/07/2025  7:15:03,605","    61250000","RED TELESISTEMA (R.T.S)","3","  87,3","      157500","        -371"," 45,70",
"15/07/2025  7:15:03,605","    67250000"," ","4","  46,1","      999375","       -1576"," 96,00",
"15/07/2025  7:15:03,605","    77250000"," ","5","  45,0","      848125","        2388"," 93,90",
"15/07/2025  7:15:03,605","    83250000"," ","6","  44,6","      416250","       58563"," 86,80",
"15/07/2025  7:15:03,605","   175250000","ECUADOR TV","7"," 109,4","      156875","          63"," 48,30",
"15/07/2025  7:15:03,605","   181250000","CADENA ECUATORIANA DE TELEVISIO","8","  38,8","      999375","      -25112"," 95,40",
"15/07/2025  7:15:03,605","   187250000","TELEVISION DEL PACIFICO","9","  36,5","      999375","        4327"," 94,70",
"15/07/2025  7:15:03,605","   193250000"," ","10","  43,2","      999375","       91983"," 93,90",
"15/07/2025  7:15:03,605","   199250000"," ","11","  39,7","      998125","       61310"," 96,30",
"15/07/2025  7:15:03,605","   205250000"," ","12","  35,5","      999375","       11706"," 96,40",
"15/07/2025  7:15:03,605","   211250000","TELEAMAZONAS","13","  93,4","      156875","        -152"," 68,90",
"15/07/2025  7:15:03,605","   471250000"," ","14","  26,6","      999375","       -1350"," 95,10",
"15/07/2025  7:15:03,605","   477250000"," ","15","  27,3","      999375","       -2849"," 97,00",
"15/07/2025  7:15:03,605","   483250000"," ","16","  27,1","      999375","       -3691"," 97,30",
"15/07/2025  7:15:03,605","   513250000"," ","21","  27,8","      999375","        2138"," 96,40",
"15/07/2025  7:15:03,605","   519250000","UCSG TELEVISION","22","  27,7","      999375","        -966"," 93,00",
"15/07/2025  7:15:03,605","   525250000"," ","23","  28,4","      999375","       -5858"," 95,30",
"15/07/2025  7:15:03,605","   531250000"," ","24","  27,5","      999375","       -1385"," 95,20",
"15/07/2025  7:15:03,605","   537250000"," ","25","  28,1","      999375","        -676"," 94,60",
"15/07/2025  7:15:03,605","   543250000","SONOVISIÓN TV","26","  28,7","      999375","       -1975"," 94,90",
"15/07/2025  7:15:03,605","   549250000"," ","27","  27,4","      999375","         303"," 95,90",
"15/07/2025  7:15:03,605","   555250000","DIGITAL TV","28","  30,6","      999375","        1560"," 93,60",
"15/07/2025  7:15:03,605","   561250000"," ","29","  27,5","      999375","        -348"," 95,80",
"15/07/2025  7:15:03,605","   567250000","TV LEGISLATIVA NO AUTORIZADA","30","  31,5","      999375","      -11980"," 94,60",
"15/07/2025  7:15:03,605","   573250000"," ","31","  27,9","      999375","         262"," 92,70",
"15/07/2025  7:15:03,605","   579250000","TELEATAHUALPA (RTU)","32","  29,3","      999375","       -6301"," 97,10",
"15/07/2025  7:15:03,605","   585250000"," ","33","  28,6","      999375","       -3768"," 96,80",
"15/07/2025  7:15:03,605","   591250000"," ","34","  30,7","      999375","        1034"," 95,30",
"15/07/2025  7:15:03,605","   597250000"," ","35","  30,6","      999375","        3074"," 94,60",
"15/07/2025  7:15:03,605","   603250000"," ","36","  29,9","      999375","         491"," 96,60",
"15/07/2025  7:15:03,605","   615250000"," ","38","  29,4","      999375","       -4550"," 96,40",
"15/07/2025  7:15:03,605","   621250000"," ","39","  29,6","      999375","        5849"," 96,60",
"15/07/2025  7:15:03,605","   627250000"," ","40","  28,6","      999375","        4153"," 95,60",
"15/07/2025  7:15:03,605","   633250000"," ","41","  28,3","      999375","       30822"," 93,80",
"15/07/2025  7:15:03,605","   639250000"," ","42","  37,1","      999375","        1340"," 96,20",
"15/07/2025  7:15:03,605","   645250000"," ","43","  31,8","      999375","       -2214"," 96,20",
"15/07/2025  7:15:03,605","   651250000"," ","44","  27,2","      999375","        4410"," 96,20",
"15/07/2025  7:15:03,605","   657250000"," ","45","  28,6","      999375","        2558"," 96,30",
"15/07/2025  7:15:03,605","   663250000"," ","46","  26,8","      999375","       -2129"," 94,70",
"15/07/2025  7:15:03,605","   669250000"," ","47","  28,3","      999375","        3021"," 97,00",
"15/07/2025  7:15:03,605","   675250000","EL CIUDADANO TV NO AUTORIZADA","48","  27,3","      999375","       -3896"," 94,50",
"15/07/2025  7:15:03,605","   681250000"," ","49","  28,2","      999375","       -4634"," 94,70",
"15/07/2025  7:15:03,605","   687250000"," ","50","  27,4","      999375","        4071"," 95,60",
"15/07/2025  7:15:03,605","   693250000"," ","51","  29,0","      999375","        1955"," 94,30",
"15/07/2025  7:15:57,064","    61250000","RED TELESISTEMA (R.T.S)","3","  87,3","      156875","        -345"," 50,70",
"15/07/2025  7:15:57,064","    67250000"," ","4","  42,5","      999375","         -57"," 95,10",
"15/07/2025  7:15:57,064","    77250000"," ","5","  43,4","      832500","       -1916"," 69,00",
"15/07/2025  7:15:57,064","    83250000"," ","6","  44,0","      867500","       43335"," 89,50",
"15/07/2025  7:15:57,064","   175250000","ECUADOR TV","7"," 109,4","      156875","          63"," 68,90",
"15/07/2025  7:15:57,064","   181250000","CADENA ECUATORIANA DE TELEVISIO","8","  38,5","      999375","      -15172"," 95,40",
"15/07/2025  7:15:57,064","   187250000","TELEVISION DEL PACIFICO","9","  34,6","      999375","        6069"," 96,00",
"15/07/2025  7:15:57,064","   193250000"," ","10","  40,9","      999375","       77651"," 93,90",
"15/07/2025  7:15:57,064","   199250000"," ","11","  40,3","      999375","      118949"," 95,90",
"15/07/2025  7:15:57,064","   205250000"," ","12","  35,8","      999375","       11454"," 96,30",
"15/07/2025  7:15:57,064","   211250000","TELEAMAZONAS","13","  93,1","      251875","         307"," 78,80",
"15/07/2025  7:15:57,064","   471250000"," ","14","  29,0","      999375","        1514"," 95,90",
"15/07/2025  7:15:57,064","   477250000"," ","15","  26,4","      999375","        -843"," 93,50",
"15/07/2025  7:15:57,064","   483250000"," ","16","  28,3","      999375","        2070"," 95,80",
"15/07/2025  7:15:57,064","   513250000"," ","21","  26,2","      999375","        2998"," 95,80",
"15/07/2025  7:15:57,064","   519250000","UCSG TELEVISION","22","  27,2","      999375","       -1312"," 94,20",
"15/07/2025  7:15:57,064","   525250000"," ","23","  27,2","      999375","       -2667"," 97,30",
"15/07/2025  7:15:57,064","   531250000"," ","24","  27,8","      999375","       -2841"," 93,90",
"15/07/2025  7:15:57,064","   537250000"," ","25","  27,7","      999375","        2642"," 96,00",
"15/07/2025  7:15:57,064","   543250000","SONOVISIÓN TV","26","  27,0","      999375","        2259"," 94,80",
"15/07/2025  7:15:57,064","   549250000"," ","27","  28,9","      999375","        2614"," 97,50",
"15/07/2025  7:15:57,064","   555250000","DIGITAL TV","28","  30,6","      999375","       -2886"," 97,00",
"15/07/2025  7:15:57,064","   561250000"," ","29","  27,9","      999375","        2095"," 94,40",
"15/07/2025  7:15:57,064","   567250000","TV LEGISLATIVA NO AUTORIZADA","30","  32,6","      999375","      -11622"," 95,10",
"15/07/2025  7:15:57,064","   573250000"," ","31","  29,2","      999375","        3300"," 96,20",
"15/07/2025  7:15:57,064","   579250000","TELEATAHUALPA (RTU)","32","  29,6","      999375","        2020"," 96,40",
"15/07/2025  7:15:57,064","   585250000"," ","33","  31,0","      999375","       71492"," 95,30",
"15/07/2025  7:15:57,064","   591250000"," ","34","  31,1","      999375","        2917"," 97,00",
"15/07/2025  7:15:57,064","   597250000"," ","35","  29,6","      999375","       -3117"," 97,00",
"15/07/2025  7:15:57,064","   603250000"," ","36","  29,6","      999375","       -2211"," 95,70",
"15/07/2025  7:15:57,064","   615250000"," ","38","  27,8","      999375","       -2143"," 95,00",
"15/07/2025  7:15:57,064","   621250000"," ","39","  32,9","      999375","       -3158"," 97,90",
"15/07/2025  7:15:57,064","   627250000"," ","40","  29,2","      999375","        1439"," 96,70",
"15/07/2025  7:15:57,064","   633250000"," ","41","  28,3","      999375","       31900"," 96,40",
"15/07/2025  7:15:57,064","   639250000"," ","42","  37,7","      999375","       -2909"," 97,40",
"15/07/2025  7:15:57,064","   645250000"," ","43","  30,5","      999375","       -6606"," 94,80",
"15/07/2025  7:15:57,064","   651250000"," ","44","  29,6","      999375","        7823"," 95,70",
"15/07/2025  7:15:57,064","   657250000"," ","45","  28,0","      999375","        2282"," 93,40",
"15/07/2025  7:15:57,064","   663250000"," ","46","  28,9","      999375","       -1051"," 95,90",
"15/07/2025  7:15:57,064","   669250000"," ","47","  28,0","      999375","        2943"," 96,60",
"15/07/2025  7:15:57,064","   675250000","EL CIUDADANO TV NO AUTORIZADA","48","  29,4","      999375","        4469"," 96,30",
"15/07/2025  7:15:57,064","   681250000"," ","49","  27,8","      999375","         862"," 95,80",
"15/07/2025  7:15:57,064","   687250000"," ","50","  27,1","      999375","         246"," 95,80",
"15/07/2025  7:15:57,064","   693250000"," ","51","  28,0","      999375","       -1934"," 97,50",
"15/07/2025  7:16:51,652","    61250000","RED TELESISTEMA (R.T.S)","3","  87,3","      220000","        -383"," 64,50",
"15/07/2025  7:16:51,652","    67250000"," ","4","  38,4","      999375","       -9710"," 94,80",
"15/07/2025  7:16:51,652","    77250000"," ","5","  44,1","      848125","        5318"," 91,00",
"15/07/2025  7:16:51,652","    83250000"," ","6","  44,4","      448750","       48118"," 88,90",
"15/07/2025  7:16:51,652","   175250000","ECUADOR TV","7"," 109,3","      220000","          64"," 91,40",
"15/07/2025  7:16:51,652","   181250000","CADENA ECUATORIANA DE TELEVISIO","8","  40,2","      999375","       -8899"," 94,60",
"15/07/2025  7:16:51,652","   187250000","TELEVISION DEL PACIFICO","9","  38,3","      999375","        3666"," 96,00",
"15/07/2025  7:16:51,652","   193250000"," ","10","  41,5","      999375","      104465"," 92,50",
"15/07/2025  7:16:51,652","   199250000"," ","11","  39,9","      999375","       76181"," 95,80",
"15/07/2025  7:16:51,652","   205250000"," ","12","  35,3","      999375","        8864"," 97,00",
"15/07/2025  7:16:51,652","   211250000","TELEAMAZONAS","13","  93,2","      125625","        -162"," 78,10",
"15/07/2025  7:16:51,652","   471250000"," ","14","  27,8","      999375","       -1008"," 94,90",
"15/07/2025  7:16:51,652","   477250000"," ","15","  27,5","      999375","       -5661"," 95,40",
"15/07/2025  7:16:51,652","   483250000"," ","16","  26,6","      999375","       -1558"," 92,20",
"15/07/2025  7:16:51,652","   513250000"," ","21","  27,5","      999375","        -449"," 95,80",
"15/07/2025  7:16:51,652","   519250000","UCSG TELEVISION","22","  26,2","      999375","       -2992"," 94,20",
"15/07/2025  7:16:51,652","   525250000"," ","23","  27,4","      999375","        1407"," 95,20",
"15/07/2025  7:16:51,652","   531250000"," ","24","  27,3","      999375","        3497"," 93,70",
"15/07/2025  7:16:51,652","   537250000"," ","25","  27,3","      999375","        2976"," 97,00",
"15/07/2025  7:16:51,652","   543250000","SONOVISIÓN TV","26","  27,1","      999375","        2243"," 97,70",
"15/07/2025  7:16:51,652","   549250000"," ","27","  28,5","      999375","       -1247"," 96,20",
"15/07/2025  7:16:51,652","   555250000","DIGITAL TV","28","  30,7","      999375","        9539"," 96,30",
"15/07/2025  7:16:51,652","   561250000"," ","29","  29,0","      999375","       -1700"," 95,20",
"15/07/2025  7:16:51,652","   567250000","TV LEGISLATIVA NO AUTORIZADA","30","  31,8","      999375","       -5807"," 94,30",
"15/07/2025  7:16:51,652","   573250000"," ","31","  28,6","      999375","         618"," 93,10",
"15/07/2025  7:16:51,652","   579250000","TELEATAHUALPA (RTU)","32","  29,5","      999375","        4716"," 95,30",
"15/07/2025  7:16:51,652","   585250000"," ","33","  31,4","      999375","       71363"," 92,20",
"15/07/2025  7:16:51,652","   591250000"," ","34","  29,5","      999375","         725"," 96,70",
"15/07/2025  7:16:51,652","   597250000"," ","35","  29,4","      999375","        1019"," 93,80",
"15/07/2025  7:16:51,652","   603250000"," ","36","  28,1","      999375","        1429"," 93,80",
"15/07/2025  7:16:51,652","   615250000"," ","38","  29,0","      999375","         400"," 96,70",
"15/07/2025  7:16:51,652","   621250000"," ","39","  28,7","      999375","        2064"," 96,20",
"15/07/2025  7:16:51,652","   627250000"," ","40","  27,7","      999375","         503"," 96,70",
"15/07/2025  7:16:51,652","   633250000"," ","41","  30,1","      999375","       30985"," 96,00",
"15/07/2025  7:16:51,652","   639250000"," ","42","  41,9","      999375","       -2102"," 98,90",
"15/07/2025  7:16:51,652","   645250000"," ","43","  30,9","      999375","        -784"," 96,00",
"15/07/2025  7:16:51,652","   651250000"," ","44","  27,2","      999375","        2942"," 95,50",
"15/07/2025  7:16:51,652","   657250000"," ","45","  27,1","      999375","       -4745"," 96,10",
"15/07/2025  7:16:51,652","   663250000"," ","46","  29,9","      999375","         620"," 94,80",
"15/07/2025  7:16:51,652","   669250000"," ","47","  27,0","      999375","        -854"," 95,60",
"15/07/2025  7:16:51,652","   675250000","EL CIUDADANO TV NO AUTORIZADA","48","  29,6","      999375","       -1310"," 95,50",
"15/07/2025  7:16:51,652","   681250000"," ","49","  28,1","      999375","       -3912"," 95,80",
"15/07/2025  7:16:51,652","   687250000"," ","50","  27,9","      999375","        1154"," 95,10",
"15/07/2025  7:16:51,652","   693250000"," ","51","  33,2","      999375","        3145"," 96,20",
"15/07/2025  18:15:03,401","    61250000","RED TELESISTEMA (R.T.S)","3","  87,4","       95000","        -393"," 45,60",
"15/07/2025  18:15:03,401","    67250000"," ","4","  39,3","      999375","        -212"," 95,60",
"15/07/2025  18:15:03,401","    77250000"," ","5","  41,0","      850000","       16966"," 76,00",
"15/07/2025  18:15:03,401","    83250000"," ","6","  43,5","      809375","       63017"," 71,10",
"15/07/2025  18:15:03,401","   175250000","ECUADOR TV","7"," 109,1","      188125","          63"," 69,90",
"15/07/2025  18:15:03,401","   181250000","CADENA ECUATORIANA DE TELEVISIO","8","  38,7","      999375","       -2534"," 94,90",
"15/07/2025  18:15:03,401","   187250000","TELEVISION DEL PACIFICO","9","  35,9","      999375","        3712"," 94,90",
"15/07/2025  18:15:03,401","   193250000"," ","10","  40,5","      999375","       83690"," 94,30",
"15/07/2025  18:15:03,401","   199250000"," ","11","  37,8","      999375","       61973"," 95,70",
"15/07/2025  18:15:03,401","   205250000"," ","12","  33,6","      999375","        7621"," 96,50",
"15/07/2025  18:15:03,401","   211250000","TELEAMAZONAS","13","  93,0","      126250","         186"," 52,00",
"15/07/2025  18:15:03,401","   471250000"," ","14","  54,5","      999375","           8"," 99,80",
"15/07/2025  18:15:03,401","   477250000"," ","15","  28,2","      999375","        3922"," 96,30",
"15/07/2025  18:15:03,401","   483250000"," ","16","  26,4","      999375","       -1209"," 93,40",
"15/07/2025  18:15:03,401","   513250000"," ","21","  26,9","      999375","        1063"," 93,90",
"15/07/2025  18:15:03,401","   519250000","UCSG TELEVISION","22","  26,4","      999375","         209"," 93,80",
"15/07/2025  18:15:03,401","   525250000"," ","23","  26,9","      999375","        -473"," 92,50",
"15/07/2025  18:15:03,401","   531250000"," ","24","  27,9","      999375","       -3901"," 95,50",
"15/07/2025  18:15:03,401","   537250000"," ","25","  28,0","      999375","       -2399"," 95,70",
"15/07/2025  18:15:03,401","   543250000","SONOVISIÓN TV","26","  28,2","      999375","         729"," 95,30",
"15/07/2025  18:15:03,401","   549250000"," ","27","  28,7","      999375","        5090"," 96,30",
"15/07/2025  18:15:03,401","   555250000","DIGITAL TV","28","  30,1","      999375","        2894"," 95,80",
"15/07/2025  18:15:03,401","   561250000"," ","29","  28,9","      999375","       -3074"," 95,80",
"15/07/2025  18:15:03,401","   567250000","TV LEGISLATIVA NO AUTORIZADA","30","  33,0","      999375","      -13268"," 97,50",
"15/07/2025  18:15:03,401","   573250000"," ","31","  28,9","      999375","       -1437"," 94,20",
"15/07/2025  18:15:03,401","   579250000","TELEATAHUALPA (RTU)","32","  28,6","      999375","        2583"," 94,20",
"15/07/2025  18:15:03,401","   585250000"," ","33","  29,1","      999375","         584"," 97,40",
"15/07/2025  18:15:03,401","   591250000"," ","34","  28,5","      999375","         708"," 92,90",
"15/07/2025  18:15:03,401","   597250000"," ","35","  30,5","      999375","        1791"," 95,90",
"15/07/2025  18:15:03,401","   603250000"," ","36","  29,0","      999375","       -4731"," 96,70",
"15/07/2025  18:15:03,401","   615250000"," ","38","  27,3","      999375","          45"," 92,20",
"15/07/2025  18:15:03,401","   621250000"," ","39","  29,2","      999375","        -212"," 94,40",
"15/07/2025  18:15:03,401","   627250000"," ","40","  28,2","      999375","       -1761"," 95,20",
"15/07/2025  18:15:03,401","   633250000"," ","41","  30,0","      999375","       34934"," 93,20",
"15/07/2025  18:15:03,401","   639250000"," ","42","  37,2","      999375","       -1020"," 96,20",
"15/07/2025  18:15:03,401","   645250000"," ","43","  32,2","      999375","       -4867"," 90,40",
"15/07/2025  18:15:03,401","   651250000"," ","44","  28,2","      999375","        3314"," 96,70",
"15/07/2025  18:15:03,401","   657250000"," ","45","  27,2","      999375","        5466"," 92,70",
"15/07/2025  18:15:03,401","   663250000"," ","46","  27,7","      999375","       -2824"," 91,90",
"15/07/2025  18:15:03,401","   669250000"," ","47","  28,8","      346250","       -4425"," 96,00",
"15/07/2025  18:15:03,401","   675250000","EL CIUDADANO TV NO AUTORIZADA","48","  30,2","      999375","        3264"," 95,70",
"15/07/2025  18:15:03,401","   681250000"," ","49","  27,4","      999375","        3251"," 94,30",
"15/07/2025  18:15:03,401","   687250000"," ","50","  27,8","      999375","       -1838"," 94,50",
"15/07/2025  18:15:03,401","   693250000"," ","51","  28,7","      999375","        2968"," 95,20",
"15/07/2025  18:15:57,056","    61250000","RED TELESISTEMA (R.T.S)","3","  87,3","       95000","        -318"," 57,10",
"15/07/2025  18:15:57,056","    67250000"," ","4","  40,5","      999375","       -2615"," 94,80",
"15/07/2025  18:15:57,056","    77250000"," ","5","  41,5","      876250","        -238"," 81,10",
"15/07/2025  18:15:57,056","    83250000"," ","6","  43,5","      908125","       57282"," 69,60",
"15/07/2025  18:15:57,056","   175250000","ECUADOR TV","7"," 109,1","      188125","          63"," 82,30",
"15/07/2025  18:15:57,056","   181250000","CADENA ECUATORIANA DE TELEVISIO","8","  36,6","      999375","       -2685"," 94,80",
"15/07/2025  18:15:57,056","   187250000","TELEVISION DEL PACIFICO","9","  36,6","      999375","        4410"," 96,50",
"15/07/2025  18:15:57,056","   193250000"," ","10","  40,3","      999375","       97333"," 94,80",
"15/07/2025  18:15:57,056","   199250000"," ","11","  38,0","      999375","       75155"," 96,00",
"15/07/2025  18:15:57,056","   205250000"," ","12","  35,9","      999375","       -1563"," 97,00",
"15/07/2025  18:15:57,056","   211250000","TELEAMAZONAS","13","  92,8","      156875","         148"," 66,20",
"15/07/2025  18:15:57,056","   471250000"," ","14","  28,2","      999375","       -3738"," 94,90",
"15/07/2025  18:15:57,056","   477250000"," ","15","  26,4","      999375","       -3742"," 95,80",
"15/07/2025  18:15:57,056","   483250000"," ","16","  25,9","      999375","        4900"," 94,80",
"15/07/2025  18:15:57,056","   513250000"," ","21","  26,9","      999375","        2067"," 95,20",
"15/07/2025  18:15:57,056","   519250000","UCSG TELEVISION","22","  26,5","      999375","        -324"," 95,40",
"15/07/2025  18:15:57,056","   525250000"," ","23","  28,1","      999375","        3374"," 97,10",
"15/07/2025  18:15:57,056","   531250000"," ","24","  26,7","      999375","       -1789"," 93,60",
"15/07/2025  18:15:57,056","   537250000"," ","25","  26,6","      999375","       -1322"," 97,00",
"15/07/2025  18:15:57,056","   543250000","SONOVISIÓN TV","26","  27,5","      999375","       -1316"," 95,90",
"15/07/2025  18:15:57,056","   549250000"," ","27","  29,6","      999375","       -2909"," 97,30",
"15/07/2025  18:15:57,056","   555250000","DIGITAL TV","28","  30,2","      999375","         -81"," 96,20",
"15/07/2025  18:15:57,056","   561250000"," ","29","  30,6","      999375","       -1082"," 97,00",
"15/07/2025  18:15:57,056","   567250000","TV LEGISLATIVA NO AUTORIZADA","30","  31,5","      999375","      -10694"," 91,10",
"15/07/2025  18:15:57,056","   573250000"," ","31","  29,3","      999375","        -210"," 96,40",
"15/07/2025  18:15:57,056","   579250000","TELEATAHUALPA (RTU)","32","  28,6","      999375","        1756"," 94,20",
"15/07/2025  18:15:57,056","   585250000"," ","33","  30,5","      999375","         743"," 94,30",
"15/07/2025  18:15:57,056","   591250000"," ","34","  29,5","      999375","        2555"," 95,20",
"15/07/2025  18:15:57,056","   597250000"," ","35","  28,3","      999375","       -2957"," 92,90",
"15/07/2025  18:15:57,056","   603250000"," ","36","  29,3","      999375","       -2102"," 96,20",
"15/07/2025  18:15:57,056","   615250000"," ","38","  29,3","      999375","         939"," 93,70",
"15/07/2025  18:15:57,056","   621250000"," ","39","  30,8","      999375","        3269"," 96,10",
"15/07/2025  18:15:57,056","   627250000"," ","40","  28,9","      999375","         309"," 93,90",
"15/07/2025  18:15:57,056","   633250000"," ","41","  29,1","      999375","       31867"," 94,00",
"15/07/2025  18:15:57,056","   639250000"," ","42","  37,8","      999375","       -4130"," 97,80",
"15/07/2025  18:15:57,056","   645250000"," ","43","  31,2","      999375","       -3917"," 94,80",
"15/07/2025  18:15:57,056","   651250000"," ","44","  27,1","      999375","        2189"," 92,40",
"15/07/2025  18:15:57,056","   657250000"," ","45","  26,7","      999375","       -1188"," 91,40",
"15/07/2025  18:15:57,056","   663250000"," ","46","  29,8","      999375","       -1988"," 94,00",
"15/07/2025  18:15:57,056","   669250000"," ","47","  27,8","      999375","        2038"," 95,30",
"15/07/2025  18:15:57,056","   675250000","EL CIUDADANO TV NO AUTORIZADA","48","  29,1","      999375","       -1710"," 96,30",
"15/07/2025  18:15:57,056","   681250000"," ","49","  28,6","      999375","        2119"," 95,70",
"15/07/2025  18:15:57,056","   687250000"," ","50","  28,4","      999375","        4767"," 93,10",
"15/07/2025  18:15:57,056","   693250000"," ","51","  31,4","      999375","        6608"," 94,40",
"15/07/2025  18:16:51,643","    61250000","RED TELESISTEMA (R.T.S)","3","  87,2","       95000","        -335"," 44,50",
"15/07/2025  18:16:51,643","    67250000"," ","4","  40,4","      999375","        2373"," 96,80",
"15/07/2025  18:16:51,643","    77250000"," ","5","  42,2","      847500","        9169"," 77,90",
"15/07/2025  18:16:51,643","    83250000"," ","6","  43,6","      800000","       57466"," 82,20",
"15/07/2025  18:16:51,643","   175250000","ECUADOR TV","7"," 109,1","      172500","          63"," 43,60",
"15/07/2025  18:16:51,643","   181250000","CADENA ECUATORIANA DE TELEVISIO","8","  36,0","      999375","       -4237"," 94,10",
"15/07/2025  18:16:51,643","   187250000","TELEVISION DEL PACIFICO","9","  37,4","      999375","        4606"," 98,10",
"15/07/2025  18:16:51,643","   193250000"," ","10","  41,5","      999375","       95841"," 81,10",
"15/07/2025  18:16:51,643","   199250000"," ","11","  38,9","      999375","       35386"," 97,00",
"15/07/2025  18:16:51,643","   205250000"," ","12","  33,7","      999375","       -4375"," 96,50",
"15/07/2025  18:16:51,643","   211250000","TELEAMAZONAS","13","  93,1","      156875","         -84"," 46,00",
"15/07/2025  18:16:51,643","   471250000"," ","14","  27,6","      999375","       -2627"," 94,50",
"15/07/2025  18:16:51,643","   477250000"," ","15","  27,1","      999375","       -1310"," 96,40",
"15/07/2025  18:16:51,643","   483250000"," ","16","  28,5","      999375","       -2627"," 96,50",
"15/07/2025  18:16:51,643","   513250000"," ","21","  26,5","      999375","       -1773"," 94,60",
"15/07/2025  18:16:51,643","   519250000","UCSG TELEVISION","22","  26,9","      999375","       -1874"," 96,20",
"15/07/2025  18:16:51,643","   525250000"," ","23","  27,9","      999375","         655"," 92,90",
"15/07/2025  18:16:51,643","   531250000"," ","24","  27,5","      999375","        4589"," 95,40",
"15/07/2025  18:16:51,643","   537250000"," ","25","  28,2","      999375","        6160"," 95,80",
"15/07/2025  18:16:51,643","   543250000","SONOVISIÓN TV","26","  28,0","      999375","       -1631"," 96,70",
"15/07/2025  18:16:51,643","   549250000"," ","27","  27,2","      999375","        5824"," 92,50",
"15/07/2025  18:16:51,643","   555250000","DIGITAL TV","28","  30,4","      999375","        -603"," 96,10",
"15/07/2025  18:16:51,643","   561250000"," ","29","  29,7","      999375","        1397"," 95,10",
"15/07/2025  18:16:51,643","   567250000","TV LEGISLATIVA NO AUTORIZADA","30","  32,0","      999375","      -12708"," 95,20",
"15/07/2025  18:16:51,643","   573250000"," ","31","  29,4","      999375","        1919"," 96,70",
"15/07/2025  18:16:51,643","   579250000","TELEATAHUALPA (RTU)","32","  29,5","      999375","        1824"," 97,40",
"15/07/2025  18:16:51,643","   585250000"," ","33","  27,6","      999375","          97"," 91,70",
"15/07/2025  18:16:51,643","   591250000"," ","34","  30,1","      999375","        2596"," 95,90",
"15/07/2025  18:16:51,643","   597250000"," ","35","  31,1","      999375","       -1875"," 97,20",
"15/07/2025  18:16:51,643","   603250000"," ","36","  37,8","      999375","          66"," 98,40",
"15/07/2025  18:16:51,643","   615250000"," ","38","  29,3","      999375","       10283"," 95,50",
"15/07/2025  18:16:51,643","   621250000"," ","39","  29,7","      999375","        -293"," 97,40",
"15/07/2025  18:16:51,643","   627250000"," ","40","  29,0","      999375","       -3909"," 96,20",
"15/07/2025  18:16:51,643","   633250000"," ","41","  42,9","      999375","       31635"," 98,30",
"15/07/2025  18:16:51,643","   639250000"," ","42","  37,8","      999375","       -5071"," 98,80",
"15/07/2025  18:16:51,643","   645250000"," ","43","  30,9","      999375","       -3344"," 97,80",
"15/07/2025  18:16:51,643","   651250000"," ","44","  28,1","      999375","        3025"," 96,80",
"15/07/2025  18:16:51,643","   657250000"," ","45","  27,6","      999375","       -1428"," 93,20",
"15/07/2025  18:16:51,643","   663250000"," ","46","  31,2","      999375","       -4236"," 96,60",
"15/07/2025  18:16:51,643","   669250000"," ","47","  27,6","      999375","        2685"," 96,50",
"15/07/2025  18:16:51,643","   675250000","EL CIUDADANO TV NO AUTORIZADA","48","  29,0","      999375","        2298"," 96,20",
"15/07/2025  18:16:51,643","   681250000"," ","49","  27,6","      999375","      -11890"," 95,00",
"15/07/2025  18:16:51,643","   687250000"," ","50","  27,0","      999375","       -1784"," 95,80",
"15/07/2025  18:16:51,643","   693250000"," ","51","  30,3","      999375","        6106"," 95,40",
"16/07/2025  7:15:03,565","    61250000","RED TELESISTEMA (R.T.S)","3","  87,2","      125625","        -494"," 15,30",
"16/07/2025  7:15:03,565","    67250000"," ","4","  44,4","      999375","       -3075"," 96,80",
"16/07/2025  7:15:03,565","    77250000"," ","5","  42,8","      946875","        1669"," 80,70",
"16/07/2025  7:15:03,565","    83250000"," ","6","  47,1","      760000","       77550"," 91,10",
"16/07/2025  7:15:03,565","   175250000","ECUADOR TV","7"," 109,2","      125625","          63"," 66,80",
"16/07/2025  7:15:03,565","   181250000","CADENA ECUATORIANA DE TELEVISIO","8","  37,9","      999375","        3255"," 95,30",
"16/07/2025  7:15:03,565","   187250000","TELEVISION DEL PACIFICO","9","  38,1","      999375","        7954"," 96,60",
"16/07/2025  7:15:03,565","   193250000"," ","10","  40,5","      999375","      123181"," 95,70",
"16/07/2025  7:15:03,565","   199250000"," ","11","  38,6","      999375","      101986"," 94,20",
"16/07/2025  7:15:03,565","   205250000"," ","12","  34,1","      999375","         552"," 95,20",
"16/07/2025  7:15:03,565","   211250000","TELEAMAZONAS","13","  92,2","      126250","         187"," 35,70",
"16/07/2025  7:15:03,565","   471250000"," ","14","  26,6","      999375","        2476"," 96,50",
"16/07/2025  7:15:03,565","   477250000"," ","15","  28,5","      999375","       -2120"," 93,50",
"16/07/2025  7:15:03,565","   483250000"," ","16","  27,1","      999375","        1456"," 96,90",
"16/07/2025  7:15:03,565","   513250000"," ","21","  25,1","      999375","         757"," 96,40",
"16/07/2025  7:15:03,565","   519250000","UCSG TELEVISION","22","  26,1","      999375","         434"," 92,40",
"16/07/2025  7:15:03,565","   525250000"," ","23","  28,0","      999375","         104"," 96,80",
"16/07/2025  7:15:03,565","   531250000"," ","24","  27,8","      999375","       -1931"," 97,80",
"16/07/2025  7:15:03,565","   537250000"," ","25","  27,7","      999375","        2142"," 93,80",
"16/07/2025  7:15:03,565","   543250000","SONOVISIÓN TV","26","  26,9","      999375","         596"," 93,40",
"16/07/2025  7:15:03,565","   549250000"," ","27","  28,1","      999375","       -2339"," 95,50",
"16/07/2025  7:15:03,565","   555250000","DIGITAL TV","28","  30,8","      999375","       -1805"," 94,80",
"16/07/2025  7:15:03,565","   561250000"," ","29","  29,1","      999375","       -1348"," 96,90",
"16/07/2025  7:15:03,565","   567250000","TV LEGISLATIVA NO AUTORIZADA","30","  31,5","      999375","      -16027"," 95,80",
"16/07/2025  7:15:03,565","   573250000"," ","31","  29,5","      999375","        1914"," 93,90",
"16/07/2025  7:15:03,565","   579250000","TELEATAHUALPA (RTU)","32","  40,6","      999375","        -258"," 98,90",
"16/07/2025  7:15:03,565","   585250000"," ","33","  30,0","      999375","       -3201"," 96,30",
"16/07/2025  7:15:03,565","   591250000"," ","34","  29,2","      999375","        3556"," 97,50",
"16/07/2025  7:15:03,565","   597250000"," ","35","  28,6","      999375","        -232"," 95,60",
"16/07/2025  7:15:03,565","   603250000"," ","36","  29,7","      999375","         283"," 97,50",
"16/07/2025  7:15:03,565","   615250000"," ","38","  27,8","      999375","        2478"," 94,10",
"16/07/2025  7:15:03,565","   621250000"," ","39","  29,0","      999375","       -2194"," 93,30",
"16/07/2025  7:15:03,565","   627250000"," ","40","  28,4","      999375","          35"," 95,30",
"16/07/2025  7:15:03,565","   633250000"," ","41","  29,6","      999375","       33369"," 93,50",
"16/07/2025  7:15:03,565","   639250000"," ","42","  38,6","      999375","       -4231"," 98,00",
"16/07/2025  7:15:03,565","   645250000"," ","43","  31,1","      999375","       -2027"," 95,20",
"16/07/2025  7:15:03,565","   651250000"," ","44","  27,0","      999375","        4326"," 95,60",
"16/07/2025  7:15:03,565","   657250000"," ","45","  27,6","      999375","        6323"," 94,20",
"16/07/2025  7:15:03,565","   663250000"," ","46","  28,9","      999375","        6082"," 96,00",
"16/07/2025  7:15:03,565","   669250000"," ","47","  27,3","      999375","        2730"," 96,10",
"16/07/2025  7:15:03,565","   675250000","EL CIUDADANO TV NO AUTORIZADA","48","  29,8","      999375","         831"," 97,60",
"16/07/2025  7:15:03,565","   681250000"," ","49","  28,0","      999375","        2035"," 98,90",
"16/07/2025  7:15:03,565","   687250000"," ","50","  28,4","      999375","        -959"," 96,70",
"16/07/2025  7:15:03,565","   693250000"," ","51","  28,9","      999375","        6230"," 95,00",
"16/07/2025  7:15:57,202","    61250000","RED TELESISTEMA (R.T.S)","3","  87,5","      126250","        -515"," 75,20",
"16/07/2025  7:15:57,202","    67250000"," ","4","  42,5","      999375","       -2064"," 95,50",
"16/07/2025  7:15:57,202","    77250000"," ","5","  46,2","      999375","        -122"," 92,20",
"16/07/2025  7:15:57,202","    83250000"," ","6","  49,1","      783125","       38372"," 91,00",
"16/07/2025  7:15:57,202","   175250000","ECUADOR TV","7"," 109,0","      156875","          63"," 68,80",
"16/07/2025  7:15:57,202","   181250000","CADENA ECUATORIANA DE TELEVISIO","8","  37,9","      999375","         281"," 94,00",
"16/07/2025  7:15:57,202","   187250000","TELEVISION DEL PACIFICO","9","  37,8","      999375","        1711"," 97,10",
"16/07/2025  7:15:57,202","   193250000"," ","10","  42,5","      999375","      103750"," 95,90",
"16/07/2025  7:15:57,202","   199250000"," ","11","  38,8","      999375","      104682"," 88,80",
"16/07/2025  7:15:57,202","   205250000"," ","12","  35,0","      999375","        5850"," 92,70",
"16/07/2025  7:15:57,202","   211250000","TELEAMAZONAS","13","  93,0","      251875","        -126"," 77,40",
"16/07/2025  7:15:57,202","   471250000"," ","14","  29,0","      999375","         907"," 93,00",
"16/07/2025  7:15:57,202","   477250000"," ","15","  27,7","      999375","       -1793"," 95,50",
"16/07/2025  7:15:57,202","   483250000"," ","16","  27,6","      999375","        5062"," 94,30",
"16/07/2025  7:15:57,202","   513250000"," ","21","  28,1","      999375","       -3142"," 96,80",
"16/07/2025  7:15:57,202","   519250000","UCSG TELEVISION","22","  26,0","      999375","        1511"," 95,20",
"16/07/2025  7:15:57,202","   525250000"," ","23","  27,9","      999375","        1291"," 95,90",
"16/07/2025  7:15:57,202","   531250000"," ","24","  26,9","      999375","       -6162"," 94,10",
"16/07/2025  7:15:57,202","   537250000"," ","25","  29,0","      999375","        -983"," 96,90",
"16/07/2025  7:15:57,202","   543250000","SONOVISIÓN TV","26","  27,7","      999375","       -1136"," 96,00",
"16/07/2025  7:15:57,202","   549250000"," ","27","  27,9","      999375","        2408"," 95,30",
"16/07/2025  7:15:57,202","   555250000","DIGITAL TV","28","  30,8","      999375","        -719"," 95,70",
"16/07/2025  7:15:57,202","   561250000"," ","29","  29,1","      999375","        3768"," 95,90",
"16/07/2025  7:15:57,202","   567250000","TV LEGISLATIVA NO AUTORIZADA","30","  32,1","      999375","      -10282"," 93,50",
"16/07/2025  7:15:57,202","   573250000"," ","31","  28,3","      999375","         119"," 94,00",
"16/07/2025  7:15:57,202","   579250000","TELEATAHUALPA (RTU)","32","  29,4","      999375","       -2000"," 94,30",
"16/07/2025  7:15:57,202","   585250000"," ","33","  28,5","      999375","         409"," 94,70",
"16/07/2025  7:15:57,202","   591250000"," ","34","  28,5","      999375","        -504"," 94,30",
"16/07/2025  7:15:57,202","   597250000"," ","35","  29,1","      999375","        2466"," 93,00",
"16/07/2025  7:15:57,202","   603250000"," ","36","  30,2","      999375","        4466"," 95,70",
"16/07/2025  7:15:57,202","   615250000"," ","38","  29,6","      999375","        1411"," 94,80",
"16/07/2025  7:15:57,202","   621250000"," ","39","  29,4","      999375","       -1514"," 96,70",
"16/07/2025  7:15:57,202","   627250000"," ","40","  28,7","      999375","        4106"," 95,20",
"16/07/2025  7:15:57,202","   633250000"," ","41","  29,7","      999375","       36309"," 92,80",
"16/07/2025  7:15:57,202","   639250000"," ","42","  38,1","      999375","       -1158"," 97,90",
"16/07/2025  7:15:57,202","   645250000"," ","43","  32,8","      999375","       -4281"," 96,60",
"16/07/2025  7:15:57,202","   651250000"," ","44","  27,6","      999375","        3138"," 94,60",
"16/07/2025  7:15:57,202","   657250000"," ","45","  29,0","      999375","       -3344"," 97,10",
"16/07/2025  7:15:57,202","   663250000"," ","46","  28,4","      999375","        1734"," 96,10",
"16/07/2025  7:15:57,202","   669250000"," ","47","  26,7","      999375","       -1289"," 94,60",
"16/07/2025  7:15:57,202","   675250000","EL CIUDADANO TV NO AUTORIZADA","48","  31,0","      999375","       -1103"," 94,20",
"16/07/2025  7:15:57,202","   681250000"," ","49","  28,0","      999375","          87"," 96,10",
"16/07/2025  7:15:57,202","   687250000"," ","50","  28,7","      999375","        3575"," 95,50",
"16/07/2025  7:15:57,202","   693250000"," ","51","  29,6","      999375","        1282"," 93,90",
"16/07/2025  7:16:50,478","    61250000","RED TELESISTEMA (R.T.S)","3","  87,4","      126250","        -367"," 64,00",
"16/07/2025  7:16:50,478","    67250000"," ","4","  43,8","      999375","       -1497"," 97,20",
"16/07/2025  7:16:50,478","    77250000"," ","5","  47,7","      918125","         951"," 93,50",
"16/07/2025  7:16:50,478","    83250000"," ","6","  47,8","      818125","       36230"," 94,50",
"16/07/2025  7:16:50,478","   175250000","ECUADOR TV","7"," 109,2","      125625","          63"," 76,30",
"16/07/2025  7:16:50,478","   181250000","CADENA ECUATORIANA DE TELEVISIO","8","  37,5","      999375","        1313"," 94,50",
"16/07/2025  7:16:50,478","   187250000","TELEVISION DEL PACIFICO","9","  38,7","      999375","        5087"," 96,30",
"16/07/2025  7:16:50,478","   193250000"," ","10","  42,0","      999375","       96462"," 96,70",
"16/07/2025  7:16:50,478","   199250000"," ","11","  39,1","      999375","      106455"," 90,50",
"16/07/2025  7:16:50,478","   205250000"," ","12","  34,9","      999375","        2091"," 93,50",
"16/07/2025  7:16:50,478","   211250000","TELEAMAZONAS","13","  92,8","      125625","         334"," 61,60",
"16/07/2025  7:16:50,478","   471250000"," ","14","  26,9","      999375","       -3595"," 94,40",
"16/07/2025  7:16:50,478","   477250000"," ","15","  28,3","      999375","       -1247"," 96,10",
"16/07/2025  7:16:50,478","   483250000"," ","16","  27,9","      999375","       -1866"," 94,30",
"16/07/2025  7:16:50,478","   513250000"," ","21","  26,6","      999375","        3945"," 96,50",
"16/07/2025  7:16:50,478","   519250000","UCSG TELEVISION","22","  26,8","      999375","       -2213"," 95,30",
"16/07/2025  7:16:50,478","   525250000"," ","23","  28,3","      999375","        -772"," 96,00",
"16/07/2025  7:16:50,478","   531250000"," ","24","  28,7","      999375","        5840"," 93,40",
"16/07/2025  7:16:50,478","   537250000"," ","25","  26,6","      999375","         844"," 94,10",
"16/07/2025  7:16:50,478","   543250000","SONOVISIÓN TV","26","  27,7","      999375","       -1582"," 94,60",
"16/07/2025  7:16:50,478","   549250000"," ","27","  27,5","      999375","       -2945"," 95,80",
"16/07/2025  7:16:50,478","   555250000","DIGITAL TV","28","  32,0","      999375","         889"," 96,90",
"16/07/2025  7:16:50,478","   561250000"," ","29","  29,4","      999375","       -2047"," 95,00",
"16/07/2025  7:16:50,478","   567250000","TV LEGISLATIVA NO AUTORIZADA","30","  31,5","      999375","       -7747"," 94,60",
"16/07/2025  7:16:50,478","   573250000"," ","31","  29,4","      999375","        -799"," 96,20",
"16/07/2025  7:16:50,478","   579250000","TELEATAHUALPA (RTU)","32","  29,4","      999375","        -391"," 96,10",
"16/07/2025  7:16:50,478","   585250000"," ","33","  28,3","      999375","        -445"," 94,30",
"16/07/2025  7:16:50,478","   591250000"," ","34","  30,1","      999375","       -3151"," 94,80",
"16/07/2025  7:16:50,478","   597250000"," ","35","  28,4","      999375","         109"," 95,00",
"16/07/2025  7:16:50,478","   603250000"," ","36","  29,7","      999375","       -2417"," 94,90",
"16/07/2025  7:16:50,478","   615250000"," ","38","  29,2","      999375","        -501"," 95,20",
"16/07/2025  7:16:50,478","   621250000"," ","39","  29,8","      999375","          37"," 96,50",
"16/07/2025  7:16:50,478","   627250000"," ","40","  28,8","      999375","        -484"," 96,10",
"16/07/2025  7:16:50,478","   633250000"," ","41","  28,0","      999375","       32388"," 94,00",
"16/07/2025  7:16:50,478","   639250000"," ","42","  39,9","      999375","       -1524"," 97,90",
"16/07/2025  7:16:50,478","   645250000"," ","43","  32,3","      999375","         775"," 96,40",
"16/07/2025  7:16:50,478","   651250000"," ","44","  27,8","      999375","        3227"," 96,40",
"16/07/2025  7:16:50,478","   657250000"," ","45","  27,8","      999375","        6695"," 92,80",
"16/07/2025  7:16:50,478","   663250000"," ","46","  29,3","      999375","       -2701"," 95,70",
"16/07/2025  7:16:50,478","   669250000"," ","47","  29,3","      999375","       -1119"," 96,00",
"16/07/2025  7:16:50,478","   675250000","EL CIUDADANO TV NO AUTORIZADA","48","  27,6","      999375","       -1854"," 93,90",
"16/07/2025  7:16:50,478","   681250000"," ","49","  28,9","      999375","       -2156"," 96,60",
"16/07/2025  7:16:50,478","   687250000"," ","50","  28,0","      999375","        2381"," 95,30",
"16/07/2025  7:16:50,478","   693250000"," ","51","  30,0","      999375","         751"," 95,10",
"16/07/2025  18:15:03,410","    61250000","RED TELESISTEMA (R.T.S)","3","  86,8","       95000","        -863"," 32,40",
"16/07/2025  18:15:03,410","    67250000"," ","4","  40,1","      999375","       -1135"," 93,90",
"16/07/2025  18:15:03,410","    77250000"," ","5","  42,6","      832500","        6156"," 85,00",
"16/07/2025  18:15:03,410","    83250000"," ","6","  43,5","      470625","       31783"," 89,50",
"16/07/2025  18:15:03,410","   175250000","ECUADOR TV","7"," 109,0","      156875","          63"," 84,20",
"16/07/2025  18:15:03,410","   181250000","CADENA ECUATORIANA DE TELEVISIO","8","  36,3","      999375","         317"," 94,70",
"16/07/2025  18:15:03,410","   187250000","TELEVISION DEL PACIFICO","9","  38,0","      999375","        5747"," 95,60",
"16/07/2025  18:15:03,410","   193250000"," ","10","  41,7","      999375","       65859"," 95,50",
"16/07/2025  18:15:03,410","   199250000"," ","11","  39,1","      999375","       80297"," 90,10",
"16/07/2025  18:15:03,410","   205250000"," ","12","  33,8","      999375","       -7382"," 96,50",
"16/07/2025  18:15:03,410","   211250000","TELEAMAZONAS","13","  92,5","      126250","         -53"," 48,90",
"16/07/2025  18:15:03,410","   471250000"," ","14","  33,0","      999375","        3424"," 97,70",
"16/07/2025  18:15:03,410","   477250000"," ","15","  27,9","      999375","        -941"," 93,70",
"16/07/2025  18:15:03,410","   483250000"," ","16","  27,8","      999375","       -1160"," 94,60",
"16/07/2025  18:15:03,410","   513250000"," ","21","  24,9","      999375","       -2088"," 96,40",
"16/07/2025  18:15:03,410","   519250000","UCSG TELEVISION","22","  25,9","      999375","        5393"," 97,30",
"16/07/2025  18:15:03,410","   525250000"," ","23","  37,2","      999375","       -2318"," 98,20",
"16/07/2025  18:15:03,410","   531250000"," ","24","  28,0","      999375","         656"," 96,30",
"16/07/2025  18:15:03,410","   537250000"," ","25","  27,6","      999375","         182"," 95,40",
"16/07/2025  18:15:03,410","   543250000","SONOVISIÓN TV","26","  27,6","      999375","        4408"," 95,40",
"16/07/2025  18:15:03,410","   549250000"," ","27","  27,1","      999375","         213"," 94,70",
"16/07/2025  18:15:03,410","   555250000","DIGITAL TV","28","  29,0","      999375","        3710"," 94,80",
"16/07/2025  18:15:03,410","   561250000"," ","29","  28,8","      999375","         852"," 94,30",
"16/07/2025  18:15:03,410","   567250000","TV LEGISLATIVA NO AUTORIZADA","30","  31,4","      999375","      -12744"," 95,40",
"16/07/2025  18:15:03,410","   573250000"," ","31","  27,6","      999375","        2401"," 95,90",
"16/07/2025  18:15:03,410","   579250000","TELEATAHUALPA (RTU)","32","  30,2","      999375","          78"," 95,50",
"16/07/2025  18:15:03,410","   585250000"," ","33","  29,3","      999375","        -905"," 93,10",
"16/07/2025  18:15:03,410","   591250000"," ","34","  27,7","      999375","         145"," 94,30",
"16/07/2025  18:15:03,410","   597250000"," ","35","  28,6","      999375","        3106"," 91,70",
"16/07/2025  18:15:03,410","   603250000"," ","36","  27,5","      999375","       -4963"," 96,60",
"16/07/2025  18:15:03,410","   615250000"," ","38","  28,1","      999375","        -200"," 90,40",
"16/07/2025  18:15:03,410","   621250000"," ","39","  28,4","      999375","       -1293"," 96,40",
"16/07/2025  18:15:03,410","   627250000"," ","40","  28,4","      999375","        2515"," 95,30",
"16/07/2025  18:15:03,410","   633250000"," ","41","  28,8","      999375","       30649"," 95,60",
"16/07/2025  18:15:03,410","   639250000"," ","42","  40,7","      999375","       -2434"," 98,50",
"16/07/2025  18:15:03,410","   645250000"," ","43","  32,7","      999375","        -244"," 97,20",
"16/07/2025  18:15:03,410","   651250000"," ","44","  28,5","      999375","        2706"," 92,90",
"16/07/2025  18:15:03,410","   657250000"," ","45","  27,8","      999375","        1837"," 95,10",
"16/07/2025  18:15:03,410","   663250000"," ","46","  29,2","      999375","       -3363"," 94,30",
"16/07/2025  18:15:03,410","   669250000"," ","47","  26,7","      999375","        1379"," 95,30",
"16/07/2025  18:15:03,410","   675250000","EL CIUDADANO TV NO AUTORIZADA","48","  30,8","      999375","        3431"," 97,10",
"16/07/2025  18:15:03,410","   681250000"," ","49","  29,3","      999375","       -1642"," 95,80",
"16/07/2025  18:15:03,410","   687250000"," ","50","  27,8","      999375","       -1845"," 97,20",
"16/07/2025  18:15:03,410","   693250000"," ","51","  29,7","      999375","        3290"," 96,70",
"16/07/2025  18:15:57,055","    61250000","RED TELESISTEMA (R.T.S)","3","  86,7","       94375","        -735"," 29,60",
"16/07/2025  18:15:57,055","    67250000"," ","4","  41,6","      999375","       -3974"," 96,10",
"16/07/2025  18:15:57,055","    77250000"," ","5","  43,1","      831875","        8746"," 68,30",
"16/07/2025  18:15:57,055","    83250000"," ","6","  42,9","      747500","       52051"," 82,50",
"16/07/2025  18:15:57,055","   175250000","ECUADOR TV","7"," 108,8","      188125","          63"," 67,10",
"16/07/2025  18:15:57,055","   181250000","CADENA ECUATORIANA DE TELEVISIO","8","  37,6","      999375","       -2390"," 95,90",
"16/07/2025  18:15:57,055","   187250000","TELEVISION DEL PACIFICO","9","  35,3","      999375","        1210"," 96,90",
"16/07/2025  18:15:57,055","   193250000"," ","10","  40,9","      999375","       79520"," 94,70",
"16/07/2025  18:15:57,055","   199250000"," ","11","  38,9","      999375","       56090"," 96,40",
"16/07/2025  18:15:57,055","   205250000"," ","12","  34,4","      999375","        4120"," 95,00",
"16/07/2025  18:15:57,055","   211250000","TELEAMAZONAS","13","  92,5","      141875","         -90"," 79,40",
"16/07/2025  18:15:57,055","   471250000"," ","14","  27,0","      999375","        5708"," 93,00",
"16/07/2025  18:15:57,055","   477250000"," ","15","  25,7","      999375","       -1845"," 96,30",
"16/07/2025  18:15:57,055","   483250000"," ","16","  26,6","      999375","       -3922"," 96,40",
"16/07/2025  18:15:57,055","   513250000"," ","21","  27,0","      999375","        2524"," 96,50",
"16/07/2025  18:15:57,055","   519250000","UCSG TELEVISION","22","  26,6","      999375","       -1113"," 96,70",
"16/07/2025  18:15:57,055","   525250000"," ","23","  28,4","      999375","         -92"," 96,40",
"16/07/2025  18:15:57,055","   531250000"," ","24","  28,1","      999375","        1918"," 95,50",
"16/07/2025  18:15:57,055","   537250000"," ","25","  27,8","      999375","        3486"," 95,50",
"16/07/2025  18:15:57,055","   543250000","SONOVISIÓN TV","26","  28,3","      999375","        3881"," 95,60",
"16/07/2025  18:15:57,055","   549250000"," ","27","  28,3","      999375","       -1708"," 96,80",
"16/07/2025  18:15:57,055","   555250000","DIGITAL TV","28","  29,8","      999375","       -6264"," 95,50",
"16/07/2025  18:15:57,055","   561250000"," ","29","  28,2","      999375","       -3348"," 97,00",
"16/07/2025  18:15:57,055","   567250000","TV LEGISLATIVA NO AUTORIZADA","30","  30,8","      999375","      -14064"," 96,10",
"16/07/2025  18:15:57,055","   573250000"," ","31","  29,0","      999375","          -3"," 95,20",
"16/07/2025  18:15:57,055","   579250000","TELEATAHUALPA (RTU)","32","  29,9","      999375","        2590"," 96,10",
"16/07/2025  18:15:57,055","   585250000"," ","33","  29,5","      999375","        2081"," 93,40",
"16/07/2025  18:15:57,055","   591250000"," ","34","  28,6","      999375","       -1040"," 94,90",
"16/07/2025  18:15:57,055","   597250000"," ","35","  29,5","      999375","         871"," 94,00",
"16/07/2025  18:15:57,055","   603250000"," ","36","  28,5","      999375","         249"," 97,30",
"16/07/2025  18:15:57,055","   615250000"," ","38","  29,6","      999375","        1830"," 95,30",
"16/07/2025  18:15:57,055","   621250000"," ","39","  29,3","      999375","       -4179"," 95,80",
"16/07/2025  18:15:57,055","   627250000"," ","40","  28,7","      999375","       -2882"," 96,40",
"16/07/2025  18:15:57,055","   633250000"," ","41","  29,7","      999375","       29073"," 96,50",
"16/07/2025  18:15:57,055","   639250000"," ","42","  40,2","      999375","       -1351"," 97,30",
"16/07/2025  18:15:57,055","   645250000"," ","43","  31,5","      999375","        -103"," 96,30",
"16/07/2025  18:15:57,055","   651250000"," ","44","  27,8","      999375","        6290"," 94,70",
"16/07/2025  18:15:57,055","   657250000"," ","45","  26,8","      999375","       -2343"," 92,30",
"16/07/2025  18:15:57,055","   663250000"," ","46","  29,6","      999375","       44373"," 96,20",
"16/07/2025  18:15:57,055","   669250000"," ","47","  28,4","      999375","        -401"," 95,70",
"16/07/2025  18:15:57,055","   675250000","EL CIUDADANO TV NO AUTORIZADA","48","  28,9","      999375","       -1470"," 94,80",
"16/07/2025  18:15:57,055","   681250000"," ","49","  28,4","      999375","        1140"," 93,90",
"16/07/2025  18:15:57,055","   687250000"," ","50","  27,7","      999375","        2049"," 96,70",
"16/07/2025  18:15:57,055","   693250000"," ","51","  32,3","      999375","        5888"," 96,90",
"16/07/2025  18:16:50,326","    61250000","RED TELESISTEMA (R.T.S)","3","  86,7","      125625","        -679"," 50,40",
"16/07/2025  18:16:50,326","    67250000"," ","4","  39,7","      999375","       -3014"," 96,70",
"16/07/2025  18:16:50,326","    77250000"," ","5","  41,8","      861250","        -487"," 90,60",
"16/07/2025  18:16:50,326","    83250000"," ","6","  43,3","      745625","       68131"," 70,80",
"16/07/2025  18:16:50,326","   175250000","ECUADOR TV","7"," 109,0","      188125","          63"," 68,30",
"16/07/2025  18:16:50,326","   181250000","CADENA ECUATORIANA DE TELEVISIO","8","  36,4","      999375","        -189"," 95,90",
"16/07/2025  18:16:50,326","   187250000","TELEVISION DEL PACIFICO","9","  37,4","      999375","        -112"," 95,10",
"16/07/2025  18:16:50,326","   193250000"," ","10","  42,5","      999375","      111934"," 91,20",
"16/07/2025  18:16:50,326","   199250000"," ","11","  37,7","      999375","       31404"," 94,30",
"16/07/2025  18:16:50,326","   205250000"," ","12","  35,7","      999375","        6620"," 94,60",
"16/07/2025  18:16:50,326","   211250000","TELEAMAZONAS","13","  92,1","      126250","         201"," 57,60",
"16/07/2025  18:16:50,326","   471250000"," ","14","  27,1","      999375","        1593"," 95,60",
"16/07/2025  18:16:50,326","   477250000"," ","15","  28,6","      999375","        -787"," 97,10",
"16/07/2025  18:16:50,326","   483250000"," ","16","  26,2","      999375","        1768"," 95,10",
"16/07/2025  18:16:50,326","   513250000"," ","21","  27,5","      999375","         324"," 95,70",
"16/07/2025  18:16:50,326","   519250000","UCSG TELEVISION","22","  26,9","      999375","       -3105"," 95,00",
"16/07/2025  18:16:50,326","   525250000"," ","23","  38,0","      999375","        1741"," 99,10",
"16/07/2025  18:16:50,326","   531250000"," ","24","  26,3","      999375","          82"," 92,10",
"16/07/2025  18:16:50,326","   537250000"," ","25","  27,5","      999375","        1392"," 96,60",
"16/07/2025  18:16:50,326","   543250000","SONOVISIÓN TV","26","  27,9","      999375","        4555"," 94,20",
"16/07/2025  18:16:50,326","   549250000"," ","27","  28,4","      999375","         389"," 95,80",
"16/07/2025  18:16:50,326","   555250000","DIGITAL TV","28","  30,5","      999375","        -276"," 96,10",
"16/07/2025  18:16:50,326","   561250000"," ","29","  27,5","      999375","         680"," 93,80",
"16/07/2025  18:16:50,326","   567250000","TV LEGISLATIVA NO AUTORIZADA","30","  37,7","      999375","       -6132"," 97,70",
"16/07/2025  18:16:50,326","   573250000"," ","31","  27,3","      999375","       -5841"," 94,80",
"16/07/2025  18:16:50,326","   579250000","TELEATAHUALPA (RTU)","32","  30,8","      999375","       -3810"," 94,90",
"16/07/2025  18:16:50,326","   585250000"," ","33","  29,6","      999375","        2330"," 94,40",
"16/07/2025  18:16:50,326","   591250000"," ","34","  29,1","      999375","        -603"," 96,60",
"16/07/2025  18:16:50,326","   597250000"," ","35","  28,2","      999375","       -3409"," 97,10",
"16/07/2025  18:16:50,326","   603250000"," ","36","  29,0","      999375","        2400"," 96,40",
"16/07/2025  18:16:50,326","   615250000"," ","38","  28,2","      999375","        -653"," 95,90",
"16/07/2025  18:16:50,326","   621250000"," ","39","  28,5","      999375","       -3695"," 96,40",
"16/07/2025  18:16:50,326","   627250000"," ","40","  29,5","      999375","       -2067"," 97,90",
"16/07/2025  18:16:50,326","   633250000"," ","41","  29,4","      999375","       29755"," 96,00",
"16/07/2025  18:16:50,326","   639250000"," ","42","  39,2","      999375","        1360"," 97,00",
"16/07/2025  18:16:50,326","   645250000"," ","43","  31,8","      999375","         303"," 96,20",
"16/07/2025  18:16:50,326","   651250000"," ","44","  26,6","      999375","         492"," 95,20",
"16/07/2025  18:16:50,326","   657250000"," ","45","  26,7","      999375","        3553"," 96,70",
"16/07/2025  18:16:50,326","   663250000"," ","46","  29,2","      999375","       -3158"," 96,30",
"16/07/2025  18:16:50,326","   669250000"," ","47","  28,7","      999375","       -7506"," 97,30",
"16/07/2025  18:16:50,326","   675250000","EL CIUDADANO TV NO AUTORIZADA","48","  31,2","      999375","       -1908"," 97,10",
"16/07/2025  18:16:50,326","   681250000"," ","49","  28,7","      999375","       -4036"," 93,10",
"16/07/2025  18:16:50,326","   687250000"," ","50","  26,3","      999375","       -1176"," 95,40",
"16/07/2025  18:16:50,326","   693250000"," ","51","  31,0","      999375","         879"," 95,80",
"17/07/2025  7:15:03,573","    61250000","RED TELESISTEMA (R.T.S)","3","  87,6","      157500","        -409"," 50,60",
"17/07/2025  7:15:03,573","    67250000"," ","4","  47,0","      999375","       -6318"," 96,40",
"17/07/2025  7:15:03,573","    77250000"," ","5","  49,1","      999375","        -402"," 96,00",
"17/07/2025  7:15:03,573","    83250000"," ","6","  49,2","      468750","       34827"," 86,40",
"17/07/2025  7:15:03,573","   175250000","ECUADOR TV","7"," 109,4","      125625","          62"," 78,80",
"17/07/2025  7:15:03,573","   181250000","CADENA ECUATORIANA DE TELEVISIO","8","  40,4","      999375","      -29239"," 95,10",
"17/07/2025  7:15:03,573","   187250000","TELEVISION DEL PACIFICO","9","  35,8","      999375","        1673"," 95,40",
"17/07/2025  7:15:03,573","   193250000"," ","10","  40,5","      999375","       87947"," 95,70",
"17/07/2025  7:15:03,573","   199250000"," ","11","  41,7","      999375","       96311"," 97,80",
"17/07/2025  7:15:03,573","   205250000"," ","12","  34,4","      999375","        4817"," 94,80",
"17/07/2025  7:15:03,573","   211250000","TELEAMAZONAS","13","  94,6","      125625","        -121"," 37,00",
"17/07/2025  7:15:03,573","   471250000"," ","14","  27,6","      999375","       -1770"," 95,90",
"17/07/2025  7:15:03,573","   477250000"," ","15","  29,2","      999375","        2424"," 96,30",
"17/07/2025  7:15:03,573","   483250000"," ","16","  27,2","      999375","        -482"," 89,40",
"17/07/2025  7:15:03,573","   513250000"," ","21","  27,1","      999375","        -475"," 95,50",
"17/07/2025  7:15:03,573","   519250000","UCSG TELEVISION","22","  26,2","      999375","         948"," 93,90",
"17/07/2025  7:15:03,573","   525250000"," ","23","  26,8","      999375","        5310"," 96,10",
"17/07/2025  7:15:03,573","   531250000"," ","24","  27,5","      999375","        1359"," 97,10",
"17/07/2025  7:15:03,573","   537250000"," ","25","  27,2","      999375","       -3650"," 92,80",
"17/07/2025  7:15:03,573","   543250000","SONOVISIÓN TV","26","  27,3","      999375","        3598"," 94,30",
"17/07/2025  7:15:03,573","   549250000"," ","27","  28,6","      999375","       -1298"," 95,80",
"17/07/2025  7:15:03,573","   555250000","DIGITAL TV","28","  31,1","      999375","        3982"," 96,70",
"17/07/2025  7:15:03,573","   561250000"," ","29","  28,0","      999375","        -741"," 95,50",
"17/07/2025  7:15:03,573","   567250000","TV LEGISLATIVA NO AUTORIZADA","30","  31,8","      999375","      -16828"," 94,30",
"17/07/2025  7:15:03,573","   573250000"," ","31","  29,5","      999375","        -393"," 94,20",
"17/07/2025  7:15:03,573","   579250000","TELEATAHUALPA (RTU)","32","  29,5","      999375","       -2122"," 95,90",
"17/07/2025  7:15:03,573","   585250000"," ","33","  31,8","      999375","         187"," 97,30",
"17/07/2025  7:15:03,573","   591250000"," ","34","  30,3","      999375","        5901"," 95,70",
"17/07/2025  7:15:03,573","   597250000"," ","35","  29,9","      999375","        2074"," 97,30",
"17/07/2025  7:15:03,573","   603250000"," ","36","  29,6","      999375","        -817"," 94,50",
"17/07/2025  7:15:03,573","   615250000"," ","38","  28,0","      999375","        1967"," 96,30",
"17/07/2025  7:15:03,573","   621250000"," ","39","  28,4","      999375","       -2108"," 95,10",
"17/07/2025  7:15:03,573","   627250000"," ","40","  28,2","      999375","        6722"," 92,80",
"17/07/2025  7:15:03,573","   633250000"," ","41","  29,3","      999375","       28144"," 94,10",
"17/07/2025  7:15:03,573","   639250000"," ","42","  41,0","      999375","       -5852"," 97,90",
"17/07/2025  7:15:03,573","   645250000"," ","43","  34,0","      999375","       -3871"," 95,80",
"17/07/2025  7:15:03,573","   651250000"," ","44","  28,0","      999375","        7100"," 92,80",
"17/07/2025  7:15:03,573","   657250000"," ","45","  27,6","      999375","        1508"," 97,10",
"17/07/2025  7:15:03,573","   663250000"," ","46","  27,7","      999375","       -4374"," 90,90",
"17/07/2025  7:15:03,573","   669250000"," ","47","  26,7","      999375","        -754"," 96,10",
"17/07/2025  7:15:03,573","   675250000","EL CIUDADANO TV NO AUTORIZADA","48","  29,1","      999375","        -958"," 96,30",
"17/07/2025  7:15:03,573","   681250000"," ","49","  27,8","      999375","       -3561"," 94,20",
"17/07/2025  7:15:03,573","   687250000"," ","50","  28,3","      999375","        2004"," 96,50",
"17/07/2025  7:15:03,573","   693250000"," ","51","  29,4","      999375","        4532"," 94,50",
"17/07/2025  7:15:57,059","    61250000","RED TELESISTEMA (R.T.S)","3","  87,9","      126250","        -437"," 72,20",
"17/07/2025  7:15:57,059","    67250000"," ","4","  47,4","      999375","       -3096"," 95,70",
"17/07/2025  7:15:57,059","    77250000"," ","5","  48,6","      871875","         615"," 95,10",
"17/07/2025  7:15:57,059","    83250000"," ","6","  48,4","      515000","       49641"," 73,80",
"17/07/2025  7:15:57,059","   175250000","ECUADOR TV","7"," 109,2","      125625","          62"," 63,40",
"17/07/2025  7:15:57,059","   181250000","CADENA ECUATORIANA DE TELEVISIO","8","  40,6","      999375","      -31714"," 97,70",
"17/07/2025  7:15:57,059","   187250000","TELEVISION DEL PACIFICO","9","  39,6","      999375","        3976"," 95,40",
"17/07/2025  7:15:57,059","   193250000"," ","10","  42,3","      999375","       72676"," 91,40",
"17/07/2025  7:15:57,059","   199250000"," ","11","  40,0","      999375","       93357"," 94,20",
"17/07/2025  7:15:57,059","   205250000"," ","12","  35,9","      999375","        5633"," 97,30",
"17/07/2025  7:15:57,059","   211250000","TELEAMAZONAS","13","  94,5","      188750","         293"," 59,70",
"17/07/2025  7:15:57,059","   471250000"," ","14","  27,7","      999375","       -3700"," 95,60",
"17/07/2025  7:15:57,059","   477250000"," ","15","  27,6","      999375","         397"," 96,50",
"17/07/2025  7:15:57,059","   483250000"," ","16","  26,6","      999375","       -2190"," 96,30",
"17/07/2025  7:15:57,059","   513250000"," ","21","  26,8","      999375","        7847"," 96,10",
"17/07/2025  7:15:57,059","   519250000","UCSG TELEVISION","22","  26,8","      999375","       -1405"," 95,00",
"17/07/2025  7:15:57,059","   525250000"," ","23","  26,6","      999375","       -2524"," 93,10",
"17/07/2025  7:15:57,059","   531250000"," ","24","  28,3","      999375","        -540"," 94,90",
"17/07/2025  7:15:57,059","   537250000"," ","25","  27,1","      999375","        -164"," 93,50",
"17/07/2025  7:15:57,059","   543250000","SONOVISIÓN TV","26","  27,4","      999375","         267"," 95,00",
"17/07/2025  7:15:57,059","   549250000"," ","27","  27,9","      999375","        -586"," 94,60",
"17/07/2025  7:15:57,059","   555250000","DIGITAL TV","28","  31,2","      999375","        3027"," 95,50",
"17/07/2025  7:15:57,059","   561250000"," ","29","  28,0","      999375","       -3094"," 94,30",
"17/07/2025  7:15:57,059","   567250000","TV LEGISLATIVA NO AUTORIZADA","30","  31,2","      999375","      -17299"," 91,80",
"17/07/2025  7:15:57,059","   573250000"," ","31","  28,8","      999375","         598"," 96,40",
"17/07/2025  7:15:57,059","   579250000","TELEATAHUALPA (RTU)","32","  29,8","      999375","         973"," 98,70",
"17/07/2025  7:15:57,059","   585250000"," ","33","  29,6","      999375","         979"," 95,90",
"17/07/2025  7:15:57,059","   591250000"," ","34","  29,2","      999375","       -3568"," 94,00",
"17/07/2025  7:15:57,059","   597250000"," ","35","  28,5","      999375","        2363"," 95,80",
"17/07/2025  7:15:57,059","   603250000"," ","36","  29,7","      999375","        -314"," 95,60",
"17/07/2025  7:15:57,059","   615250000"," ","38","  31,1","      999375","       -1618"," 96,50",
"17/07/2025  7:15:57,059","   621250000"," ","39","  28,7","      999375","        -132"," 95,10",
"17/07/2025  7:15:57,059","   627250000"," ","40","  27,6","      999375","       -4939"," 94,40",
"17/07/2025  7:15:57,059","   633250000"," ","41","  28,6","      999375","       29162"," 94,40",
"17/07/2025  7:15:57,059","   639250000"," ","42","  35,0","      999375","       -3894"," 98,30",
"17/07/2025  7:15:57,059","   645250000"," ","43","  32,9","      999375","        -597"," 96,70",
"17/07/2025  7:15:57,059","   651250000"," ","44","  27,7","      999375","        1157"," 95,00",
"17/07/2025  7:15:57,059","   657250000"," ","45","  28,7","      999375","        2847"," 97,40",
"17/07/2025  7:15:57,059","   663250000"," ","46","  30,4","      999375","       -3613"," 95,90",
"17/07/2025  7:15:57,059","   669250000"," ","47","  28,3","      999375","        3549"," 95,00",
"17/07/2025  7:15:57,059","   675250000","EL CIUDADANO TV NO AUTORIZADA","48","  28,6","      999375","         212"," 96,30",
"17/07/2025  7:15:57,059","   681250000"," ","49","  27,4","      999375","       -1586"," 93,70",
"17/07/2025  7:15:57,059","   687250000"," ","50","  29,2","      999375","        -198"," 95,00",
"17/07/2025  7:15:57,059","   693250000"," ","51","  28,1","      999375","       -1319"," 94,30",
"17/07/2025  7:16:51,912","    61250000","RED TELESISTEMA (R.T.S)","3","  87,9","      126250","        -496"," 51,90",
"17/07/2025  7:16:51,912","    67250000"," ","4","  44,8","      999375","       -1228"," 96,20",
"17/07/2025  7:16:51,912","    77250000"," ","5","  46,9","      999375","         227"," 93,10",
"17/07/2025  7:16:51,912","    83250000"," ","6","  47,7","      481250","       27383"," 91,90",
"17/07/2025  7:16:51,912","   175250000","ECUADOR TV","7"," 109,3","      125625","          63"," 81,00",
"17/07/2025  7:16:51,912","   181250000","CADENA ECUATORIANA DE TELEVISIO","8","  39,0","      999375","       -7484"," 96,20",
"17/07/2025  7:16:51,912","   187250000","TELEVISION DEL PACIFICO","9","  36,7","      999375","        8315"," 93,90",
"17/07/2025  7:16:51,912","   193250000"," ","10","  42,2","      999375","       81803"," 96,00",
"17/07/2025  7:16:51,912","   199250000"," ","11","  40,8","      999375","      116812"," 93,60",
"17/07/2025  7:16:51,912","   205250000"," ","12","  34,6","      999375","       14308"," 94,60",
"17/07/2025  7:16:51,912","   211250000","TELEAMAZONAS","13","  94,6","      125625","         296"," 76,10",
"17/07/2025  7:16:51,912","   471250000"," ","14","  27,4","      999375","        2217"," 94,90",
"17/07/2025  7:16:51,912","   477250000"," ","15","  27,2","      999375","         179"," 96,20",
"17/07/2025  7:16:51,912","   483250000"," ","16","  27,3","      999375","       -3419"," 95,30",
"17/07/2025  7:16:51,912","   513250000"," ","21","  28,1","      999375","        1400"," 95,30",
"17/07/2025  7:16:51,912","   519250000","UCSG TELEVISION","22","  27,0","      999375","        1916"," 96,30",
"17/07/2025  7:16:51,912","   525250000"," ","23","  28,7","      999375","        2241"," 96,10",
"17/07/2025  7:16:51,912","   531250000"," ","24","  27,1","      999375","       -3289"," 97,20",
"17/07/2025  7:16:51,912","   537250000"," ","25","  27,2","      999375","        4421"," 92,80",
"17/07/2025  7:16:51,912","   543250000","SONOVISIÓN TV","26","  28,0","      999375","         934"," 96,70",
"17/07/2025  7:16:51,912","   549250000"," ","27","  29,1","      999375","        -378"," 95,90",
"17/07/2025  7:16:51,912","   555250000","DIGITAL TV","28","  31,7","      999375","        6205"," 96,70",
"17/07/2025  7:16:51,912","   561250000"," ","29","  28,5","      999375","       -1502"," 95,20",
"17/07/2025  7:16:51,912","   567250000","TV LEGISLATIVA NO AUTORIZADA","30","  32,7","      999375","      -12260"," 95,20",
"17/07/2025  7:16:51,912","   573250000"," ","31","  28,6","      999375","       -1115"," 95,70",
"17/07/2025  7:16:51,912","   579250000","TELEATAHUALPA (RTU)","32","  27,5","      999375","       -2866"," 95,20",
"17/07/2025  7:16:51,912","   585250000"," ","33","  29,8","      999375","        1712"," 95,60",
"17/07/2025  7:16:51,912","   591250000"," ","34","  28,4","      999375","        -270"," 95,30",
"17/07/2025  7:16:51,912","   597250000"," ","35","  30,1","      999375","        2595"," 95,50",
"17/07/2025  7:16:51,912","   603250000"," ","36","  29,6","      999375","        2326"," 93,90",
"17/07/2025  7:16:51,912","   615250000"," ","38","  29,2","      999375","        -307"," 94,80",
"17/07/2025  7:16:51,912","   621250000"," ","39","  27,9","      999375","        1043"," 95,60",
"17/07/2025  7:16:51,912","   627250000"," ","40","  27,7","      999375","        -675"," 96,00",
"17/07/2025  7:16:51,912","   633250000"," ","41","  29,3","      999375","       25164"," 96,00",
"17/07/2025  7:16:51,912","   639250000"," ","42","  41,1","      999375","       -1037"," 98,80",
"17/07/2025  7:16:51,912","   645250000"," ","43","  32,1","      999375","        -837"," 96,30",
"17/07/2025  7:16:51,912","   651250000"," ","44","  27,4","      999375","        4813"," 97,20",
"17/07/2025  7:16:51,912","   657250000"," ","45","  28,6","      999375","        5410"," 95,60",
"17/07/2025  7:16:51,912","   663250000"," ","46","  28,8","      999375","         779"," 93,10",
"17/07/2025  7:16:51,912","   669250000"," ","47","  27,4","      220625","       -5987"," 94,80",
"17/07/2025  7:16:51,912","   675250000","EL CIUDADANO TV NO AUTORIZADA","48","  31,6","      999375","        3491"," 96,20",
"17/07/2025  7:16:51,912","   681250000"," ","49","  27,9","      999375","         339"," 93,30",
"17/07/2025  7:16:51,912","   687250000"," ","50","  27,2","      999375","         327"," 96,90",
"17/07/2025  7:16:51,912","   693250000"," ","51","  30,7","      999375","        9180"," 95,20",
"17/07/2025  18:15:03,629","    61250000","RED TELESISTEMA (R.T.S)","3","  85,4","      126250","        -569"," 53,70",
"17/07/2025  18:15:03,629","    67250000"," ","4","  41,1","      999375","       -1862"," 95,10",
"17/07/2025  18:15:03,629","    77250000"," ","5","  50,0","      837500","        7385"," 44,50",
"17/07/2025  18:15:03,629","    83250000"," ","6","  52,4","      810625","       26153"," 92,00",
"17/07/2025  18:15:03,629","   175250000","ECUADOR TV","7"," 111,0","      250625","          62"," 67,10",
"17/07/2025  18:15:03,629","   181250000","CADENA ECUATORIANA DE TELEVISIO","8","  54,6","      785000","       57770"," 94,90",
"17/07/2025  18:15:03,629","   187250000","TELEVISION DEL PACIFICO","9","  37,7","      999375","       10632"," 96,80",
"17/07/2025  18:15:03,629","   193250000"," ","10","  46,2","      999375","      124340"," 92,40",
"17/07/2025  18:15:03,629","   199250000"," ","11","  40,9","      999375","       65013"," 96,00",
"17/07/2025  18:15:03,629","   205250000"," ","12","  34,7","      999375","       13518"," 90,60",
"17/07/2025  18:15:03,629","   211250000","TELEAMAZONAS","13","  96,8","      126250","         131"," 70,60",
"17/07/2025  18:15:03,629","   471250000"," ","14","  27,6","      999375","       -4824"," 94,20",
"17/07/2025  18:15:03,629","   477250000"," ","15","  30,0","      999375","       40084"," 96,50",
"17/07/2025  18:15:03,629","   483250000"," ","16","  28,8","      999375","        3578"," 96,60",
"17/07/2025  18:15:03,629","   513250000"," ","21","  27,6","      999375","        2685"," 96,10",
"17/07/2025  18:15:03,629","   519250000","UCSG TELEVISION","22","  26,3","      999375","        -948"," 96,10",
"17/07/2025  18:15:03,629","   525250000"," ","23","  28,5","      784375","       -1653"," 95,60",
"17/07/2025  18:15:03,629","   531250000"," ","24","  27,7","      999375","        2471"," 96,00",
"17/07/2025  18:15:03,629","   537250000"," ","25","  26,8","      999375","        -881"," 95,60",
"17/07/2025  18:15:03,629","   543250000","SONOVISIÓN TV","26","  27,2","      999375","        6241"," 95,60",
"17/07/2025  18:15:03,629","   549250000"," ","27","  28,2","      999375","        1687"," 96,10",
"17/07/2025  18:15:03,629","   555250000","DIGITAL TV","28","  37,8","      999375","        7443"," 95,10",
"17/07/2025  18:15:03,629","   561250000"," ","29","  27,8","      999375","       -1145"," 94,60",
"17/07/2025  18:15:03,629","   567250000","TV LEGISLATIVA NO AUTORIZADA","30","  32,0","      999375","       -7494"," 96,00",
"17/07/2025  18:15:03,629","   573250000"," ","31","  37,5","      999375","       -4546"," 98,50",
"17/07/2025  18:15:03,629","   579250000","TELEATAHUALPA (RTU)","32","  34,1","      991250","      -99123"," 85,10",
"17/07/2025  18:15:03,629","   585250000"," ","33","  35,2","      999375","       89509"," 73,20",
"17/07/2025  18:15:03,629","   591250000"," ","34","  29,7","      999375","        6304"," 95,50",
"17/07/2025  18:15:03,629","   597250000"," ","35","  29,8","      999375","        3868"," 97,20",
"17/07/2025  18:15:03,629","   603250000"," ","36","  31,0","      999375","       -1417"," 96,90",
"17/07/2025  18:15:03,629","   615250000"," ","38","  30,6","      999375","       -5111"," 96,60",
"17/07/2025  18:15:03,629","   621250000"," ","39","  31,1","      999375","       -2088"," 95,10",
"17/07/2025  18:15:03,629","   627250000"," ","40","  30,3","      999375","        1089"," 94,70",
"17/07/2025  18:15:03,629","   633250000"," ","41","  29,3","      999375","       24476"," 93,80",
"17/07/2025  18:15:03,629","   639250000"," ","42","  42,4","      999375","       -2818"," 98,40",
"17/07/2025  18:15:03,629","   645250000"," ","43","  35,4","      999375","       -2868"," 94,60",
"17/07/2025  18:15:03,629","   651250000"," ","44","  29,3","      999375","        2819"," 95,80",
"17/07/2025  18:15:03,629","   657250000"," ","45","  28,0","      999375","         872"," 96,40",
"17/07/2025  18:15:03,629","   663250000"," ","46","  31,0","      314375","         731"," 94,50",
"17/07/2025  18:15:03,629","   669250000"," ","47","  28,4","      999375","         199"," 96,00",
"17/07/2025  18:15:03,629","   675250000","EL CIUDADANO TV NO AUTORIZADA","48","  33,2","      999375","       -3759"," 97,90",
"17/07/2025  18:15:03,629","   681250000"," ","49","  29,9","      999375","       -2119"," 96,10",
"17/07/2025  18:15:03,629","   687250000"," ","50","  27,4","      999375","         587"," 94,50",
"17/07/2025  18:15:03,629","   693250000"," ","51","  29,4","      999375","        7222"," 96,10",
"17/07/2025  18:15:57,473","    61250000","RED TELESISTEMA (R.T.S)","3","  85,4","      110000","        -587"," 56,00",
"17/07/2025  18:15:57,473","    67250000"," ","4","  41,7","      999375","        4362"," 95,90",
"17/07/2025  18:15:57,473","    77250000"," ","5","  49,6","      855000","         572"," 33,80",
"17/07/2025  18:15:57,473","    83250000"," ","6","  49,6","      762500","       50319"," 90,10",
"17/07/2025  18:15:57,473","   175250000","ECUADOR TV","7"," 110,6","      188125","          63"," 76,40",
"17/07/2025  18:15:57,473","   181250000","CADENA ECUATORIANA DE TELEVISIO","8","  54,6","      903750","       72075"," 93,80",
"17/07/2025  18:15:57,473","   187250000","TELEVISION DEL PACIFICO","9","  39,8","      999375","        1463"," 94,70",
"17/07/2025  18:15:57,473","   193250000"," ","10","  47,9","      999375","       96818"," 94,40",
"17/07/2025  18:15:57,473","   199250000"," ","11","  40,9","      999375","       68846"," 96,00",
"17/07/2025  18:15:57,473","   205250000"," ","12","  36,3","      999375","       10521"," 95,80",
"17/07/2025  18:15:57,473","   211250000","TELEAMAZONAS","13","  96,8","      125625","         289"," 52,10",
"17/07/2025  18:15:57,473","   471250000"," ","14","  27,1","      999375","        1994"," 94,90",
"17/07/2025  18:15:57,473","   477250000"," ","15","  30,1","      999375","       34159"," 95,80",
"17/07/2025  18:15:57,473","   483250000"," ","16","  28,5","      999375","        2795"," 96,70",
"17/07/2025  18:15:57,473","   513250000"," ","21","  26,0","      999375","        2981"," 95,80",
"17/07/2025  18:15:57,473","   519250000","UCSG TELEVISION","22","  27,3","      999375","        1940"," 96,00",
"17/07/2025  18:15:57,473","   525250000"," ","23","  26,5","      376875","        5292"," 94,50",
"17/07/2025  18:15:57,473","   531250000"," ","24","  27,8","      999375","        2464"," 95,70",
"17/07/2025  18:15:57,473","   537250000"," ","25","  28,0","      999375","       -4085"," 95,80",
"17/07/2025  18:15:57,473","   543250000","SONOVISIÓN TV","26","  28,0","      999375","         -49"," 94,10",
"17/07/2025  18:15:57,473","   549250000"," ","27","  27,3","      999375","       -2680"," 95,10",
"17/07/2025  18:15:57,473","   555250000","DIGITAL TV","28","  38,9","      999375","        4370"," 96,70",
"17/07/2025  18:15:57,473","   561250000"," ","29","  28,6","      999375","          48"," 93,50",
"17/07/2025  18:15:57,473","   567250000","TV LEGISLATIVA NO AUTORIZADA","30","  32,8","      999375","       -8924"," 94,00",
"17/07/2025  18:15:57,473","   573250000"," ","31","  30,0","      999375","       -1529"," 95,80",
"17/07/2025  18:15:57,473","   579250000","TELEATAHUALPA (RTU)","32","  28,5","      999375","        2874"," 94,80",
"17/07/2025  18:15:57,473","   585250000"," ","33","  27,3","      999375","         888"," 91,80",
"17/07/2025  18:15:57,473","   591250000"," ","34","  28,2","      999375","       -4729"," 92,70",
"17/07/2025  18:15:57,473","   597250000"," ","35","  29,6","      999375","        5131"," 94,60",
"17/07/2025  18:15:57,473","   603250000"," ","36","  28,8","      999375","         340"," 92,60",
"17/07/2025  18:15:57,473","   615250000"," ","38","  30,2","      999375","        1169"," 95,80",
"17/07/2025  18:15:57,473","   621250000"," ","39","  29,7","      999375","        -708"," 95,70",
"17/07/2025  18:15:57,473","   627250000"," ","40","  28,0","      999375","        -804"," 95,00",
"17/07/2025  18:15:57,473","   633250000"," ","41","  29,6","      999375","       26961"," 95,40",
"17/07/2025  18:15:57,473","   639250000"," ","42","  43,3","      999375","       -2245"," 98,70",
"17/07/2025  18:15:57,473","   645250000"," ","43","  32,8","      999375","        2911"," 93,70",
"17/07/2025  18:15:57,473","   651250000"," ","44","  27,8","      999375","        -909"," 92,20",
"17/07/2025  18:15:57,473","   657250000"," ","45","  27,7","      999375","        2614"," 94,70",
"17/07/2025  18:15:57,473","   663250000"," ","46","  29,1","      999375","        1827"," 96,40",
"17/07/2025  18:15:57,473","   669250000"," ","47","  27,3","      999375","        5656"," 96,40",
"17/07/2025  18:15:57,473","   675250000","EL CIUDADANO TV NO AUTORIZADA","48","  33,1","      999375","        1526"," 97,40",
"17/07/2025  18:15:57,473","   681250000"," ","49","  29,2","      999375","       -1066"," 96,00",
"17/07/2025  18:15:57,473","   687250000"," ","50","  28,0","      999375","        1955"," 95,90",
"17/07/2025  18:15:57,473","   693250000"," ","51","  28,3","      999375","       -1927"," 96,10",
"17/07/2025  18:16:51,323","    61250000","RED TELESISTEMA (R.T.S)","3","  85,8","      126250","        -533"," 53,30",
"17/07/2025  18:16:51,323","    67250000"," ","4","  42,1","      999375","        1867"," 97,10",
"17/07/2025  18:16:51,323","    77250000"," ","5","  50,2","      872500","        2712"," 45,80",
"17/07/2025  18:16:51,323","    83250000"," ","6","  50,0","      466875","       39109"," 86,80",
"17/07/2025  18:16:51,323","   175250000","ECUADOR TV","7"," 110,8","      125625","          63"," 81,50",
"17/07/2025  18:16:51,323","   181250000","CADENA ECUATORIANA DE TELEVISIO","8","  55,1","      925625","       27720"," 88,80",
"17/07/2025  18:16:51,323","   187250000","TELEVISION DEL PACIFICO","9","  37,0","      999375","       -2316"," 95,30",
"17/07/2025  18:16:51,323","   193250000"," ","10","  47,6","      999375","      118909"," 97,10",
"17/07/2025  18:16:51,323","   199250000"," ","11","  40,3","      999375","       65063"," 95,50",
"17/07/2025  18:16:51,323","   205250000"," ","12","  36,9","      999375","        5809"," 95,60",
"17/07/2025  18:16:51,323","   211250000","TELEAMAZONAS","13","  96,3","       63125","         230"," 45,50",
"17/07/2025  18:16:51,323","   471250000"," ","14","  30,1","      999375","       -5473"," 95,00",
"17/07/2025  18:16:51,323","   477250000"," ","15","  29,4","      999375","       27583"," 94,80",
"17/07/2025  18:16:51,323","   483250000"," ","16","  28,0","      999375","        1403"," 97,20",
"17/07/2025  18:16:51,323","   513250000"," ","21","  26,7","      999375","        4100"," 95,20",
"17/07/2025  18:16:51,323","   519250000","UCSG TELEVISION","22","  28,5","      999375","          54"," 97,20",
"17/07/2025  18:16:51,323","   525250000"," ","23","  28,7","      805625","        4343"," 94,10",
"17/07/2025  18:16:51,323","   531250000"," ","24","  39,8","      999375","        4711"," 98,60",
"17/07/2025  18:16:51,323","   537250000"," ","25","  27,5","      999375","       -3649"," 92,50",
"17/07/2025  18:16:51,323","   543250000","SONOVISIÓN TV","26","  28,4","      999375","        4445"," 96,30",
"17/07/2025  18:16:51,323","   549250000"," ","27","  27,2","      999375","         493"," 94,00",
"17/07/2025  18:16:51,323","   555250000","DIGITAL TV","28","  39,7","      999375","        5680"," 94,90",
"17/07/2025  18:16:51,323","   561250000"," ","29","  28,3","      999375","         515"," 96,70",
"17/07/2025  18:16:51,323","   567250000","TV LEGISLATIVA NO AUTORIZADA","30","  32,5","      999375","       -6810"," 95,90",
"17/07/2025  18:16:51,323","   573250000"," ","31","  29,4","      999375","       -6072"," 96,10",
"17/07/2025  18:16:51,323","   579250000","TELEATAHUALPA (RTU)","32","  38,3","      999375","      -99060"," 91,90",
"17/07/2025  18:16:51,323","   585250000"," ","33","  29,0","      999375","         622"," 96,90",
"17/07/2025  18:16:51,323","   591250000"," ","34","  34,8","      999375","        2419"," 97,60",
"17/07/2025  18:16:51,323","   597250000"," ","35","  29,3","      999375","        2567"," 93,50",
"17/07/2025  18:16:51,323","   603250000"," ","36","  28,2","      999375","       -3096"," 96,20",
"17/07/2025  18:16:51,323","   615250000"," ","38","  30,7","      999375","        2215"," 95,80",
"17/07/2025  18:16:51,323","   621250000"," ","39","  36,9","      999375","        2289"," 97,90",
"17/07/2025  18:16:51,323","   627250000"," ","40","  33,4","      999375","        1533"," 98,60",
"17/07/2025  18:16:51,323","   633250000"," ","41","  28,0","      999375","       19734"," 96,30",
"17/07/2025  18:16:51,323","   639250000"," ","42","  44,6","      999375","       -1544"," 99,00",
"17/07/2025  18:16:51,323","   645250000"," ","43","  34,6","      999375","        -779"," 95,80",
"17/07/2025  18:16:51,323","   651250000"," ","44","  28,1","      999375","         757"," 92,50",
"17/07/2025  18:16:51,323","   657250000"," ","45","  33,3","      999375","        5828"," 97,50",
"17/07/2025  18:16:51,323","   663250000"," ","46","  29,1","      999375","       -5214"," 95,70",
"17/07/2025  18:16:51,323","   669250000"," ","47","  27,2","      999375","        2899"," 94,70",
"17/07/2025  18:16:51,323","   675250000","EL CIUDADANO TV NO AUTORIZADA","48","  35,5","      999375","         496"," 99,10",
"17/07/2025  18:16:51,323","   681250000"," ","49","  28,8","      999375","       -1859"," 95,60",
"17/07/2025  18:16:51,323","   687250000"," ","50","  27,8","      999375","        2168"," 93,20",
"17/07/2025  18:16:51,323","   693250000"," ","51","  29,5","      999375","       10439"," 94,00",
"18/07/2025  7:15:03,607","    61250000","RED TELESISTEMA (R.T.S)","3","  85,9","       94375","        -167"," 69,70",
"18/07/2025  7:15:03,607","    67250000"," ","4","  62,9","      999375","        3519"," 96,70",
"18/07/2025  7:15:03,607","    77250000"," ","5","  56,3","      999375","        -219"," 96,10",
"18/07/2025  7:15:03,607","    83250000"," ","6","  50,3","      999375","       22706"," 96,60",
"18/07/2025  7:15:03,607","   175250000","ECUADOR TV","7"," 109,5","      125625","          63"," 58,40",
"18/07/2025  7:15:03,607","   181250000","CADENA ECUATORIANA DE TELEVISIO","8","  47,6","      999375","       37136"," 95,50",
"18/07/2025  7:15:03,607","   187250000","TELEVISION DEL PACIFICO","9","  42,6","      999375","       -4368"," 97,30",
"18/07/2025  7:15:03,607","   193250000"," ","10","  41,4","      999375","       43431"," 95,80",
"18/07/2025  7:15:03,607","   199250000"," ","11","  41,1","      999375","       15340"," 97,80",
"18/07/2025  7:15:03,607","   205250000"," ","12","  40,5","      999375","        2645"," 95,40",
"18/07/2025  7:15:03,607","   211250000","TELEAMAZONAS","13","  92,7","      125625","         308"," 45,20",
"18/07/2025  7:15:03,607","   471250000"," ","14","  26,7","      999375","       -1767"," 94,70",
"18/07/2025  7:15:03,607","   477250000"," ","15","  27,6","      999375","        2104"," 95,20",
"18/07/2025  7:15:03,607","   483250000"," ","16","  26,9","      999375","       -1295"," 96,40",
"18/07/2025  7:15:03,607","   513250000"," ","21","  27,5","      999375","        1925"," 97,20",
"18/07/2025  7:15:03,607","   519250000","UCSG TELEVISION","22","  27,4","      999375","          15"," 96,10",
"18/07/2025  7:15:03,607","   525250000"," ","23","  26,8","      999375","        2644"," 96,10",
"18/07/2025  7:15:03,607","   531250000"," ","24","  26,3","      999375","        -709"," 95,00",
"18/07/2025  7:15:03,607","   537250000"," ","25","  31,2","      999375","       -1193"," 98,10",
"18/07/2025  7:15:03,607","   543250000","SONOVISIÓN TV","26","  27,5","      999375","        5550"," 95,30",
"18/07/2025  7:15:03,607","   549250000"," ","27","  30,2","      999375","       -4682"," 96,80",
"18/07/2025  7:15:03,607","   555250000","DIGITAL TV","28","  30,0","      999375","        5935"," 94,00",
"18/07/2025  7:15:03,607","   561250000"," ","29","  28,1","      999375","       -1469"," 95,40",
"18/07/2025  7:15:03,607","   567250000","TV LEGISLATIVA NO AUTORIZADA","30","  29,0","      999375","       -5053"," 95,60",
"18/07/2025  7:15:03,607","   573250000"," ","31","  28,2","      999375","        3194"," 93,60",
"18/07/2025  7:15:03,607","   579250000","TELEATAHUALPA (RTU)","32","  28,1","      999375","       -4067"," 93,60",
"18/07/2025  7:15:03,607","   585250000"," ","33","  30,9","      999375","        4973"," 95,00",
"18/07/2025  7:15:03,607","   591250000"," ","34","  29,0","      999375","        2228"," 95,20",
"18/07/2025  7:15:03,607","   597250000"," ","35","  30,0","      999375","        5919"," 96,60",
"18/07/2025  7:15:03,607","   603250000"," ","36","  29,5","      999375","        -482"," 94,30",
"18/07/2025  7:15:03,607","   615250000"," ","38","  29,1","      999375","        3682"," 92,90",
"18/07/2025  7:15:03,607","   621250000"," ","39","  29,2","      999375","        3419"," 94,20",
"18/07/2025  7:15:03,607","   627250000"," ","40","  28,2","      999375","       -2481"," 96,90",
"18/07/2025  7:15:03,607","   633250000"," ","41","  29,1","      999375","       34132"," 93,30",
"18/07/2025  7:15:03,607","   639250000"," ","42","  41,0","      999375","       -1074"," 97,80",
"18/07/2025  7:15:03,607","   645250000"," ","43","  31,5","      999375","        4397"," 97,20",
"18/07/2025  7:15:03,607","   651250000"," ","44","  28,1","      999375","        1596"," 95,50",
"18/07/2025  7:15:03,607","   657250000"," ","45","  28,9","      999375","         363"," 94,40",
"18/07/2025  7:15:03,607","   663250000"," ","46","  28,1","      999375","        -751"," 96,90",
"18/07/2025  7:15:03,607","   669250000"," ","47","  27,2","      999375","       -1494"," 95,60",
"18/07/2025  7:15:03,607","   675250000","EL CIUDADANO TV NO AUTORIZADA","48","  27,6","      999375","        4657"," 93,70",
"18/07/2025  7:15:03,607","   681250000"," ","49","  27,5","      999375","         -88"," 94,70",
"18/07/2025  7:15:03,607","   687250000"," ","50","  27,5","      999375","         412"," 95,50",
"18/07/2025  7:15:03,607","   693250000"," ","51","  31,0","      999375","       -2498"," 93,00",
"18/07/2025  7:15:57,073","    61250000","RED TELESISTEMA (R.T.S)","3","  86,2","       94375","        -257"," 64,60",
"18/07/2025  7:15:57,073","    67250000"," ","4","  58,3","      999375","        2239"," 97,10",
"18/07/2025  7:15:57,073","    77250000"," ","5","  52,2","      999375","       -2242"," 95,40",
"18/07/2025  7:15:57,073","    83250000"," ","6","  50,3","      999375","       15147"," 98,80",
"18/07/2025  7:15:57,073","   175250000","ECUADOR TV","7"," 109,5","       94375","          63"," 26,10",
"18/07/2025  7:15:57,073","   181250000","CADENA ECUATORIANA DE TELEVISIO","8","  46,8","      999375","       34383"," 96,20",
"18/07/2025  7:15:57,073","   187250000","TELEVISION DEL PACIFICO","9","  41,2","      999375","       -3852"," 96,30",
"18/07/2025  7:15:57,073","   193250000"," ","10","  41,3","      999375","       35729"," 93,30",
"18/07/2025  7:15:57,073","   199250000"," ","11","  40,5","      999375","       14844"," 97,20",
"18/07/2025  7:15:57,073","   205250000"," ","12","  50,6","      999375","        2653"," 98,80",
"18/07/2025  7:15:57,073","   211250000","TELEAMAZONAS","13","  93,0","      110625","         221"," 74,20",
"18/07/2025  7:15:57,073","   471250000"," ","14","  27,1","      999375","        -198"," 93,10",
"18/07/2025  7:15:57,073","   477250000"," ","15","  27,5","      999375","         376"," 92,70",
"18/07/2025  7:15:57,073","   483250000"," ","16","  27,3","      999375","        -366"," 93,90",
"18/07/2025  7:15:57,073","   513250000"," ","21","  26,2","      999375","        -958"," 95,30",
"18/07/2025  7:15:57,073","   519250000","UCSG TELEVISION","22","  26,9","      999375","        -627"," 97,60",
"18/07/2025  7:15:57,073","   525250000"," ","23","  28,3","      999375","       -4139"," 95,50",
"18/07/2025  7:15:57,073","   531250000"," ","24","  27,3","      999375","       -2783"," 94,50",
"18/07/2025  7:15:57,073","   537250000"," ","25","  28,1","      999375","       -2441"," 96,30",
"18/07/2025  7:15:57,073","   543250000","SONOVISIÓN TV","26","  29,5","      999375","        3289"," 91,40",
"18/07/2025  7:15:57,073","   549250000"," ","27","  27,9","      999375","        3826"," 96,00",
"18/07/2025  7:15:57,073","   555250000","DIGITAL TV","28","  31,8","      999375","        3622"," 98,20",
"18/07/2025  7:15:57,073","   561250000"," ","29","  28,4","      999375","        1336"," 94,60",
"18/07/2025  7:15:57,073","   567250000","TV LEGISLATIVA NO AUTORIZADA","30","  29,9","      999375","       -1528"," 93,10",
"18/07/2025  7:15:57,073","   573250000"," ","31","  33,9","      999375","        -155"," 97,10",
"18/07/2025  7:15:57,073","   579250000","TELEATAHUALPA (RTU)","32","  27,8","      999375","      -12216"," 94,80",
"18/07/2025  7:15:57,073","   585250000"," ","33","  28,7","      999375","        4097"," 96,60",
"18/07/2025  7:15:57,073","   591250000"," ","34","  29,8","      999375","        1524"," 96,30",
"18/07/2025  7:15:57,073","   597250000"," ","35","  29,6","      999375","        -352"," 96,20",
"18/07/2025  7:15:57,073","   603250000"," ","36","  28,7","      999375","         278"," 95,00",
"18/07/2025  7:15:57,073","   615250000"," ","38","  31,0","      999375","        1080"," 97,50",
"18/07/2025  7:15:57,073","   621250000"," ","39","  27,8","      999375","        6464"," 96,00",
"18/07/2025  7:15:57,073","   627250000"," ","40","  28,2","      999375","       -1255"," 95,80",
"18/07/2025  7:15:57,073","   633250000"," ","41","  30,6","      999375","       37625"," 94,90",
"18/07/2025  7:15:57,073","   639250000"," ","42","  41,7","      999375","        2600"," 99,20",
"18/07/2025  7:15:57,073","   645250000"," ","43","  30,7","      999375","       -1206"," 95,80",
"18/07/2025  7:15:57,073","   651250000"," ","44","  28,2","      999375","        -701"," 95,30",
"18/07/2025  7:15:57,073","   657250000"," ","45","  28,8","      999375","       -1083"," 96,70",
"18/07/2025  7:15:57,073","   663250000"," ","46","  28,8","      999375","       -3667"," 91,90",
"18/07/2025  7:15:57,073","   669250000"," ","47","  26,4","      999375","         136"," 95,60",
"18/07/2025  7:15:57,073","   675250000","EL CIUDADANO TV NO AUTORIZADA","48","  29,5","      999375","       -1618"," 97,50",
"18/07/2025  7:15:57,073","   681250000"," ","49","  29,1","      999375","         939"," 96,00",
"18/07/2025  7:15:57,073","   687250000"," ","50","  29,4","      999375","       -2010"," 97,50",
"18/07/2025  7:15:57,073","   693250000"," ","51","  29,6","      999375","        3653"," 96,10",
"18/07/2025  7:16:51,659","    61250000","RED TELESISTEMA (R.T.S)","3","  86,3","      125000","        -135"," 45,80",
"18/07/2025  7:16:51,659","    67250000"," ","4","  57,7","      999375","        1616"," 97,70",
"18/07/2025  7:16:51,659","    77250000"," ","5","  55,1","      999375","       -4095"," 95,20",
"18/07/2025  7:16:51,659","    83250000"," ","6","  55,7","      999375","       11868"," 96,60",
"18/07/2025  7:16:51,659","   175250000","ECUADOR TV","7"," 109,5","      125625","          62"," 62,70",
"18/07/2025  7:16:51,659","   181250000","CADENA ECUATORIANA DE TELEVISIO","8","  46,5","      999375","       25300"," 97,10",
"18/07/2025  7:16:51,659","   187250000","TELEVISION DEL PACIFICO","9","  43,4","      999375","       -1405"," 94,80",
"18/07/2025  7:16:51,659","   193250000"," ","10","  39,7","      999375","       35429"," 95,60",
"18/07/2025  7:16:51,659","   199250000"," ","11","  40,2","      999375","       21323"," 95,40",
"18/07/2025  7:16:51,659","   205250000"," ","12","  41,2","      999375","        1312"," 96,80",
"18/07/2025  7:16:51,659","   211250000","TELEAMAZONAS","13","  93,2","      156875","          87"," 56,20",
"18/07/2025  7:16:51,659","   471250000"," ","14","  27,8","      999375","        2742"," 94,90",
"18/07/2025  7:16:51,659","   477250000"," ","15","  27,6","      999375","         339"," 96,20",
"18/07/2025  7:16:51,659","   483250000"," ","16","  26,5","      999375","        1150"," 95,00",
"18/07/2025  7:16:51,659","   513250000"," ","21","  27,3","      999375","       -3958"," 93,80",
"18/07/2025  7:16:51,659","   519250000","UCSG TELEVISION","22","  27,1","      999375","         525"," 96,60",
"18/07/2025  7:16:51,659","   525250000"," ","23","  28,3","      999375","        2542"," 95,40",
"18/07/2025  7:16:51,659","   531250000"," ","24","  26,7","      999375","        -108"," 92,40",
"18/07/2025  7:16:51,659","   537250000"," ","25","  27,1","      999375","        1605"," 95,10",
"18/07/2025  7:16:51,659","   543250000","SONOVISIÓN TV","26","  28,5","      999375","        3715"," 94,90",
"18/07/2025  7:16:51,659","   549250000"," ","27","  29,5","      999375","        -979"," 95,80",
"18/07/2025  7:16:51,659","   555250000","DIGITAL TV","28","  32,6","      999375","        2890"," 97,20",
"18/07/2025  7:16:51,659","   561250000"," ","29","  28,4","      999375","        1010"," 94,40",
"18/07/2025  7:16:51,659","   567250000","TV LEGISLATIVA NO AUTORIZADA","30","  28,1","      999375","       -3065"," 95,20",
"18/07/2025  7:16:51,659","   573250000"," ","31","  29,7","      999375","         454"," 95,80",
"18/07/2025  7:16:51,659","   579250000","TELEATAHUALPA (RTU)","32","  30,0","      999375","       -3546"," 96,50",
"18/07/2025  7:16:51,659","   585250000"," ","33","  27,5","      999375","        4052"," 93,20",
"18/07/2025  7:16:51,659","   591250000"," ","34","  29,6","      999375","        4368"," 93,20",
"18/07/2025  7:16:51,659","   597250000"," ","35","  41,7","      999375","       -2083"," 97,90",
"18/07/2025  7:16:51,659","   603250000"," ","36","  28,8","      999375","       -1330"," 93,90",
"18/07/2025  7:16:51,659","   615250000"," ","38","  29,0","      999375","       -3700"," 96,30",
"18/07/2025  7:16:51,659","   621250000"," ","39","  29,5","      999375","        1862"," 95,60",
"18/07/2025  7:16:51,659","   627250000"," ","40","  30,4","      999375","        1332"," 97,40",
"18/07/2025  7:16:51,659","   633250000"," ","41","  28,4","      999375","       34677"," 93,50",
"18/07/2025  7:16:51,659","   639250000"," ","42","  39,1","      999375","       -5692"," 97,80",
"18/07/2025  7:16:51,659","   645250000"," ","43","  30,6","      999375","       -6869"," 96,90",
"18/07/2025  7:16:51,659","   651250000"," ","44","  28,5","      999375","        -443"," 95,00",
"18/07/2025  7:16:51,659","   657250000"," ","45","  26,9","      999375","        5977"," 94,20",
"18/07/2025  7:16:51,659","   663250000"," ","46","  29,3","      930000","       -4124"," 93,80",
"18/07/2025  7:16:51,659","   669250000"," ","47","  27,6","      376875","        2140"," 96,80",
"18/07/2025  7:16:51,659","   675250000","EL CIUDADANO TV NO AUTORIZADA","48","  28,1","      999375","       -5021"," 95,70",
"18/07/2025  7:16:51,659","   681250000"," ","49","  28,7","      999375","       -2194"," 93,90",
"18/07/2025  7:16:51,659","   687250000"," ","50","  27,6","      999375","        -190"," 94,00",
"18/07/2025  7:16:51,659","   693250000"," ","51","  28,0","      999375","        5444"," 95,80",
"18/07/2025  18:15:03,676","    61250000","RED TELESISTEMA (R.T.S)","3","  82,7","       78750","        -282"," 33,60",
"18/07/2025  18:15:03,676","    67250000"," ","4","  52,0","      999375","        4568"," 96,40",
"18/07/2025  18:15:03,676","    77250000"," ","5","  61,3","      999375","        3304"," 91,50",
"18/07/2025  18:15:03,676","    83250000"," ","6","  61,1","      999375","       17318"," 95,60",
"18/07/2025  18:15:03,676","   175250000","ECUADOR TV","7"," 109,6","      125625","          64"," 60,30",
"18/07/2025  18:15:03,676","   181250000","CADENA ECUATORIANA DE TELEVISIO","8","  57,2","      899375","       59271"," 94,30",
"18/07/2025  18:15:03,676","   187250000","TELEVISION DEL PACIFICO","9","  41,9","      999375","        8206"," 94,50",
"18/07/2025  18:15:03,676","   193250000"," ","10","  51,8","      999375","      110878"," 95,70",
"18/07/2025  18:15:03,676","   199250000"," ","11","  46,6","      999375","       29342"," 97,10",
"18/07/2025  18:15:03,676","   205250000"," ","12","  40,7","      999375","       17378"," 97,80",
"18/07/2025  18:15:03,676","   211250000","TELEAMAZONAS","13","  96,0","      126250","          25"," 66,90",
"18/07/2025  18:15:03,676","   471250000"," ","14","  27,8","      999375","       -1072"," 93,40",
"18/07/2025  18:15:03,676","   477250000"," ","15","  28,1","      999375","       28880"," 92,20",
"18/07/2025  18:15:03,676","   483250000"," ","16","  26,4","      999375","        1145"," 94,40",
"18/07/2025  18:15:03,676","   513250000"," ","21","  28,2","      999375","        1092"," 96,60",
"18/07/2025  18:15:03,676","   519250000","UCSG TELEVISION","22","  26,5","      999375","        1510"," 97,20",
"18/07/2025  18:15:03,676","   525250000"," ","23","  26,7","      999375","       -2711"," 92,30",
"18/07/2025  18:15:03,676","   531250000"," ","24","  28,6","      999375","         430"," 95,10",
"18/07/2025  18:15:03,676","   537250000"," ","25","  28,2","      999375","       -1082"," 95,70",
"18/07/2025  18:15:03,676","   543250000","SONOVISIÓN TV","26","  27,3","      999375","        3412"," 94,60",
"18/07/2025  18:15:03,676","   549250000"," ","27","  29,8","      999375","         746"," 96,90",
"18/07/2025  18:15:03,676","   555250000","DIGITAL TV","28","  40,0","      999375","        4742"," 96,10",
"18/07/2025  18:15:03,676","   561250000"," ","29","  28,2","      999375","          -5"," 96,70",
"18/07/2025  18:15:03,676","   567250000","TV LEGISLATIVA NO AUTORIZADA","30","  30,1","      999375","      -12023"," 95,60",
"18/07/2025  18:15:03,676","   573250000"," ","31","  29,3","      999375","        1819"," 96,60",
"18/07/2025  18:15:03,676","   579250000","TELEATAHUALPA (RTU)","32","  28,4","      999375","       -3348"," 95,30",
"18/07/2025  18:15:03,676","   585250000"," ","33","  28,7","      999375","        1990"," 95,90",
"18/07/2025  18:15:03,676","   591250000"," ","34","  29,0","      999375","       -1753"," 94,50",
"18/07/2025  18:15:03,676","   597250000"," ","35","  30,0","      999375","       -2087"," 94,60",
"18/07/2025  18:15:03,676","   603250000"," ","36","  29,0","      999375","        -534"," 95,70",
"18/07/2025  18:15:03,676","   615250000"," ","38","  29,7","      999375","       -3863"," 95,50",
"18/07/2025  18:15:03,676","   621250000"," ","39","  29,9","      999375","        4848"," 94,50",
"18/07/2025  18:15:03,676","   627250000"," ","40","  27,6","      999375","        -969"," 93,70",
"18/07/2025  18:15:03,676","   633250000"," ","41","  29,3","      999375","       27564"," 97,10",
"18/07/2025  18:15:03,676","   639250000"," ","42","  38,9","      999375","       -3346"," 98,10",
"18/07/2025  18:15:03,676","   645250000"," ","43","  32,7","      999375","        1058"," 94,70",
"18/07/2025  18:15:03,676","   651250000"," ","44","  27,9","      999375","          88"," 96,80",
"18/07/2025  18:15:03,676","   657250000"," ","45","  28,3","      999375","        -148"," 94,50",
"18/07/2025  18:15:03,676","   663250000"," ","46","  30,0","      999375","        3029"," 95,90",
"18/07/2025  18:15:03,676","   669250000"," ","47","  27,4","      999375","        2177"," 92,90",
"18/07/2025  18:15:03,676","   675250000","EL CIUDADANO TV NO AUTORIZADA","48","  32,4","      999375","        1212"," 96,30",
"18/07/2025  18:15:03,676","   681250000"," ","49","  27,4","      999375","       -1348"," 95,30",
"18/07/2025  18:15:03,676","   687250000"," ","50","  26,6","      999375","        -806"," 95,80",
"18/07/2025  18:15:03,676","   693250000"," ","51","  30,5","      999375","        1530"," 95,40",
"18/07/2025  18:15:57,561","    61250000","RED TELESISTEMA (R.T.S)","3","  82,4","       94375","        -190"," 40,50",
"18/07/2025  18:15:57,561","    67250000"," ","4","  59,8","      999375","        4335"," 97,40",
"18/07/2025  18:15:57,561","    77250000"," ","5","  62,4","      999375","        4641"," 95,60",
"18/07/2025  18:15:57,561","    83250000"," ","6","  54,9","      999375","       31267"," 94,50",
"18/07/2025  18:15:57,561","   175250000","ECUADOR TV","7"," 109,8","      158125","          63"," 88,40",
"18/07/2025  18:15:57,561","   181250000","CADENA ECUATORIANA DE TELEVISIO","8","  53,3","      962500","       32578"," 85,10",
"18/07/2025  18:15:57,561","   187250000","TELEVISION DEL PACIFICO","9","  44,6","      999375","        4637"," 95,00",
"18/07/2025  18:15:57,561","   193250000"," ","10","  51,4","      999375","      115244"," 93,50",
"18/07/2025  18:15:57,561","   199250000"," ","11","  51,2","      999375","       39859"," 97,50",
"18/07/2025  18:15:57,561","   205250000"," ","12","  40,5","      999375","       11424"," 94,60",
"18/07/2025  18:15:57,561","   211250000","TELEAMAZONAS","13","  96,0","      126250","           1"," 17,50",
"18/07/2025  18:15:57,561","   471250000"," ","14","  27,2","      999375","        -204"," 95,80",
"18/07/2025  18:15:57,561","   477250000"," ","15","  27,8","      999375","       21988"," 95,50",
"18/07/2025  18:15:57,561","   483250000"," ","16","  28,5","      999375","       -1898"," 98,10",
"18/07/2025  18:15:57,561","   513250000"," ","21","  26,3","      999375","        -390"," 94,50",
"18/07/2025  18:15:57,561","   519250000","UCSG TELEVISION","22","  26,4","      999375","       -5285"," 96,50",
"18/07/2025  18:15:57,561","   525250000"," ","23","  27,5","      996875","       -3206"," 95,50",
"18/07/2025  18:15:57,561","   531250000"," ","24","  27,0","      999375","       -1567"," 95,20",
"18/07/2025  18:15:57,561","   537250000"," ","25","  28,2","      999375","         612"," 96,20",
"18/07/2025  18:15:57,561","   543250000","SONOVISIÓN TV","26","  28,2","      999375","        1534"," 96,20",
"18/07/2025  18:15:57,561","   549250000"," ","27","  27,6","      999375","       -3924"," 95,40",
"18/07/2025  18:15:57,561","   555250000","DIGITAL TV","28","  38,1","      999375","         262"," 97,00",
"18/07/2025  18:15:57,561","   561250000"," ","29","  28,8","      999375","        1181"," 94,40",
"18/07/2025  18:15:57,561","   567250000","TV LEGISLATIVA NO AUTORIZADA","30","  30,3","      999375","       -8379"," 96,00",
"18/07/2025  18:15:57,561","   573250000"," ","31","  28,5","      999375","        1609"," 95,80",
"18/07/2025  18:15:57,561","   579250000","TELEATAHUALPA (RTU)","32","  28,9","      999375","       -4553"," 95,00",
"18/07/2025  18:15:57,561","   585250000"," ","33","  29,1","      999375","        -554"," 93,40",
"18/07/2025  18:15:57,561","   591250000"," ","34","  29,8","      999375","        1810"," 92,40",
"18/07/2025  18:15:57,561","   597250000"," ","35","  30,8","      999375","       -3173"," 96,80",
"18/07/2025  18:15:57,561","   603250000"," ","36","  28,9","      999375","        4254"," 93,70",
"18/07/2025  18:15:57,561","   615250000"," ","38","  28,0","      999375","        4803"," 95,10",
"18/07/2025  18:15:57,561","   621250000"," ","39","  29,0","      999375","       -3403"," 94,00",
"18/07/2025  18:15:57,561","   627250000"," ","40","  28,1","      999375","        -287"," 97,30",
"18/07/2025  18:15:57,561","   633250000"," ","41","  28,3","      999375","       29535"," 96,80",
"18/07/2025  18:15:57,561","   639250000"," ","42","  41,5","      999375","       -5041"," 97,60",
"18/07/2025  18:15:57,561","   645250000"," ","43","  31,8","      999375","        2338"," 95,90",
"18/07/2025  18:15:57,561","   651250000"," ","44","  27,8","      999375","       -1595"," 95,90",
"18/07/2025  18:15:57,561","   657250000"," ","45","  29,5","      999375","       -1983"," 95,40",
"18/07/2025  18:15:57,561","   663250000"," ","46","  32,8","      999375","       84695"," 96,30",
"18/07/2025  18:15:57,561","   669250000"," ","47","  26,8","      999375","        5647"," 93,40",
"18/07/2025  18:15:57,561","   675250000","EL CIUDADANO TV NO AUTORIZADA","48","  32,9","      999375","        1394"," 97,10",
"18/07/2025  18:15:57,561","   681250000"," ","49","  29,3","      999375","        -626"," 95,80",
"18/07/2025  18:15:57,561","   687250000"," ","50","  28,0","      999375","        4368"," 96,60",
"18/07/2025  18:15:57,561","   693250000"," ","51","  32,0","      999375","        -990"," 95,50",
"18/07/2025  18:16:51,439","    61250000","RED TELESISTEMA (R.T.S)","3","  82,8","      125625","        -235"," 58,10",
"18/07/2025  18:16:51,439","    67250000"," ","4","  52,3","      999375","        2992"," 97,50",
"18/07/2025  18:16:51,439","    77250000"," ","5","  55,2","      999375","        2789"," 92,20",
"18/07/2025  18:16:51,439","    83250000"," ","6","  59,0","      998750","       21310"," 98,20",
"18/07/2025  18:16:51,439","   175250000","ECUADOR TV","7"," 109,7","      125625","          63"," 60,40",
"18/07/2025  18:16:51,439","   181250000","CADENA ECUATORIANA DE TELEVISIO","8","  57,5","      899375","       67853"," 91,10",
"18/07/2025  18:16:51,439","   187250000","TELEVISION DEL PACIFICO","9","  43,4","      999375","       -2060"," 96,70",
"18/07/2025  18:16:51,439","   193250000"," ","10","  51,4","      984375","      101231"," 95,10",
"18/07/2025  18:16:51,439","   199250000"," ","11","  45,7","      999375","       32760"," 97,00",
"18/07/2025  18:16:51,439","   205250000"," ","12","  40,6","      999375","       -2416"," 94,50",
"18/07/2025  18:16:51,439","   211250000","TELEAMAZONAS","13","  95,9","      125625","         334"," 70,40",
"18/07/2025  18:16:51,439","   471250000"," ","14","  31,0","      999375","       -1047"," 96,00",
"18/07/2025  18:16:51,439","   477250000"," ","15","  27,2","      999375","       25512"," 95,70",
"18/07/2025  18:16:51,439","   483250000"," ","16","  25,6","      999375","       -4039"," 95,70",
"18/07/2025  18:16:51,439","   513250000"," ","21","  36,6","      999375","         530"," 99,20",
"18/07/2025  18:16:51,439","   519250000","UCSG TELEVISION","22","  26,2","      999375","       -2424"," 96,50",
"18/07/2025  18:16:51,439","   525250000"," ","23","  28,4","      995625","        4924"," 96,10",
"18/07/2025  18:16:51,439","   531250000"," ","24","  28,7","      999375","       -1349"," 96,70",
"18/07/2025  18:16:51,439","   537250000"," ","25","  27,7","      999375","       -4139"," 97,10",
"18/07/2025  18:16:51,439","   543250000","SONOVISIÓN TV","26","  27,5","      999375","       -1645"," 94,30",
"18/07/2025  18:16:51,439","   549250000"," ","27","  28,4","      999375","         767"," 95,60",
"18/07/2025  18:16:51,439","   555250000","DIGITAL TV","28","  38,3","      999375","        4212"," 96,90",
"18/07/2025  18:16:51,439","   561250000"," ","29","  30,0","      999375","       -2696"," 96,50",
"18/07/2025  18:16:51,439","   567250000","TV LEGISLATIVA NO AUTORIZADA","30","  31,9","      999375","       -8685"," 93,40",
"18/07/2025  18:16:51,439","   573250000"," ","31","  28,5","      999375","         -14"," 94,00",
"18/07/2025  18:16:51,439","   579250000","TELEATAHUALPA (RTU)","32","  29,0","      999375","       -8455"," 95,30",
"18/07/2025  18:16:51,439","   585250000"," ","33","  29,5","      999375","       -3306"," 94,30",
"18/07/2025  18:16:51,439","   591250000"," ","34","  29,6","      999375","        1730"," 92,60",
"18/07/2025  18:16:51,439","   597250000"," ","35","  28,4","      999375","         277"," 95,80",
"18/07/2025  18:16:51,439","   603250000"," ","36","  29,6","      999375","       -1732"," 96,90",
"18/07/2025  18:16:51,439","   615250000"," ","38","  30,9","      999375","        -305"," 97,80",
"18/07/2025  18:16:51,439","   621250000"," ","39","  29,1","      999375","        -847"," 96,10",
"18/07/2025  18:16:51,439","   627250000"," ","40","  29,3","      999375","        1099"," 95,70",
"18/07/2025  18:16:51,439","   633250000"," ","41","  30,1","      999375","       24756"," 92,50",
"18/07/2025  18:16:51,439","   639250000"," ","42","  38,8","      999375","       -1153"," 97,60",
"18/07/2025  18:16:51,439","   645250000"," ","43","  32,8","      999375","        2111"," 90,40",
"18/07/2025  18:16:51,439","   651250000"," ","44","  27,0","      999375","         349"," 94,20",
"18/07/2025  18:16:51,439","   657250000"," ","45","  29,9","      999375","       -3908"," 95,00",
"18/07/2025  18:16:51,439","   663250000"," ","46","  30,8","      345625","       10697"," 94,90",
"18/07/2025  18:16:51,439","   669250000"," ","47","  27,1","      999375","        2013"," 95,10",
"18/07/2025  18:16:51,439","   675250000","EL CIUDADANO TV NO AUTORIZADA","48","  33,2","      999375","       -4310"," 94,10",
"18/07/2025  18:16:51,439","   681250000"," ","49","  28,9","      999375","       -4487"," 96,30",
"18/07/2025  18:16:51,439","   687250000"," ","50","  27,2","      999375","        2413"," 95,00",
"18/07/2025  18:16:51,439","   693250000"," ","51","  31,3","      999375","       -1193"," 96,50",
"19/07/2025  7:15:03,511","    61250000","RED TELESISTEMA (R.T.S)","3","  83,2","       95000","        -250"," 37,70",
"19/07/2025  7:15:03,511","    67250000"," ","4","  60,6","      999375","        5701"," 95,50",
"19/07/2025  7:15:03,511","    77250000"," ","5","  59,6","      999375","       -2842"," 92,70",
"19/07/2025  7:15:03,511","    83250000"," ","6","  54,6","      999375","       11546"," 95,20",
"19/07/2025  7:15:03,511","   175250000","ECUADOR TV","7"," 109,0","      156875","          63"," 66,10",
"19/07/2025  7:15:03,511","   181250000","CADENA ECUATORIANA DE TELEVISIO","8","  58,1","      999375","       39789"," 93,40",
"19/07/2025  7:15:03,511","   187250000","TELEVISION DEL PACIFICO","9","  44,6","      999375","        1452"," 96,30",
"19/07/2025  7:15:03,511","   193250000"," ","10","  51,4","      999375","      105395"," 95,60",
"19/07/2025  7:15:03,511","   199250000"," ","11","  47,4","      999375","       30014"," 95,30",
"19/07/2025  7:15:03,511","   205250000"," ","12","  43,5","      999375","        9714"," 96,30",
"19/07/2025  7:15:03,511","   211250000","TELEAMAZONAS","13","  96,7","      141250","         143"," 43,80",
"19/07/2025  7:15:03,511","   471250000"," ","14","  27,7","      999375","        1550"," 94,70",
"19/07/2025  7:15:03,511","   477250000"," ","15","  30,5","      999375","       21500"," 96,30",
"19/07/2025  7:15:03,511","   483250000"," ","16","  27,6","      999375","         264"," 96,20",
"19/07/2025  7:15:03,511","   513250000"," ","21","  33,0","      999375","       -3387"," 97,20",
"19/07/2025  7:15:03,511","   519250000","UCSG TELEVISION","22","  27,9","      999375","        4747"," 97,50",
"19/07/2025  7:15:03,511","   525250000"," ","23","  27,8","      999375","        -647"," 95,10",
"19/07/2025  7:15:03,511","   531250000"," ","24","  27,6","      999375","       -4547"," 96,30",
"19/07/2025  7:15:03,511","   537250000"," ","25","  27,7","      999375","        2976"," 93,30",
"19/07/2025  7:15:03,511","   543250000","SONOVISIÓN TV","26","  26,4","      999375","        1190"," 96,40",
"19/07/2025  7:15:03,511","   549250000"," ","27","  28,1","      999375","        1892"," 94,70",
"19/07/2025  7:15:03,511","   555250000","DIGITAL TV","28","  37,9","      999375","        3174"," 95,00",
"19/07/2025  7:15:03,511","   561250000"," ","29","  28,3","      999375","        2974"," 94,40",
"19/07/2025  7:15:03,511","   567250000","TV LEGISLATIVA NO AUTORIZADA","30","  34,0","      999375","       -5254"," 96,70",
"19/07/2025  7:15:03,511","   573250000"," ","31","  28,7","      999375","       -1657"," 93,10",
"19/07/2025  7:15:03,511","   579250000","TELEATAHUALPA (RTU)","32","  30,7","      999375","       -2315"," 97,10",
"19/07/2025  7:15:03,511","   585250000"," ","33","  28,1","      999375","        -925"," 94,60",
"19/07/2025  7:15:03,511","   591250000"," ","34","  30,6","      999375","        5731"," 97,10",
"19/07/2025  7:15:03,511","   597250000"," ","35","  29,0","      999375","        -376"," 96,00",
"19/07/2025  7:15:03,511","   603250000"," ","36","  32,0","      999375","        3486"," 96,40",
"19/07/2025  7:15:03,511","   615250000"," ","38","  28,5","      999375","        2631"," 94,10",
"19/07/2025  7:15:03,511","   621250000"," ","39","  28,7","      999375","       -2391"," 95,60",
"19/07/2025  7:15:03,511","   627250000"," ","40","  28,8","      999375","       -2267"," 96,80",
"19/07/2025  7:15:03,511","   633250000"," ","41","  28,3","      999375","       31270"," 95,20",
"19/07/2025  7:15:03,511","   639250000"," ","42","  39,2","      999375","       -3756"," 98,60",
"19/07/2025  7:15:03,511","   645250000"," ","43","  34,2","      999375","       -1725"," 94,00",
"19/07/2025  7:15:03,511","   651250000"," ","44","  27,7","      999375","        3421"," 95,80",
"19/07/2025  7:15:03,511","   657250000"," ","45","  27,7","      999375","        -865"," 94,00",
"19/07/2025  7:15:03,511","   663250000"," ","46","  29,7","      999375","       -2109"," 95,60",
"19/07/2025  7:15:03,511","   669250000"," ","47","  26,3","      999375","        2336"," 96,90",
"19/07/2025  7:15:03,511","   675250000","EL CIUDADANO TV NO AUTORIZADA","48","  32,3","      999375","       -2919"," 97,40",
"19/07/2025  7:15:03,511","   681250000"," ","49","  28,5","      999375","         121"," 95,90",
"19/07/2025  7:15:03,511","   687250000"," ","50","  26,9","      999375","        2174"," 92,80",
"19/07/2025  7:15:03,511","   693250000"," ","51","  29,5","      999375","         597"," 94,00",
"19/07/2025  7:15:57,387","    61250000","RED TELESISTEMA (R.T.S)","3","  83,4","       78125","        -173"," 35,90",
"19/07/2025  7:15:57,387","    67250000"," ","4","  57,3","      999375","        2820"," 95,30",
"19/07/2025  7:15:57,387","    77250000"," ","5","  61,6","      999375","        1207"," 96,50",
"19/07/2025  7:15:57,387","    83250000"," ","6","  57,9","      997500","       26484"," 97,00",
"19/07/2025  7:15:57,387","   175250000","ECUADOR TV","7"," 109,2","      156875","          63"," 64,50",
"19/07/2025  7:15:57,387","   181250000","CADENA ECUATORIANA DE TELEVISIO","8","  55,8","      966250","       54842"," 92,90",
"19/07/2025  7:15:57,387","   187250000","TELEVISION DEL PACIFICO","9","  44,5","      999375","        3830"," 94,30",
"19/07/2025  7:15:57,387","   193250000"," ","10","  50,2","      999375","      108164"," 95,10",
"19/07/2025  7:15:57,387","   199250000"," ","11","  44,9","      999375","       21174"," 97,10",
"19/07/2025  7:15:57,387","   205250000"," ","12","  42,2","      999375","       13273"," 94,60",
"19/07/2025  7:15:57,387","   211250000","TELEAMAZONAS","13","  96,3","       47500","        -158"," 20,00",
"19/07/2025  7:15:57,387","   471250000"," ","14","  27,9","      999375","       -2513"," 96,10",
"19/07/2025  7:15:57,387","   477250000"," ","15","  28,7","      999375","       19105"," 93,40",
"19/07/2025  7:15:57,387","   483250000"," ","16","  26,7","      999375","       -2260"," 94,60",
"19/07/2025  7:15:57,387","   513250000"," ","21","  26,7","      999375","        4716"," 96,00",
"19/07/2025  7:15:57,387","   519250000","UCSG TELEVISION","22","  28,9","      999375","        3916"," 96,40",
"19/07/2025  7:15:57,387","   525250000"," ","23","  26,2","      999375","        -460"," 95,60",
"19/07/2025  7:15:57,387","   531250000"," ","24","  28,0","      999375","       -2584"," 96,20",
"19/07/2025  7:15:57,387","   537250000"," ","25","  28,4","      999375","       -1086"," 95,90",
"19/07/2025  7:15:57,387","   543250000","SONOVISIÓN TV","26","  28,8","      999375","        -800"," 95,00",
"19/07/2025  7:15:57,387","   549250000"," ","27","  27,4","      999375","       -1377"," 94,30",
"19/07/2025  7:15:57,387","   555250000","DIGITAL TV","28","  38,4","      999375","        4177"," 93,80",
"19/07/2025  7:15:57,387","   561250000"," ","29","  28,4","      999375","       -3271"," 96,40",
"19/07/2025  7:15:57,387","   567250000","TV LEGISLATIVA NO AUTORIZADA","30","  34,3","      999375","       -5677"," 96,30",
"19/07/2025  7:15:57,387","   573250000"," ","31","  28,1","      999375","       -1490"," 93,40",
"19/07/2025  7:15:57,387","   579250000","TELEATAHUALPA (RTU)","32","  28,6","      999375","       -1279"," 95,30",
"19/07/2025  7:15:57,387","   585250000"," ","33","  29,1","      999375","       -3128"," 94,30",
"19/07/2025  7:15:57,387","   591250000"," ","34","  30,4","      999375","         298"," 97,00",
"19/07/2025  7:15:57,387","   597250000"," ","35","  29,5","      999375","       -2309"," 93,80",
"19/07/2025  7:15:57,387","   603250000"," ","36","  29,1","      999375","        2076"," 95,10",
"19/07/2025  7:15:57,387","   615250000"," ","38","  29,8","      999375","        4380"," 91,60",
"19/07/2025  7:15:57,387","   621250000"," ","39","  28,1","      999375","        -694"," 96,60",
"19/07/2025  7:15:57,387","   627250000"," ","40","  28,2","      999375","        1148"," 94,50",
"19/07/2025  7:15:57,387","   633250000"," ","41","  28,9","      999375","       33831"," 94,40",
"19/07/2025  7:15:57,387","   639250000"," ","42","  39,4","      999375","       -6172"," 98,30",
"19/07/2025  7:15:57,387","   645250000"," ","43","  32,3","      999375","         303"," 97,00",
"19/07/2025  7:15:57,387","   651250000"," ","44","  27,1","      999375","        3886"," 96,10",
"19/07/2025  7:15:57,387","   657250000"," ","45","  29,6","      999375","       -3744"," 97,20",
"19/07/2025  7:15:57,387","   663250000"," ","46","  31,2","      290625","       73354"," 93,30",
"19/07/2025  7:15:57,387","   669250000"," ","47","  28,3","      999375","         848"," 95,60",
"19/07/2025  7:15:57,387","   675250000","EL CIUDADANO TV NO AUTORIZADA","48","  32,1","      999375","       -3853"," 96,20",
"19/07/2025  7:15:57,387","   681250000"," ","49","  28,4","      999375","       -1695"," 96,20",
"19/07/2025  7:15:57,387","   687250000"," ","50","  25,9","      999375","       -4077"," 93,90",
"19/07/2025  7:15:57,387","   693250000"," ","51","  30,2","      999375","         742"," 97,80",
"19/07/2025  7:16:51,247","    61250000","RED TELESISTEMA (R.T.S)","3","  83,4","       95000","        -270"," 56,00",
"19/07/2025  7:16:51,247","    67250000"," ","4","  59,7","      999375","        -174"," 96,20",
"19/07/2025  7:16:51,247","    77250000"," ","5","  58,0","      999375","        1663"," 95,90",
"19/07/2025  7:16:51,247","    83250000"," ","6","  53,1","      999375","       23423"," 95,80",
"19/07/2025  7:16:51,247","   175250000","ECUADOR TV","7"," 109,1","      141250","          64"," 69,60",
"19/07/2025  7:16:51,247","   181250000","CADENA ECUATORIANA DE TELEVISIO","8","  58,5","      851250","       84067"," 83,50",
"19/07/2025  7:16:51,247","   187250000","TELEVISION DEL PACIFICO","9","  42,8","      999375","        2480"," 95,10",
"19/07/2025  7:16:51,247","   193250000"," ","10","  50,2","      999375","      106154"," 93,30",
"19/07/2025  7:16:51,247","   199250000"," ","11","  46,1","      999375","       43607"," 95,50",
"19/07/2025  7:16:51,247","   205250000"," ","12","  41,3","      999375","       15431"," 95,10",
"19/07/2025  7:16:51,247","   211250000","TELEAMAZONAS","13","  96,6","       30625","         344"," 30,30",
"19/07/2025  7:16:51,247","   471250000"," ","14","  27,7","      999375","        -589"," 94,80",
"19/07/2025  7:16:51,247","   477250000"," ","15","  28,3","      999375","       26848"," 95,50",
"19/07/2025  7:16:51,247","   483250000"," ","16","  27,0","      999375","        4433"," 95,30",
"19/07/2025  7:16:51,247","   513250000"," ","21","  25,7","      999375","        2438"," 93,50",
"19/07/2025  7:16:51,247","   519250000","UCSG TELEVISION","22","  26,9","      999375","       -2025"," 93,50",
"19/07/2025  7:16:51,247","   525250000"," ","23","  27,5","      999375","       -1516"," 97,30",
"19/07/2025  7:16:51,247","   531250000"," ","24","  28,5","      999375","         809"," 94,60",
"19/07/2025  7:16:51,247","   537250000"," ","25","  26,6","      999375","       -1865"," 95,50",
"19/07/2025  7:16:51,247","   543250000","SONOVISIÓN TV","26","  27,8","      999375","        2074"," 95,90",
"19/07/2025  7:16:51,247","   549250000"," ","27","  28,0","      999375","       -2637"," 94,50",
"19/07/2025  7:16:51,247","   555250000","DIGITAL TV","28","  37,0","      999375","        2491"," 97,40",
"19/07/2025  7:16:51,247","   561250000"," ","29","  27,8","      999375","       -1636"," 93,90",
"19/07/2025  7:16:51,247","   567250000","TV LEGISLATIVA NO AUTORIZADA","30","  33,5","      999375","      -12253"," 96,50",
"19/07/2025  7:16:51,247","   573250000"," ","31","  29,9","      999375","        3901"," 96,80",
"19/07/2025  7:16:51,247","   579250000","TELEATAHUALPA (RTU)","32","  29,0","      999375","        -432"," 95,10",
"19/07/2025  7:16:51,247","   585250000"," ","33","  28,8","      999375","       -1050"," 94,80",
"19/07/2025  7:16:51,247","   591250000"," ","34","  29,0","      999375","        1035"," 95,40",
"19/07/2025  7:16:51,247","   597250000"," ","35","  29,7","      999375","        -640"," 95,90",
"19/07/2025  7:16:51,247","   603250000"," ","36","  30,9","      999375","       -2877"," 96,20",
"19/07/2025  7:16:51,247","   615250000"," ","38","  28,1","      999375","       -5017"," 94,10",
"19/07/2025  7:16:51,247","   621250000"," ","39","  29,1","      999375","       -3332"," 95,50",
"19/07/2025  7:16:51,247","   627250000"," ","40","  27,2","      999375","       -3666"," 94,90",
"19/07/2025  7:16:51,247","   633250000"," ","41","  30,2","      999375","       28106"," 96,20",
"19/07/2025  7:16:51,247","   639250000"," ","42","  37,0","      999375","       -1384"," 98,50",
"19/07/2025  7:16:51,247","   645250000"," ","43","  32,5","      999375","        -203"," 96,20",
"19/07/2025  7:16:51,247","   651250000"," ","44","  28,5","      999375","        6587"," 92,10",
"19/07/2025  7:16:51,247","   657250000"," ","45","  27,2","      999375","        -947"," 93,70",
"19/07/2025  7:16:51,247","   663250000"," ","46","  28,7","      999375","       -6115"," 96,20",
"19/07/2025  7:16:51,247","   669250000"," ","47","  27,7","      999375","        3626"," 95,90",
"19/07/2025  7:16:51,247","   675250000","EL CIUDADANO TV NO AUTORIZADA","48","  32,9","      999375","       -2268"," 96,30",
"19/07/2025  7:16:51,247","   681250000"," ","49","  30,2","      999375","         201"," 95,50",
"19/07/2025  7:16:51,247","   687250000"," ","50","  27,0","      999375","         831"," 95,10",
"19/07/2025  7:16:51,247","   693250000"," ","51","  28,2","      999375","       -6534"," 96,00",
"19/07/2025  18:15:03,607","    61250000","RED TELESISTEMA (R.T.S)","3","  86,5","      125000","        -326"," 37,40",
"19/07/2025  18:15:03,607","    67250000"," ","4","  57,6","      999375","        3103"," 97,10",
"19/07/2025  18:15:03,607","    77250000"," ","5","  60,1","      999375","        -573"," 94,00",
"19/07/2025  18:15:03,607","    83250000"," ","6","  58,7","      999375","       27909"," 96,00",
"19/07/2025  18:15:03,607","   175250000","ECUADOR TV","7"," 109,1","      156875","          63"," 67,80",
"19/07/2025  18:15:03,607","   181250000","CADENA ECUATORIANA DE TELEVISIO","8","  55,6","      999375","       27966"," 92,70",
"19/07/2025  18:15:03,607","   187250000","TELEVISION DEL PACIFICO","9","  44,5","      999375","        2216"," 96,20",
"19/07/2025  18:15:03,607","   193250000"," ","10","  48,8","      999375","       97069"," 93,60",
"19/07/2025  18:15:03,607","   199250000"," ","11","  45,0","      999375","       32475"," 95,10",
"19/07/2025  18:15:03,607","   205250000"," ","12","  40,3","      999375","       11793"," 96,60",
"19/07/2025  18:15:03,607","   211250000","TELEAMAZONAS","13","  96,9","      188125","         237"," 72,20",
"19/07/2025  18:15:03,607","   471250000"," ","14","  27,4","      999375","       -1367"," 95,60",
"19/07/2025  18:15:03,607","   477250000"," ","15","  29,3","      999375","       21463"," 94,90",
"19/07/2025  18:15:03,607","   483250000"," ","16","  26,7","      999375","       -3074"," 93,00",
"19/07/2025  18:15:03,607","   513250000"," ","21","  27,2","      999375","       -1070"," 97,70",
"19/07/2025  18:15:03,607","   519250000","UCSG TELEVISION","22","  27,7","      999375","        3195"," 95,50",
"19/07/2025  18:15:03,607","   525250000"," ","23","  28,0","      999375","        -894"," 95,10",
"19/07/2025  18:15:03,607","   531250000"," ","24","  26,9","      999375","       -1378"," 95,60",
"19/07/2025  18:15:03,607","   537250000"," ","25","  29,1","      999375","        5182"," 93,90",
"19/07/2025  18:15:03,607","   543250000","SONOVISIÓN TV","26","  27,6","      999375","       -3332"," 96,40",
"19/07/2025  18:15:03,607","   549250000"," ","27","  27,6","      999375","        3759"," 90,80",
"19/07/2025  18:15:03,607","   555250000","DIGITAL TV","28","  38,0","      999375","        3793"," 96,50",
"19/07/2025  18:15:03,607","   561250000"," ","29","  28,0","      999375","        1608"," 93,50",
"19/07/2025  18:15:03,607","   567250000","TV LEGISLATIVA NO AUTORIZADA","30","  31,8","      999375","       -1856"," 95,70",
"19/07/2025  18:15:03,607","   573250000"," ","31","  28,7","      999375","        1619"," 94,90",
"19/07/2025  18:15:03,607","   579250000","TELEATAHUALPA (RTU)","32","  34,4","      998750","     -104669"," 87,10",
"19/07/2025  18:15:03,607","   585250000"," ","33","  28,8","      999375","        -883"," 96,00",
"19/07/2025  18:15:03,607","   591250000"," ","34","  30,6","      999375","       -4975"," 98,00",
"19/07/2025  18:15:03,607","   597250000"," ","35","  29,2","      999375","        4346"," 92,80",
"19/07/2025  18:15:03,607","   603250000"," ","36","  28,3","      999375","       -2345"," 94,20",
"19/07/2025  18:15:03,607","   615250000"," ","38","  29,3","      999375","       -2160"," 93,20",
"19/07/2025  18:15:03,607","   621250000"," ","39","  27,4","      999375","        3758"," 95,70",
"19/07/2025  18:15:03,607","   627250000"," ","40","  28,9","      999375","        1539"," 96,30",
"19/07/2025  18:15:03,607","   633250000"," ","41","  28,6","      999375","       24441"," 91,80",
"19/07/2025  18:15:03,607","   639250000"," ","42","  38,3","      999375","       -2852"," 96,10",
"19/07/2025  18:15:03,607","   645250000"," ","43","  33,4","      999375","       -2845"," 94,90",
"19/07/2025  18:15:03,607","   651250000"," ","44","  27,1","      999375","       -2224"," 94,30",
"19/07/2025  18:15:03,607","   657250000"," ","45","  29,5","      999375","       -3096"," 96,60",
"19/07/2025  18:15:03,607","   663250000"," ","46","  28,7","      999375","       -3498"," 95,00",
"19/07/2025  18:15:03,607","   669250000"," ","47","  27,8","      999375","        1502"," 92,90",
"19/07/2025  18:15:03,607","   675250000","EL CIUDADANO TV NO AUTORIZADA","48","  32,9","      999375","        2859"," 97,40",
"19/07/2025  18:15:03,607","   681250000"," ","49","  28,9","      999375","        1715"," 97,10",
"19/07/2025  18:15:03,607","   687250000"," ","50","  26,9","      999375","        2265"," 95,40",
"19/07/2025  18:15:03,607","   693250000"," ","51","  30,0","      999375","        4616"," 95,60",
"19/07/2025  18:15:57,498","    61250000","RED TELESISTEMA (R.T.S)","3","  86,2","       78125","        -396"," 33,70",
"19/07/2025  18:15:57,498","    67250000"," ","4","  62,0","      999375","        2805"," 97,80",
"19/07/2025  18:15:57,498","    77250000"," ","5","  62,8","      999375","       -4019"," 97,10",
"19/07/2025  18:15:57,498","    83250000"," ","6","  59,5","      999375","       39027"," 96,30",
"19/07/2025  18:15:57,498","   175250000","ECUADOR TV","7"," 108,7","      125625","          63"," 46,40",
"19/07/2025  18:15:57,498","   181250000","CADENA ECUATORIANA DE TELEVISIO","8","  56,0","      999375","       59946"," 95,40",
"19/07/2025  18:15:57,498","   187250000","TELEVISION DEL PACIFICO","9","  43,3","      999375","        3081"," 94,90",
"19/07/2025  18:15:57,498","   193250000"," ","10","  47,8","      999375","       78711"," 94,20",
"19/07/2025  18:15:57,498","   199250000"," ","11","  46,3","      999375","       20219"," 96,30",
"19/07/2025  18:15:57,498","   205250000"," ","12","  40,6","      999375","       14543"," 95,10",
"19/07/2025  18:15:57,498","   211250000","TELEAMAZONAS","13","  96,9","      125625","         328"," 66,50",
"19/07/2025  18:15:57,498","   471250000"," ","14","  27,6","      999375","        2104"," 96,20",
"19/07/2025  18:15:57,498","   477250000"," ","15","  27,4","      999375","       22139"," 94,70",
"19/07/2025  18:15:57,498","   483250000"," ","16","  27,4","      999375","       -2994"," 96,40",
"19/07/2025  18:15:57,498","   513250000"," ","21","  26,2","      999375","       -1150"," 96,50",
"19/07/2025  18:15:57,498","   519250000","UCSG TELEVISION","22","  27,9","      999375","        2676"," 97,50",
"19/07/2025  18:15:57,498","   525250000"," ","23","  26,4","      999375","        1751"," 92,40",
"19/07/2025  18:15:57,498","   531250000"," ","24","  28,1","      999375","       -3559"," 93,50",
"19/07/2025  18:15:57,498","   537250000"," ","25","  30,4","      999375","       -3434"," 98,40",
"19/07/2025  18:15:57,498","   543250000","SONOVISIÓN TV","26","  27,7","      999375","        2877"," 94,70",
"19/07/2025  18:15:57,498","   549250000"," ","27","  28,1","      999375","         159"," 96,60",
"19/07/2025  18:15:57,498","   555250000","DIGITAL TV","28","  39,5","      999375","         507"," 97,70",
"19/07/2025  18:15:57,498","   561250000"," ","29","  28,5","      999375","       -2768"," 90,80",
"19/07/2025  18:15:57,498","   567250000","TV LEGISLATIVA NO AUTORIZADA","30","  31,8","      999375","       -6293"," 95,90",
"19/07/2025  18:15:57,498","   573250000"," ","31","  32,2","      999375","        3062"," 96,30",
"19/07/2025  18:15:57,498","   579250000","TELEATAHUALPA (RTU)","32","  34,0","      992500","      -96128"," 85,50",
"19/07/2025  18:15:57,498","   585250000"," ","33","  28,9","      999375","         453"," 95,10",
"19/07/2025  18:15:57,498","   591250000"," ","34","  29,8","      999375","        2440"," 93,70",
"19/07/2025  18:15:57,498","   597250000"," ","35","  29,6","      999375","        2429"," 95,20",
"19/07/2025  18:15:57,498","   603250000"," ","36","  28,9","      999375","       -4709"," 95,50",
"19/07/2025  18:15:57,498","   615250000"," ","38","  32,1","      999375","       -1956"," 95,50",
"19/07/2025  18:15:57,498","   621250000"," ","39","  27,8","      999375","        -418"," 94,50",
"19/07/2025  18:15:57,498","   627250000"," ","40","  28,0","      999375","       -2338"," 96,50",
"19/07/2025  18:15:57,498","   633250000"," ","41","  28,3","      999375","       26927"," 92,20",
"19/07/2025  18:15:57,498","   639250000"," ","42","  39,9","      999375","        -338"," 97,20",
"19/07/2025  18:15:57,498","   645250000"," ","43","  32,5","      999375","        1877"," 94,30",
"19/07/2025  18:15:57,498","   651250000"," ","44","  27,4","      999375","        2346"," 95,60",
"19/07/2025  18:15:57,498","   657250000"," ","45","  29,0","      999375","        4533"," 95,00",
"19/07/2025  18:15:57,498","   663250000"," ","46","  30,1","      999375","        1061"," 93,90",
"19/07/2025  18:15:57,498","   669250000"," ","47","  27,0","      999375","         165"," 92,30",
"19/07/2025  18:15:57,498","   675250000","EL CIUDADANO TV NO AUTORIZADA","48","  32,8","      999375","        -309"," 97,80",
"19/07/2025  18:15:57,498","   681250000"," ","49","  28,5","      999375","       -5431"," 94,20",
"19/07/2025  18:15:57,498","   687250000"," ","50","  30,1","      999375","        3605"," 97,40",
"19/07/2025  18:15:57,498","   693250000"," ","51","  31,6","      999375","        1014"," 96,50",
"19/07/2025  18:16:51,341","    61250000","RED TELESISTEMA (R.T.S)","3","  86,3","       93750","        -523"," 33,10",
"19/07/2025  18:16:51,341","    67250000"," ","4","  55,5","      999375","        4876"," 96,70",
"19/07/2025  18:16:51,341","    77250000"," ","5","  55,1","      999375","       -2207"," 83,40",
"19/07/2025  18:16:51,341","    83250000"," ","6","  56,0","      864375","       24108"," 93,60",
"19/07/2025  18:16:51,341","   175250000","ECUADOR TV","7"," 108,9","      141250","          63"," 91,10",
"19/07/2025  18:16:51,341","   181250000","CADENA ECUATORIANA DE TELEVISIO","8","  55,9","      999375","       29639"," 92,20",
"19/07/2025  18:16:51,341","   187250000","TELEVISION DEL PACIFICO","9","  42,6","      999375","        -690"," 96,40",
"19/07/2025  18:16:51,341","   193250000"," ","10","  49,2","      999375","      111122"," 94,30",
"19/07/2025  18:16:51,341","   199250000"," ","11","  44,6","      999375","        5370"," 96,90",
"19/07/2025  18:16:51,341","   205250000"," ","12","  42,4","      999375","        9681"," 94,70",
"19/07/2025  18:16:51,341","   211250000","TELEAMAZONAS","13","  96,8","      251250","        -121"," 60,80",
"19/07/2025  18:16:51,341","   471250000"," ","14","  28,4","      999375","        4154"," 95,00",
"19/07/2025  18:16:51,341","   477250000"," ","15","  30,9","      999375","       16831"," 93,80",
"19/07/2025  18:16:51,341","   483250000"," ","16","  27,5","      999375","       -1734"," 93,30",
"19/07/2025  18:16:51,341","   513250000"," ","21","  25,5","      999375","        1830"," 97,00",
"19/07/2025  18:16:51,341","   519250000","UCSG TELEVISION","22","  28,5","      999375","       -1904"," 96,20",
"19/07/2025  18:16:51,341","   525250000"," ","23","  28,5","      999375","        -123"," 95,30",
"19/07/2025  18:16:51,341","   531250000"," ","24","  26,9","      999375","       -2663"," 92,70",
"19/07/2025  18:16:51,341","   537250000"," ","25","  27,7","      999375","       -3764"," 96,90",
"19/07/2025  18:16:51,341","   543250000","SONOVISIÓN TV","26","  28,1","      999375","        3612"," 97,00",
"19/07/2025  18:16:51,341","   549250000"," ","27","  27,0","      999375","         498"," 95,40",
"19/07/2025  18:16:51,341","   555250000","DIGITAL TV","28","  38,3","      999375","        2088"," 96,70",
"19/07/2025  18:16:51,341","   561250000"," ","29","  27,6","      999375","        4542"," 94,40",
"19/07/2025  18:16:51,341","   567250000","TV LEGISLATIVA NO AUTORIZADA","30","  31,7","      999375","       -2404"," 94,70",
"19/07/2025  18:16:51,341","   573250000"," ","31","  28,6","      999375","         224"," 95,60",
"19/07/2025  18:16:51,341","   579250000","TELEATAHUALPA (RTU)","32","  28,6","      999375","         739"," 93,50",
"19/07/2025  18:16:51,341","   585250000"," ","33","  28,8","      999375","        -340"," 94,90",
"19/07/2025  18:16:51,341","   591250000"," ","34","  29,5","      999375","       -2981"," 96,40",
"19/07/2025  18:16:51,341","   597250000"," ","35","  29,4","      999375","         411"," 92,70",
"19/07/2025  18:16:51,341","   603250000"," ","36","  29,0","      999375","        2286"," 96,20",
"19/07/2025  18:16:51,341","   615250000"," ","38","  30,7","      999375","        3678"," 93,00",
"19/07/2025  18:16:51,341","   621250000"," ","39","  29,0","      999375","        -641"," 94,50",
"19/07/2025  18:16:51,341","   627250000"," ","40","  28,8","      999375","        1030"," 92,80",
"19/07/2025  18:16:51,341","   633250000"," ","41","  29,0","      999375","       28468"," 95,10",
"19/07/2025  18:16:51,341","   639250000"," ","42","  41,0","      999375","       -2670"," 98,00",
"19/07/2025  18:16:51,341","   645250000"," ","43","  33,9","      999375","         219"," 94,40",
"19/07/2025  18:16:51,341","   651250000"," ","44","  28,4","      999375","        6291"," 93,40",
"19/07/2025  18:16:51,341","   657250000"," ","45","  28,9","      999375","        1469"," 96,30",
"19/07/2025  18:16:51,341","   663250000"," ","46","  29,6","      999375","       -3832"," 92,60",
"19/07/2025  18:16:51,341","   669250000"," ","47","  28,3","      999375","        2715"," 93,60",
"19/07/2025  18:16:51,341","   675250000","EL CIUDADANO TV NO AUTORIZADA","48","  32,7","      999375","       -3595"," 96,90",
"19/07/2025  18:16:51,341","   681250000"," ","49","  27,5","      999375","          -1"," 92,90",
"19/07/2025  18:16:51,341","   687250000"," ","50","  28,4","      999375","          89"," 97,10",
"19/07/2025  18:16:51,341","   693250000"," ","51","  31,7","      999375","        4125"," 96,10",
"20/07/2025  7:15:03,542","    61250000","RED TELESISTEMA (R.T.S)","3","  85,7","       93750","        -323"," 34,40",
"20/07/2025  7:15:03,542","    67250000"," ","4","  61,5","      999375","       -1719"," 96,30",
"20/07/2025  7:15:03,542","    77250000"," ","5","  56,8","      999375","       -2082"," 96,20",
"20/07/2025  7:15:03,542","    83250000"," ","6","  50,0","      999375","       34500"," 94,20",
"20/07/2025  7:15:03,542","   175250000","ECUADOR TV","7"," 108,9","      156875","          64"," 59,70",
"20/07/2025  7:15:03,542","   181250000","CADENA ECUATORIANA DE TELEVISIO","8","  45,3","      999375","       27776"," 95,20",
"20/07/2025  7:15:03,542","   187250000","TELEVISION DEL PACIFICO","9","  42,9","      999375","       -1095"," 95,00",
"20/07/2025  7:15:03,542","   193250000"," ","10","  42,2","      999375","       56210"," 95,70",
"20/07/2025  7:15:03,542","   199250000"," ","11","  42,9","      999375","       21925"," 96,40",
"20/07/2025  7:15:03,542","   205250000"," ","12","  38,9","      999375","        1976"," 96,00",
"20/07/2025  7:15:03,542","   211250000","TELEAMAZONAS","13","  92,6","      156875","        -153"," 46,70",
"20/07/2025  7:15:03,542","   471250000"," ","14","  26,8","      999375","         640"," 96,00",
"20/07/2025  7:15:03,542","   477250000"," ","15","  26,9","      999375","        -523"," 94,10",
"20/07/2025  7:15:03,542","   483250000"," ","16","  27,0","      999375","         -95"," 94,20",
"20/07/2025  7:15:03,542","   513250000"," ","21","  27,1","      999375","        2514"," 95,60",
"20/07/2025  7:15:03,542","   519250000","UCSG TELEVISION","22","  25,9","      999375","       -1500"," 92,60",
"20/07/2025  7:15:03,542","   525250000"," ","23","  26,4","      999375","       -1386"," 94,00",
"20/07/2025  7:15:03,542","   531250000"," ","24","  28,0","      999375","        -774"," 95,70",
"20/07/2025  7:15:03,542","   537250000"," ","25","  27,4","      999375","        2936"," 96,50",
"20/07/2025  7:15:03,542","   543250000","SONOVISIÓN TV","26","  27,8","      999375","         894"," 93,20",
"20/07/2025  7:15:03,542","   549250000"," ","27","  27,0","      999375","        5358"," 96,00",
"20/07/2025  7:15:03,542","   555250000","DIGITAL TV","28","  31,5","      999375","         807"," 93,20",
"20/07/2025  7:15:03,542","   561250000"," ","29","  27,2","      999375","        2503"," 96,20",
"20/07/2025  7:15:03,542","   567250000","TV LEGISLATIVA NO AUTORIZADA","30","  30,6","      999375","        2233"," 93,50",
"20/07/2025  7:15:03,542","   573250000"," ","31","  28,6","      999375","       -1319"," 94,30",
"20/07/2025  7:15:03,542","   579250000","TELEATAHUALPA (RTU)","32","  28,5","      999375","        -717"," 96,40",
"20/07/2025  7:15:03,542","   585250000"," ","33","  28,5","      999375","        3548"," 94,90",
"20/07/2025  7:15:03,542","   591250000"," ","34","  28,4","      999375","        -141"," 95,20",
"20/07/2025  7:15:03,542","   597250000"," ","35","  30,5","      999375","        4233"," 95,70",
"20/07/2025  7:15:03,542","   603250000"," ","36","  29,1","      999375","        1350"," 96,20",
"20/07/2025  7:15:03,542","   615250000"," ","38","  29,2","      999375","        1980"," 95,60",
"20/07/2025  7:15:03,542","   621250000"," ","39","  27,8","      999375","        -793"," 93,90",
"20/07/2025  7:15:03,542","   627250000"," ","40","  27,4","      999375","        2500"," 93,10",
"20/07/2025  7:15:03,542","   633250000"," ","41","  28,5","      999375","       32849"," 93,50",
"20/07/2025  7:15:03,542","   639250000"," ","42","  36,3","      999375","        -867"," 98,10",
"20/07/2025  7:15:03,542","   645250000"," ","43","  30,7","      999375","       -3183"," 95,20",
"20/07/2025  7:15:03,542","   651250000"," ","44","  28,0","      999375","        3906"," 97,40",
"20/07/2025  7:15:03,542","   657250000"," ","45","  28,3","      999375","       -1047"," 95,50",
"20/07/2025  7:15:03,542","   663250000"," ","46","  29,0","      999375","        2064"," 97,50",
"20/07/2025  7:15:03,542","   669250000"," ","47","  27,2","      999375","       -4657"," 93,60",
"20/07/2025  7:15:03,542","   675250000","EL CIUDADANO TV NO AUTORIZADA","48","  29,1","      999375","        4051"," 97,00",
"20/07/2025  7:15:03,542","   681250000"," ","49","  28,1","      999375","       -4188"," 96,00",
"20/07/2025  7:15:03,542","   687250000"," ","50","  28,1","      999375","        2559"," 93,10",
"20/07/2025  7:15:03,542","   693250000"," ","51","  27,3","      999375","        3824"," 93,60",
"20/07/2025  7:15:57,991","    61250000","RED TELESISTEMA (R.T.S)","3","  86,1","      141875","        -384"," 69,60",
"20/07/2025  7:15:57,991","    67250000"," ","4","  50,0","      999375","        2137"," 95,80",
"20/07/2025  7:15:57,991","    77250000"," ","5","  52,5","      999375","         905"," 94,50",
"20/07/2025  7:15:57,991","    83250000"," ","6","  55,3","      999375","       35876"," 96,50",
"20/07/2025  7:15:57,991","   175250000","ECUADOR TV","7"," 108,8","      156875","          63"," 69,50",
"20/07/2025  7:15:57,991","   181250000","CADENA ECUATORIANA DE TELEVISIO","8","  46,2","      999375","       29247"," 94,60",
"20/07/2025  7:15:57,991","   187250000","TELEVISION DEL PACIFICO","9","  42,4","      999375","         184"," 94,00",
"20/07/2025  7:15:57,991","   193250000"," ","10","  42,8","      999375","       56357"," 97,80",
"20/07/2025  7:15:57,991","   199250000"," ","11","  40,7","      999375","       14519"," 94,50",
"20/07/2025  7:15:57,991","   205250000"," ","12","  38,1","      999375","       -8919"," 96,10",
"20/07/2025  7:15:57,991","   211250000","TELEAMAZONAS","13","  92,9","       94375","         135"," 44,00",
"20/07/2025  7:15:57,991","   471250000"," ","14","  28,7","      999375","        2785"," 96,70",
"20/07/2025  7:15:57,991","   477250000"," ","15","  26,7","      999375","         548"," 92,60",
"20/07/2025  7:15:57,991","   483250000"," ","16","  25,9","      999375","       -1573"," 90,70",
"20/07/2025  7:15:57,991","   513250000"," ","21","  28,0","      999375","         765"," 95,90",
"20/07/2025  7:15:57,991","   519250000","UCSG TELEVISION","22","  26,6","      999375","       -2047"," 96,80",
"20/07/2025  7:15:57,991","   525250000"," ","23","  27,5","      999375","        1738"," 95,50",
"20/07/2025  7:15:57,991","   531250000"," ","24","  28,2","      999375","       -1539"," 95,80",
"20/07/2025  7:15:57,991","   537250000"," ","25","  27,2","      999375","       -1664"," 95,40",
"20/07/2025  7:15:57,991","   543250000","SONOVISIÓN TV","26","  28,5","      999375","        -132"," 96,50",
"20/07/2025  7:15:57,991","   549250000"," ","27","  27,9","      999375","       -2573"," 95,40",
"20/07/2025  7:15:57,991","   555250000","DIGITAL TV","28","  33,2","      999375","        3994"," 94,10",
"20/07/2025  7:15:57,991","   561250000"," ","29","  28,1","      999375","        -161"," 94,10",
"20/07/2025  7:15:57,991","   567250000","TV LEGISLATIVA NO AUTORIZADA","30","  29,1","      999375","       -3476"," 96,60",
"20/07/2025  7:15:57,991","   573250000"," ","31","  29,5","      999375","          60"," 94,30",
"20/07/2025  7:15:57,991","   579250000","TELEATAHUALPA (RTU)","32","  31,0","      999375","      -59927"," 94,60",
"20/07/2025  7:15:57,991","   585250000"," ","33","  28,5","      999375","       -4039"," 95,60",
"20/07/2025  7:15:57,991","   591250000"," ","34","  28,7","      999375","         928"," 96,10",
"20/07/2025  7:15:57,991","   597250000"," ","35","  29,0","      999375","       -1856"," 92,40",
"20/07/2025  7:15:57,991","   603250000"," ","36","  28,6","      999375","        2971"," 95,70",
"20/07/2025  7:15:57,991","   615250000"," ","38","  28,4","      999375","         624"," 92,00",
"20/07/2025  7:15:57,991","   621250000"," ","39","  29,4","      999375","        5744"," 93,60",
"20/07/2025  7:15:57,991","   627250000"," ","40","  28,4","      999375","        1087"," 96,00",
"20/07/2025  7:15:57,991","   633250000"," ","41","  29,6","      999375","       34798"," 95,40",
"20/07/2025  7:15:57,991","   639250000"," ","42","  36,0","      999375","        -597"," 98,90",
"20/07/2025  7:15:57,991","   645250000"," ","43","  31,5","      999375","        1426"," 96,20",
"20/07/2025  7:15:57,991","   651250000"," ","44","  27,9","      999375","        3586"," 95,10",
"20/07/2025  7:15:57,991","   657250000"," ","45","  28,3","      999375","        2102"," 94,60",
"20/07/2025  7:15:57,991","   663250000"," ","46","  28,0","      999375","          99"," 93,60",
"20/07/2025  7:15:57,991","   669250000"," ","47","  27,9","      999375","        -507"," 94,90",
"20/07/2025  7:15:57,991","   675250000","EL CIUDADANO TV NO AUTORIZADA","48","  29,6","      999375","       -1836"," 95,70",
"20/07/2025  7:15:57,991","   681250000"," ","49","  27,5","      999375","        2459"," 96,80",
"20/07/2025  7:15:57,991","   687250000"," ","50","  26,8","      999375","       -3031"," 93,80",
"20/07/2025  7:15:57,991","   693250000"," ","51","  29,8","      999375","       -2509"," 90,70",
"20/07/2025  7:16:49,839","    61250000","RED TELESISTEMA (R.T.S)","3","  85,9","      126250","        -315"," 44,70",
"20/07/2025  7:16:49,839","    67250000"," ","4","  57,5","      999375","        2975"," 97,10",
"20/07/2025  7:16:49,839","    77250000"," ","5","  56,8","      999375","       -2971"," 96,40",
"20/07/2025  7:16:49,839","    83250000"," ","6","  52,7","      999375","       33104"," 94,80",
"20/07/2025  7:16:49,839","   175250000","ECUADOR TV","7"," 108,6","      125625","          63"," 58,60",
"20/07/2025  7:16:49,839","   181250000","CADENA ECUATORIANA DE TELEVISIO","8","  46,5","      999375","       26554"," 95,40",
"20/07/2025  7:16:49,839","   187250000","TELEVISION DEL PACIFICO","9","  43,5","      999375","        -681"," 97,70",
"20/07/2025  7:16:49,839","   193250000"," ","10","  43,7","      999375","       46818"," 96,80",
"20/07/2025  7:16:49,839","   199250000"," ","11","  41,6","      999375","       22465"," 96,30",
"20/07/2025  7:16:49,839","   205250000"," ","12","  40,7","      999375","        2308"," 97,10",
"20/07/2025  7:16:49,839","   211250000","TELEAMAZONAS","13","  92,2","      156875","         304"," 55,50",
"20/07/2025  7:16:49,839","   471250000"," ","14","  26,9","      999375","        1493"," 95,10",
"20/07/2025  7:16:49,839","   477250000"," ","15","  28,1","      999375","        -449"," 96,00",
"20/07/2025  7:16:49,839","   483250000"," ","16","  28,3","      999375","        2445"," 94,10",
"20/07/2025  7:16:49,839","   513250000"," ","21","  26,8","      999375","        -565"," 96,60",
"20/07/2025  7:16:49,839","   519250000","UCSG TELEVISION","22","  26,4","      999375","        -229"," 96,50",
"20/07/2025  7:16:49,839","   525250000"," ","23","  27,4","      999375","       -1734"," 95,10",
"20/07/2025  7:16:49,839","   531250000"," ","24","  26,2","      999375","       -5834"," 93,60",
"20/07/2025  7:16:49,839","   537250000"," ","25","  26,1","      999375","         -69"," 93,70",
"20/07/2025  7:16:49,839","   543250000","SONOVISIÓN TV","26","  27,8","      999375","         815"," 95,10",
"20/07/2025  7:16:49,839","   549250000"," ","27","  26,4","      999375","         -78"," 91,50",
"20/07/2025  7:16:49,839","   555250000","DIGITAL TV","28","  30,6","      999375","        2691"," 94,70",
"20/07/2025  7:16:49,839","   561250000"," ","29","  28,7","      999375","        1735"," 95,40",
"20/07/2025  7:16:49,839","   567250000","TV LEGISLATIVA NO AUTORIZADA","30","  29,2","      999375","          94"," 96,10",
"20/07/2025  7:16:49,839","   573250000"," ","31","  29,1","      999375","        -977"," 96,80",
"20/07/2025  7:16:49,839","   579250000","TELEATAHUALPA (RTU)","32","  28,4","      999375","        -144"," 96,60",
"20/07/2025  7:16:49,839","   585250000"," ","33","  30,3","      999375","        1300"," 96,20",
"20/07/2025  7:16:49,839","   591250000"," ","34","  28,6","      999375","         283"," 96,20",
"20/07/2025  7:16:49,839","   597250000"," ","35","  29,4","      999375","         703"," 94,30",
"20/07/2025  7:16:49,839","   603250000"," ","36","  28,8","      999375","        -628"," 95,00",
"20/07/2025  7:16:49,839","   615250000"," ","38","  30,0","      999375","         884"," 94,70",
"20/07/2025  7:16:49,839","   621250000"," ","39","  28,8","      999375","       -3444"," 92,50",
"20/07/2025  7:16:49,839","   627250000"," ","40","  27,5","      999375","        2302"," 97,80",
"20/07/2025  7:16:49,839","   633250000"," ","41","  29,4","      999375","       34091"," 96,40",
"20/07/2025  7:16:49,839","   639250000"," ","42","  40,5","      999375","        -923"," 98,40",
"20/07/2025  7:16:49,839","   645250000"," ","43","  29,8","      999375","        5057"," 93,00",
"20/07/2025  7:16:49,839","   651250000"," ","44","  26,9","      999375","        4322"," 94,50",
"20/07/2025  7:16:49,839","   657250000"," ","45","  28,0","      999375","       -2986"," 96,30",
"20/07/2025  7:16:49,839","   663250000"," ","46","  28,7","      999375","        -263"," 94,10",
"20/07/2025  7:16:49,839","   669250000"," ","47","  27,8","      999375","        3862"," 94,40",
"20/07/2025  7:16:49,839","   675250000","EL CIUDADANO TV NO AUTORIZADA","48","  29,8","      999375","       -3611"," 94,30",
"20/07/2025  7:16:49,839","   681250000"," ","49","  27,5","      999375","         267"," 94,00",
"20/07/2025  7:16:49,839","   687250000"," ","50","  30,7","      999375","         642"," 97,60",
"20/07/2025  7:16:49,839","   693250000"," ","51","  27,6","      999375","       -2224"," 94,70",
"20/07/2025  18:15:03,388","    61250000","RED TELESISTEMA (R.T.S)","3","  87,1","       94375","        -821"," 23,00",
"20/07/2025  18:15:03,388","    67250000"," ","4","  60,6","      999375","        1344"," 97,10",
"20/07/2025  18:15:03,388","    77250000"," ","5","  55,5","      999375","       -1230"," 95,90",
"20/07/2025  18:15:03,388","    83250000"," ","6","  50,3","      999375","       26977"," 94,90",
"20/07/2025  18:15:03,388","   175250000","ECUADOR TV","7"," 109,0","      172500","          63"," 52,10",
"20/07/2025  18:15:03,388","   181250000","CADENA ECUATORIANA DE TELEVISIO","8","  43,6","      999375","       -3296"," 97,40",
"20/07/2025  18:15:03,388","   187250000","TELEVISION DEL PACIFICO","9","  41,4","      999375","         984"," 95,50",
"20/07/2025  18:15:03,388","   193250000"," ","10","  43,7","      999375","       50159"," 95,90",
"20/07/2025  18:15:03,388","   199250000"," ","11","  44,2","      999375","       27376"," 94,90",
"20/07/2025  18:15:03,388","   205250000"," ","12","  40,8","      999375","        -243"," 96,50",
"20/07/2025  18:15:03,388","   211250000","TELEAMAZONAS","13","  92,5","      125625","         357"," 70,00",
"20/07/2025  18:15:03,388","   471250000"," ","14","  26,8","      999375","        3959"," 91,10",
"20/07/2025  18:15:03,388","   477250000"," ","15","  27,3","      999375","        3547"," 95,80",
"20/07/2025  18:15:03,388","   483250000"," ","16","  26,4","      999375","       -2825"," 97,10",
"20/07/2025  18:15:03,388","   513250000"," ","21","  25,7","      999375","       -1827"," 93,50",
"20/07/2025  18:15:03,388","   519250000","UCSG TELEVISION","22","  26,7","      999375","        1728"," 94,90",
"20/07/2025  18:15:03,388","   525250000"," ","23","  27,6","      999375","        1102"," 96,70",
"20/07/2025  18:15:03,388","   531250000"," ","24","  25,9","      999375","        2629"," 92,60",
"20/07/2025  18:15:03,388","   537250000"," ","25","  27,7","      999375","        6676"," 96,10",
"20/07/2025  18:15:03,388","   543250000","SONOVISIÓN TV","26","  28,3","      999375","        3210"," 94,60",
"20/07/2025  18:15:03,388","   549250000"," ","27","  28,4","      999375","        5526"," 95,70",
"20/07/2025  18:15:03,388","   555250000","DIGITAL TV","28","  31,4","      999375","       -3631"," 94,90",
"20/07/2025  18:15:03,388","   561250000"," ","29","  27,6","      999375","       -2481"," 94,60",
"20/07/2025  18:15:03,388","   567250000","TV LEGISLATIVA NO AUTORIZADA","30","  30,7","      999375","       -3115"," 96,00",
"20/07/2025  18:15:03,388","   573250000"," ","31","  29,2","      999375","         202"," 93,80",
"20/07/2025  18:15:03,388","   579250000","TELEATAHUALPA (RTU)","32","  29,9","      999375","       -5217"," 94,60",
"20/07/2025  18:15:03,388","   585250000"," ","33","  28,3","      999375","         -96"," 93,20",
"20/07/2025  18:15:03,388","   591250000"," ","34","  28,3","      999375","        3340"," 91,10",
"20/07/2025  18:15:03,388","   597250000"," ","35","  39,8","      999375","        -356"," 98,70",
"20/07/2025  18:15:03,388","   603250000"," ","36","  30,8","      999375","       -1932"," 97,10",
"20/07/2025  18:15:03,388","   615250000"," ","38","  32,1","      999375","        -852"," 96,50",
"20/07/2025  18:15:03,388","   621250000"," ","39","  29,1","      999375","       -1570"," 95,10",
"20/07/2025  18:15:03,388","   627250000"," ","40","  29,2","      999375","       -1832"," 97,20",
"20/07/2025  18:15:03,388","   633250000"," ","41","  30,9","      999375","       27621"," 96,70",
"20/07/2025  18:15:03,388","   639250000"," ","42","  38,3","      999375","       -3648"," 97,10",
"20/07/2025  18:15:03,388","   645250000"," ","43","  32,7","      999375","       -1408"," 94,00",
"20/07/2025  18:15:03,388","   651250000"," ","44","  27,3","      999375","        1715"," 95,70",
"20/07/2025  18:15:03,388","   657250000"," ","45","  27,4","      999375","       -1160"," 95,90",
"20/07/2025  18:15:03,388","   663250000"," ","46","  28,9","      999375","       -4444"," 96,90",
"20/07/2025  18:15:03,388","   669250000"," ","47","  27,0","      999375","        -714"," 96,70",
"20/07/2025  18:15:03,388","   675250000","EL CIUDADANO TV NO AUTORIZADA","48","  31,4","      999375","        1538"," 95,00",
"20/07/2025  18:15:03,388","   681250000"," ","49","  27,0","      999375","         907"," 95,90",
"20/07/2025  18:15:03,388","   687250000"," ","50","  27,5","      999375","         303"," 94,70",
"20/07/2025  18:15:03,388","   693250000"," ","51","  31,3","      999375","       13048"," 97,20",
"20/07/2025  18:15:57,046","    61250000","RED TELESISTEMA (R.T.S)","3","  87,5","      141875","        -806"," 69,20",
"20/07/2025  18:15:57,046","    67250000"," ","4","  55,5","      999375","        3259"," 96,80",
"20/07/2025  18:15:57,046","    77250000"," ","5","  47,5","      999375","        2743"," 91,50",
"20/07/2025  18:15:57,046","    83250000"," ","6","  49,8","      999375","       27200"," 93,80",
"20/07/2025  18:15:57,046","   175250000","ECUADOR TV","7"," 108,9","      125625","          62"," 56,60",
"20/07/2025  18:15:57,046","   181250000","CADENA ECUATORIANA DE TELEVISIO","8","  44,9","      999375","       -2201"," 95,40",
"20/07/2025  18:15:57,046","   187250000","TELEVISION DEL PACIFICO","9","  41,8","      999375","        -694"," 95,50",
"20/07/2025  18:15:57,046","   193250000"," ","10","  43,2","      999375","       45423"," 96,60",
"20/07/2025  18:15:57,046","   199250000"," ","11","  42,0","      999375","       24008"," 95,50",
"20/07/2025  18:15:57,046","   205250000"," ","12","  38,7","      999375","        2218"," 94,90",
"20/07/2025  18:15:57,046","   211250000","TELEAMAZONAS","13","  92,3","       63125","         -60"," 49,50",
"20/07/2025  18:15:57,046","   471250000"," ","14","  26,9","      999375","         742"," 96,10",
"20/07/2025  18:15:57,046","   477250000"," ","15","  27,6","      999375","        4266"," 93,70",
"20/07/2025  18:15:57,046","   483250000"," ","16","  27,7","      999375","       -2610"," 96,40",
"20/07/2025  18:15:57,046","   513250000"," ","21","  28,1","      999375","        3331"," 97,20",
"20/07/2025  18:15:57,046","   519250000","UCSG TELEVISION","22","  25,3","      999375","        3901"," 94,90",
"20/07/2025  18:15:57,046","   525250000"," ","23","  26,5","      999375","       -1899"," 96,40",
"20/07/2025  18:15:57,046","   531250000"," ","24","  28,1","      999375","       -1149"," 92,90",
"20/07/2025  18:15:57,046","   537250000"," ","25","  27,4","      999375","        2298"," 99,40",
"20/07/2025  18:15:57,046","   543250000","SONOVISIÓN TV","26","  28,2","      999375","        4993"," 97,00",
"20/07/2025  18:15:57,046","   549250000"," ","27","  29,0","      999375","        3660"," 93,60",
"20/07/2025  18:15:57,046","   555250000","DIGITAL TV","28","  28,8","      999375","        5436"," 93,60",
"20/07/2025  18:15:57,046","   561250000"," ","29","  29,5","      999375","         602"," 97,80",
"20/07/2025  18:15:57,046","   567250000","TV LEGISLATIVA NO AUTORIZADA","30","  30,4","      999375","       -4434"," 92,10",
"20/07/2025  18:15:57,046","   573250000"," ","31","  28,6","      999375","       -3472"," 95,80",
"20/07/2025  18:15:57,046","   579250000","TELEATAHUALPA (RTU)","32","  29,7","      999375","         688"," 95,00",
"20/07/2025  18:15:57,046","   585250000"," ","33","  29,3","      999375","       -1126"," 95,30",
"20/07/2025  18:15:57,046","   591250000"," ","34","  29,8","      999375","       -1769"," 96,30",
"20/07/2025  18:15:57,046","   597250000"," ","35","  29,9","      999375","        -609"," 96,30",
"20/07/2025  18:15:57,046","   603250000"," ","36","  29,5","      999375","        2778"," 96,90",
"20/07/2025  18:15:57,046","   615250000"," ","38","  29,3","      999375","       -1933"," 94,40",
"20/07/2025  18:15:57,046","   621250000"," ","39","  29,2","      999375","       -3131"," 97,60",
"20/07/2025  18:15:57,046","   627250000"," ","40","  28,1","      999375","       -1910"," 92,90",
"20/07/2025  18:15:57,046","   633250000"," ","41","  30,5","      999375","       35641"," 95,60",
"20/07/2025  18:15:57,046","   639250000"," ","42","  39,4","      999375","       -6201"," 98,20",
"20/07/2025  18:15:57,046","   645250000"," ","43","  30,8","      999375","        4603"," 91,00",
"20/07/2025  18:15:57,046","   651250000"," ","44","  27,2","      999375","        2020"," 96,40",
"20/07/2025  18:15:57,046","   657250000"," ","45","  27,7","      999375","        1223"," 94,30",
"20/07/2025  18:15:57,046","   663250000"," ","46","  30,2","      999375","         182"," 97,60",
"20/07/2025  18:15:57,046","   669250000"," ","47","  28,3","      999375","         135"," 97,00",
"20/07/2025  18:15:57,046","   675250000","EL CIUDADANO TV NO AUTORIZADA","48","  28,0","      999375","        -278"," 94,80",
"20/07/2025  18:15:57,046","   681250000"," ","49","  28,6","      999375","        4601"," 93,00",
"20/07/2025  18:15:57,046","   687250000"," ","50","  27,8","      999375","        1731"," 94,70",
"20/07/2025  18:15:57,046","   693250000"," ","51","  29,5","      999375","         183"," 94,30",
"20/07/2025  18:16:50,286","    61250000","RED TELESISTEMA (R.T.S)","3","  87,3","       94375","        -763"," 61,70",
"20/07/2025  18:16:50,286","    67250000"," ","4","  53,0","      999375","        3316"," 96,00",
"20/07/2025  18:16:50,286","    77250000"," ","5","  49,3","      999375","       -1137"," 92,70",
"20/07/2025  18:16:50,286","    83250000"," ","6","  50,6","      999375","       22141"," 92,00",
"20/07/2025  18:16:50,286","   175250000","ECUADOR TV","7"," 109,2","      156875","          62"," 81,40",
"20/07/2025  18:16:50,286","   181250000","CADENA ECUATORIANA DE TELEVISIO","8","  45,4","      999375","       -2247"," 95,70",
"20/07/2025  18:16:50,286","   187250000","TELEVISION DEL PACIFICO","9","  41,5","      999375","        4627"," 95,20",
"20/07/2025  18:16:50,286","   193250000"," ","10","  43,8","      999375","       40801"," 93,70",
"20/07/2025  18:16:50,286","   199250000"," ","11","  44,0","      999375","       31610"," 95,50",
"20/07/2025  18:16:50,286","   205250000"," ","12","  42,1","      999375","        3388"," 95,90",
"20/07/2025  18:16:50,286","   211250000","TELEAMAZONAS","13","  92,7","       94375","         -91"," 42,50",
"20/07/2025  18:16:50,286","   471250000"," ","14","  27,4","      999375","        1771"," 96,10",
"20/07/2025  18:16:50,286","   477250000"," ","15","  26,8","      999375","         305"," 95,30",
"20/07/2025  18:16:50,286","   483250000"," ","16","  26,6","      999375","       -1521"," 95,10",
"20/07/2025  18:16:50,286","   513250000"," ","21","  25,6","      999375","        2451"," 93,10",
"20/07/2025  18:16:50,286","   519250000","UCSG TELEVISION","22","  25,8","      999375","       -2912"," 93,20",
"20/07/2025  18:16:50,286","   525250000"," ","23","  28,4","      999375","      -15032"," 93,50",
"20/07/2025  18:16:50,286","   531250000"," ","24","  26,8","      999375","         334"," 96,00",
"20/07/2025  18:16:50,286","   537250000"," ","25","  27,3","      999375","         674"," 96,20",
"20/07/2025  18:16:50,286","   543250000","SONOVISIÓN TV","26","  27,8","      999375","         449"," 96,90",
"20/07/2025  18:16:50,286","   549250000"," ","27","  27,4","      999375","        -339"," 92,90",
"20/07/2025  18:16:50,286","   555250000","DIGITAL TV","28","  30,3","      999375","        3917"," 95,80",
"20/07/2025  18:16:50,286","   561250000"," ","29","  29,1","      999375","       -3122"," 96,50",
"20/07/2025  18:16:50,286","   567250000","TV LEGISLATIVA NO AUTORIZADA","30","  29,8","      999375","       -5537"," 94,40",
"20/07/2025  18:16:50,286","   573250000"," ","31","  28,6","      999375","        3995"," 93,60",
"20/07/2025  18:16:50,286","   579250000","TELEATAHUALPA (RTU)","32","  27,5","      999375","          30"," 94,80",
"20/07/2025  18:16:50,286","   585250000"," ","33","  28,6","      999375","        4096"," 96,10",
"20/07/2025  18:16:50,286","   591250000"," ","34","  28,8","      999375","       -1883"," 96,80",
"20/07/2025  18:16:50,286","   597250000"," ","35","  29,2","      999375","       -5582"," 96,50",
"20/07/2025  18:16:50,286","   603250000"," ","36","  28,8","      999375","        -604"," 94,30",
"20/07/2025  18:16:50,286","   615250000"," ","38","  28,6","      999375","        3166"," 95,80",
"20/07/2025  18:16:50,286","   621250000"," ","39","  28,4","      999375","        -298"," 94,90",
"20/07/2025  18:16:50,286","   627250000"," ","40","  30,4","      999375","        4623"," 95,20",
"20/07/2025  18:16:50,286","   633250000"," ","41","  28,5","      999375","       27004"," 97,00",
"20/07/2025  18:16:50,286","   639250000"," ","42","  39,8","      999375","       -1086"," 98,90",
"20/07/2025  18:16:50,286","   645250000"," ","43","  33,1","      999375","       -1232"," 96,50",
"20/07/2025  18:16:50,286","   651250000"," ","44","  29,4","      999375","        6408"," 96,80",
"20/07/2025  18:16:50,286","   657250000"," ","45","  27,8","      999375","       -2620"," 95,60",
"20/07/2025  18:16:50,286","   663250000"," ","46","  29,3","      251875","        5221"," 93,50",
"20/07/2025  18:16:50,286","   669250000"," ","47","  27,9","      999375","          72"," 93,00",
"20/07/2025  18:16:50,286","   675250000","EL CIUDADANO TV NO AUTORIZADA","48","  29,2","      999375","        2061"," 94,30",
"20/07/2025  18:16:50,286","   681250000"," ","49","  28,0","      999375","       -2980"," 95,10",
"20/07/2025  18:16:50,286","   687250000"," ","50","  36,4","      999375","       -2214"," 98,10",
"20/07/2025  18:16:50,286","   693250000"," ","51","  31,1","      999375","        6406"," 91,90",
"21/07/2025  7:15:03,580","    61250000","RED TELESISTEMA (R.T.S)","3","  87,4","      157500","        -375"," 56,50",
"21/07/2025  7:15:03,580","    67250000"," ","4","  51,7","      999375","        4361"," 98,00",
"21/07/2025  7:15:03,580","    77250000"," ","5","  55,5","      999375","       -1245"," 96,90",
"21/07/2025  7:15:03,580","    83250000"," ","6","  53,6","      999375","       25539"," 94,10",
"21/07/2025  7:15:03,580","   175250000","ECUADOR TV","7"," 109,7","      156875","          61"," 68,20",
"21/07/2025  7:15:03,580","   181250000","CADENA ECUATORIANA DE TELEVISIO","8","  47,0","      999375","        3474"," 96,80",
"21/07/2025  7:15:03,580","   187250000","TELEVISION DEL PACIFICO","9","  41,2","      999375","        3314"," 95,70",
"21/07/2025  7:15:03,580","   193250000"," ","10","  44,3","      999375","       66982"," 96,90",
"21/07/2025  7:15:03,580","   199250000"," ","11","  42,3","      999375","       52046"," 93,00",
"21/07/2025  7:15:03,580","   205250000"," ","12","  40,4","      999375","        4253"," 96,90",
"21/07/2025  7:15:03,580","   211250000","TELEAMAZONAS","13","  93,3","      188750","          71"," 73,90",
"21/07/2025  7:15:03,580","   471250000"," ","14","  26,3","      999375","        1013"," 95,10",
"21/07/2025  7:15:03,580","   477250000"," ","15","  27,8","      999375","       -3275"," 97,20",
"21/07/2025  7:15:03,580","   483250000"," ","16","  26,3","      999375","         691"," 95,80",
"21/07/2025  7:15:03,580","   513250000"," ","21","  26,0","      999375","       -1075"," 92,90",
"21/07/2025  7:15:03,580","   519250000","UCSG TELEVISION","22","  26,4","      999375","         630"," 93,30",
"21/07/2025  7:15:03,580","   525250000"," ","23","  27,4","      999375","        -410"," 94,80",
"21/07/2025  7:15:03,580","   531250000"," ","24","  28,2","      999375","       -3753"," 95,80",
"21/07/2025  7:15:03,580","   537250000"," ","25","  27,8","      999375","       -3717"," 95,90",
"21/07/2025  7:15:03,580","   543250000","SONOVISIÓN TV","26","  28,4","      999375","        7257"," 96,20",
"21/07/2025  7:15:03,580","   549250000"," ","27","  26,3","      999375","        3735"," 94,50",
"21/07/2025  7:15:03,580","   555250000","DIGITAL TV","28","  31,3","      999375","       -2472"," 94,90",
"21/07/2025  7:15:03,580","   561250000"," ","29","  28,6","      999375","        2509"," 96,00",
"21/07/2025  7:15:03,580","   567250000","TV LEGISLATIVA NO AUTORIZADA","30","  31,3","      999375","      -10843"," 95,60",
"21/07/2025  7:15:03,580","   573250000"," ","31","  28,6","      999375","       -3291"," 95,50",
"21/07/2025  7:15:03,580","   579250000","TELEATAHUALPA (RTU)","32","  28,5","      999375","        2695"," 93,80",
"21/07/2025  7:15:03,580","   585250000"," ","33","  31,1","      999375","        2946"," 95,20",
"21/07/2025  7:15:03,580","   591250000"," ","34","  29,3","      999375","       -4215"," 94,70",
"21/07/2025  7:15:03,580","   597250000"," ","35","  29,0","      999375","        1425"," 96,50",
"21/07/2025  7:15:03,580","   603250000"," ","36","  28,9","      999375","        3134"," 95,10",
"21/07/2025  7:15:03,580","   615250000"," ","38","  29,8","      999375","         149"," 96,00",
"21/07/2025  7:15:03,580","   621250000"," ","39","  29,3","      999375","        1256"," 95,10",
"21/07/2025  7:15:03,580","   627250000"," ","40","  28,7","      999375","        -718"," 95,20",
"21/07/2025  7:15:03,580","   633250000"," ","41","  28,7","      999375","       33653"," 94,10",
"21/07/2025  7:15:03,580","   639250000"," ","42","  38,1","      999375","       -2526"," 97,70",
"21/07/2025  7:15:03,580","   645250000"," ","43","  31,1","      999375","       -4243"," 95,40",
"21/07/2025  7:15:03,580","   651250000"," ","44","  28,2","      999375","        5160"," 97,30",
"21/07/2025  7:15:03,580","   657250000"," ","45","  28,2","      999375","        1580"," 95,50",
"21/07/2025  7:15:03,580","   663250000"," ","46","  29,9","      158125","        1466"," 97,30",
"21/07/2025  7:15:03,580","   669250000"," ","47","  28,7","      999375","       -1235"," 96,90",
"21/07/2025  7:15:03,580","   675250000","EL CIUDADANO TV NO AUTORIZADA","48","  29,5","      999375","        1662"," 95,50",
"21/07/2025  7:15:03,580","   681250000"," ","49","  28,2","      999375","         393"," 95,60",
"21/07/2025  7:15:03,580","   687250000"," ","50","  29,2","      999375","        4381"," 96,00",
"21/07/2025  7:15:03,580","   693250000"," ","51","  32,0","      999375","       -7460"," 94,20",
"21/07/2025  7:15:57,030","    61250000","RED TELESISTEMA (R.T.S)","3","  87,3","      125000","        -387"," 71,30",
"21/07/2025  7:15:57,030","    67250000"," ","4","  53,9","      999375","        5752"," 96,70",
"21/07/2025  7:15:57,030","    77250000"," ","5","  55,1","      999375","       -2023"," 96,60",
"21/07/2025  7:15:57,030","    83250000"," ","6","  55,3","      999375","       25581"," 97,50",
"21/07/2025  7:15:57,030","   175250000","ECUADOR TV","7"," 109,7","      188125","          63"," 61,90",
"21/07/2025  7:15:57,030","   181250000","CADENA ECUATORIANA DE TELEVISIO","8","  45,7","      999375","        3409"," 96,50",
"21/07/2025  7:15:57,030","   187250000","TELEVISION DEL PACIFICO","9","  42,0","      999375","       -4804"," 96,20",
"21/07/2025  7:15:57,030","   193250000"," ","10","  42,0","      999375","       77600"," 95,70",
"21/07/2025  7:15:57,030","   199250000"," ","11","  43,5","      999375","       64992"," 94,70",
"21/07/2025  7:15:57,030","   205250000"," ","12","  40,1","      999375","        -195"," 96,40",
"21/07/2025  7:15:57,030","   211250000","TELEAMAZONAS","13","  93,4","       95000","          84"," 48,90",
"21/07/2025  7:15:57,030","   471250000"," ","14","  28,2","      999375","       -4534"," 92,40",
"21/07/2025  7:15:57,030","   477250000"," ","15","  28,1","      999375","         397"," 97,50",
"21/07/2025  7:15:57,030","   483250000"," ","16","  28,1","      999375","        -553"," 94,10",
"21/07/2025  7:15:57,030","   513250000"," ","21","  25,6","      999375","       -4398"," 97,00",
"21/07/2025  7:15:57,030","   519250000","UCSG TELEVISION","22","  26,1","      999375","        -119"," 95,20",
"21/07/2025  7:15:57,030","   525250000"," ","23","  27,8","      999375","       -2631"," 96,90",
"21/07/2025  7:15:57,030","   531250000"," ","24","  26,4","      999375","       -1124"," 96,50",
"21/07/2025  7:15:57,030","   537250000"," ","25","  28,4","      999375","       -1570"," 95,90",
"21/07/2025  7:15:57,030","   543250000","SONOVISIÓN TV","26","  28,0","      999375","        -991"," 93,20",
"21/07/2025  7:15:57,030","   549250000"," ","27","  27,7","      999375","        2564"," 97,30",
"21/07/2025  7:15:57,030","   555250000","DIGITAL TV","28","  29,2","      999375","        2933"," 92,50",
"21/07/2025  7:15:57,030","   561250000"," ","29","  28,9","      999375","        -962"," 96,30",
"21/07/2025  7:15:57,030","   567250000","TV LEGISLATIVA NO AUTORIZADA","30","  29,0","      999375","       -8298"," 95,50",
"21/07/2025  7:15:57,030","   573250000"," ","31","  28,5","      999375","         654"," 95,30",
"21/07/2025  7:15:57,030","   579250000","TELEATAHUALPA (RTU)","32","  28,4","      999375","       -1142"," 94,80",
"21/07/2025  7:15:57,030","   585250000"," ","33","  28,6","      999375","        -948"," 95,10",
"21/07/2025  7:15:57,030","   591250000"," ","34","  31,0","      999375","       -2423"," 96,90",
"21/07/2025  7:15:57,030","   597250000"," ","35","  29,0","      999375","       -2431"," 95,30",
"21/07/2025  7:15:57,030","   603250000"," ","36","  29,6","      999375","       -1163"," 94,70",
"21/07/2025  7:15:57,030","   615250000"," ","38","  29,7","      999375","        4124"," 92,90",
"21/07/2025  7:15:57,030","   621250000"," ","39","  28,5","      999375","       -4062"," 93,80",
"21/07/2025  7:15:57,030","   627250000"," ","40","  28,3","      999375","        2647"," 92,90",
"21/07/2025  7:15:57,030","   633250000"," ","41","  30,2","      999375","       32208"," 93,50",
"21/07/2025  7:15:57,030","   639250000"," ","42","  41,9","      999375","       -1204"," 98,80",
"21/07/2025  7:15:57,030","   645250000"," ","43","  30,8","      999375","         827"," 92,80",
"21/07/2025  7:15:57,030","   651250000"," ","44","  26,7","      999375","        4068"," 95,30",
"21/07/2025  7:15:57,030","   657250000"," ","45","  27,2","      999375","         350"," 91,70",
"21/07/2025  7:15:57,030","   663250000"," ","46","  28,2","      999375","       -3212"," 94,60",
"21/07/2025  7:15:57,030","   669250000"," ","47","  28,2","      252500","       -2475"," 97,80",
"21/07/2025  7:15:57,030","   675250000","EL CIUDADANO TV NO AUTORIZADA","48","  29,6","      999375","         389"," 95,30",
"21/07/2025  7:15:57,030","   681250000"," ","49","  27,0","      999375","        -505"," 91,50",
"21/07/2025  7:15:57,030","   687250000"," ","50","  28,2","      999375","        1202"," 96,70",
"21/07/2025  7:15:57,030","   693250000"," ","51","  29,2","      999375","         812"," 95,50",
"21/07/2025  7:16:51,618","    61250000","RED TELESISTEMA (R.T.S)","3","  87,6","      126250","        -293"," 63,30",
"21/07/2025  7:16:51,618","    67250000"," ","4","  61,7","      999375","        3998"," 96,80",
"21/07/2025  7:16:51,618","    77250000"," ","5","  58,7","      999375","        -976"," 98,10",
"21/07/2025  7:16:51,618","    83250000"," ","6","  51,4","      999375","       26489"," 95,40",
"21/07/2025  7:16:51,618","   175250000","ECUADOR TV","7"," 109,6","      125625","          63"," 73,30",
"21/07/2025  7:16:51,618","   181250000","CADENA ECUATORIANA DE TELEVISIO","8","  44,7","      999375","         477"," 96,70",
"21/07/2025  7:16:51,618","   187250000","TELEVISION DEL PACIFICO","9","  43,0","      999375","       -1094"," 96,30",
"21/07/2025  7:16:51,618","   193250000"," ","10","  45,0","      999375","       62094"," 95,80",
"21/07/2025  7:16:51,618","   199250000"," ","11","  42,9","      999375","       56069"," 95,40",
"21/07/2025  7:16:51,618","   205250000"," ","12","  41,2","      999375","        2776"," 95,40",
"21/07/2025  7:16:51,618","   211250000","TELEAMAZONAS","13","  93,3","      157500","         -82"," 51,80",
"21/07/2025  7:16:51,618","   471250000"," ","14","  27,5","      999375","         -95"," 96,00",
"21/07/2025  7:16:51,618","   477250000"," ","15","  30,4","      999375","       -4886"," 95,80",
"21/07/2025  7:16:51,618","   483250000"," ","16","  26,2","      999375","        -778"," 96,60",
"21/07/2025  7:16:51,618","   513250000"," ","21","  26,6","      999375","         200"," 95,40",
"21/07/2025  7:16:51,618","   519250000","UCSG TELEVISION","22","  27,3","      999375","        3332"," 93,40",
"21/07/2025  7:16:51,618","   525250000"," ","23","  26,9","      999375","        6854"," 97,00",
"21/07/2025  7:16:51,618","   531250000"," ","24","  28,0","      999375","        2475"," 94,70",
"21/07/2025  7:16:51,618","   537250000"," ","25","  27,5","      999375","        3677"," 92,10",
"21/07/2025  7:16:51,618","   543250000","SONOVISIÓN TV","26","  30,4","      999375","        2007"," 95,70",
"21/07/2025  7:16:51,618","   549250000"," ","27","  27,0","      999375","        2299"," 94,80",
"21/07/2025  7:16:51,618","   555250000","DIGITAL TV","28","  28,9","      999375","        5716"," 93,30",
"21/07/2025  7:16:51,618","   561250000"," ","29","  28,5","      999375","        2646"," 93,80",
"21/07/2025  7:16:51,618","   567250000","TV LEGISLATIVA NO AUTORIZADA","30","  31,0","      999375","      -10309"," 93,70",
"21/07/2025  7:16:51,618","   573250000"," ","31","  29,0","      999375","        2043"," 92,70",
"21/07/2025  7:16:51,618","   579250000","TELEATAHUALPA (RTU)","32","  29,4","      999375","       -4375"," 97,80",
"21/07/2025  7:16:51,618","   585250000"," ","33","  29,0","      999375","        4441"," 92,10",
"21/07/2025  7:16:51,618","   591250000"," ","34","  29,1","      999375","       -5109"," 96,50",
"21/07/2025  7:16:51,618","   597250000"," ","35","  28,7","      999375","        7955"," 93,30",
"21/07/2025  7:16:51,618","   603250000"," ","36","  29,0","      999375","        -330"," 96,50",
"21/07/2025  7:16:51,618","   615250000"," ","38","  28,7","      999375","       -1147"," 94,20",
"21/07/2025  7:16:51,618","   621250000"," ","39","  27,7","      999375","       -5878"," 94,10",
"21/07/2025  7:16:51,618","   627250000"," ","40","  28,5","      999375","        1410"," 95,60",
"21/07/2025  7:16:51,618","   633250000"," ","41","  28,4","      999375","       33800"," 92,70",
"21/07/2025  7:16:51,618","   639250000"," ","42","  41,8","      999375","       -1707"," 98,40",
"21/07/2025  7:16:51,618","   645250000"," ","43","  39,6","      999375","         898"," 98,40",
"21/07/2025  7:16:51,618","   651250000"," ","44","  26,9","      999375","        2913"," 96,20",
"21/07/2025  7:16:51,618","   657250000"," ","45","  27,1","      999375","        1330"," 94,20",
"21/07/2025  7:16:51,618","   663250000"," ","46","  31,7","      999375","       46941"," 93,30",
"21/07/2025  7:16:51,618","   669250000"," ","47","  26,9","      266875","        5550"," 93,50",
"21/07/2025  7:16:51,618","   675250000","EL CIUDADANO TV NO AUTORIZADA","48","  30,5","      999375","        -707"," 95,00",
"21/07/2025  7:16:51,618","   681250000"," ","49","  26,7","      999375","        2728"," 94,60",
"21/07/2025  7:16:51,618","   687250000"," ","50","  27,0","      999375","        2133"," 95,40",
"21/07/2025  7:16:51,618","   693250000"," ","51","  30,3","      999375","        4049"," 95,90",
"21/07/2025  18:15:03,515","    61250000","RED TELESISTEMA (R.T.S)","3","  87,5","       32500","       -1259"," 31,20",
"21/07/2025  18:15:03,515","    67250000"," ","4","  39,0","      999375","       -3705"," 98,50",
"21/07/2025  18:15:03,515","    77250000"," ","5","  42,5","      834375","        4728"," 91,30",
"21/07/2025  18:15:03,515","    83250000"," ","6","  43,7","      955625","       54676"," 76,30",
"21/07/2025  18:15:03,515","   175250000","ECUADOR TV","7"," 108,9","      188125","          63"," 82,60",
"21/07/2025  18:15:03,515","   181250000","CADENA ECUATORIANA DE TELEVISIO","8","  37,0","      999375","      -14501"," 94,00",
"21/07/2025  18:15:03,515","   187250000","TELEVISION DEL PACIFICO","9","  36,8","      999375","        3346"," 94,30",
"21/07/2025  18:15:03,515","   193250000"," ","10","  41,2","      999375","       87476"," 93,80",
"21/07/2025  18:15:03,515","   199250000"," ","11","  37,3","      999375","       64469"," 94,80",
"21/07/2025  18:15:03,515","   205250000"," ","12","  33,4","      999375","        5077"," 93,20",
"21/07/2025  18:15:03,515","   211250000","TELEAMAZONAS","13","  92,6","      204375","         244"," 61,20",
"21/07/2025  18:15:03,515","   471250000"," ","14","  27,3","      999375","       -1683"," 96,60",
"21/07/2025  18:15:03,515","   477250000"," ","15","  26,4","      999375","       -3364"," 95,20",
"21/07/2025  18:15:03,515","   483250000"," ","16","  26,4","      999375","        -231"," 94,40",
"21/07/2025  18:15:03,515","   513250000"," ","21","  27,0","      999375","       -1012"," 94,90",
"21/07/2025  18:15:03,515","   519250000","UCSG TELEVISION","22","  27,1","      999375","        -921"," 93,50",
"21/07/2025  18:15:03,515","   525250000"," ","23","  27,4","      999375","       -1701"," 95,70",
"21/07/2025  18:15:03,515","   531250000"," ","24","  30,8","      999375","       -1132"," 96,70",
"21/07/2025  18:15:03,515","   537250000"," ","25","  27,3","      999375","        1129"," 96,80",
"21/07/2025  18:15:03,515","   543250000","SONOVISIÓN TV","26","  28,5","      999375","        1178"," 95,80",
"21/07/2025  18:15:03,515","   549250000"," ","27","  28,6","      999375","         527"," 94,40",
"21/07/2025  18:15:03,515","   555250000","DIGITAL TV","28","  29,5","      999375","        -705"," 96,20",
"21/07/2025  18:15:03,515","   561250000"," ","29","  28,7","      999375","        1423"," 96,70",
"21/07/2025  18:15:03,515","   567250000","TV LEGISLATIVA NO AUTORIZADA","30","  31,8","      999375","      -13619"," 96,10",
"21/07/2025  18:15:03,515","   573250000"," ","31","  27,8","      999375","        4347"," 93,30",
"21/07/2025  18:15:03,515","   579250000","TELEATAHUALPA (RTU)","32","  28,1","      999375","         401"," 95,70",
"21/07/2025  18:15:03,515","   585250000"," ","33","  32,5","      999375","       49611"," 94,30",
"21/07/2025  18:15:03,515","   591250000"," ","34","  29,0","      999375","        3666"," 96,70",
"21/07/2025  18:15:03,515","   597250000"," ","35","  30,3","      999375","       -2194"," 93,50",
"21/07/2025  18:15:03,515","   603250000"," ","36","  30,8","      999375","        -584"," 96,50",
"21/07/2025  18:15:03,515","   615250000"," ","38","  28,2","      999375","         932"," 96,50",
"21/07/2025  18:15:03,515","   621250000"," ","39","  27,7","      999375","        -536"," 94,80",
"21/07/2025  18:15:03,515","   627250000"," ","40","  28,4","      999375","       -2784"," 96,60",
"21/07/2025  18:15:03,515","   633250000"," ","41","  28,1","      999375","       35774"," 95,80",
"21/07/2025  18:15:03,515","   639250000"," ","42","  39,6","      999375","       -5822"," 97,70",
"21/07/2025  18:15:03,515","   645250000"," ","43","  33,2","      999375","       -2517"," 94,50",
"21/07/2025  18:15:03,515","   651250000"," ","44","  28,1","      999375","        2525"," 94,90",
"21/07/2025  18:15:03,515","   657250000"," ","45","  28,1","      999375","       -3096"," 96,20",
"21/07/2025  18:15:03,515","   663250000"," ","46","  28,2","      999375","        2241"," 96,00",
"21/07/2025  18:15:03,515","   669250000"," ","47","  29,0","      999375","        -487"," 95,50",
"21/07/2025  18:15:03,515","   675250000","EL CIUDADANO TV NO AUTORIZADA","48","  29,2","      999375","        3924"," 94,60",
"21/07/2025  18:15:03,515","   681250000"," ","49","  28,1","      999375","       -4538"," 92,70",
"21/07/2025  18:15:03,515","   687250000"," ","50","  27,4","      999375","        -987"," 92,30",
"21/07/2025  18:15:03,515","   693250000"," ","51","  30,5","      999375","          31"," 91,30",
"21/07/2025  18:15:57,165","    61250000","RED TELESISTEMA (R.T.S)","3","  87,2","       63125","       -1116"," 43,60",
"21/07/2025  18:15:57,165","    67250000"," ","4","  50,8","      999375","       -6024"," 98,00",
"21/07/2025  18:15:57,165","    77250000"," ","5","  42,2","      847500","        -259"," 70,90",
"21/07/2025  18:15:57,165","    83250000"," ","6","  43,2","      893125","       48743"," 71,50",
"21/07/2025  18:15:57,165","   175250000","ECUADOR TV","7"," 109,1","      188125","          63"," 88,90",
"21/07/2025  18:15:57,165","   181250000","CADENA ECUATORIANA DE TELEVISIO","8","  36,2","      999375","      -10005"," 96,60",
"21/07/2025  18:15:57,165","   187250000","TELEVISION DEL PACIFICO","9","  37,2","      999375","        3831"," 96,30",
"21/07/2025  18:15:57,165","   193250000"," ","10","  40,3","      999375","       76430"," 94,30",
"21/07/2025  18:15:57,165","   199250000"," ","11","  38,4","      999375","       45248"," 96,40",
"21/07/2025  18:15:57,165","   205250000"," ","12","  46,4","      999375","        4144"," 99,40",
"21/07/2025  18:15:57,165","   211250000","TELEAMAZONAS","13","  92,5","      219375","         157"," 78,50",
"21/07/2025  18:15:57,165","   471250000"," ","14","  28,0","      999375","        2192"," 96,90",
"21/07/2025  18:15:57,165","   477250000"," ","15","  27,8","      999375","         139"," 95,40",
"21/07/2025  18:15:57,165","   483250000"," ","16","  27,3","      999375","        1836"," 97,00",
"21/07/2025  18:15:57,165","   513250000"," ","21","  26,3","      999375","       -1546"," 95,00",
"21/07/2025  18:15:57,165","   519250000","UCSG TELEVISION","22","  25,9","      999375","        1242"," 93,10",
"21/07/2025  18:15:57,165","   525250000"," ","23","  27,9","      999375","        -228"," 95,40",
"21/07/2025  18:15:57,165","   531250000"," ","24","  26,8","      999375","        1803"," 95,80",
"21/07/2025  18:15:57,165","   537250000"," ","25","  27,5","      999375","         536"," 98,10",
"21/07/2025  18:15:57,165","   543250000","SONOVISIÓN TV","26","  28,5","      999375","       -2578"," 95,80",
"21/07/2025  18:15:57,165","   549250000"," ","27","  27,7","      999375","        -885"," 96,30",
"21/07/2025  18:15:57,165","   555250000","DIGITAL TV","28","  29,7","      999375","       -3608"," 97,60",
"21/07/2025  18:15:57,165","   561250000"," ","29","  28,2","      999375","        2639"," 94,20",
"21/07/2025  18:15:57,165","   567250000","TV LEGISLATIVA NO AUTORIZADA","30","  30,5","      999375","       -4686"," 94,00",
"21/07/2025  18:15:57,165","   573250000"," ","31","  28,5","      999375","         480"," 96,60",
"21/07/2025  18:15:57,165","   579250000","TELEATAHUALPA (RTU)","32","  28,6","      999375","       -7001"," 92,80",
"21/07/2025  18:15:57,165","   585250000"," ","33","  28,4","      999375","         763"," 94,30",
"21/07/2025  18:15:57,165","   591250000"," ","34","  43,4","      999375","         614"," 99,20",
"21/07/2025  18:15:57,165","   597250000"," ","35","  29,8","      999375","        -246"," 96,10",
"21/07/2025  18:15:57,165","   603250000"," ","36","  29,7","      999375","        -806"," 94,20",
"21/07/2025  18:15:57,165","   615250000"," ","38","  28,3","      999375","        2808"," 94,40",
"21/07/2025  18:15:57,165","   621250000"," ","39","  28,3","      999375","       -1056"," 92,90",
"21/07/2025  18:15:57,165","   627250000"," ","40","  29,1","      999375","        3780"," 94,40",
"21/07/2025  18:15:57,165","   633250000"," ","41","  28,2","      999375","       33789"," 93,70",
"21/07/2025  18:15:57,165","   639250000"," ","42","  38,6","      999375","       -1680"," 97,50",
"21/07/2025  18:15:57,165","   645250000"," ","43","  31,8","      999375","       -1680"," 94,70",
"21/07/2025  18:15:57,165","   651250000"," ","44","  27,1","      999375","       -1405"," 94,40",
"21/07/2025  18:15:57,165","   657250000"," ","45","  28,3","      999375","        4673"," 95,50",
"21/07/2025  18:15:57,165","   663250000"," ","46","  28,0","      999375","          80"," 95,10",
"21/07/2025  18:15:57,165","   669250000"," ","47","  27,6","      999375","         700"," 94,60",
"21/07/2025  18:15:57,165","   675250000","EL CIUDADANO TV NO AUTORIZADA","48","  31,0","      999375","       -1174"," 95,80",
"21/07/2025  18:15:57,165","   681250000"," ","49","  30,2","      999375","        -836"," 96,10",
"21/07/2025  18:15:57,165","   687250000"," ","50","  28,1","      999375","         245"," 95,70",
"21/07/2025  18:15:57,165","   693250000"," ","51","  31,1","      999375","        5106"," 97,40",
"21/07/2025  18:16:50,425","    61250000","RED TELESISTEMA (R.T.S)","3","  87,3","       95000","        -766"," 41,70",
"21/07/2025  18:16:50,425","    67250000"," ","4","  44,1","      999375","        -154"," 96,90",
"21/07/2025  18:16:50,425","    77250000"," ","5","  42,8","      861875","        2493"," 81,80",
"21/07/2025  18:16:50,425","    83250000"," ","6","  43,3","      883750","       77487"," 84,40",
"21/07/2025  18:16:50,425","   175250000","ECUADOR TV","7"," 108,8","      156875","          62"," 47,80",
"21/07/2025  18:16:50,425","   181250000","CADENA ECUATORIANA DE TELEVISIO","8","  36,0","      999375","        -378"," 92,00",
"21/07/2025  18:16:50,425","   187250000","TELEVISION DEL PACIFICO","9","  36,8","      999375","        9537"," 95,00",
"21/07/2025  18:16:50,425","   193250000"," ","10","  41,5","      999375","       98660"," 93,30",
"21/07/2025  18:16:50,425","   199250000"," ","11","  39,4","      999375","       45252"," 95,00",
"21/07/2025  18:16:50,425","   205250000"," ","12","  35,1","      999375","        3806"," 97,50",
"21/07/2025  18:16:50,425","   211250000","TELEAMAZONAS","13","  92,4","      219375","         -77"," 51,30",
"21/07/2025  18:16:50,425","   471250000"," ","14","  26,4","      999375","         968"," 95,40",
"21/07/2025  18:16:50,425","   477250000"," ","15","  27,0","      999375","       -1675"," 92,30",
"21/07/2025  18:16:50,425","   483250000"," ","16","  27,2","      999375","         358"," 91,50",
"21/07/2025  18:16:50,425","   513250000"," ","21","  26,0","      999375","       -4553"," 94,20",
"21/07/2025  18:16:50,425","   519250000","UCSG TELEVISION","22","  28,5","      999375","       -1536"," 95,30",
"21/07/2025  18:16:50,425","   525250000"," ","23","  28,0","      999375","       -2728"," 97,00",
"21/07/2025  18:16:50,425","   531250000"," ","24","  27,2","      999375","         271"," 94,40",
"21/07/2025  18:16:50,425","   537250000"," ","25","  27,7","      999375","        2425"," 97,30",
"21/07/2025  18:16:50,425","   543250000","SONOVISIÓN TV","26","  27,7","      999375","        2703"," 96,40",
"21/07/2025  18:16:50,425","   549250000"," ","27","  29,2","      999375","       -1304"," 98,50",
"21/07/2025  18:16:50,425","   555250000","DIGITAL TV","28","  29,6","      999375","        3632"," 93,90",
"21/07/2025  18:16:50,425","   561250000"," ","29","  28,1","      999375","        -858"," 95,20",
"21/07/2025  18:16:50,425","   567250000","TV LEGISLATIVA NO AUTORIZADA","30","  31,5","      999375","       -3038"," 97,00",
"21/07/2025  18:16:50,425","   573250000"," ","31","  27,9","      999375","       -3744"," 93,90",
"21/07/2025  18:16:50,425","   579250000","TELEATAHUALPA (RTU)","32","  28,6","      999375","         792"," 92,40",
"21/07/2025  18:16:50,425","   585250000"," ","33","  28,8","      999375","         396"," 94,90",
"21/07/2025  18:16:50,425","   591250000"," ","34","  29,4","      999375","       -1159"," 96,00",
"21/07/2025  18:16:50,425","   597250000"," ","35","  29,1","      999375","        2399"," 97,10",
"21/07/2025  18:16:50,425","   603250000"," ","36","  28,8","      999375","        1277"," 96,50",
"21/07/2025  18:16:50,425","   615250000"," ","38","  29,2","      999375","       -2078"," 93,10",
"21/07/2025  18:16:50,425","   621250000"," ","39","  28,1","      999375","       -1332"," 92,30",
"21/07/2025  18:16:50,425","   627250000"," ","40","  29,1","      999375","       -2263"," 96,90",
"21/07/2025  18:16:50,425","   633250000"," ","41","  29,4","      999375","       31826"," 99,60",
"21/07/2025  18:16:50,425","   639250000"," ","42","  38,1","      999375","        -765"," 98,10",
"21/07/2025  18:16:50,425","   645250000"," ","43","  31,7","      999375","       -2904"," 94,30",
"21/07/2025  18:16:50,425","   651250000"," ","44","  26,4","      999375","         765"," 96,30",
"21/07/2025  18:16:50,425","   657250000"," ","45","  28,8","      999375","        7081"," 94,60",
"21/07/2025  18:16:50,425","   663250000"," ","46","  28,6","      999375","        2936"," 96,40",
"21/07/2025  18:16:50,425","   669250000"," ","47","  26,4","      999375","          72"," 94,00",
"21/07/2025  18:16:50,425","   675250000","EL CIUDADANO TV NO AUTORIZADA","48","  29,9","      999375","       -1230"," 96,20",
"21/07/2025  18:16:50,425","   681250000"," ","49","  27,3","      999375","       -1812"," 96,20",
"21/07/2025  18:16:50,425","   687250000"," ","50","  33,5","      999375","        3469"," 98,30",
"21/07/2025  18:16:50,425","   693250000"," ","51","  28,1","      999375","        4826"," 95,50",
"22/07/2025  7:15:03,574","    61250000","RED TELESISTEMA (R.T.S)","3","  86,6","      141250","        -390"," 53,40",
"22/07/2025  7:15:03,574","    67250000"," ","4","  47,9","      999375","         115"," 95,30",
"22/07/2025  7:15:03,574","    77250000"," ","5","  46,2","      996250","         889"," 91,90",
"22/07/2025  7:15:03,574","    83250000"," ","6","  51,0","      949375","       31097"," 97,20",
"22/07/2025  7:15:03,574","   175250000","ECUADOR TV","7"," 109,1","      156875","          63"," 70,70",
"22/07/2025  7:15:03,574","   181250000","CADENA ECUATORIANA DE TELEVISIO","8","  37,9","      999375","         119"," 95,10",
"22/07/2025  7:15:03,574","   187250000","TELEVISION DEL PACIFICO","9","  37,2","      999375","        7863"," 97,20",
"22/07/2025  7:15:03,574","   193250000"," ","10","  41,9","      999375","       72321"," 94,30",
"22/07/2025  7:15:03,574","   199250000"," ","11","  41,2","      999375","       84464"," 99,80",
"22/07/2025  7:15:03,574","   205250000"," ","12","  35,0","      999375","        3503"," 93,30",
"22/07/2025  7:15:03,574","   211250000","TELEAMAZONAS","13","  93,0","      126250","         -87"," 69,40",
"22/07/2025  7:15:03,574","   471250000"," ","14","  27,6","      999375","        5550"," 95,80",
"22/07/2025  7:15:03,574","   477250000"," ","15","  28,2","      999375","        3097"," 95,30",
"22/07/2025  7:15:03,574","   483250000"," ","16","  27,3","      999375","        -965"," 95,90",
"22/07/2025  7:15:03,574","   513250000"," ","21","  38,0","      999375","        1506"," 98,30",
"22/07/2025  7:15:03,574","   519250000","UCSG TELEVISION","22","  26,7","      999375","       -1673"," 92,90",
"22/07/2025  7:15:03,574","   525250000"," ","23","  26,9","      999375","         685"," 94,90",
"22/07/2025  7:15:03,574","   531250000"," ","24","  27,5","      999375","        -598"," 93,40",
"22/07/2025  7:15:03,574","   537250000"," ","25","  27,3","      999375","         858"," 94,30",
"22/07/2025  7:15:03,574","   543250000","SONOVISIÓN TV","26","  28,0","      999375","        7777"," 94,60",
"22/07/2025  7:15:03,574","   549250000"," ","27","  28,4","      999375","         372"," 95,30",
"22/07/2025  7:15:03,574","   555250000","DIGITAL TV","28","  30,4","      999375","        3500"," 95,70",
"22/07/2025  7:15:03,574","   561250000"," ","29","  28,8","      999375","        1221"," 97,30",
"22/07/2025  7:15:03,574","   567250000","TV LEGISLATIVA NO AUTORIZADA","30","  31,7","      999375","       -7925"," 96,10",
"22/07/2025  7:15:03,574","   573250000"," ","31","  29,3","      999375","        1406"," 95,10",
"22/07/2025  7:15:03,574","   579250000","TELEATAHUALPA (RTU)","32","  29,6","      999375","        1708"," 95,40",
"22/07/2025  7:15:03,574","   585250000"," ","33","  41,1","      999375","         438"," 99,00",
"22/07/2025  7:15:03,574","   591250000"," ","34","  30,5","      999375","        4881"," 95,70",
"22/07/2025  7:15:03,574","   597250000"," ","35","  30,4","      999375","        3866"," 97,10",
"22/07/2025  7:15:03,574","   603250000"," ","36","  29,0","      999375","        1992"," 96,00",
"22/07/2025  7:15:03,574","   615250000"," ","38","  28,8","      999375","        -380"," 93,80",
"22/07/2025  7:15:03,574","   621250000"," ","39","  51,1","      999375","        4367"," 99,50",
"22/07/2025  7:15:03,574","   627250000"," ","40","  27,6","      999375","       -4436"," 96,80",
"22/07/2025  7:15:03,574","   633250000"," ","41","  39,8","      999375","       33448"," 97,70",
"22/07/2025  7:15:03,574","   639250000"," ","42","  39,7","      999375","       -2301"," 98,10",
"22/07/2025  7:15:03,574","   645250000"," ","43","  31,7","      999375","       -2404"," 95,40",
"22/07/2025  7:15:03,574","   651250000"," ","44","  28,2","      999375","        1248"," 95,50",
"22/07/2025  7:15:03,574","   657250000"," ","45","  31,1","      999375","        3655"," 96,70",
"22/07/2025  7:15:03,574","   663250000"," ","46","  29,1","      999375","       -1530"," 95,70",
"22/07/2025  7:15:03,574","   669250000"," ","47","  28,4","      999375","       -2798"," 93,00",
"22/07/2025  7:15:03,574","   675250000","EL CIUDADANO TV NO AUTORIZADA","48","  30,4","      999375","        4059"," 95,20",
"22/07/2025  7:15:03,574","   681250000"," ","49","  27,8","      999375","       -2113"," 95,80",
"22/07/2025  7:15:03,574","   687250000"," ","50","  26,4","      999375","        -952"," 95,40",
"22/07/2025  7:15:03,574","   693250000"," ","51","  28,9","      999375","       -3397"," 95,40",
"22/07/2025  7:15:57,021","    61250000","RED TELESISTEMA (R.T.S)","3","  87,4","      156875","        -443"," 64,30",
"22/07/2025  7:15:57,021","    67250000"," ","4","  55,0","      999375","       -3749"," 98,30",
"22/07/2025  7:15:57,021","    77250000"," ","5","  46,4","      999375","        6866"," 89,60",
"22/07/2025  7:15:57,021","    83250000"," ","6","  47,2","      801875","       36669"," 89,90",
"22/07/2025  7:15:57,021","   175250000","ECUADOR TV","7"," 109,3","      156875","          62"," 81,70",
"22/07/2025  7:15:57,021","   181250000","CADENA ECUATORIANA DE TELEVISIO","8","  37,1","      999375","        2526"," 94,20",
"22/07/2025  7:15:57,021","   187250000","TELEVISION DEL PACIFICO","9","  38,7","      999375","        7442"," 96,30",
"22/07/2025  7:15:57,021","   193250000"," ","10","  42,0","      999375","       98948"," 94,00",
"22/07/2025  7:15:57,021","   199250000"," ","11","  40,0","      999375","      100081"," 88,40",
"22/07/2025  7:15:57,021","   205250000"," ","12","  35,7","      999375","        1533"," 95,00",
"22/07/2025  7:15:57,021","   211250000","TELEAMAZONAS","13","  93,0","       94375","          52"," 48,80",
"22/07/2025  7:15:57,021","   471250000"," ","14","  27,7","      999375","        3352"," 94,80",
"22/07/2025  7:15:57,021","   477250000"," ","15","  26,8","      999375","        5851"," 95,20",
"22/07/2025  7:15:57,021","   483250000"," ","16","  27,9","      999375","       -1190"," 93,00",
"22/07/2025  7:15:57,021","   513250000"," ","21","  27,1","      999375","        5525"," 94,90",
"22/07/2025  7:15:57,021","   519250000","UCSG TELEVISION","22","  26,7","      999375","        4416"," 96,60",
"22/07/2025  7:15:57,021","   525250000"," ","23","  27,6","      999375","        2648"," 93,10",
"22/07/2025  7:15:57,021","   531250000"," ","24","  27,0","      999375","        5502"," 94,10",
"22/07/2025  7:15:57,021","   537250000"," ","25","  26,8","      999375","         333"," 97,10",
"22/07/2025  7:15:57,021","   543250000","SONOVISIÓN TV","26","  28,2","      999375","        4231"," 96,70",
"22/07/2025  7:15:57,021","   549250000"," ","27","  28,1","      999375","        -959"," 94,70",
"22/07/2025  7:15:57,021","   555250000","DIGITAL TV","28","  31,1","      999375","        1879"," 94,80",
"22/07/2025  7:15:57,021","   561250000"," ","29","  27,5","      999375","       -1070"," 94,70",
"22/07/2025  7:15:57,021","   567250000","TV LEGISLATIVA NO AUTORIZADA","30","  31,6","      999375","       -4053"," 94,70",
"22/07/2025  7:15:57,021","   573250000"," ","31","  29,4","      999375","       -1382"," 95,30",
"22/07/2025  7:15:57,021","   579250000","TELEATAHUALPA (RTU)","32","  28,8","      999375","        3440"," 94,60",
"22/07/2025  7:15:57,021","   585250000"," ","33","  32,4","      999375","       -1000"," 96,80",
"22/07/2025  7:15:57,021","   591250000"," ","34","  28,3","      999375","        1593"," 94,20",
"22/07/2025  7:15:57,021","   597250000"," ","35","  29,7","      999375","        2073"," 96,70",
"22/07/2025  7:15:57,021","   603250000"," ","36","  29,0","      999375","        4145"," 94,30",
"22/07/2025  7:15:57,021","   615250000"," ","38","  28,6","      999375","        2189"," 95,40",
"22/07/2025  7:15:57,021","   621250000"," ","39","  29,1","      999375","        4777"," 93,60",
"22/07/2025  7:15:57,021","   627250000"," ","40","  29,5","      999375","       -2871"," 96,10",
"22/07/2025  7:15:57,021","   633250000"," ","41","  28,2","      999375","       36278"," 94,80",
"22/07/2025  7:15:57,021","   639250000"," ","42","  37,5","      999375","        1466"," 96,80",
"22/07/2025  7:15:57,021","   645250000"," ","43","  31,3","      999375","       -2703"," 95,60",
"22/07/2025  7:15:57,021","   651250000"," ","44","  27,8","      999375","        5154"," 95,00",
"22/07/2025  7:15:57,021","   657250000"," ","45","  30,0","      999375","        3456"," 96,90",
"22/07/2025  7:15:57,021","   663250000"," ","46","  27,3","      999375","        -368"," 90,40",
"22/07/2025  7:15:57,021","   669250000"," ","47","  29,7","      999375","        1466"," 96,60",
"22/07/2025  7:15:57,021","   675250000","EL CIUDADANO TV NO AUTORIZADA","48","  29,8","      999375","       -3785"," 96,70",
"22/07/2025  7:15:57,021","   681250000"," ","49","  28,4","      999375","         165"," 94,90",
"22/07/2025  7:15:57,021","   687250000"," ","50","  27,2","      999375","         697"," 93,70",
"22/07/2025  7:15:57,021","   693250000"," ","51","  30,6","      999375","         575"," 95,90",
"22/07/2025  7:16:50,485","    61250000","RED TELESISTEMA (R.T.S)","3","  87,3","      126250","        -444"," 45,60",
"22/07/2025  7:16:50,485","    67250000"," ","4","  50,6","      999375","       -1508"," 98,20",
"22/07/2025  7:16:50,485","    77250000"," ","5","  45,0","      855000","        2792"," 85,60",
"22/07/2025  7:16:50,485","    83250000"," ","6","  45,5","      768125","       32777"," 92,60",
"22/07/2025  7:16:50,485","   175250000","ECUADOR TV","7"," 109,2","      125625","          63"," 69,30",
"22/07/2025  7:16:50,485","   181250000","CADENA ECUATORIANA DE TELEVISIO","8","  45,8","      999375","       -2684"," 97,50",
"22/07/2025  7:16:50,485","   187250000","TELEVISION DEL PACIFICO","9","  37,0","      999375","        8444"," 97,00",
"22/07/2025  7:16:50,485","   193250000"," ","10","  41,3","      999375","       75896"," 96,80",
"22/07/2025  7:16:50,485","   199250000"," ","11","  40,3","      999375","      113245"," 94,40",
"22/07/2025  7:16:50,485","   205250000"," ","12","  34,3","      999375","       10349"," 91,20",
"22/07/2025  7:16:50,485","   211250000","TELEAMAZONAS","13","  93,1","      156875","        -154"," 49,60",
"22/07/2025  7:16:50,485","   471250000"," ","14","  28,6","      999375","        -881"," 93,50",
"22/07/2025  7:16:50,485","   477250000"," ","15","  27,7","      999375","        3123"," 95,70",
"22/07/2025  7:16:50,485","   483250000"," ","16","  29,3","      999375","        -713"," 97,40",
"22/07/2025  7:16:50,485","   513250000"," ","21","  26,7","      999375","         802"," 96,70",
"22/07/2025  7:16:50,485","   519250000","UCSG TELEVISION","22","  27,4","      999375","        3549"," 97,00",
"22/07/2025  7:16:50,485","   525250000"," ","23","  26,1","      999375","       -3757"," 96,10",
"22/07/2025  7:16:50,485","   531250000"," ","24","  26,9","      999375","        2676"," 95,70",
"22/07/2025  7:16:50,485","   537250000"," ","25","  28,4","      999375","       -4454"," 96,80",
"22/07/2025  7:16:50,485","   543250000","SONOVISIÓN TV","26","  28,4","      999375","       -2331"," 96,30",
"22/07/2025  7:16:50,485","   549250000"," ","27","  27,7","      999375","         252"," 94,90",
"22/07/2025  7:16:50,485","   555250000","DIGITAL TV","28","  30,8","      999375","         204"," 94,30",
"22/07/2025  7:16:50,485","   561250000"," ","29","  27,1","      999375","        1849"," 93,90",
"22/07/2025  7:16:50,485","   567250000","TV LEGISLATIVA NO AUTORIZADA","30","  30,6","      999375","       -6179"," 95,10",
"22/07/2025  7:16:50,485","   573250000"," ","31","  29,3","      999375","       -2040"," 96,40",
"22/07/2025  7:16:50,485","   579250000","TELEATAHUALPA (RTU)","32","  27,9","      999375","        3285"," 92,50",
"22/07/2025  7:16:50,485","   585250000"," ","33","  29,5","      999375","        4303"," 94,00",
"22/07/2025  7:16:50,485","   591250000"," ","34","  29,6","      999375","        2998"," 96,80",
"22/07/2025  7:16:50,485","   597250000"," ","35","  30,8","      999375","       -4352"," 97,00",
"22/07/2025  7:16:50,485","   603250000"," ","36","  29,1","      999375","        6913"," 93,00",
"22/07/2025  7:16:50,485","   615250000"," ","38","  28,8","      999375","        4877"," 94,50",
"22/07/2025  7:16:50,485","   621250000"," ","39","  29,2","      999375","       -1345"," 96,30",
"22/07/2025  7:16:50,485","   627250000"," ","40","  28,2","      999375","       -2451"," 95,60",
"22/07/2025  7:16:50,485","   633250000"," ","41","  29,1","      999375","       30682"," 93,80",
"22/07/2025  7:16:50,485","   639250000"," ","42","  41,2","      999375","       -1748"," 98,10",
"22/07/2025  7:16:50,485","   645250000"," ","43","  30,5","      999375","       -2539"," 94,60",
"22/07/2025  7:16:50,485","   651250000"," ","44","  27,4","      999375","        3391"," 94,50",
"22/07/2025  7:16:50,485","   657250000"," ","45","  28,3","      999375","       -2389"," 92,10",
"22/07/2025  7:16:50,485","   663250000"," ","46","  28,1","      999375","       -2388"," 94,40",
"22/07/2025  7:16:50,485","   669250000"," ","47","  28,9","      999375","        1065"," 95,40",
"22/07/2025  7:16:50,485","   675250000","EL CIUDADANO TV NO AUTORIZADA","48","  29,4","      999375","        -910"," 96,50",
"22/07/2025  7:16:50,485","   681250000"," ","49","  27,5","      999375","         765"," 96,80",
"22/07/2025  7:16:50,485","   687250000"," ","50","  27,4","      999375","        -143"," 95,60",
"22/07/2025  7:16:50,485","   693250000"," ","51","  28,5","      999375","        4710"," 95,30",
"22/07/2025  18:15:03,425","    61250000","RED TELESISTEMA (R.T.S)","3","  87,1","      125625","        -621"," 38,70",
"22/07/2025  18:15:03,425","    67250000"," ","4","  39,7","      999375","       -1774"," 96,20",
"22/07/2025  18:15:03,425","    77250000"," ","5","  42,5","      868750","       18452"," 71,00",
"22/07/2025  18:15:03,425","    83250000"," ","6","  42,4","      392500","       37852"," 77,30",
"22/07/2025  18:15:03,425","   175250000","ECUADOR TV","7"," 109,2","      156875","          63"," 88,70",
"22/07/2025  18:15:03,425","   181250000","CADENA ECUATORIANA DE TELEVISIO","8","  38,6","      999375","        -179"," 96,50",
"22/07/2025  18:15:03,425","   187250000","TELEVISION DEL PACIFICO","9","  38,5","      999375","        6810"," 96,60",
"22/07/2025  18:15:03,425","   193250000"," ","10","  40,6","      999375","       61895"," 95,00",
"22/07/2025  18:15:03,425","   199250000"," ","11","  38,4","      999375","       65246"," 94,00",
"22/07/2025  18:15:03,425","   205250000"," ","12","  34,6","      999375","        2627"," 95,20",
"22/07/2025  18:15:03,425","   211250000","TELEAMAZONAS","13","  93,1","      157500","          26"," 29,20",
"22/07/2025  18:15:03,425","   471250000"," ","14","  27,5","      999375","        4708"," 95,00",
"22/07/2025  18:15:03,425","   477250000"," ","15","  26,7","      999375","       -2217"," 94,20",
"22/07/2025  18:15:03,425","   483250000"," ","16","  27,7","      999375","        1509"," 90,90",
"22/07/2025  18:15:03,425","   513250000"," ","21","  26,2","      999375","         852"," 96,40",
"22/07/2025  18:15:03,425","   519250000","UCSG TELEVISION","22","  26,5","      999375","        2138"," 95,10",
"22/07/2025  18:15:03,425","   525250000"," ","23","  26,4","      999375","        1530"," 95,80",
"22/07/2025  18:15:03,425","   531250000"," ","24","  27,3","      999375","        1788"," 95,90",
"22/07/2025  18:15:03,425","   537250000"," ","25","  27,8","      999375","       -3036"," 96,70",
"22/07/2025  18:15:03,425","   543250000","SONOVISIÓN TV","26","  28,5","      999375","       -2319"," 96,20",
"22/07/2025  18:15:03,425","   549250000"," ","27","  40,2","      999375","         637"," 99,00",
"22/07/2025  18:15:03,425","   555250000","DIGITAL TV","28","  30,1","      999375","         256"," 96,00",
"22/07/2025  18:15:03,425","   561250000"," ","29","  28,3","      999375","         298"," 95,60",
"22/07/2025  18:15:03,425","   567250000","TV LEGISLATIVA NO AUTORIZADA","30","  30,8","      999375","       -6447"," 96,50",
"22/07/2025  18:15:03,425","   573250000"," ","31","  28,3","      999375","        1029"," 96,70",
"22/07/2025  18:15:03,425","   579250000","TELEATAHUALPA (RTU)","32","  31,1","      999375","       -2661"," 97,40",
"22/07/2025  18:15:03,425","   585250000"," ","33","  29,7","      999375","       -6883"," 93,90",
"22/07/2025  18:15:03,425","   591250000"," ","34","  30,0","      999375","        4335"," 95,60",
"22/07/2025  18:15:03,425","   597250000"," ","35","  28,7","      999375","        1559"," 93,40",
"22/07/2025  18:15:03,425","   603250000"," ","36","  30,3","      999375","       -1629"," 96,60",
"22/07/2025  18:15:03,425","   615250000"," ","38","  28,7","      999375","       -1279"," 93,80",
"22/07/2025  18:15:03,425","   621250000"," ","39","  28,5","      999375","        3376"," 93,90",
"22/07/2025  18:15:03,425","   627250000"," ","40","  29,4","      999375","        3808"," 96,30",
"22/07/2025  18:15:03,425","   633250000"," ","41","  29,5","      999375","       44924"," 94,10",
"22/07/2025  18:15:03,425","   639250000"," ","42","  42,2","      999375","         602"," 98,90",
"22/07/2025  18:15:03,425","   645250000"," ","43","  33,9","      999375","        1156"," 97,00",
"22/07/2025  18:15:03,425","   651250000"," ","44","  27,5","      999375","        4456"," 93,20",
"22/07/2025  18:15:03,425","   657250000"," ","45","  27,3","      999375","        1368"," 94,90",
"22/07/2025  18:15:03,425","   663250000"," ","46","  29,4","      999375","        6949"," 95,70",
"22/07/2025  18:15:03,425","   669250000"," ","47","  28,1","      999375","        -288"," 95,60",
"22/07/2025  18:15:03,425","   675250000","EL CIUDADANO TV NO AUTORIZADA","48","  30,6","      999375","        6603"," 94,90",
"22/07/2025  18:15:03,425","   681250000"," ","49","  28,0","      999375","       -2458"," 94,40",
"22/07/2025  18:15:03,425","   687250000"," ","50","  29,3","      999375","         906"," 95,00",
"22/07/2025  18:15:03,425","   693250000"," ","51","  30,5","      999375","        2821"," 96,10",
"22/07/2025  18:15:57,088","    61250000","RED TELESISTEMA (R.T.S)","3","  86,6","       94375","        -498"," 51,90",
"22/07/2025  18:15:57,088","    67250000"," ","4","  40,8","      999375","        2244"," 96,50",
"22/07/2025  18:15:57,088","    77250000"," ","5","  43,0","      870625","       15277"," 70,80",
"22/07/2025  18:15:57,088","    83250000"," ","6","  43,1","      498125","       57046"," 80,50",
"22/07/2025  18:15:57,088","   175250000","ECUADOR TV","7"," 109,0","      172500","          63"," 69,70",
"22/07/2025  18:15:57,088","   181250000","CADENA ECUATORIANA DE TELEVISIO","8","  37,6","      999375","       -9303"," 94,90",
"22/07/2025  18:15:57,088","   187250000","TELEVISION DEL PACIFICO","9","  35,7","      999375","        3623"," 94,60",
"22/07/2025  18:15:57,088","   193250000"," ","10","  41,8","      999375","       93999"," 91,00",
"22/07/2025  18:15:57,088","   199250000"," ","11","  39,5","      999375","       68939"," 95,60",
"22/07/2025  18:15:57,088","   205250000"," ","12","  33,0","      999375","        4379"," 94,90",
"22/07/2025  18:15:57,088","   211250000","TELEAMAZONAS","13","  93,3","      126250","         276"," 63,60",
"22/07/2025  18:15:57,088","   471250000"," ","14","  26,4","      999375","       -1058"," 92,60",
"22/07/2025  18:15:57,088","   477250000"," ","15","  27,4","      999375","        1120"," 95,20",
"22/07/2025  18:15:57,088","   483250000"," ","16","  27,0","      999375","         259"," 95,40",
"22/07/2025  18:15:57,088","   513250000"," ","21","  27,2","      999375","       -2882"," 96,50",
"22/07/2025  18:15:57,088","   519250000","UCSG TELEVISION","22","  26,8","      999375","         757"," 93,90",
"22/07/2025  18:15:57,088","   525250000"," ","23","  27,6","      999375","        -255"," 96,50",
"22/07/2025  18:15:57,088","   531250000"," ","24","  26,7","      999375","        1719"," 95,70",
"22/07/2025  18:15:57,088","   537250000"," ","25","  27,7","      999375","       -1109"," 95,50",
"22/07/2025  18:15:57,088","   543250000","SONOVISIÓN TV","26","  28,8","      999375","         125"," 94,60",
"22/07/2025  18:15:57,088","   549250000"," ","27","  26,3","      999375","        1186"," 91,90",
"22/07/2025  18:15:57,088","   555250000","DIGITAL TV","28","  29,3","      999375","        2073"," 96,40",
"22/07/2025  18:15:57,088","   561250000"," ","29","  28,3","      999375","         566"," 96,00",
"22/07/2025  18:15:57,088","   567250000","TV LEGISLATIVA NO AUTORIZADA","30","  30,7","      999375","      -10203"," 96,20",
"22/07/2025  18:15:57,088","   573250000"," ","31","  28,0","      999375","        1035"," 93,70",
"22/07/2025  18:15:57,088","   579250000","TELEATAHUALPA (RTU)","32","  29,5","      999375","         647"," 94,70",
"22/07/2025  18:15:57,088","   585250000"," ","33","  28,6","      999375","        1782"," 95,50",
"22/07/2025  18:15:57,088","   591250000"," ","34","  30,4","      999375","        5950"," 97,00",
"22/07/2025  18:15:57,088","   597250000"," ","35","  30,6","      999375","        -106"," 95,60",
"22/07/2025  18:15:57,088","   603250000"," ","36","  29,9","      999375","        3417"," 96,90",
"22/07/2025  18:15:57,088","   615250000"," ","38","  29,7","      999375","       13382"," 97,20",
"22/07/2025  18:15:57,088","   621250000"," ","39","  30,5","      999375","        4474"," 94,90",
"22/07/2025  18:15:57,088","   627250000"," ","40","  28,6","      999375","       -1691"," 97,10",
"22/07/2025  18:15:57,088","   633250000"," ","41","  30,2","      999375","       38603"," 94,60",
"22/07/2025  18:15:57,088","   639250000"," ","42","  38,1","      999375","        1802"," 97,10",
"22/07/2025  18:15:57,088","   645250000"," ","43","  32,6","      999375","         378"," 96,20",
"22/07/2025  18:15:57,088","   651250000"," ","44","  27,1","      999375","        2438"," 94,30",
"22/07/2025  18:15:57,088","   657250000"," ","45","  28,7","      999375","        -668"," 94,40",
"22/07/2025  18:15:57,088","   663250000"," ","46","  27,9","      999375","        2023"," 96,00",
"22/07/2025  18:15:57,088","   669250000"," ","47","  27,5","      999375","       -1669"," 96,00",
"22/07/2025  18:15:57,088","   675250000","EL CIUDADANO TV NO AUTORIZADA","48","  28,7","      999375","         -58"," 94,50",
"22/07/2025  18:15:57,088","   681250000"," ","49","  28,7","      999375","       -2898"," 94,70",
"22/07/2025  18:15:57,088","   687250000"," ","50","  27,9","      999375","        -528"," 95,90",
"22/07/2025  18:15:57,088","   693250000"," ","51","  32,8","      999375","        3680"," 96,20",
"22/07/2025  18:16:50,336","    61250000","RED TELESISTEMA (R.T.S)","3","  86,9","      126250","        -559"," 51,10",
"22/07/2025  18:16:50,336","    67250000"," ","4","  38,6","      999375","         776"," 95,60",
"22/07/2025  18:16:50,336","    77250000"," ","5","  42,3","      848750","       -4817"," 77,50",
"22/07/2025  18:16:50,336","    83250000"," ","6","  41,9","      818750","       67105"," 69,20",
"22/07/2025  18:16:50,336","   175250000","ECUADOR TV","7"," 108,6","      125625","          62"," 73,20",
"22/07/2025  18:16:50,336","   181250000","CADENA ECUATORIANA DE TELEVISIO","8","  37,4","      999375","       11637"," 96,70",
"22/07/2025  18:16:50,336","   187250000","TELEVISION DEL PACIFICO","9","  36,8","      999375","        3653"," 96,90",
"22/07/2025  18:16:50,336","   193250000"," ","10","  42,1","      999375","       68614"," 92,60",
"22/07/2025  18:16:50,336","   199250000"," ","11","  38,9","      999375","       61083"," 94,80",
"22/07/2025  18:16:50,336","   205250000"," ","12","  34,1","      999375","        7886"," 93,80",
"22/07/2025  18:16:50,336","   211250000","TELEAMAZONAS","13","  93,3","       63125","         282"," 63,10",
"22/07/2025  18:16:50,336","   471250000"," ","14","  27,3","      999375","        4906"," 93,70",
"22/07/2025  18:16:50,336","   477250000"," ","15","  28,5","      999375","       -1042"," 94,80",
"22/07/2025  18:16:50,336","   483250000"," ","16","  27,4","      999375","        1053"," 95,30",
"22/07/2025  18:16:50,336","   513250000"," ","21","  25,8","      999375","        -900"," 94,20",
"22/07/2025  18:16:50,336","   519250000","UCSG TELEVISION","22","  27,8","      999375","       -4797"," 95,50",
"22/07/2025  18:16:50,336","   525250000"," ","23","  27,5","      999375","        5269"," 95,20",
"22/07/2025  18:16:50,336","   531250000"," ","24","  26,8","      999375","       -1071"," 96,40",
"22/07/2025  18:16:50,336","   537250000"," ","25","  27,8","      999375","        -944"," 96,90",
"22/07/2025  18:16:50,336","   543250000","SONOVISIÓN TV","26","  30,0","      999375","        2806"," 94,80",
"22/07/2025  18:16:50,336","   549250000"," ","27","  27,3","      999375","       -2130"," 97,10",
"22/07/2025  18:16:50,336","   555250000","DIGITAL TV","28","  29,5","      999375","        2682"," 96,40",
"22/07/2025  18:16:50,336","   561250000"," ","29","  28,9","      999375","        4686"," 94,30",
"22/07/2025  18:16:50,336","   567250000","TV LEGISLATIVA NO AUTORIZADA","30","  31,8","      999375","       -4780"," 95,30",
"22/07/2025  18:16:50,336","   573250000"," ","31","  29,1","      999375","        -890"," 97,00",
"22/07/2025  18:16:50,336","   579250000","TELEATAHUALPA (RTU)","32","  28,5","      999375","        4154"," 94,50",
"22/07/2025  18:16:50,336","   585250000"," ","33","  30,9","      999375","        2336"," 97,20",
"22/07/2025  18:16:50,336","   591250000"," ","34","  27,8","      999375","        -861"," 92,90",
"22/07/2025  18:16:50,336","   597250000"," ","35","  28,3","      999375","        4804"," 96,50",
"22/07/2025  18:16:50,336","   603250000"," ","36","  30,1","      999375","        -725"," 94,70",
"22/07/2025  18:16:50,336","   615250000"," ","38","  27,7","      999375","        -712"," 91,80",
"22/07/2025  18:16:50,336","   621250000"," ","39","  29,7","      999375","        1386"," 95,70",
"22/07/2025  18:16:50,336","   627250000"," ","40","  28,8","      999375","       -3004"," 96,30",
"22/07/2025  18:16:50,336","   633250000"," ","41","  29,7","      999375","       39420"," 97,00",
"22/07/2025  18:16:50,336","   639250000"," ","42","  38,1","      999375","          49"," 98,70",
"22/07/2025  18:16:50,336","   645250000"," ","43","  33,0","      999375","       -5051"," 96,00",
"22/07/2025  18:16:50,336","   651250000"," ","44","  28,6","      999375","        6545"," 94,50",
"22/07/2025  18:16:50,336","   657250000"," ","45","  26,5","      999375","        2596"," 94,90",
"22/07/2025  18:16:50,336","   663250000"," ","46","  29,2","      220625","        2012"," 96,50",
"22/07/2025  18:16:50,336","   669250000"," ","47","  29,2","      999375","       -1728"," 95,50",
"22/07/2025  18:16:50,336","   675250000","EL CIUDADANO TV NO AUTORIZADA","48","  28,8","      999375","       -4321"," 96,60",
"22/07/2025  18:16:50,336","   681250000"," ","49","  28,9","      999375","       -1645"," 97,10",
"22/07/2025  18:16:50,336","   687250000"," ","50","  28,0","      999375","         687"," 93,70",
"22/07/2025  18:16:50,336","   693250000"," ","51","  29,4","      999375","        2180"," 95,60",
"23/07/2025  7:15:03,544","    61250000","RED TELESISTEMA (R.T.S)","3","  87,8","      126250","        -407"," 59,60",
"23/07/2025  7:15:03,544","    67250000"," ","4","  46,3","      999375","         577"," 96,10",
"23/07/2025  7:15:03,544","    77250000"," ","5","  45,8","      999375","        -573"," 85,90",
"23/07/2025  7:15:03,544","    83250000"," ","6","  46,0","      977500","       48273"," 64,70",
"23/07/2025  7:15:03,544","   175250000","ECUADOR TV","7"," 108,5","      125625","          63"," 71,70",
"23/07/2025  7:15:03,544","   181250000","CADENA ECUATORIANA DE TELEVISIO","8","  44,5","      999375","      -25187"," 94,90",
"23/07/2025  7:15:03,544","   187250000","TELEVISION DEL PACIFICO","9","  41,2","      999375","       11114"," 97,70",
"23/07/2025  7:15:03,544","   193250000"," ","10","  39,2","      999375","       85273"," 95,50",
"23/07/2025  7:15:03,544","   199250000"," ","11","  39,9","      999375","       77534"," 93,10",
"23/07/2025  7:15:03,544","   205250000"," ","12","  53,5","      999375","       10255"," 99,50",
"23/07/2025  7:15:03,544","   211250000","TELEAMAZONAS","13","  93,4","      125625","          79"," 44,80",
"23/07/2025  7:15:03,544","   471250000"," ","14","  27,3","      999375","        1053"," 95,20",
"23/07/2025  7:15:03,544","   477250000"," ","15","  28,7","      999375","        3387"," 94,90",
"23/07/2025  7:15:03,544","   483250000"," ","16","  27,2","      999375","       -3287"," 96,40",
"23/07/2025  7:15:03,544","   513250000"," ","21","  27,3","      999375","        -605"," 96,50",
"23/07/2025  7:15:03,544","   519250000","UCSG TELEVISION","22","  27,8","      999375","         344"," 96,40",
"23/07/2025  7:15:03,544","   525250000"," ","23","  27,2","      999375","       -4024"," 97,20",
"23/07/2025  7:15:03,544","   531250000"," ","24","  28,1","      999375","         588"," 95,90",
"23/07/2025  7:15:03,544","   537250000"," ","25","  29,7","      999375","        -225"," 96,50",
"23/07/2025  7:15:03,544","   543250000","SONOVISIÓN TV","26","  27,6","      999375","        3586"," 95,50",
"23/07/2025  7:15:03,544","   549250000"," ","27","  27,3","      999375","       -1498"," 94,70",
"23/07/2025  7:15:03,544","   555250000","DIGITAL TV","28","  33,7","      999375","        1440"," 97,90",
"23/07/2025  7:15:03,544","   561250000"," ","29","  28,0","      999375","       -1566"," 95,50",
"23/07/2025  7:15:03,544","   567250000","TV LEGISLATIVA NO AUTORIZADA","30","  30,5","      999375","       -5633"," 96,10",
"23/07/2025  7:15:03,544","   573250000"," ","31","  29,6","      999375","        5158"," 93,90",
"23/07/2025  7:15:03,544","   579250000","TELEATAHUALPA (RTU)","32","  30,7","      999375","      -17511"," 93,90",
"23/07/2025  7:15:03,544","   585250000"," ","33","  28,2","      999375","       -1670"," 93,60",
"23/07/2025  7:15:03,544","   591250000"," ","34","  29,3","      999375","        -133"," 96,70",
"23/07/2025  7:15:03,544","   597250000"," ","35","  30,4","      999375","       -1087"," 96,00",
"23/07/2025  7:15:03,544","   603250000"," ","36","  43,3","      999375","        -406"," 99,10",
"23/07/2025  7:15:03,544","   615250000"," ","38","  43,9","      999375","         146"," 98,40",
"23/07/2025  7:15:03,544","   621250000"," ","39","  28,6","      999375","        2458"," 95,20",
"23/07/2025  7:15:03,544","   627250000"," ","40","  28,2","      999375","       -1064"," 92,10",
"23/07/2025  7:15:03,544","   633250000"," ","41","  28,2","      999375","       37326"," 92,40",
"23/07/2025  7:15:03,544","   639250000"," ","42","  35,5","      999375","        5525"," 95,60",
"23/07/2025  7:15:03,544","   645250000"," ","43","  30,6","      999375","        2001"," 97,50",
"23/07/2025  7:15:03,544","   651250000"," ","44","  28,2","      999375","        2310"," 95,60",
"23/07/2025  7:15:03,544","   657250000"," ","45","  26,4","      999375","         297"," 91,40",
"23/07/2025  7:15:03,544","   663250000"," ","46","  28,1","      999375","       -4336"," 93,40",
"23/07/2025  7:15:03,544","   669250000"," ","47","  27,6","      999375","         249"," 95,40",
"23/07/2025  7:15:03,544","   675250000","EL CIUDADANO TV NO AUTORIZADA","48","  31,7","      999375","       -2459"," 98,50",
"23/07/2025  7:15:03,544","   681250000"," ","49","  35,1","      999375","        2433"," 98,00",
"23/07/2025  7:15:03,544","   687250000"," ","50","  26,9","      999375","       -2823"," 94,40",
"23/07/2025  7:15:03,544","   693250000"," ","51","  27,6","      999375","        4228"," 93,80",
"23/07/2025  7:15:57,188","    61250000","RED TELESISTEMA (R.T.S)","3","  87,5","      141250","        -423"," 61,50",
"23/07/2025  7:15:57,188","    67250000"," ","4","  43,0","      999375","       -2645"," 96,80",
"23/07/2025  7:15:57,188","    77250000"," ","5","  45,7","      999375","          59"," 78,70",
"23/07/2025  7:15:57,188","    83250000"," ","6","  46,9","      430000","       61386"," 78,00",
"23/07/2025  7:15:57,188","   175250000","ECUADOR TV","7"," 108,3","      188125","          63"," 62,40",
"23/07/2025  7:15:57,188","   181250000","CADENA ECUATORIANA DE TELEVISIO","8","  44,5","      999375","      -31925"," 95,60",
"23/07/2025  7:15:57,188","   187250000","TELEVISION DEL PACIFICO","9","  38,2","      999375","        9789"," 93,10",
"23/07/2025  7:15:57,188","   193250000"," ","10","  41,0","      999375","       85278"," 95,80",
"23/07/2025  7:15:57,188","   199250000"," ","11","  39,2","      999375","      107434"," 90,00",
"23/07/2025  7:15:57,188","   205250000"," ","12","  34,2","      999375","       10013"," 95,80",
"23/07/2025  7:15:57,188","   211250000","TELEAMAZONAS","13","  93,6","       94375","        -146"," 51,70",
"23/07/2025  7:15:57,188","   471250000"," ","14","  27,6","      999375","        3820"," 94,00",
"23/07/2025  7:15:57,188","   477250000"," ","15","  27,3","      999375","        1969"," 96,70",
"23/07/2025  7:15:57,188","   483250000"," ","16","  28,1","      999375","        2407"," 95,80",
"23/07/2025  7:15:57,188","   513250000"," ","21","  32,2","      999375","        1124"," 97,10",
"23/07/2025  7:15:57,188","   519250000","UCSG TELEVISION","22","  27,1","      999375","        -599"," 94,40",
"23/07/2025  7:15:57,188","   525250000"," ","23","  27,4","      999375","        1588"," 95,00",
"23/07/2025  7:15:57,188","   531250000"," ","24","  27,3","      999375","        -559"," 96,90",
"23/07/2025  7:15:57,188","   537250000"," ","25","  27,6","      999375","        5088"," 95,90",
"23/07/2025  7:15:57,188","   543250000","SONOVISIÓN TV","26","  28,3","      999375","        2742"," 93,90",
"23/07/2025  7:15:57,188","   549250000"," ","27","  29,2","      999375","       -1021"," 95,40",
"23/07/2025  7:15:57,188","   555250000","DIGITAL TV","28","  31,4","      999375","        3362"," 96,40",
"23/07/2025  7:15:57,188","   561250000"," ","29","  27,7","      999375","        1687"," 95,60",
"23/07/2025  7:15:57,188","   567250000","TV LEGISLATIVA NO AUTORIZADA","30","  31,7","      999375","       -8729"," 96,50",
"23/07/2025  7:15:57,188","   573250000"," ","31","  28,6","      999375","       -2443"," 96,80",
"23/07/2025  7:15:57,188","   579250000","TELEATAHUALPA (RTU)","32","  32,4","      999375","        -568"," 95,70",
"23/07/2025  7:15:57,188","   585250000"," ","33","  28,7","      999375","        2844"," 94,30",
"23/07/2025  7:15:57,188","   591250000"," ","34","  29,7","      999375","        2521"," 96,50",
"23/07/2025  7:15:57,188","   597250000"," ","35","  28,3","      999375","       -1419"," 93,60",
"23/07/2025  7:15:57,188","   603250000"," ","36","  29,1","      999375","       -2797"," 93,20",
"23/07/2025  7:15:57,188","   615250000"," ","38","  28,9","      999375","       -1474"," 96,20",
"23/07/2025  7:15:57,188","   621250000"," ","39","  29,4","      999375","        -892"," 94,80",
"23/07/2025  7:15:57,188","   627250000"," ","40","  29,6","      999375","       -2409"," 95,80",
"23/07/2025  7:15:57,188","   633250000"," ","41","  29,9","      999375","       36722"," 93,10",
"23/07/2025  7:15:57,188","   639250000"," ","42","  38,1","      999375","       -3628"," 98,10",
"23/07/2025  7:15:57,188","   645250000"," ","43","  31,0","      999375","        2501"," 92,70",
"23/07/2025  7:15:57,188","   651250000"," ","44","  27,2","      999375","        2676"," 93,10",
"23/07/2025  7:15:57,188","   657250000"," ","45","  29,4","      999375","        1233"," 93,90",
"23/07/2025  7:15:57,188","   663250000"," ","46","  28,7","      999375","        2408"," 93,40",
"23/07/2025  7:15:57,188","   669250000"," ","47","  26,6","      999375","        1104"," 97,70",
"23/07/2025  7:15:57,188","   675250000","EL CIUDADANO TV NO AUTORIZADA","48","  29,1","      999375","       -2419"," 97,40",
"23/07/2025  7:15:57,188","   681250000"," ","49","  27,3","      999375","       -1639"," 94,80",
"23/07/2025  7:15:57,188","   687250000"," ","50","  27,1","      999375","        1469"," 94,00",
"23/07/2025  7:15:57,188","   693250000"," ","51","  27,1","      999375","        1110"," 95,30",
"23/07/2025  7:16:50,431","    61250000","RED TELESISTEMA (R.T.S)","3","  87,8","      141250","        -380"," 60,10",
"23/07/2025  7:16:50,431","    67250000"," ","4","  62,1","      999375","       -1212"," 99,40",
"23/07/2025  7:16:50,431","    77250000"," ","5","  49,1","      999375","        -792"," 88,00",
"23/07/2025  7:16:50,431","    83250000"," ","6","  48,6","      996875","       48436"," 89,90",
"23/07/2025  7:16:50,431","   175250000","ECUADOR TV","7"," 108,6","      125625","          62"," 67,70",
"23/07/2025  7:16:50,431","   181250000","CADENA ECUATORIANA DE TELEVISIO","8","  44,3","      999375","      -32239"," 95,80",
"23/07/2025  7:16:50,431","   187250000","TELEVISION DEL PACIFICO","9","  38,6","      999375","        9020"," 96,30",
"23/07/2025  7:16:50,431","   193250000"," ","10","  39,4","      999375","       81985"," 94,50",
"23/07/2025  7:16:50,431","   199250000"," ","11","  40,3","      999375","       83770"," 95,90",
"23/07/2025  7:16:50,431","   205250000"," ","12","  37,2","      999375","       10450"," 98,30",
"23/07/2025  7:16:50,431","   211250000","TELEAMAZONAS","13","  93,5","      125625","        -140"," 43,30",
"23/07/2025  7:16:50,431","   471250000"," ","14","  34,5","      999375","         -30"," 97,90",
"23/07/2025  7:16:50,431","   477250000"," ","15","  31,8","      999375","       -3290"," 95,00",
"23/07/2025  7:16:50,431","   483250000"," ","16","  27,0","      999375","       -3174"," 94,00",
"23/07/2025  7:16:50,431","   513250000"," ","21","  27,8","      999375","       -2968"," 95,70",
"23/07/2025  7:16:50,431","   519250000","UCSG TELEVISION","22","  27,7","      999375","       -1961"," 96,40",
"23/07/2025  7:16:50,431","   525250000"," ","23","  26,6","      999375","        1516"," 95,00",
"23/07/2025  7:16:50,431","   531250000"," ","24","  27,5","      999375","        3335"," 90,60",
"23/07/2025  7:16:50,431","   537250000"," ","25","  27,2","      999375","        2040"," 93,40",
"23/07/2025  7:16:50,431","   543250000","SONOVISIÓN TV","26","  28,8","      999375","        3996"," 94,30",
"23/07/2025  7:16:50,431","   549250000"," ","27","  27,4","      999375","       -4167"," 95,70",
"23/07/2025  7:16:50,431","   555250000","DIGITAL TV","28","  33,0","      999375","       -4175"," 97,40",
"23/07/2025  7:16:50,431","   561250000"," ","29","  28,2","      999375","         671"," 95,00",
"23/07/2025  7:16:50,431","   567250000","TV LEGISLATIVA NO AUTORIZADA","30","  31,9","      999375","      -11277"," 94,10",
"23/07/2025  7:16:50,431","   573250000"," ","31","  36,0","      999375","       -2623"," 98,20",
"23/07/2025  7:16:50,431","   579250000","TELEATAHUALPA (RTU)","32","  43,3","      999375","        -612"," 99,40",
"23/07/2025  7:16:50,431","   585250000"," ","33","  35,2","      999375","        1871"," 98,00",
"23/07/2025  7:16:50,431","   591250000"," ","34","  28,9","      999375","        8019"," 95,40",
"23/07/2025  7:16:50,431","   597250000"," ","35","  29,6","      999375","         306"," 92,20",
"23/07/2025  7:16:50,431","   603250000"," ","36","  34,3","      999375","        4645"," 97,70",
"23/07/2025  7:16:50,431","   615250000"," ","38","  30,7","      999375","        3225"," 94,70",
"23/07/2025  7:16:50,431","   621250000"," ","39","  29,2","      999375","        2938"," 96,30",
"23/07/2025  7:16:50,431","   627250000"," ","40","  27,6","      999375","       -2207"," 93,70",
"23/07/2025  7:16:50,431","   633250000"," ","41","  29,6","      999375","       39889"," 95,50",
"23/07/2025  7:16:50,431","   639250000"," ","42","  37,3","      999375","       -5130"," 98,30",
"23/07/2025  7:16:50,431","   645250000"," ","43","  33,2","      999375","        2089"," 95,80",
"23/07/2025  7:16:50,431","   651250000"," ","44","  27,1","      999375","        2315"," 96,90",
"23/07/2025  7:16:50,431","   657250000"," ","45","  43,7","      999375","        -237"," 99,50",
"23/07/2025  7:16:50,431","   663250000"," ","46","  29,8","      999375","       -4271"," 95,80",
"23/07/2025  7:16:50,431","   669250000"," ","47","  26,9","      999375","       -1543"," 92,20",
"23/07/2025  7:16:50,431","   675250000","EL CIUDADANO TV NO AUTORIZADA","48","  30,3","      999375","       -3811"," 95,30",
"23/07/2025  7:16:50,431","   681250000"," ","49","  28,1","      999375","       -2036"," 95,50",
"23/07/2025  7:16:50,431","   687250000"," ","50","  27,3","      999375","       -1841"," 92,50",
"23/07/2025  7:16:50,431","   693250000"," ","51","  31,2","      999375","        5099"," 94,50",
"23/07/2025  18:15:03,409","    61250000","RED TELESISTEMA (R.T.S)","3","  86,9","      125625","        -505"," 53,20",
"23/07/2025  18:15:03,409","    67250000"," ","4","  41,8","      999375","       -1719"," 94,50",
"23/07/2025  18:15:03,409","    77250000"," ","5","  43,0","      887500","      -10276"," 71,80",
"23/07/2025  18:15:03,409","    83250000"," ","6","  43,0","      904375","       63409"," 62,80",
"23/07/2025  18:15:03,409","   175250000","ECUADOR TV","7"," 109,0","      157500","          63"," 68,80",
"23/07/2025  18:15:03,409","   181250000","CADENA ECUATORIANA DE TELEVISIO","8","  36,3","      999375","         632"," 96,50",
"23/07/2025  18:15:03,409","   187250000","TELEVISION DEL PACIFICO","9","  37,8","      999375","        7948"," 97,60",
"23/07/2025  18:15:03,409","   193250000"," ","10","  38,7","      999375","       84773"," 93,80",
"23/07/2025  18:15:03,409","   199250000"," ","11","  38,9","      999375","       53892"," 96,20",
"23/07/2025  18:15:03,409","   205250000"," ","12","  35,8","      999375","       -8513"," 96,60",
"23/07/2025  18:15:03,409","   211250000","TELEAMAZONAS","13","  93,4","      188125","         383"," 65,70",
"23/07/2025  18:15:03,409","   471250000"," ","14","  25,6","      999375","        1783"," 94,40",
"23/07/2025  18:15:03,409","   477250000"," ","15","  27,1","      999375","       -2068"," 96,10",
"23/07/2025  18:15:03,409","   483250000"," ","16","  27,2","      999375","         510"," 96,90",
"23/07/2025  18:15:03,409","   513250000"," ","21","  27,5","      999375","       -2278"," 97,20",
"23/07/2025  18:15:03,409","   519250000","UCSG TELEVISION","22","  26,3","      999375","        2556"," 95,10",
"23/07/2025  18:15:03,409","   525250000"," ","23","  28,3","      999375","       -1174"," 97,40",
"23/07/2025  18:15:03,409","   531250000"," ","24","  28,1","      999375","       -1211"," 96,00",
"23/07/2025  18:15:03,409","   537250000"," ","25","  28,3","      999375","       -2251"," 95,80",
"23/07/2025  18:15:03,409","   543250000","SONOVISIÓN TV","26","  28,1","      999375","        2410"," 96,30",
"23/07/2025  18:15:03,409","   549250000"," ","27","  27,9","      999375","         152"," 95,00",
"23/07/2025  18:15:03,409","   555250000","DIGITAL TV","28","  29,6","      999375","        3233"," 93,10",
"23/07/2025  18:15:03,409","   561250000"," ","29","  32,8","      999375","       -2024"," 95,20",
"23/07/2025  18:15:03,409","   567250000","TV LEGISLATIVA NO AUTORIZADA","30","  29,9","      999375","       -5739"," 95,70",
"23/07/2025  18:15:03,409","   573250000"," ","31","  28,7","      999375","        2073"," 93,00",
"23/07/2025  18:15:03,409","   579250000","TELEATAHUALPA (RTU)","32","  28,4","      999375","        -735"," 95,00",
"23/07/2025  18:15:03,409","   585250000"," ","33","  29,5","      999375","        1111"," 94,30",
"23/07/2025  18:15:03,409","   591250000"," ","34","  29,4","      999375","        2451"," 95,60",
"23/07/2025  18:15:03,409","   597250000"," ","35","  30,4","      999375","        1861"," 93,10",
"23/07/2025  18:15:03,409","   603250000"," ","36","  27,8","      999375","       -1769"," 95,00",
"23/07/2025  18:15:03,409","   615250000"," ","38","  29,9","      999375","        5237"," 96,90",
"23/07/2025  18:15:03,409","   621250000"," ","39","  28,7","      999375","        -641"," 94,50",
"23/07/2025  18:15:03,409","   627250000"," ","40","  28,0","      999375","        3892"," 93,80",
"23/07/2025  18:15:03,409","   633250000"," ","41","  28,9","      999375","       31925"," 94,70",
"23/07/2025  18:15:03,409","   639250000"," ","42","  35,4","      999375","        -460"," 97,00",
"23/07/2025  18:15:03,409","   645250000"," ","43","  32,7","      999375","          79"," 97,50",
"23/07/2025  18:15:03,409","   651250000"," ","44","  32,9","      999375","        6254"," 98,20",
"23/07/2025  18:15:03,409","   657250000"," ","45","  28,4","      999375","         -39"," 94,40",
"23/07/2025  18:15:03,409","   663250000"," ","46","  28,9","      999375","       -1732"," 94,90",
"23/07/2025  18:15:03,409","   669250000"," ","47","  30,4","      999375","         528"," 95,20",
"23/07/2025  18:15:03,409","   675250000","EL CIUDADANO TV NO AUTORIZADA","48","  31,1","      999375","         -82"," 94,90",
"23/07/2025  18:15:03,409","   681250000"," ","49","  27,6","      999375","        -283"," 94,60",
"23/07/2025  18:15:03,409","   687250000"," ","50","  27,8","      999375","       -1423"," 94,90",
"23/07/2025  18:15:03,409","   693250000"," ","51","  30,1","      999375","        3743"," 95,80",
"23/07/2025  18:15:57,071","    61250000","RED TELESISTEMA (R.T.S)","3","  87,2","      156875","        -645"," 58,30",
"23/07/2025  18:15:57,071","    67250000"," ","4","  45,6","      999375","       -1557"," 97,30",
"23/07/2025  18:15:57,071","    77250000"," ","5","  60,5","      993750","       14886"," 96,60",
"23/07/2025  18:15:57,071","    83250000"," ","6","  43,3","      480000","       48982"," 79,50",
"23/07/2025  18:15:57,071","   175250000","ECUADOR TV","7"," 109,3","      157500","          62"," 90,30",
"23/07/2025  18:15:57,071","   181250000","CADENA ECUATORIANA DE TELEVISIO","8","  38,2","      999375","       -8228"," 94,70",
"23/07/2025  18:15:57,071","   187250000","TELEVISION DEL PACIFICO","9","  37,2","      999375","        7675"," 95,50",
"23/07/2025  18:15:57,071","   193250000"," ","10","  39,9","      999375","       81801"," 94,90",
"23/07/2025  18:15:57,071","   199250000"," ","11","  38,9","      999375","       39283"," 96,90",
"23/07/2025  18:15:57,071","   205250000"," ","12","  39,1","      999375","         209"," 97,50",
"23/07/2025  18:15:57,071","   211250000","TELEAMAZONAS","13","  93,1","      173125","         219"," 55,50",
"23/07/2025  18:15:57,071","   471250000"," ","14","  58,7","      999375","        3076"," 99,80",
"23/07/2025  18:15:57,071","   477250000"," ","15","  25,7","      999375","         537"," 96,20",
"23/07/2025  18:15:57,071","   483250000"," ","16","  26,9","      999375","       -1179"," 90,80",
"23/07/2025  18:15:57,071","   513250000"," ","21","  26,9","      998750","        5223"," 95,80",
"23/07/2025  18:15:57,071","   519250000","UCSG TELEVISION","22","  25,8","      999375","         942"," 92,10",
"23/07/2025  18:15:57,071","   525250000"," ","23","  30,3","      999375","        -421"," 97,90",
"23/07/2025  18:15:57,071","   531250000"," ","24","  27,0","      999375","        -541"," 96,90",
"23/07/2025  18:15:57,071","   537250000"," ","25","  27,5","      999375","        2983"," 95,20",
"23/07/2025  18:15:57,071","   543250000","SONOVISIÓN TV","26","  27,5","      999375","        1780"," 97,10",
"23/07/2025  18:15:57,071","   549250000"," ","27","  28,4","      999375","       -2033"," 95,40",
"23/07/2025  18:15:57,071","   555250000","DIGITAL TV","28","  29,3","      999375","        1167"," 95,90",
"23/07/2025  18:15:57,071","   561250000"," ","29","  28,8","      999375","        1404"," 96,50",
"23/07/2025  18:15:57,071","   567250000","TV LEGISLATIVA NO AUTORIZADA","30","  30,2","      999375","       -4526"," 95,40",
"23/07/2025  18:15:57,071","   573250000"," ","31","  28,4","      999375","         610"," 94,90",
"23/07/2025  18:15:57,071","   579250000","TELEATAHUALPA (RTU)","32","  28,8","      999375","        3298"," 97,30",
"23/07/2025  18:15:57,071","   585250000"," ","33","  29,1","      999375","        -786"," 93,80",
"23/07/2025  18:15:57,071","   591250000"," ","34","  29,5","      999375","        3199"," 93,50",
"23/07/2025  18:15:57,071","   597250000"," ","35","  28,9","      999375","        1740"," 92,50",
"23/07/2025  18:15:57,071","   603250000"," ","36","  29,7","      999375","       -1910"," 94,10",
"23/07/2025  18:15:57,071","   615250000"," ","38","  36,8","      999375","       -4099"," 98,60",
"23/07/2025  18:15:57,071","   621250000"," ","39","  27,2","      999375","        1691"," 94,20",
"23/07/2025  18:15:57,071","   627250000"," ","40","  29,0","      999375","        -991"," 95,90",
"23/07/2025  18:15:57,071","   633250000"," ","41","  27,4","      999375","       23892"," 95,50",
"23/07/2025  18:15:57,071","   639250000"," ","42","  37,4","      999375","         246"," 98,20",
"23/07/2025  18:15:57,071","   645250000"," ","43","  31,4","      999375","         587"," 95,60",
"23/07/2025  18:15:57,071","   651250000"," ","44","  27,6","      999375","       -2355"," 94,60",
"23/07/2025  18:15:57,071","   657250000"," ","45","  27,8","      999375","        4624"," 95,10",
"23/07/2025  18:15:57,071","   663250000"," ","46","  28,6","      999375","       -1840"," 95,80",
"23/07/2025  18:15:57,071","   669250000"," ","47","  38,4","      999375","       -2804"," 97,70",
"23/07/2025  18:15:57,071","   675250000","EL CIUDADANO TV NO AUTORIZADA","48","  29,6","      999375","       -3569"," 96,70",
"23/07/2025  18:15:57,071","   681250000"," ","49","  30,2","      999375","       -1610"," 95,00",
"23/07/2025  18:15:57,071","   687250000"," ","50","  28,9","      999375","        1481"," 95,60",
"23/07/2025  18:15:57,071","   693250000"," ","51","  32,6","      999375","       -1561"," 95,40",
"23/07/2025  18:16:51,667","    61250000","RED TELESISTEMA (R.T.S)","3","  87,0","       94375","        -607"," 51,20",
"23/07/2025  18:16:51,667","    67250000"," ","4","  39,3","      999375","        -966"," 93,50",
"23/07/2025  18:16:51,667","    77250000"," ","5","  42,6","      831875","       -1795"," 58,00",
"23/07/2025  18:16:51,667","    83250000"," ","6","  43,1","      896250","       56706"," 71,20",
"23/07/2025  18:16:51,667","   175250000","ECUADOR TV","7"," 109,0","      126250","          62"," 75,30",
"23/07/2025  18:16:51,667","   181250000","CADENA ECUATORIANA DE TELEVISIO","8","  42,9","      999375","        -539"," 96,70",
"23/07/2025  18:16:51,667","   187250000","TELEVISION DEL PACIFICO","9","  35,4","      999375","       12337"," 95,40",
"23/07/2025  18:16:51,667","   193250000"," ","10","  41,3","      999375","       64938"," 87,90",
"23/07/2025  18:16:51,667","   199250000"," ","11","  38,9","      999375","       43066"," 93,60",
"23/07/2025  18:16:51,667","   205250000"," ","12","  35,3","      999375","        3941"," 95,30",
"23/07/2025  18:16:51,667","   211250000","TELEAMAZONAS","13","  92,9","      140625","         229"," 57,30",
"23/07/2025  18:16:51,667","   471250000"," ","14","  28,0","      999375","        1941"," 95,00",
"23/07/2025  18:16:51,667","   477250000"," ","15","  27,6","      999375","        -312"," 97,20",
"23/07/2025  18:16:51,667","   483250000"," ","16","  28,4","      999375","       -2305"," 96,50",
"23/07/2025  18:16:51,667","   513250000"," ","21","  26,7","      999375","        1124"," 95,40",
"23/07/2025  18:16:51,667","   519250000","UCSG TELEVISION","22","  26,7","      999375","        1589"," 94,40",
"23/07/2025  18:16:51,667","   525250000"," ","23","  27,8","      999375","         348"," 96,40",
"23/07/2025  18:16:51,667","   531250000"," ","24","  27,1","      999375","        1349"," 95,10",
"23/07/2025  18:16:51,667","   537250000"," ","25","  27,6","      999375","         268"," 94,20",
"23/07/2025  18:16:51,667","   543250000","SONOVISIÓN TV","26","  26,8","      999375","        1223"," 95,10",
"23/07/2025  18:16:51,667","   549250000"," ","27","  28,7","      999375","        5855"," 96,20",
"23/07/2025  18:16:51,667","   555250000","DIGITAL TV","28","  28,8","      999375","        -603"," 93,40",
"23/07/2025  18:16:51,667","   561250000"," ","29","  27,3","      999375","       -4705"," 94,00",
"23/07/2025  18:16:51,667","   567250000","TV LEGISLATIVA NO AUTORIZADA","30","  30,7","      999375","       -5398"," 92,60",
"23/07/2025  18:16:51,667","   573250000"," ","31","  30,2","      999375","        4230"," 96,80",
"23/07/2025  18:16:51,667","   579250000","TELEATAHUALPA (RTU)","32","  29,0","      999375","        -427"," 93,60",
"23/07/2025  18:16:51,667","   585250000"," ","33","  30,1","      999375","        -738"," 95,70",
"23/07/2025  18:16:51,667","   591250000"," ","34","  28,9","      999375","         855"," 97,10",
"23/07/2025  18:16:51,667","   597250000"," ","35","  28,9","      999375","        -801"," 93,30",
"23/07/2025  18:16:51,667","   603250000"," ","36","  29,3","      999375","         193"," 96,10",
"23/07/2025  18:16:51,667","   615250000"," ","38","  27,3","      999375","         201"," 93,40",
"23/07/2025  18:16:51,667","   621250000"," ","39","  29,6","      999375","        -224"," 95,90",
"23/07/2025  18:16:51,667","   627250000"," ","40","  28,3","      999375","         141"," 95,50",
"23/07/2025  18:16:51,667","   633250000"," ","41","  29,8","      999375","       25406"," 96,00",
"23/07/2025  18:16:51,667","   639250000"," ","42","  41,6","      999375","          98"," 98,70",
"23/07/2025  18:16:51,667","   645250000"," ","43","  30,3","      999375","         405"," 92,70",
"23/07/2025  18:16:51,667","   651250000"," ","44","  27,5","      999375","        4837"," 92,40",
"23/07/2025  18:16:51,667","   657250000"," ","45","  28,2","      999375","       -4648"," 97,30",
"23/07/2025  18:16:51,667","   663250000"," ","46","  28,9","      999375","        3485"," 95,30",
"23/07/2025  18:16:51,667","   669250000"," ","47","  27,5","      999375","        4908"," 95,00",
"23/07/2025  18:16:51,667","   675250000","EL CIUDADANO TV NO AUTORIZADA","48","  28,9","      999375","       -2948"," 94,90",
"23/07/2025  18:16:51,667","   681250000"," ","49","  42,3","      999375","         173"," 98,90",
"23/07/2025  18:16:51,667","   687250000"," ","50","  27,4","      999375","        1594"," 96,40",
"23/07/2025  18:16:51,667","   693250000"," ","51","  31,3","      999375","        1843"," 94,30",
"24/07/2025  7:15:03,597","    61250000","RED TELESISTEMA (R.T.S)","3","  82,6","      204375","        -452"," 66,90",
"24/07/2025  7:15:03,597","    67250000"," ","4","  45,7","      999375","        2647"," 96,00",
"24/07/2025  7:15:03,597","    77250000"," ","5","  50,5","      999375","       -2048"," 67,80",
"24/07/2025  7:15:03,597","    83250000"," ","6","  49,4","      773750","       48985"," 77,30",
"24/07/2025  7:15:03,597","   175250000","ECUADOR TV","7"," 108,7","      188125","          63"," 77,60",
"24/07/2025  7:15:03,597","   181250000","CADENA ECUATORIANA DE TELEVISIO","8","  53,0","      618750","      -24615"," 88,80",
"24/07/2025  7:15:03,597","   187250000","TELEVISION DEL PACIFICO","9","  39,1","      999375","       -3696"," 96,90",
"24/07/2025  7:15:03,597","   193250000"," ","10","  50,3","      999375","      128425"," 92,80",
"24/07/2025  7:15:03,597","   199250000"," ","11","  40,2","      999375","       60198"," 96,20",
"24/07/2025  7:15:03,597","   205250000"," ","12","  37,5","      999375","       16992"," 95,10",
"24/07/2025  7:15:03,597","   211250000","TELEAMAZONAS","13","  96,1","      125625","          25"," 38,10",
"24/07/2025  7:15:03,597","   471250000"," ","14","  26,9","      999375","        -126"," 94,70",
"24/07/2025  7:15:03,597","   477250000"," ","15","  29,5","      999375","       -1251"," 94,40",
"24/07/2025  7:15:03,597","   483250000"," ","16","  29,5","      999375","       -2590"," 97,50",
"24/07/2025  7:15:03,597","   513250000"," ","21","  31,8","      999375","       -1906"," 97,50",
"24/07/2025  7:15:03,597","   519250000","UCSG TELEVISION","22","  39,0","      999375","       -2870"," 97,90",
"24/07/2025  7:15:03,597","   525250000"," ","23","  37,1","      999375","        1107"," 99,10",
"24/07/2025  7:15:03,597","   531250000"," ","24","  28,1","      999375","         598"," 97,50",
"24/07/2025  7:15:03,597","   537250000"," ","25","  28,8","      999375","       -1042"," 97,30",
"24/07/2025  7:15:03,597","   543250000","SONOVISIÓN TV","26","  27,7","      999375","        2584"," 96,90",
"24/07/2025  7:15:03,597","   549250000"," ","27","  28,4","      999375","        2003"," 95,80",
"24/07/2025  7:15:03,597","   555250000","DIGITAL TV","28","  36,1","      999375","        2070"," 96,10",
"24/07/2025  7:15:03,597","   561250000"," ","29","  28,6","      999375","        3656"," 94,70",
"24/07/2025  7:15:03,597","   567250000","TV LEGISLATIVA NO AUTORIZADA","30","  30,7","      999375","       -3939"," 96,60",
"24/07/2025  7:15:03,597","   573250000"," ","31","  28,3","      999375","       -2975"," 93,20",
"24/07/2025  7:15:03,597","   579250000","TELEATAHUALPA (RTU)","32","  28,4","      999375","        -715"," 94,50",
"24/07/2025  7:15:03,597","   585250000"," ","33","  28,6","      999375","        3276"," 94,10",
"24/07/2025  7:15:03,597","   591250000"," ","34","  30,2","      999375","        3859"," 93,60",
"24/07/2025  7:15:03,597","   597250000"," ","35","  30,3","      999375","        3076"," 96,50",
"24/07/2025  7:15:03,597","   603250000"," ","36","  29,1","      999375","        2772"," 96,00",
"24/07/2025  7:15:03,597","   615250000"," ","38","  29,9","      999375","         463"," 97,50",
"24/07/2025  7:15:03,597","   621250000"," ","39","  40,8","      999375","       -1753"," 98,50",
"24/07/2025  7:15:03,597","   627250000"," ","40","  33,3","      999375","        2840"," 96,70",
"24/07/2025  7:15:03,597","   633250000"," ","41","  29,0","      999375","       28275"," 95,60",
"24/07/2025  7:15:03,597","   639250000"," ","42","  38,5","      999375","       -1181"," 97,80",
"24/07/2025  7:15:03,597","   645250000"," ","43","  31,6","      999375","       -3278"," 97,40",
"24/07/2025  7:15:03,597","   651250000"," ","44","  28,5","      999375","        3887"," 95,10",
"24/07/2025  7:15:03,597","   657250000"," ","45","  28,9","      999375","        -640"," 94,90",
"24/07/2025  7:15:03,597","   663250000"," ","46","  29,2","      999375","       -1586"," 94,90",
"24/07/2025  7:15:03,597","   669250000"," ","47","  27,3","      999375","        -772"," 96,50",
"24/07/2025  7:15:03,597","   675250000","EL CIUDADANO TV NO AUTORIZADA","48","  31,4","      999375","       -1338"," 95,30",
"24/07/2025  7:15:03,597","   681250000"," ","49","  28,7","      999375","       -1637"," 95,60",
"24/07/2025  7:15:03,597","   687250000"," ","50","  28,1","      999375","        4528"," 95,20",
"24/07/2025  7:15:03,597","   693250000"," ","51","  29,7","      999375","        -224"," 96,80",
"24/07/2025  7:15:57,462","    61250000","RED TELESISTEMA (R.T.S)","3","  82,9","      126250","        -459"," 75,30",
"24/07/2025  7:15:57,462","    67250000"," ","4","  61,6","      999375","        2106"," 99,30",
"24/07/2025  7:15:57,462","    77250000"," ","5","  50,4","      999375","        1484"," 58,50",
"24/07/2025  7:15:57,462","    83250000"," ","6","  50,1","      845625","       81598"," 91,90",
"24/07/2025  7:15:57,462","   175250000","ECUADOR TV","7"," 108,3","      141250","          63"," 75,80",
"24/07/2025  7:15:57,462","   181250000","CADENA ECUATORIANA DE TELEVISIO","8","  51,9","      598750","      -52888"," 80,00",
"24/07/2025  7:15:57,462","   187250000","TELEVISION DEL PACIFICO","9","  39,2","      999375","        5383"," 96,90",
"24/07/2025  7:15:57,462","   193250000"," ","10","  46,8","      999375","      132344"," 93,80",
"24/07/2025  7:15:57,462","   199250000"," ","11","  43,9","      999375","       48096"," 97,30",
"24/07/2025  7:15:57,462","   205250000"," ","12","  36,7","      999375","         940"," 93,40",
"24/07/2025  7:15:57,462","   211250000","TELEAMAZONAS","13","  96,2","      188125","        -130"," 55,10",
"24/07/2025  7:15:57,462","   471250000"," ","14","  27,3","      999375","        3785"," 95,20",
"24/07/2025  7:15:57,462","   477250000"," ","15","  27,8","      999375","       -3007"," 97,70",
"24/07/2025  7:15:57,462","   483250000"," ","16","  27,0","      999375","        3558"," 96,30",
"24/07/2025  7:15:57,462","   513250000"," ","21","  26,8","      999375","        -271"," 95,70",
"24/07/2025  7:15:57,462","   519250000","UCSG TELEVISION","22","  47,7","      999375","        4967"," 99,80",
"24/07/2025  7:15:57,462","   525250000"," ","23","  27,3","      999375","        -300"," 95,10",
"24/07/2025  7:15:57,462","   531250000"," ","24","  28,1","      999375","        1260"," 96,40",
"24/07/2025  7:15:57,462","   537250000"," ","25","  28,2","      999375","       -4150"," 95,30",
"24/07/2025  7:15:57,462","   543250000","SONOVISIÓN TV","26","  28,4","      999375","        3207"," 95,80",
"24/07/2025  7:15:57,462","   549250000"," ","27","  28,2","      999375","        -375"," 95,30",
"24/07/2025  7:15:57,462","   555250000","DIGITAL TV","28","  36,8","      999375","        3494"," 96,40",
"24/07/2025  7:15:57,462","   561250000"," ","29","  27,9","      999375","        -564"," 96,30",
"24/07/2025  7:15:57,462","   567250000","TV LEGISLATIVA NO AUTORIZADA","30","  29,8","      999375","       -7443"," 95,40",
"24/07/2025  7:15:57,462","   573250000"," ","31","  32,2","      999375","        6767"," 95,00",
"24/07/2025  7:15:57,462","   579250000","TELEATAHUALPA (RTU)","32","  28,0","      999375","       -7054"," 93,20",
"24/07/2025  7:15:57,462","   585250000"," ","33","  29,8","      999375","        1476"," 94,00",
"24/07/2025  7:15:57,462","   591250000"," ","34","  29,7","      999375","         939"," 94,60",
"24/07/2025  7:15:57,462","   597250000"," ","35","  29,5","      999375","        1988"," 95,30",
"24/07/2025  7:15:57,462","   603250000"," ","36","  28,7","      999375","         840"," 94,30",
"24/07/2025  7:15:57,462","   615250000"," ","38","  30,2","      999375","       -1274"," 95,10",
"24/07/2025  7:15:57,462","   621250000"," ","39","  28,2","      999375","       -4197"," 94,00",
"24/07/2025  7:15:57,462","   627250000"," ","40","  28,4","      999375","       -3034"," 91,70",
"24/07/2025  7:15:57,462","   633250000"," ","41","  29,0","      999375","       29565"," 95,20",
"24/07/2025  7:15:57,462","   639250000"," ","42","  39,5","      999375","       -3311"," 98,40",
"24/07/2025  7:15:57,462","   645250000"," ","43","  32,7","      999375","         775"," 96,10",
"24/07/2025  7:15:57,462","   651250000"," ","44","  28,2","      999375","        5624"," 96,60",
"24/07/2025  7:15:57,462","   657250000"," ","45","  27,1","      999375","        -697"," 93,80",
"24/07/2025  7:15:57,462","   663250000"," ","46","  31,5","      610625","       35507"," 94,40",
"24/07/2025  7:15:57,462","   669250000"," ","47","  28,1","      999375","        1922"," 92,60",
"24/07/2025  7:15:57,462","   675250000","EL CIUDADANO TV NO AUTORIZADA","48","  33,9","      999375","       -3212"," 96,90",
"24/07/2025  7:15:57,462","   681250000"," ","49","  28,1","      999375","       -3705"," 96,10",
"24/07/2025  7:15:57,462","   687250000"," ","50","  28,2","      999375","        2168"," 95,60",
"24/07/2025  7:15:57,462","   693250000"," ","51","  30,8","      999375","       -1453"," 94,60",
"24/07/2025  7:16:51,310","    61250000","RED TELESISTEMA (R.T.S)","3","  82,7","      156875","        -561"," 58,10",
"24/07/2025  7:16:51,310","    67250000"," ","4","  45,7","      999375","        7223"," 96,00",
"24/07/2025  7:16:51,310","    77250000"," ","5","  51,6","      999375","       -2308"," 90,00",
"24/07/2025  7:16:51,310","    83250000"," ","6","  48,3","      995000","       50465"," 85,90",
"24/07/2025  7:16:51,310","   175250000","ECUADOR TV","7"," 108,9","      125625","          63"," 58,00",
"24/07/2025  7:16:51,310","   181250000","CADENA ECUATORIANA DE TELEVISIO","8","  53,0","      987500","      -50627"," 96,10",
"24/07/2025  7:16:51,310","   187250000","TELEVISION DEL PACIFICO","9","  36,9","      999375","        2431"," 95,70",
"24/07/2025  7:16:51,310","   193250000"," ","10","  48,8","      999375","      122334"," 93,60",
"24/07/2025  7:16:51,310","   199250000"," ","11","  41,4","      999375","       51135"," 96,20",
"24/07/2025  7:16:51,310","   205250000"," ","12","  39,7","      999375","        7400"," 95,70",
"24/07/2025  7:16:51,310","   211250000","TELEAMAZONAS","13","  96,0","      126250","         160"," 67,30",
"24/07/2025  7:16:51,310","   471250000"," ","14","  28,2","      999375","        2142"," 95,10",
"24/07/2025  7:16:51,310","   477250000"," ","15","  29,0","      999375","        2490"," 96,40",
"24/07/2025  7:16:51,310","   483250000"," ","16","  35,7","      999375","       -1443"," 98,30",
"24/07/2025  7:16:51,310","   513250000"," ","21","  26,6","      999375","         670"," 96,80",
"24/07/2025  7:16:51,310","   519250000","UCSG TELEVISION","22","  26,9","      999375","       -1087"," 95,30",
"24/07/2025  7:16:51,310","   525250000"," ","23","  27,0","      999375","         836"," 95,20",
"24/07/2025  7:16:51,310","   531250000"," ","24","  43,2","      999375","        3470"," 98,80",
"24/07/2025  7:16:51,310","   537250000"," ","25","  28,6","      999375","       -1806"," 97,50",
"24/07/2025  7:16:51,310","   543250000","SONOVISIÓN TV","26","  29,7","      999375","        -855"," 98,80",
"24/07/2025  7:16:51,310","   549250000"," ","27","  47,1","      999375","       -5065"," 99,10",
"24/07/2025  7:16:51,310","   555250000","DIGITAL TV","28","  35,6","      999375","         142"," 95,30",
"24/07/2025  7:16:51,310","   561250000"," ","29","  28,9","      999375","        1926"," 95,80",
"24/07/2025  7:16:51,310","   567250000","TV LEGISLATIVA NO AUTORIZADA","30","  30,5","      999375","       -6228"," 96,00",
"24/07/2025  7:16:51,310","   573250000"," ","31","  28,3","      999375","       -1196"," 95,30",
"24/07/2025  7:16:51,310","   579250000","TELEATAHUALPA (RTU)","32","  29,5","      999375","         -10"," 92,60",
"24/07/2025  7:16:51,310","   585250000"," ","33","  29,6","      999375","       -1606"," 96,70",
"24/07/2025  7:16:51,310","   591250000"," ","34","  31,4","      999375","        -571"," 95,80",
"24/07/2025  7:16:51,310","   597250000"," ","35","  30,1","      999375","        2353"," 94,70",
"24/07/2025  7:16:51,310","   603250000"," ","36","  28,8","      999375","       -3222"," 95,50",
"24/07/2025  7:16:51,310","   615250000"," ","38","  28,4","      999375","       -3400"," 96,80",
"24/07/2025  7:16:51,310","   621250000"," ","39","  28,6","      999375","        1163"," 95,10",
"24/07/2025  7:16:51,310","   627250000"," ","40","  28,8","      999375","       -1445"," 95,90",
"24/07/2025  7:16:51,310","   633250000"," ","41","  29,9","      999375","       26819"," 94,60",
"24/07/2025  7:16:51,310","   639250000"," ","42","  36,7","      999375","        1213"," 97,60",
"24/07/2025  7:16:51,310","   645250000"," ","43","  33,5","      999375","        3229"," 97,00",
"24/07/2025  7:16:51,310","   651250000"," ","44","  28,3","      999375","        1375"," 96,30",
"24/07/2025  7:16:51,310","   657250000"," ","45","  27,9","      999375","       -2353"," 93,90",
"24/07/2025  7:16:51,310","   663250000"," ","46","  31,2","      999375","       -6570"," 96,40",
"24/07/2025  7:16:51,310","   669250000"," ","47","  33,6","      999375","        -708"," 97,40",
"24/07/2025  7:16:51,310","   675250000","EL CIUDADANO TV NO AUTORIZADA","48","  33,6","      999375","        3028"," 96,70",
"24/07/2025  7:16:51,310","   681250000"," ","49","  28,2","      999375","       -1773"," 94,20",
"24/07/2025  7:16:51,310","   687250000"," ","50","  26,8","      999375","        -715"," 95,30",
"24/07/2025  7:16:51,310","   693250000"," ","51","  30,4","      999375","       -3923"," 96,00",
"24/07/2025  18:15:03,394","    61250000","RED TELESISTEMA (R.T.S)","3","  86,9","       95000","        -401"," 38,80",
"24/07/2025  18:15:03,394","    67250000"," ","4","  38,2","      999375","       -1242"," 93,60",
"24/07/2025  18:15:03,394","    77250000"," ","5","  43,5","      960625","         971"," 65,70",
"24/07/2025  18:15:03,394","    83250000"," ","6","  45,2","      820000","       59520"," 92,90",
"24/07/2025  18:15:03,394","   175250000","ECUADOR TV","7"," 109,3","      188750","          63"," 90,30",
"24/07/2025  18:15:03,394","   181250000","CADENA ECUATORIANA DE TELEVISIO","8","  37,1","      999375","        1514"," 94,60",
"24/07/2025  18:15:03,394","   187250000","TELEVISION DEL PACIFICO","9","  36,3","      999375","        4146"," 95,90",
"24/07/2025  18:15:03,394","   193250000"," ","10","  38,8","      999375","       90051"," 94,00",
"24/07/2025  18:15:03,394","   199250000"," ","11","  38,4","      999375","       63279"," 97,40",
"24/07/2025  18:15:03,394","   205250000"," ","12","  33,9","      999375","        2957"," 93,70",
"24/07/2025  18:15:03,394","   211250000","TELEAMAZONAS","13","  93,0","      141250","          97"," 57,30",
"24/07/2025  18:15:03,394","   471250000"," ","14","  27,5","      999375","        2554"," 96,90",
"24/07/2025  18:15:03,394","   477250000"," ","15","  28,3","      999375","       -4652"," 95,80",
"24/07/2025  18:15:03,394","   483250000"," ","16","  28,4","      999375","        2519"," 95,20",
"24/07/2025  18:15:03,394","   513250000"," ","21","  26,0","      999375","       -2143"," 96,00",
"24/07/2025  18:15:03,394","   519250000","UCSG TELEVISION","22","  47,7","      999375","       -2065"," 99,40",
"24/07/2025  18:15:03,394","   525250000"," ","23","  28,8","      999375","        3502"," 95,50",
"24/07/2025  18:15:03,394","   531250000"," ","24","  28,2","      999375","        -444"," 95,70",
"24/07/2025  18:15:03,394","   537250000"," ","25","  27,5","      999375","           7"," 95,50",
"24/07/2025  18:15:03,394","   543250000","SONOVISIÓN TV","26","  28,4","      999375","        -844"," 94,70",
"24/07/2025  18:15:03,394","   549250000"," ","27","  28,8","      999375","        1041"," 94,60",
"24/07/2025  18:15:03,394","   555250000","DIGITAL TV","28","  37,1","      999375","        2239"," 98,40",
"24/07/2025  18:15:03,394","   561250000"," ","29","  30,0","      999375","        3572"," 95,20",
"24/07/2025  18:15:03,394","   567250000","TV LEGISLATIVA NO AUTORIZADA","30","  51,7","      999375","       -4229"," 99,50",
"24/07/2025  18:15:03,394","   573250000"," ","31","  28,2","      999375","       -3652"," 93,10",
"24/07/2025  18:15:03,394","   579250000","TELEATAHUALPA (RTU)","32","  27,7","      999375","       -2808"," 92,80",
"24/07/2025  18:15:03,394","   585250000"," ","33","  28,8","      999375","        1149"," 94,50",
"24/07/2025  18:15:03,394","   591250000"," ","34","  27,9","      999375","        1135"," 96,00",
"24/07/2025  18:15:03,394","   597250000"," ","35","  28,2","      999375","        1939"," 96,90",
"24/07/2025  18:15:03,394","   603250000"," ","36","  28,8","      999375","        2034"," 98,10",
"24/07/2025  18:15:03,394","   615250000"," ","38","  29,7","      999375","       -3668"," 93,90",
"24/07/2025  18:15:03,394","   621250000"," ","39","  29,4","      999375","        3028"," 96,70",
"24/07/2025  18:15:03,394","   627250000"," ","40","  29,4","      999375","         997"," 96,40",
"24/07/2025  18:15:03,394","   633250000"," ","41","  30,1","      999375","       24653"," 97,40",
"24/07/2025  18:15:03,394","   639250000"," ","42","  38,1","      999375","        -659"," 98,30",
"24/07/2025  18:15:03,394","   645250000"," ","43","  30,5","      999375","        2264"," 95,90",
"24/07/2025  18:15:03,394","   651250000"," ","44","  29,0","      999375","        3549"," 96,20",
"24/07/2025  18:15:03,394","   657250000"," ","45","  29,3","      999375","         241"," 93,50",
"24/07/2025  18:15:03,394","   663250000"," ","46","  29,9","      999375","       -6798"," 95,70",
"24/07/2025  18:15:03,394","   669250000"," ","47","  27,8","      999375","        6173"," 95,10",
"24/07/2025  18:15:03,394","   675250000","EL CIUDADANO TV NO AUTORIZADA","48","  29,5","      999375","       -3234"," 96,00",
"24/07/2025  18:15:03,394","   681250000"," ","49","  26,9","      999375","          17"," 95,40",
"24/07/2025  18:15:03,394","   687250000"," ","50","  27,8","      999375","        2206"," 92,80",
"24/07/2025  18:15:03,394","   693250000"," ","51","  29,3","      999375","        5445"," 96,30",
"24/07/2025  18:15:57,067","    61250000","RED TELESISTEMA (R.T.S)","3","  87,1","       95000","        -466"," 32,30",
"24/07/2025  18:15:57,067","    67250000"," ","4","  39,4","      999375","        1726"," 95,60",
"24/07/2025  18:15:57,067","    77250000"," ","5","  43,6","      861250","        1611"," 63,60",
"24/07/2025  18:15:57,067","    83250000"," ","6","  42,5","      858125","       31298"," 85,60",
"24/07/2025  18:15:57,067","   175250000","ECUADOR TV","7"," 109,0","      125625","          63"," 64,40",
"24/07/2025  18:15:57,067","   181250000","CADENA ECUATORIANA DE TELEVISIO","8","  36,2","      999375","         957"," 94,70",
"24/07/2025  18:15:57,067","   187250000","TELEVISION DEL PACIFICO","9","  36,4","      999375","        7985"," 95,40",
"24/07/2025  18:15:57,067","   193250000"," ","10","  38,7","      999375","       80699"," 94,90",
"24/07/2025  18:15:57,067","   199250000"," ","11","  40,6","      999375","       59402"," 93,50",
"24/07/2025  18:15:57,067","   205250000"," ","12","  36,9","      999375","      -10235"," 95,60",
"24/07/2025  18:15:57,067","   211250000","TELEAMAZONAS","13","  93,5","      220000","         -96"," 64,60",
"24/07/2025  18:15:57,067","   471250000"," ","14","  27,4","      999375","       -2412"," 93,90",
"24/07/2025  18:15:57,067","   477250000"," ","15","  26,9","      999375","        -361"," 94,50",
"24/07/2025  18:15:57,067","   483250000"," ","16","  27,1","      999375","       -2853"," 96,80",
"24/07/2025  18:15:57,067","   513250000"," ","21","  27,3","      999375","       -2538"," 95,40",
"24/07/2025  18:15:57,067","   519250000","UCSG TELEVISION","22","  26,8","      999375","       -1349"," 93,90",
"24/07/2025  18:15:57,067","   525250000"," ","23","  26,8","      999375","        -616"," 95,50",
"24/07/2025  18:15:57,067","   531250000"," ","24","  29,5","      999375","       -1535"," 96,40",
"24/07/2025  18:15:57,067","   537250000"," ","25","  26,4","      999375","        -351"," 96,40",
"24/07/2025  18:15:57,067","   543250000","SONOVISIÓN TV","26","  27,1","      999375","        2217"," 93,10",
"24/07/2025  18:15:57,067","   549250000"," ","27","  27,5","      999375","        -124"," 93,50",
"24/07/2025  18:15:57,067","   555250000","DIGITAL TV","28","  30,0","      999375","        1308"," 95,60",
"24/07/2025  18:15:57,067","   561250000"," ","29","  28,3","      999375","        1058"," 97,10",
"24/07/2025  18:15:57,067","   567250000","TV LEGISLATIVA NO AUTORIZADA","30","  30,8","      999375","       -4940"," 93,20",
"24/07/2025  18:15:57,067","   573250000"," ","31","  28,3","      999375","       -1338"," 92,00",
"24/07/2025  18:15:57,067","   579250000","TELEATAHUALPA (RTU)","32","  29,4","      999375","      -12270"," 93,30",
"24/07/2025  18:15:57,067","   585250000"," ","33","  31,6","      999375","       68200"," 93,50",
"24/07/2025  18:15:57,067","   591250000"," ","34","  29,8","      999375","         320"," 97,40",
"24/07/2025  18:15:57,067","   597250000"," ","35","  28,9","      999375","        -677"," 94,00",
"24/07/2025  18:15:57,067","   603250000"," ","36","  29,4","      999375","       -1055"," 97,40",
"24/07/2025  18:15:57,067","   615250000"," ","38","  30,4","      999375","       -3242"," 96,00",
"24/07/2025  18:15:57,067","   621250000"," ","39","  28,5","      999375","       -4417"," 94,40",
"24/07/2025  18:15:57,067","   627250000"," ","40","  30,1","      999375","        4974"," 96,00",
"24/07/2025  18:15:57,067","   633250000"," ","41","  28,8","      999375","       26189"," 96,50",
"24/07/2025  18:15:57,067","   639250000"," ","42","  37,3","      999375","       -3105"," 97,60",
"24/07/2025  18:15:57,067","   645250000"," ","43","  30,6","      999375","       -2095"," 95,30",
"24/07/2025  18:15:57,067","   651250000"," ","44","  26,8","      999375","         703"," 96,30",
"24/07/2025  18:15:57,067","   657250000"," ","45","  28,6","      999375","        2689"," 95,10",
"24/07/2025  18:15:57,067","   663250000"," ","46","  29,8","      158125","        1325"," 95,20",
"24/07/2025  18:15:57,067","   669250000"," ","47","  27,7","      999375","        2072"," 95,80",
"24/07/2025  18:15:57,067","   675250000","EL CIUDADANO TV NO AUTORIZADA","48","  28,8","      999375","        -735"," 95,10",
"24/07/2025  18:15:57,067","   681250000"," ","49","  28,0","      999375","        3284"," 96,60",
"24/07/2025  18:15:57,067","   687250000"," ","50","  27,5","      999375","       -2930"," 96,10",
"24/07/2025  18:15:57,067","   693250000"," ","51","  29,5","      999375","       12279"," 95,20",
"24/07/2025  18:16:50,323","    61250000","RED TELESISTEMA (R.T.S)","3","  87,0","       62500","        -367"," 30,10",
"24/07/2025  18:16:50,323","    67250000"," ","4","  38,9","      999375","       -1482"," 96,20",
"24/07/2025  18:16:50,323","    77250000"," ","5","  42,7","      858750","        2410"," 58,40",
"24/07/2025  18:16:50,323","    83250000"," ","6","  43,4","      489375","       30269"," 84,00",
"24/07/2025  18:16:50,323","   175250000","ECUADOR TV","7"," 108,8","      156875","          63"," 55,90",
"24/07/2025  18:16:50,323","   181250000","CADENA ECUATORIANA DE TELEVISIO","8","  37,0","      999375","        4636"," 95,20",
"24/07/2025  18:16:50,323","   187250000","TELEVISION DEL PACIFICO","9","  37,9","      999375","        6911"," 94,20",
"24/07/2025  18:16:50,323","   193250000"," ","10","  39,6","      999375","       93288"," 93,00",
"24/07/2025  18:16:50,323","   199250000"," ","11","  38,1","      999375","       56821"," 92,00",
"24/07/2025  18:16:50,323","   205250000"," ","12","  35,3","      999375","        1621"," 92,20",
"24/07/2025  18:16:50,323","   211250000","TELEAMAZONAS","13","  92,9","      126250","         -97"," 49,50",
"24/07/2025  18:16:50,323","   471250000"," ","14","  27,0","      999375","       -3386"," 93,90",
"24/07/2025  18:16:50,323","   477250000"," ","15","  27,8","      999375","        3633"," 96,30",
"24/07/2025  18:16:50,323","   483250000"," ","16","  26,5","      999375","       -3367"," 96,00",
"24/07/2025  18:16:50,323","   513250000"," ","21","  27,7","      999375","        1877"," 96,10",
"24/07/2025  18:16:50,323","   519250000","UCSG TELEVISION","22","  26,9","      999375","        1860"," 92,80",
"24/07/2025  18:16:50,323","   525250000"," ","23","  28,8","      999375","       -1043"," 96,20",
"24/07/2025  18:16:50,323","   531250000"," ","24","  26,3","      999375","       -1993"," 94,30",
"24/07/2025  18:16:50,323","   537250000"," ","25","  35,8","      999375","        4242"," 97,40",
"24/07/2025  18:16:50,323","   543250000","SONOVISIÓN TV","26","  28,7","      999375","        2975"," 96,80",
"24/07/2025  18:16:50,323","   549250000"," ","27","  26,6","      999375","        1110"," 95,80",
"24/07/2025  18:16:50,323","   555250000","DIGITAL TV","28","  29,5","      999375","        7586"," 96,90",
"24/07/2025  18:16:50,323","   561250000"," ","29","  30,6","      999375","        1100"," 93,50",
"24/07/2025  18:16:50,323","   567250000","TV LEGISLATIVA NO AUTORIZADA","30","  30,1","      999375","       -6323"," 96,30",
"24/07/2025  18:16:50,323","   573250000"," ","31","  28,7","      999375","        3559"," 91,50",
"24/07/2025  18:16:50,323","   579250000","TELEATAHUALPA (RTU)","32","  30,5","      999375","       -2361"," 96,30",
"24/07/2025  18:16:50,323","   585250000"," ","33","  28,0","      999375","        1079"," 93,30",
"24/07/2025  18:16:50,323","   591250000"," ","34","  29,5","      999375","        1921"," 97,30",
"24/07/2025  18:16:50,323","   597250000"," ","35","  29,9","      999375","         214"," 94,80",
"24/07/2025  18:16:50,323","   603250000"," ","36","  29,8","      999375","        -895"," 93,80",
"24/07/2025  18:16:50,323","   615250000"," ","38","  28,8","      999375","        3346"," 95,90",
"24/07/2025  18:16:50,323","   621250000"," ","39","  30,9","      999375","        1794"," 95,90",
"24/07/2025  18:16:50,323","   627250000"," ","40","  29,0","      999375","        -770"," 95,10",
"24/07/2025  18:16:50,323","   633250000"," ","41","  27,0","      999375","       20572"," 94,80",
"24/07/2025  18:16:50,323","   639250000"," ","42","  40,8","      999375","       -1889"," 97,60",
"24/07/2025  18:16:50,323","   645250000"," ","43","  33,1","      999375","         650"," 97,70",
"24/07/2025  18:16:50,323","   651250000"," ","44","  28,5","      999375","        2915"," 93,60",
"24/07/2025  18:16:50,323","   657250000"," ","45","  27,1","      999375","        4261"," 94,60",
"24/07/2025  18:16:50,323","   663250000"," ","46","  30,8","      999375","       -2130"," 99,80",
"24/07/2025  18:16:50,323","   669250000"," ","47","  29,5","      999375","         276"," 94,70",
"24/07/2025  18:16:50,323","   675250000","EL CIUDADANO TV NO AUTORIZADA","48","  29,6","      999375","       -1664"," 94,00",
"24/07/2025  18:16:50,323","   681250000"," ","49","  29,4","      999375","        -755"," 97,30",
"24/07/2025  18:16:50,323","   687250000"," ","50","  26,7","      999375","         390"," 94,10",
"24/07/2025  18:16:50,323","   693250000"," ","51","  29,5","      999375","        4958"," 96,50",
"25/07/2025  7:15:03,587","    61250000","RED TELESISTEMA (R.T.S)","3","  86,8","      156250","        -276"," 59,30",
"25/07/2025  7:15:03,587","    67250000"," ","4","  58,3","      999375","          75"," 96,00",
"25/07/2025  7:15:03,587","    77250000"," ","5","  52,9","      999375","       -6017"," 96,20",
"25/07/2025  7:15:03,587","    83250000"," ","6","  49,8","      999375","       14824"," 95,60",
"25/07/2025  7:15:03,587","   175250000","ECUADOR TV","7"," 109,1","      125625","          63"," 65,00",
"25/07/2025  7:15:03,587","   181250000","CADENA ECUATORIANA DE TELEVISIO","8","  47,0","      999375","        1194"," 95,60",
"25/07/2025  7:15:03,587","   187250000","TELEVISION DEL PACIFICO","9","  45,3","      999375","        2371"," 96,80",
"25/07/2025  7:15:03,587","   193250000"," ","10","  44,1","      999375","       56956"," 94,80",
"25/07/2025  7:15:03,587","   199250000"," ","11","  40,8","      999375","       47739"," 95,80",
"25/07/2025  7:15:03,587","   205250000"," ","12","  52,6","      999375","        5635"," 98,70",
"25/07/2025  7:15:03,587","   211250000","TELEAMAZONAS","13","  93,3","      282500","           3"," 65,40",
"25/07/2025  7:15:03,587","   471250000"," ","14","  27,9","      999375","        -735"," 93,40",
"25/07/2025  7:15:03,587","   477250000"," ","15","  27,3","      999375","       -3968"," 95,90",
"25/07/2025  7:15:03,587","   483250000"," ","16","  26,7","      999375","       -1937"," 96,60",
"25/07/2025  7:15:03,587","   513250000"," ","21","  26,8","      999375","        5923"," 95,50",
"25/07/2025  7:15:03,587","   519250000","UCSG TELEVISION","22","  27,0","      999375","        -660"," 96,30",
"25/07/2025  7:15:03,587","   525250000"," ","23","  28,1","      999375","       -3584"," 96,50",
"25/07/2025  7:15:03,587","   531250000"," ","24","  26,6","      999375","         231"," 96,60",
"25/07/2025  7:15:03,587","   537250000"," ","25","  27,1","      999375","       -1411"," 94,70",
"25/07/2025  7:15:03,587","   543250000","SONOVISIÓN TV","26","  27,8","      999375","       -2346"," 95,50",
"25/07/2025  7:15:03,587","   549250000"," ","27","  41,2","      999375","        1713"," 99,10",
"25/07/2025  7:15:03,587","   555250000","DIGITAL TV","28","  29,7","      999375","         329"," 96,10",
"25/07/2025  7:15:03,587","   561250000"," ","29","  28,2","      999375","       -2867"," 95,30",
"25/07/2025  7:15:03,587","   567250000","TV LEGISLATIVA NO AUTORIZADA","30","  29,1","      999375","       -5394"," 94,40",
"25/07/2025  7:15:03,587","   573250000"," ","31","  29,1","      999375","        3822"," 91,40",
"25/07/2025  7:15:03,587","   579250000","TELEATAHUALPA (RTU)","32","  29,6","      999375","       -5629"," 95,60",
"25/07/2025  7:15:03,587","   585250000"," ","33","  29,1","      999375","       -3156"," 94,60",
"25/07/2025  7:15:03,587","   591250000"," ","34","  28,7","      999375","        1924"," 93,30",
"25/07/2025  7:15:03,587","   597250000"," ","35","  29,0","      999375","       -1635"," 95,90",
"25/07/2025  7:15:03,587","   603250000"," ","36","  28,6","      999375","       -2496"," 92,50",
"25/07/2025  7:15:03,587","   615250000"," ","38","  30,6","      999375","       -1213"," 95,80",
"25/07/2025  7:15:03,587","   621250000"," ","39","  28,6","      999375","        4817"," 96,20",
"25/07/2025  7:15:03,587","   627250000"," ","40","  27,5","      999375","        -166"," 94,80",
"25/07/2025  7:15:03,587","   633250000"," ","41","  28,5","      999375","       23748"," 95,50",
"25/07/2025  7:15:03,587","   639250000"," ","42","  38,3","      999375","        6705"," 97,80",
"25/07/2025  7:15:03,587","   645250000"," ","43","  30,4","      999375","         198"," 95,80",
"25/07/2025  7:15:03,587","   651250000"," ","44","  28,3","      999375","        7277"," 94,90",
"25/07/2025  7:15:03,587","   657250000"," ","45","  37,9","      999375","        1586"," 98,40",
"25/07/2025  7:15:03,587","   663250000"," ","46","  27,8","      999375","       -3312"," 94,40",
"25/07/2025  7:15:03,587","   669250000"," ","47","  27,9","      999375","       -2111"," 93,80",
"25/07/2025  7:15:03,587","   675250000","EL CIUDADANO TV NO AUTORIZADA","48","  28,7","      999375","       -6115"," 96,30",
"25/07/2025  7:15:03,587","   681250000"," ","49","  27,5","      999375","       -1462"," 95,70",
"25/07/2025  7:15:03,587","   687250000"," ","50","  26,6","      999375","        -988"," 92,60",
"25/07/2025  7:15:03,587","   693250000"," ","51","  28,1","      999375","       -1572"," 97,10",
"25/07/2025  7:15:57,061","    61250000","RED TELESISTEMA (R.T.S)","3","  87,2","      125625","        -204"," 80,60",
"25/07/2025  7:15:57,061","    67250000"," ","4","  61,9","      999375","        -948"," 97,60",
"25/07/2025  7:15:57,061","    77250000"," ","5","  58,2","      999375","       -2396"," 96,40",
"25/07/2025  7:15:57,061","    83250000"," ","6","  48,4","      999375","       39161"," 95,60",
"25/07/2025  7:15:57,061","   175250000","ECUADOR TV","7"," 109,4","      125625","          63"," 70,40",
"25/07/2025  7:15:57,061","   181250000","CADENA ECUATORIANA DE TELEVISIO","8","  43,7","      999375","        3115"," 95,40",
"25/07/2025  7:15:57,061","   187250000","TELEVISION DEL PACIFICO","9","  42,3","      999375","         560"," 94,70",
"25/07/2025  7:15:57,061","   193250000"," ","10","  45,4","      999375","       42036"," 97,20",
"25/07/2025  7:15:57,061","   199250000"," ","11","  42,4","      999375","       42036"," 95,50",
"25/07/2025  7:15:57,061","   205250000"," ","12","  40,9","      999375","        6008"," 97,00",
"25/07/2025  7:15:57,061","   211250000","TELEAMAZONAS","13","  93,4","      125000","         263"," 73,80",
"25/07/2025  7:15:57,061","   471250000"," ","14","  26,9","      999375","        4663"," 96,40",
"25/07/2025  7:15:57,061","   477250000"," ","15","  27,4","      999375","       -4326"," 95,20",
"25/07/2025  7:15:57,061","   483250000"," ","16","  32,9","      999375","        3671"," 97,10",
"25/07/2025  7:15:57,061","   513250000"," ","21","  26,1","      999375","       -3298"," 94,00",
"25/07/2025  7:15:57,061","   519250000","UCSG TELEVISION","22","  25,9","      999375","        4678"," 96,30",
"25/07/2025  7:15:57,061","   525250000"," ","23","  26,7","      999375","        3196"," 96,30",
"25/07/2025  7:15:57,061","   531250000"," ","24","  26,4","      999375","        4343"," 91,50",
"25/07/2025  7:15:57,061","   537250000"," ","25","  27,3","      999375","       -6913"," 97,20",
"25/07/2025  7:15:57,061","   543250000","SONOVISIÓN TV","26","  27,9","      999375","         -52"," 96,10",
"25/07/2025  7:15:57,061","   549250000"," ","27","  28,2","      999375","        2715"," 95,40",
"25/07/2025  7:15:57,061","   555250000","DIGITAL TV","28","  30,5","      999375","       -6371"," 94,80",
"25/07/2025  7:15:57,061","   561250000"," ","29","  28,6","      999375","        1355"," 94,10",
"25/07/2025  7:15:57,061","   567250000","TV LEGISLATIVA NO AUTORIZADA","30","  29,6","      999375","       -7283"," 95,50",
"25/07/2025  7:15:57,061","   573250000"," ","31","  28,2","      999375","         -69"," 96,00",
"25/07/2025  7:15:57,061","   579250000","TELEATAHUALPA (RTU)","32","  28,2","      999375","        4810"," 95,20",
"25/07/2025  7:15:57,061","   585250000"," ","33","  31,7","      999375","       64764"," 94,20",
"25/07/2025  7:15:57,061","   591250000"," ","34","  29,9","      999375","       -5054"," 97,20",
"25/07/2025  7:15:57,061","   597250000"," ","35","  29,6","      999375","        -956"," 96,30",
"25/07/2025  7:15:57,061","   603250000"," ","36","  28,7","      999375","        -355"," 93,30",
"25/07/2025  7:15:57,061","   615250000"," ","38","  29,3","      999375","        -984"," 94,70",
"25/07/2025  7:15:57,061","   621250000"," ","39","  28,3","      999375","        -131"," 93,60",
"25/07/2025  7:15:57,061","   627250000"," ","40","  28,5","      999375","        2378"," 93,50",
"25/07/2025  7:15:57,061","   633250000"," ","41","  28,2","      999375","       31534"," 95,30",
"25/07/2025  7:15:57,061","   639250000"," ","42","  36,8","      999375","       -2203"," 97,70",
"25/07/2025  7:15:57,061","   645250000"," ","43","  29,3","      999375","       -1779"," 96,50",
"25/07/2025  7:15:57,061","   651250000"," ","44","  28,8","      999375","        3598"," 97,60",
"25/07/2025  7:15:57,061","   657250000"," ","45","  27,7","      999375","        2299"," 97,20",
"25/07/2025  7:15:57,061","   663250000"," ","46","  28,7","      999375","       -2599"," 96,70",
"25/07/2025  7:15:57,061","   669250000"," ","47","  26,7","      999375","        1664"," 93,20",
"25/07/2025  7:15:57,061","   675250000","EL CIUDADANO TV NO AUTORIZADA","48","  28,2","      999375","        4557"," 93,30",
"25/07/2025  7:15:57,061","   681250000"," ","49","  27,8","      999375","       -1700"," 95,30",
"25/07/2025  7:15:57,061","   687250000"," ","50","  26,3","      999375","       -1043"," 95,90",
"25/07/2025  7:15:57,061","   693250000"," ","51","  30,1","      999375","        1289"," 96,80",
"25/07/2025  7:16:51,647","    61250000","RED TELESISTEMA (R.T.S)","3","  87,1","      125625","        -295"," 68,40",
"25/07/2025  7:16:51,647","    67250000"," ","4","  52,7","      999375","        -855"," 95,50",
"25/07/2025  7:16:51,647","    77250000"," ","5","  54,9","      999375","        1842"," 97,00",
"25/07/2025  7:16:51,647","    83250000"," ","6","  49,7","      999375","       26507"," 94,90",
"25/07/2025  7:16:51,647","   175250000","ECUADOR TV","7"," 109,2","      125625","          63"," 71,30",
"25/07/2025  7:16:51,647","   181250000","CADENA ECUATORIANA DE TELEVISIO","8","  47,0","      999375","        -230"," 97,40",
"25/07/2025  7:16:51,647","   187250000","TELEVISION DEL PACIFICO","9","  44,3","      999375","        3317"," 94,80",
"25/07/2025  7:16:51,647","   193250000"," ","10","  44,0","      999375","       57243"," 95,10",
"25/07/2025  7:16:51,647","   199250000"," ","11","  41,0","      999375","       38607"," 97,50",
"25/07/2025  7:16:51,647","   205250000"," ","12","  39,3","      999375","        5561"," 96,40",
"25/07/2025  7:16:51,647","   211250000","TELEAMAZONAS","13","  93,4","      125625","         116"," 71,30",
"25/07/2025  7:16:51,647","   471250000"," ","14","  28,1","      999375","       -1763"," 97,30",
"25/07/2025  7:16:51,647","   477250000"," ","15","  27,7","      999375","          65"," 96,40",
"25/07/2025  7:16:51,647","   483250000"," ","16","  26,2","      999375","        3693"," 95,00",
"25/07/2025  7:16:51,647","   513250000"," ","21","  26,2","      999375","        2217"," 92,20",
"25/07/2025  7:16:51,647","   519250000","UCSG TELEVISION","22","  27,0","      999375","         948"," 93,90",
"25/07/2025  7:16:51,647","   525250000"," ","23","  28,2","      999375","        1802"," 93,20",
"25/07/2025  7:16:51,647","   531250000"," ","24","  26,5","      999375","        6792"," 93,70",
"25/07/2025  7:16:51,647","   537250000"," ","25","  27,3","      999375","       -1221"," 97,80",
"25/07/2025  7:16:51,647","   543250000","SONOVISIÓN TV","26","  28,5","      999375","        3749"," 92,80",
"25/07/2025  7:16:51,647","   549250000"," ","27","  27,2","      999375","        -227"," 93,70",
"25/07/2025  7:16:51,647","   555250000","DIGITAL TV","28","  31,5","      999375","        1089"," 97,40",
"25/07/2025  7:16:51,647","   561250000"," ","29","  28,3","      999375","       -2105"," 94,30",
"25/07/2025  7:16:51,647","   567250000","TV LEGISLATIVA NO AUTORIZADA","30","  29,0","      999375","       -4790"," 95,00",
"25/07/2025  7:16:51,647","   573250000"," ","31","  28,2","      999375","        2635"," 94,60",
"25/07/2025  7:16:51,647","   579250000","TELEATAHUALPA (RTU)","32","  30,2","      999375","      -11300"," 95,00",
"25/07/2025  7:16:51,647","   585250000"," ","33","  29,3","      999375","       -2202"," 95,30",
"25/07/2025  7:16:51,647","   591250000"," ","34","  31,0","      999375","        4882"," 97,40",
"25/07/2025  7:16:51,647","   597250000"," ","35","  30,9","      999375","         626"," 94,80",
"25/07/2025  7:16:51,647","   603250000"," ","36","  30,9","      999375","       -5384"," 95,50",
"25/07/2025  7:16:51,647","   615250000"," ","38","  28,5","      999375","        2326"," 97,10",
"25/07/2025  7:16:51,647","   621250000"," ","39","  29,0","      999375","        -462"," 96,60",
"25/07/2025  7:16:51,647","   627250000"," ","40","  28,6","      999375","         -98"," 95,00",
"25/07/2025  7:16:51,647","   633250000"," ","41","  38,3","      999375","       24000"," 98,10",
"25/07/2025  7:16:51,647","   639250000"," ","42","  42,2","      999375","          23"," 97,80",
"25/07/2025  7:16:51,647","   645250000"," ","43","  29,8","      999375","          65"," 94,90",
"25/07/2025  7:16:51,647","   651250000"," ","44","  28,4","      999375","         690"," 96,40",
"25/07/2025  7:16:51,647","   657250000"," ","45","  28,5","      999375","        1471"," 95,00",
"25/07/2025  7:16:51,647","   663250000"," ","46","  29,1","      999375","       -3502"," 96,60",
"25/07/2025  7:16:51,647","   669250000"," ","47","  26,9","      999375","         572"," 95,50",
"25/07/2025  7:16:51,647","   675250000","EL CIUDADANO TV NO AUTORIZADA","48","  36,3","      999375","         534"," 98,50",
"25/07/2025  7:16:51,647","   681250000"," ","49","  39,1","      999375","        -418"," 98,60",
"25/07/2025  7:16:51,647","   687250000"," ","50","  27,1","      999375","        -260"," 92,00",
"25/07/2025  7:16:51,647","   693250000"," ","51","  32,0","      999375","         953"," 93,10",
"25/07/2025  18:15:03,469","    61250000","RED TELESISTEMA (R.T.S)","3","  86,9","       94375","        -627"," 56,80",
"25/07/2025  18:15:03,469","    67250000"," ","4","  39,5","      999375","        8356"," 94,20",
"25/07/2025  18:15:03,469","    77250000"," ","5","  44,2","      845000","       -3183"," 79,80",
"25/07/2025  18:15:03,469","    83250000"," ","6","  43,6","      861875","       42341"," 88,70",
"25/07/2025  18:15:03,469","   175250000","ECUADOR TV","7"," 109,0","      156875","          62"," 70,90",
"25/07/2025  18:15:03,469","   181250000","CADENA ECUATORIANA DE TELEVISIO","8","  36,9","      999375","       -5054"," 93,00",
"25/07/2025  18:15:03,469","   187250000","TELEVISION DEL PACIFICO","9","  37,0","      999375","        3619"," 95,40",
"25/07/2025  18:15:03,469","   193250000"," ","10","  40,5","      999375","       87904"," 95,90",
"25/07/2025  18:15:03,469","   199250000"," ","11","  39,1","      999375","       88138"," 85,50",
"25/07/2025  18:15:03,469","   205250000"," ","12","  33,8","      999375","        6757"," 93,90",
"25/07/2025  18:15:03,469","   211250000","TELEAMAZONAS","13","  93,0","      188125","          50"," 38,00",
"25/07/2025  18:15:03,469","   471250000"," ","14","  26,9","      999375","         982"," 96,10",
"25/07/2025  18:15:03,469","   477250000"," ","15","  26,7","      999375","        1106"," 96,70",
"25/07/2025  18:15:03,469","   483250000"," ","16","  27,2","      999375","        1815"," 96,30",
"25/07/2025  18:15:03,469","   513250000"," ","21","  26,5","      999375","        -968"," 96,70",
"25/07/2025  18:15:03,469","   519250000","UCSG TELEVISION","22","  28,3","      999375","        -917"," 95,40",
"25/07/2025  18:15:03,469","   525250000"," ","23","  28,5","      999375","       -3495"," 95,80",
"25/07/2025  18:15:03,469","   531250000"," ","24","  26,9","      999375","       -1685"," 94,00",
"25/07/2025  18:15:03,469","   537250000"," ","25","  27,5","      999375","       -2321"," 96,70",
"25/07/2025  18:15:03,469","   543250000","SONOVISIÓN TV","26","  28,4","      999375","        3769"," 95,00",
"25/07/2025  18:15:03,469","   549250000"," ","27","  28,0","      999375","        6631"," 95,20",
"25/07/2025  18:15:03,469","   555250000","DIGITAL TV","28","  28,3","      999375","        -852"," 95,10",
"25/07/2025  18:15:03,469","   561250000"," ","29","  30,2","      999375","        1768"," 95,80",
"25/07/2025  18:15:03,469","   567250000","TV LEGISLATIVA NO AUTORIZADA","30","  31,3","      999375","       -9406"," 96,50",
"25/07/2025  18:15:03,469","   573250000"," ","31","  29,0","      999375","        1216"," 96,80",
"25/07/2025  18:15:03,469","   579250000","TELEATAHUALPA (RTU)","32","  31,0","      999375","       -1094"," 97,40",
"25/07/2025  18:15:03,469","   585250000"," ","33","  28,7","      999375","        2232"," 93,80",
"25/07/2025  18:15:03,469","   591250000"," ","34","  28,9","      999375","       -1310"," 95,80",
"25/07/2025  18:15:03,469","   597250000"," ","35","  29,3","      999375","       -1129"," 95,50",
"25/07/2025  18:15:03,469","   603250000"," ","36","  30,5","      999375","        1730"," 95,70",
"25/07/2025  18:15:03,469","   615250000"," ","38","  28,9","      999375","       -1475"," 96,90",
"25/07/2025  18:15:03,469","   621250000"," ","39","  28,8","      999375","        -273"," 95,30",
"25/07/2025  18:15:03,469","   627250000"," ","40","  27,6","      999375","        3036"," 96,00",
"25/07/2025  18:15:03,469","   633250000"," ","41","  29,2","      999375","       28273"," 94,90",
"25/07/2025  18:15:03,469","   639250000"," ","42","  42,8","      999375","        -960"," 96,60",
"25/07/2025  18:15:03,469","   645250000"," ","43","  31,9","      999375","         932"," 96,40",
"25/07/2025  18:15:03,469","   651250000"," ","44","  27,6","      999375","        2559"," 95,70",
"25/07/2025  18:15:03,469","   657250000"," ","45","  31,6","      999375","         482"," 94,20",
"25/07/2025  18:15:03,469","   663250000"," ","46","  28,7","      251875","       -3948"," 93,00",
"25/07/2025  18:15:03,469","   669250000"," ","47","  30,3","      999375","         -50"," 97,30",
"25/07/2025  18:15:03,469","   675250000","EL CIUDADANO TV NO AUTORIZADA","48","  29,1","      999375","        1041"," 96,50",
"25/07/2025  18:15:03,469","   681250000"," ","49","  27,5","      999375","         498"," 92,90",
"25/07/2025  18:15:03,469","   687250000"," ","50","  26,7","      999375","         305"," 94,70",
"25/07/2025  18:15:03,469","   693250000"," ","51","  26,9","      999375","        2309"," 95,30",
"25/07/2025  18:15:57,119","    61250000","RED TELESISTEMA (R.T.S)","3","  86,8","       94375","        -787"," 46,80",
"25/07/2025  18:15:57,119","    67250000"," ","4","  40,1","      999375","        4095"," 95,00",
"25/07/2025  18:15:57,119","    77250000"," ","5","  43,3","      861875","        1002"," 60,60",
"25/07/2025  18:15:57,119","    83250000"," ","6","  43,5","      796250","       57904"," 74,00",
"25/07/2025  18:15:57,119","   175250000","ECUADOR TV","7"," 108,9","      125625","          63"," 78,70",
"25/07/2025  18:15:57,119","   181250000","CADENA ECUATORIANA DE TELEVISIO","8","  39,0","      999375","       -8072"," 96,20",
"25/07/2025  18:15:57,119","   187250000","TELEVISION DEL PACIFICO","9","  36,7","      999375","        5282"," 98,10",
"25/07/2025  18:15:57,119","   193250000"," ","10","  41,4","      999375","       83551"," 93,50",
"25/07/2025  18:15:57,119","   199250000"," ","11","  39,4","      999375","       80821"," 94,50",
"25/07/2025  18:15:57,119","   205250000"," ","12","  34,4","      999375","        6290"," 93,00",
"25/07/2025  18:15:57,119","   211250000","TELEAMAZONAS","13","  92,8","      140625","         353"," 59,60",
"25/07/2025  18:15:57,119","   471250000"," ","14","  36,1","      999375","         328"," 97,60",
"25/07/2025  18:15:57,119","   477250000"," ","15","  26,2","      999375","        -888"," 95,90",
"25/07/2025  18:15:57,119","   483250000"," ","16","  30,4","      999375","       -2652"," 98,10",
"25/07/2025  18:15:57,119","   513250000"," ","21","  26,6","      999375","       -2969"," 93,30",
"25/07/2025  18:15:57,119","   519250000","UCSG TELEVISION","22","  29,7","      999375","        5208"," 97,70",
"25/07/2025  18:15:57,119","   525250000"," ","23","  27,7","      999375","        3893"," 94,30",
"25/07/2025  18:15:57,119","   531250000"," ","24","  26,5","      999375","        -884"," 95,50",
"25/07/2025  18:15:57,119","   537250000"," ","25","  28,1","      999375","       -4840"," 91,20",
"25/07/2025  18:15:57,119","   543250000","SONOVISIÓN TV","26","  28,3","      999375","        -197"," 93,20",
"25/07/2025  18:15:57,119","   549250000"," ","27","  27,8","      999375","        2548"," 96,70",
"25/07/2025  18:15:57,119","   555250000","DIGITAL TV","28","  30,4","      999375","        2426"," 95,50",
"25/07/2025  18:15:57,119","   561250000"," ","29","  28,8","      999375","         149"," 96,40",
"25/07/2025  18:15:57,119","   567250000","TV LEGISLATIVA NO AUTORIZADA","30","  31,2","      999375","       -8991"," 95,70",
"25/07/2025  18:15:57,119","   573250000"," ","31","  29,4","      999375","       -3085"," 94,40",
"25/07/2025  18:15:57,119","   579250000","TELEATAHUALPA (RTU)","32","  27,7","      999375","         615"," 96,50",
"25/07/2025  18:15:57,119","   585250000"," ","33","  28,3","      999375","        3132"," 95,80",
"25/07/2025  18:15:57,119","   591250000"," ","34","  29,5","      999375","        -648"," 94,80",
"25/07/2025  18:15:57,119","   597250000"," ","35","  29,8","      999375","         714"," 95,30",
"25/07/2025  18:15:57,119","   603250000"," ","36","  29,4","      999375","       -1169"," 93,20",
"25/07/2025  18:15:57,119","   615250000"," ","38","  27,7","      999375","        2878"," 95,50",
"25/07/2025  18:15:57,119","   621250000"," ","39","  30,2","      999375","        -577"," 96,10",
"25/07/2025  18:15:57,119","   627250000"," ","40","  28,0","      999375","        2975"," 94,80",
"25/07/2025  18:15:57,119","   633250000"," ","41","  31,4","      999375","       28802"," 95,50",
"25/07/2025  18:15:57,119","   639250000"," ","42","  41,1","      999375","       -5743"," 98,60",
"25/07/2025  18:15:57,119","   645250000"," ","43","  33,4","      999375","        1091"," 94,50",
"25/07/2025  18:15:57,119","   651250000"," ","44","  27,5","      999375","        -457"," 95,00",
"25/07/2025  18:15:57,119","   657250000"," ","45","  27,9","      999375","        1237"," 94,20",
"25/07/2025  18:15:57,119","   663250000"," ","46","  31,2","      999375","       -3215"," 94,00",
"25/07/2025  18:15:57,119","   669250000"," ","47","  27,1","      955000","         145"," 96,80",
"25/07/2025  18:15:57,119","   675250000","EL CIUDADANO TV NO AUTORIZADA","48","  29,2","      999375","        1867"," 96,30",
"25/07/2025  18:15:57,119","   681250000"," ","49","  27,7","      999375","        2145"," 97,40",
"25/07/2025  18:15:57,119","   687250000"," ","50","  29,1","      999375","       -1159"," 96,00",
"25/07/2025  18:15:57,119","   693250000"," ","51","  32,1","      999375","       -2392"," 96,60",
"25/07/2025  18:16:50,351","    61250000","RED TELESISTEMA (R.T.S)","3","  87,1","       94375","        -818"," 31,20",
"25/07/2025  18:16:50,351","    67250000"," ","4","  59,9","      999375","        3631"," 99,40",
"25/07/2025  18:16:50,351","    77250000"," ","5","  43,9","      867500","        2615"," 67,10",
"25/07/2025  18:16:50,351","    83250000"," ","6","  43,6","      758750","       42612"," 75,40",
"25/07/2025  18:16:50,351","   175250000","ECUADOR TV","7"," 109,0","      156875","          63"," 57,90",
"25/07/2025  18:16:50,351","   181250000","CADENA ECUATORIANA DE TELEVISIO","8","  41,2","      999375","        1164"," 96,00",
"25/07/2025  18:16:50,351","   187250000","TELEVISION DEL PACIFICO","9","  36,9","      999375","        9884"," 97,00",
"25/07/2025  18:16:50,351","   193250000"," ","10","  41,5","      999375","      107766"," 94,30",
"25/07/2025  18:16:50,351","   199250000"," ","11","  39,7","      999375","       80502"," 89,20",
"25/07/2025  18:16:50,351","   205250000"," ","12","  38,9","      999375","       13024"," 97,70",
"25/07/2025  18:16:50,351","   211250000","TELEAMAZONAS","13","  93,2","      141250","         393"," 40,30",
"25/07/2025  18:16:50,351","   471250000"," ","14","  26,6","      999375","       -4055"," 95,80",
"25/07/2025  18:16:50,351","   477250000"," ","15","  27,3","      999375","       -3831"," 92,90",
"25/07/2025  18:16:50,351","   483250000"," ","16","  33,2","      999375","        3680"," 97,40",
"25/07/2025  18:16:50,351","   513250000"," ","21","  26,7","      999375","          -3"," 94,80",
"25/07/2025  18:16:50,351","   519250000","UCSG TELEVISION","22","  26,7","      999375","        3263"," 95,20",
"25/07/2025  18:16:50,351","   525250000"," ","23","  27,6","      999375","        -705"," 96,20",
"25/07/2025  18:16:50,351","   531250000"," ","24","  28,7","      999375","        1521"," 95,80",
"25/07/2025  18:16:50,351","   537250000"," ","25","  27,8","      999375","       -1218"," 95,20",
"25/07/2025  18:16:50,351","   543250000","SONOVISIÓN TV","26","  27,6","      999375","       10425"," 96,60",
"25/07/2025  18:16:50,351","   549250000"," ","27","  27,2","      999375","       -1773"," 94,60",
"25/07/2025  18:16:50,351","   555250000","DIGITAL TV","28","  30,2","      999375","         392"," 92,80",
"25/07/2025  18:16:50,351","   561250000"," ","29","  27,9","      999375","        -880"," 95,30",
"25/07/2025  18:16:50,351","   567250000","TV LEGISLATIVA NO AUTORIZADA","30","  33,2","      999375","       -9750"," 95,90",
"25/07/2025  18:16:50,351","   573250000"," ","31","  28,9","      999375","        -165"," 95,40",
"25/07/2025  18:16:50,351","   579250000","TELEATAHUALPA (RTU)","32","  30,5","      999375","       -5314"," 95,90",
"25/07/2025  18:16:50,351","   585250000"," ","33","  29,3","      999375","        2694"," 92,50",
"25/07/2025  18:16:50,351","   591250000"," ","34","  29,5","      999375","        1514"," 95,40",
"25/07/2025  18:16:50,351","   597250000"," ","35","  30,4","      999375","        1597"," 96,10",
"25/07/2025  18:16:50,351","   603250000"," ","36","  30,3","      999375","       -2810"," 96,00",
"25/07/2025  18:16:50,351","   615250000"," ","38","  27,6","      999375","       -6298"," 96,70",
"25/07/2025  18:16:50,351","   621250000"," ","39","  28,4","      999375","         816"," 96,70",
"25/07/2025  18:16:50,351","   627250000"," ","40","  28,0","      999375","       -1465"," 96,80",
"25/07/2025  18:16:50,351","   633250000"," ","41","  30,7","      999375","       26306"," 96,30",
"25/07/2025  18:16:50,351","   639250000"," ","42","  40,4","      999375","       -1924"," 98,40",
"25/07/2025  18:16:50,351","   645250000"," ","43","  31,0","      999375","        3963"," 92,40",
"25/07/2025  18:16:50,351","   651250000"," ","44","  27,1","      999375","        2984"," 96,50",
"25/07/2025  18:16:50,351","   657250000"," ","45","  27,4","      999375","       -1634"," 93,80",
"25/07/2025  18:16:50,351","   663250000"," ","46","  29,2","      999375","        6026"," 93,80",
"25/07/2025  18:16:50,351","   669250000"," ","47","  27,9","      999375","       -4038"," 96,60",
"25/07/2025  18:16:50,351","   675250000","EL CIUDADANO TV NO AUTORIZADA","48","  30,3","      999375","       -1814"," 97,40",
"25/07/2025  18:16:50,351","   681250000"," ","49","  27,3","      999375","         -14"," 93,90",
"25/07/2025  18:16:50,351","   687250000"," ","50","  30,9","      999375","        2920"," 97,00",
"25/07/2025  18:16:50,351","   693250000"," ","51","  32,3","      999375","        5791"," 95,00",
"26/07/2025  7:15:03,577","    61250000","RED TELESISTEMA (R.T.S)","3","  86,6","      157500","        -392"," 14,70",
"26/07/2025  7:15:03,577","    67250000"," ","4","  38,7","      999375","        4387"," 95,40",
"26/07/2025  7:15:03,577","    77250000"," ","5","  45,3","      855625","        -705"," 68,40",
"26/07/2025  7:15:03,577","    83250000"," ","6","  43,2","      742500","       49465"," 83,30",
"26/07/2025  7:15:03,577","   175250000","ECUADOR TV","7"," 109,5","      125625","          63"," 89,20",
"26/07/2025  7:15:03,577","   181250000","CADENA ECUATORIANA DE TELEVISIO","8","  37,7","      999375","       10864"," 96,30",
"26/07/2025  7:15:03,577","   187250000","TELEVISION DEL PACIFICO","9","  39,3","      999375","       12485"," 97,30",
"26/07/2025  7:15:03,577","   193250000"," ","10","  39,4","      999375","       87253"," 92,90",
"26/07/2025  7:15:03,577","   199250000"," ","11","  39,4","      999375","      102681"," 93,60",
"26/07/2025  7:15:03,577","   205250000"," ","12","  34,9","      999375","       14095"," 96,00",
"26/07/2025  7:15:03,577","   211250000","TELEAMAZONAS","13","  93,2","       63125","          52"," 34,90",
"26/07/2025  7:15:03,577","   471250000"," ","14","  27,3","      999375","        3301"," 94,50",
"26/07/2025  7:15:03,577","   477250000"," ","15","  27,5","      999375","         335"," 94,50",
"26/07/2025  7:15:03,577","   483250000"," ","16","  26,3","      999375","       -2930"," 93,60",
"26/07/2025  7:15:03,577","   513250000"," ","21","  27,0","      999375","        2891"," 93,40",
"26/07/2025  7:15:03,577","   519250000","UCSG TELEVISION","22","  27,0","      999375","        4288"," 97,40",
"26/07/2025  7:15:03,577","   525250000"," ","23","  27,5","      998750","        4217"," 95,10",
"26/07/2025  7:15:03,577","   531250000"," ","24","  26,8","      999375","        4949"," 93,50",
"26/07/2025  7:15:03,577","   537250000"," ","25","  28,0","      999375","        3082"," 96,50",
"26/07/2025  7:15:03,577","   543250000","SONOVISIÓN TV","26","  28,9","      999375","        7351"," 95,80",
"26/07/2025  7:15:03,577","   549250000"," ","27","  26,6","      999375","       -1090"," 97,50",
"26/07/2025  7:15:03,577","   555250000","DIGITAL TV","28","  30,1","      999375","        3905"," 95,60",
"26/07/2025  7:15:03,577","   561250000"," ","29","  28,6","      999375","        1674"," 96,00",
"26/07/2025  7:15:03,577","   567250000","TV LEGISLATIVA NO AUTORIZADA","30","  31,0","      999375","       -5632"," 94,10",
"26/07/2025  7:15:03,577","   573250000"," ","31","  29,8","      999375","       -1501"," 96,10",
"26/07/2025  7:15:03,577","   579250000","TELEATAHUALPA (RTU)","32","  27,4","      999375","         750"," 93,30",
"26/07/2025  7:15:03,577","   585250000"," ","33","  28,5","      999375","        -643"," 93,60",
"26/07/2025  7:15:03,577","   591250000"," ","34","  28,9","      999375","        2860"," 96,80",
"26/07/2025  7:15:03,577","   597250000"," ","35","  28,9","      999375","        2958"," 95,70",
"26/07/2025  7:15:03,577","   603250000"," ","36","  28,8","      999375","         -79"," 94,50",
"26/07/2025  7:15:03,577","   615250000"," ","38","  28,1","      999375","        -106"," 97,70",
"26/07/2025  7:15:03,577","   621250000"," ","39","  28,3","      999375","       -1894"," 96,40",
"26/07/2025  7:15:03,577","   627250000"," ","40","  27,6","      999375","         275"," 95,20",
"26/07/2025  7:15:03,577","   633250000"," ","41","  28,2","      999375","       30106"," 91,20",
"26/07/2025  7:15:03,577","   639250000"," ","42","  39,8","      999375","       -1270"," 98,40",
"26/07/2025  7:15:03,577","   645250000"," ","43","  32,3","      999375","       -3252"," 93,00",
"26/07/2025  7:15:03,577","   651250000"," ","44","  27,3","      999375","        3358"," 95,10",
"26/07/2025  7:15:03,577","   657250000"," ","45","  28,4","      999375","        1478"," 95,50",
"26/07/2025  7:15:03,577","   663250000"," ","46","  29,6","      999375","       -4041"," 95,50",
"26/07/2025  7:15:03,577","   669250000"," ","47","  27,3","      999375","         145"," 94,10",
"26/07/2025  7:15:03,577","   675250000","EL CIUDADANO TV NO AUTORIZADA","48","  30,6","      999375","       -5035"," 96,20",
"26/07/2025  7:15:03,577","   681250000"," ","49","  29,4","      999375","        -246"," 97,00",
"26/07/2025  7:15:03,577","   687250000"," ","50","  27,9","      999375","       -2122"," 94,40",
"26/07/2025  7:15:03,577","   693250000"," ","51","  30,3","      999375","        3469"," 95,30",
"26/07/2025  7:15:57,064","    61250000","RED TELESISTEMA (R.T.S)","3","  86,5","      126250","        -338"," 16,70",
"26/07/2025  7:15:57,064","    67250000"," ","4","  39,5","      999375","        3056"," 96,60",
"26/07/2025  7:15:57,064","    77250000"," ","5","  46,0","      856875","       25447"," 70,10",
"26/07/2025  7:15:57,064","    83250000"," ","6","  43,3","      349375","       44038"," 91,60",
"26/07/2025  7:15:57,064","   175250000","ECUADOR TV","7"," 109,3","      125625","          63"," 57,40",
"26/07/2025  7:15:57,064","   181250000","CADENA ECUATORIANA DE TELEVISIO","8","  36,7","      999375","      -16238"," 95,90",
"26/07/2025  7:15:57,064","   187250000","TELEVISION DEL PACIFICO","9","  36,2","      999375","        4827"," 92,00",
"26/07/2025  7:15:57,064","   193250000"," ","10","  41,3","      999375","       94997"," 92,50",
"26/07/2025  7:15:57,064","   199250000"," ","11","  40,0","      999375","      106389"," 92,50",
"26/07/2025  7:15:57,064","   205250000"," ","12","  36,0","      999375","       14101"," 95,90",
"26/07/2025  7:15:57,064","   211250000","TELEAMAZONAS","13","  93,2","      125000","         354"," 44,60",
"26/07/2025  7:15:57,064","   471250000"," ","14","  36,1","      999375","        1117"," 98,00",
"26/07/2025  7:15:57,064","   477250000"," ","15","  27,3","      999375","        2790"," 94,50",
"26/07/2025  7:15:57,064","   483250000"," ","16","  25,9","      999375","        3898"," 93,80",
"26/07/2025  7:15:57,064","   513250000"," ","21","  26,2","      999375","         977"," 94,50",
"26/07/2025  7:15:57,064","   519250000","UCSG TELEVISION","22","  26,9","      999375","        4223"," 95,20",
"26/07/2025  7:15:57,064","   525250000"," ","23","  26,6","      998125","       -3217"," 93,20",
"26/07/2025  7:15:57,064","   531250000"," ","24","  27,2","      999375","        1801"," 95,40",
"26/07/2025  7:15:57,064","   537250000"," ","25","  28,7","      999375","        2744"," 94,90",
"26/07/2025  7:15:57,064","   543250000","SONOVISIÓN TV","26","  28,4","      999375","       -2814"," 97,20",
"26/07/2025  7:15:57,064","   549250000"," ","27","  27,5","      999375","        1410"," 95,20",
"26/07/2025  7:15:57,064","   555250000","DIGITAL TV","28","  29,2","      999375","       -3008"," 95,30",
"26/07/2025  7:15:57,064","   561250000"," ","29","  28,7","      999375","       -4057"," 95,40",
"26/07/2025  7:15:57,064","   567250000","TV LEGISLATIVA NO AUTORIZADA","30","  31,1","      999375","       -7420"," 92,80",
"26/07/2025  7:15:57,064","   573250000"," ","31","  30,2","      999375","       -4138"," 95,90",
"26/07/2025  7:15:57,064","   579250000","TELEATAHUALPA (RTU)","32","  28,7","      999375","        1213"," 96,60",
"26/07/2025  7:15:57,064","   585250000"," ","33","  27,8","      999375","        -840"," 97,00",
"26/07/2025  7:15:57,064","   591250000"," ","34","  29,3","      999375","        1605"," 96,30",
"26/07/2025  7:15:57,064","   597250000"," ","35","  29,7","      999375","        -970"," 94,50",
"26/07/2025  7:15:57,064","   603250000"," ","36","  30,0","      999375","         481"," 97,30",
"26/07/2025  7:15:57,064","   615250000"," ","38","  29,9","      999375","         -31"," 93,30",
"26/07/2025  7:15:57,064","   621250000"," ","39","  28,6","      999375","        -506"," 95,70",
"26/07/2025  7:15:57,064","   627250000"," ","40","  29,2","      999375","        2917"," 94,60",
"26/07/2025  7:15:57,064","   633250000"," ","41","  29,9","      999375","       30795"," 94,20",
"26/07/2025  7:15:57,064","   639250000"," ","42","  39,9","      999375","        -879"," 98,40",
"26/07/2025  7:15:57,064","   645250000"," ","43","  31,6","      999375","       -2113"," 92,20",
"26/07/2025  7:15:57,064","   651250000"," ","44","  27,5","      999375","        -324"," 97,30",
"26/07/2025  7:15:57,064","   657250000"," ","45","  27,3","      999375","         906"," 94,80",
"26/07/2025  7:15:57,064","   663250000"," ","46","  27,6","      999375","       -1074"," 94,00",
"26/07/2025  7:15:57,064","   669250000"," ","47","  28,8","      999375","         576"," 93,70",
"26/07/2025  7:15:57,064","   675250000","EL CIUDADANO TV NO AUTORIZADA","48","  29,5","      999375","       -1309"," 94,70",
"26/07/2025  7:15:57,064","   681250000"," ","49","  27,8","      999375","        1414"," 95,20",
"26/07/2025  7:15:57,064","   687250000"," ","50","  27,0","      999375","         645"," 95,90",
"26/07/2025  7:15:57,064","   693250000"," ","51","  30,6","      999375","        2254"," 95,00",
"26/07/2025  7:16:51,652","    61250000","RED TELESISTEMA (R.T.S)","3","  86,6","      157500","        -356"," 59,10",
"26/07/2025  7:16:51,652","    67250000"," ","4","  38,0","      999375","       -2511"," 94,90",
"26/07/2025  7:16:51,652","    77250000"," ","5","  45,1","      848750","       16775"," 70,00",
"26/07/2025  7:16:51,652","    83250000"," ","6","  44,2","      785625","       50888"," 83,00",
"26/07/2025  7:16:51,652","   175250000","ECUADOR TV","7"," 109,4","      156875","          62"," 81,60",
"26/07/2025  7:16:51,652","   181250000","CADENA ECUATORIANA DE TELEVISIO","8","  37,5","      999375","       10777"," 95,40",
"26/07/2025  7:16:51,652","   187250000","TELEVISION DEL PACIFICO","9","  38,2","      999375","       10403"," 96,00",
"26/07/2025  7:16:51,652","   193250000"," ","10","  39,8","      999375","       91277"," 98,80",
"26/07/2025  7:16:51,652","   199250000"," ","11","  40,8","      999375","      122204"," 93,00",
"26/07/2025  7:16:51,652","   205250000"," ","12","  34,8","      999375","       11305"," 96,30",
"26/07/2025  7:16:51,652","   211250000","TELEAMAZONAS","13","  93,5","      125625","        -143"," 63,80",
"26/07/2025  7:16:51,652","   471250000"," ","14","  27,4","      999375","       -1006"," 95,10",
"26/07/2025  7:16:51,652","   477250000"," ","15","  27,8","      999375","        1950"," 96,40",
"26/07/2025  7:16:51,652","   483250000"," ","16","  27,4","      999375","        4019"," 95,90",
"26/07/2025  7:16:51,652","   513250000"," ","21","  26,3","      999375","         384"," 93,60",
"26/07/2025  7:16:51,652","   519250000","UCSG TELEVISION","22","  27,8","      999375","       -1961"," 94,90",
"26/07/2025  7:16:51,652","   525250000"," ","23","  27,4","      999375","        5282"," 94,60",
"26/07/2025  7:16:51,652","   531250000"," ","24","  27,2","      999375","        -964"," 93,20",
"26/07/2025  7:16:51,652","   537250000"," ","25","  26,5","      999375","       -3968"," 96,30",
"26/07/2025  7:16:51,652","   543250000","SONOVISIÓN TV","26","  29,8","      999375","        2532"," 94,60",
"26/07/2025  7:16:51,652","   549250000"," ","27","  28,4","      999375","        1751"," 97,40",
"26/07/2025  7:16:51,652","   555250000","DIGITAL TV","28","  30,4","      999375","          60"," 95,40",
"26/07/2025  7:16:51,652","   561250000"," ","29","  28,1","      999375","          71"," 95,40",
"26/07/2025  7:16:51,652","   567250000","TV LEGISLATIVA NO AUTORIZADA","30","  30,1","      999375","       -6384"," 93,20",
"26/07/2025  7:16:51,652","   573250000"," ","31","  28,8","      999375","        3197"," 94,70",
"26/07/2025  7:16:51,652","   579250000","TELEATAHUALPA (RTU)","32","  30,4","      999375","       -3141"," 94,90",
"26/07/2025  7:16:51,652","   585250000"," ","33","  30,1","      999375","        2980"," 95,60",
"26/07/2025  7:16:51,652","   591250000"," ","34","  29,0","      999375","        -908"," 94,90",
"26/07/2025  7:16:51,652","   597250000"," ","35","  30,1","      999375","         165"," 96,80",
"26/07/2025  7:16:51,652","   603250000"," ","36","  29,5","      999375","        3133"," 96,20",
"26/07/2025  7:16:51,652","   615250000"," ","38","  28,7","      999375","        1098"," 95,20",
"26/07/2025  7:16:51,652","   621250000"," ","39","  27,6","      999375","        -220"," 95,50",
"26/07/2025  7:16:51,652","   627250000"," ","40","  27,9","      999375","       -1052"," 95,90",
"26/07/2025  7:16:51,652","   633250000"," ","41","  29,6","      999375","       23885"," 96,00",
"26/07/2025  7:16:51,652","   639250000"," ","42","  38,7","      999375","       -1704"," 97,60",
"26/07/2025  7:16:51,652","   645250000"," ","43","  31,6","      999375","       -3114"," 96,60",
"26/07/2025  7:16:51,652","   651250000"," ","44","  28,4","      999375","         530"," 93,30",
"26/07/2025  7:16:51,652","   657250000"," ","45","  28,5","      999375","        1820"," 97,20",
"26/07/2025  7:16:51,652","   663250000"," ","46","  27,4","      999375","       -5983"," 94,80",
"26/07/2025  7:16:51,652","   669250000"," ","47","  34,6","      418125","      119005"," 97,10",
"26/07/2025  7:16:51,652","   675250000","EL CIUDADANO TV NO AUTORIZADA","48","  28,3","      999375","       -1794"," 96,60",
"26/07/2025  7:16:51,652","   681250000"," ","49","  29,4","      999375","        2912"," 96,70",
"26/07/2025  7:16:51,652","   687250000"," ","50","  26,7","      999375","         411"," 97,00",
"26/07/2025  7:16:51,652","   693250000"," ","51","  28,1","      999375","        3077"," 96,20",
"26/07/2025  18:15:03,438","    61250000","RED TELESISTEMA (R.T.S)","3","  87,2","      220000","       -1259"," 63,70",
"26/07/2025  18:15:03,438","    67250000"," ","4","  39,7","      999375","       -3543"," 95,00",
"26/07/2025  18:15:03,438","    77250000"," ","5","  43,6","      846250","       -1263"," 66,00",
"26/07/2025  18:15:03,438","    83250000"," ","6","  43,4","      800625","       10496"," 76,30",
"26/07/2025  18:15:03,438","   175250000","ECUADOR TV","7"," 108,7","      126250","          62"," 44,30",
"26/07/2025  18:15:03,438","   181250000","CADENA ECUATORIANA DE TELEVISIO","8","  38,1","      999375","      -12972"," 95,40",
"26/07/2025  18:15:03,438","   187250000","TELEVISION DEL PACIFICO","9","  36,5","      999375","        1409"," 96,80",
"26/07/2025  18:15:03,438","   193250000"," ","10","  41,4","      999375","       65942"," 94,70",
"26/07/2025  18:15:03,438","   199250000"," ","11","  37,8","      999375","       44763"," 95,50",
"26/07/2025  18:15:03,438","   205250000"," ","12","  34,7","      999375","        4598"," 95,10",
"26/07/2025  18:15:03,438","   211250000","TELEAMAZONAS","13","  92,8","      126250","         -75"," 77,30",
"26/07/2025  18:15:03,438","   471250000"," ","14","  27,8","      999375","        6428"," 96,50",
"26/07/2025  18:15:03,438","   477250000"," ","15","  28,7","      999375","         846"," 96,70",
"26/07/2025  18:15:03,438","   483250000"," ","16","  28,5","      999375","        2128"," 96,80",
"26/07/2025  18:15:03,438","   513250000"," ","21","  27,6","      999375","       -2026"," 95,00",
"26/07/2025  18:15:03,438","   519250000","UCSG TELEVISION","22","  26,3","      999375","        2704"," 93,70",
"26/07/2025  18:15:03,438","   525250000"," ","23","  28,0","      999375","        -582"," 95,70",
"26/07/2025  18:15:03,438","   531250000"," ","24","  27,4","      999375","       -2091"," 94,80",
"26/07/2025  18:15:03,438","   537250000"," ","25","  28,7","      999375","        4041"," 94,10",
"26/07/2025  18:15:03,438","   543250000","SONOVISIÓN TV","26","  30,1","      999375","       -2777"," 96,30",
"26/07/2025  18:15:03,438","   549250000"," ","27","  28,2","      999375","       -1247"," 93,30",
"26/07/2025  18:15:03,438","   555250000","DIGITAL TV","28","  29,2","      999375","         128"," 93,20",
"26/07/2025  18:15:03,438","   561250000"," ","29","  27,7","      999375","       -2967"," 94,00",
"26/07/2025  18:15:03,438","   567250000","TV LEGISLATIVA NO AUTORIZADA","30","  30,4","      999375","       -2591"," 96,10",
"26/07/2025  18:15:03,438","   573250000"," ","31","  27,7","      999375","        4341"," 95,10",
"26/07/2025  18:15:03,438","   579250000","TELEATAHUALPA (RTU)","32","  30,4","      999375","        3630"," 96,40",
"26/07/2025  18:15:03,438","   585250000"," ","33","  28,2","      999375","       -2434"," 96,30",
"26/07/2025  18:15:03,438","   591250000"," ","34","  29,3","      999375","       -1012"," 95,30",
"26/07/2025  18:15:03,438","   597250000"," ","35","  29,2","      999375","       -2459"," 94,60",
"26/07/2025  18:15:03,438","   603250000"," ","36","  28,8","      999375","        -678"," 94,90",
"26/07/2025  18:15:03,438","   615250000"," ","38","  29,4","      999375","       -1595"," 92,50",
"26/07/2025  18:15:03,438","   621250000"," ","39","  28,0","      999375","       -1070"," 96,40",
"26/07/2025  18:15:03,438","   627250000"," ","40","  28,1","      999375","       -1356"," 97,50",
"26/07/2025  18:15:03,438","   633250000"," ","41","  28,9","      999375","       24883"," 93,10",
"26/07/2025  18:15:03,438","   639250000"," ","42","  38,2","      999375","        -328"," 98,00",
"26/07/2025  18:15:03,438","   645250000"," ","43","  32,8","      999375","        1855"," 95,20",
"26/07/2025  18:15:03,438","   651250000"," ","44","  26,9","      999375","        3573"," 95,00",
"26/07/2025  18:15:03,438","   657250000"," ","45","  27,1","      999375","         297"," 94,30",
"26/07/2025  18:15:03,438","   663250000"," ","46","  28,9","      999375","        2766"," 96,10",
"26/07/2025  18:15:03,438","   669250000"," ","47","  28,8","      999375","        2815"," 97,10",
"26/07/2025  18:15:03,438","   675250000","EL CIUDADANO TV NO AUTORIZADA","48","  27,5","      999375","        -541"," 95,80",
"26/07/2025  18:15:03,438","   681250000"," ","49","  28,6","      999375","       -2032"," 96,10",
"26/07/2025  18:15:03,438","   687250000"," ","50","  28,0","      999375","         348"," 95,10",
"26/07/2025  18:15:03,438","   693250000"," ","51","  28,8","      999375","         113"," 95,50",
"26/07/2025  18:15:57,096","    61250000","RED TELESISTEMA (R.T.S)","3","  87,1","       95000","       -1034"," 61,70",
"26/07/2025  18:15:57,096","    67250000"," ","4","  41,2","      999375","       -3258"," 97,50",
"26/07/2025  18:15:57,096","    77250000"," ","5","  45,7","      885000","      -12523"," 83,60",
"26/07/2025  18:15:57,096","    83250000"," ","6","  42,7","      861875","       15790"," 76,50",
"26/07/2025  18:15:57,096","   175250000","ECUADOR TV","7"," 108,8","      172500","          63"," 58,00",
"26/07/2025  18:15:57,096","   181250000","CADENA ECUATORIANA DE TELEVISIO","8","  36,8","      999375","       -8775"," 96,30",
"26/07/2025  18:15:57,096","   187250000","TELEVISION DEL PACIFICO","9","  42,5","      999375","        3798"," 98,80",
"26/07/2025  18:15:57,096","   193250000"," ","10","  40,8","      999375","       98150"," 89,80",
"26/07/2025  18:15:57,096","   199250000"," ","11","  38,7","      999375","       56896"," 96,30",
"26/07/2025  18:15:57,096","   205250000"," ","12","  33,9","      999375","        7156"," 95,40",
"26/07/2025  18:15:57,096","   211250000","TELEAMAZONAS","13","  92,9","       95000","         361"," 43,00",
"26/07/2025  18:15:57,096","   471250000"," ","14","  29,0","      999375","        2882"," 97,00",
"26/07/2025  18:15:57,096","   477250000"," ","15","  29,0","      999375","       -1149"," 97,70",
"26/07/2025  18:15:57,096","   483250000"," ","16","  28,5","      999375","        1093"," 93,60",
"26/07/2025  18:15:57,096","   513250000"," ","21","  26,6","      999375","        2514"," 96,70",
"26/07/2025  18:15:57,096","   519250000","UCSG TELEVISION","22","  26,1","      999375","        5465"," 94,10",
"26/07/2025  18:15:57,096","   525250000"," ","23","  27,3","      999375","         495"," 95,90",
"26/07/2025  18:15:57,096","   531250000"," ","24","  26,9","      999375","        -560"," 95,30",
"26/07/2025  18:15:57,096","   537250000"," ","25","  27,3","      999375","       -1116"," 96,70",
"26/07/2025  18:15:57,096","   543250000","SONOVISIÓN TV","26","  29,9","      999375","        7264"," 97,40",
"26/07/2025  18:15:57,096","   549250000"," ","27","  27,7","      999375","        3732"," 95,20",
"26/07/2025  18:15:57,096","   555250000","DIGITAL TV","28","  30,4","      999375","       -1299"," 97,70",
"26/07/2025  18:15:57,096","   561250000"," ","29","  28,8","      999375","        3671"," 95,60",
"26/07/2025  18:15:57,096","   567250000","TV LEGISLATIVA NO AUTORIZADA","30","  31,1","      999375","       -7358"," 97,10",
"26/07/2025  18:15:57,096","   573250000"," ","31","  28,9","      999375","        1724"," 94,50",
"26/07/2025  18:15:57,096","   579250000","TELEATAHUALPA (RTU)","32","  28,9","      999375","        1032"," 95,20",
"26/07/2025  18:15:57,096","   585250000"," ","33","  30,8","      999375","       -3129"," 95,20",
"26/07/2025  18:15:57,096","   591250000"," ","34","  29,7","      999375","        4713"," 97,00",
"26/07/2025  18:15:57,096","   597250000"," ","35","  29,3","      999375","        1038"," 95,40",
"26/07/2025  18:15:57,096","   603250000"," ","36","  28,4","      999375","        3397"," 95,20",
"26/07/2025  18:15:57,096","   615250000"," ","38","  29,9","      999375","        1618"," 93,90",
"26/07/2025  18:15:57,096","   621250000"," ","39","  29,2","      999375","        2649"," 96,90",
"26/07/2025  18:15:57,096","   627250000"," ","40","  29,0","      999375","        4945"," 92,30",
"26/07/2025  18:15:57,096","   633250000"," ","41","  28,4","      999375","       23435"," 96,00",
"26/07/2025  18:15:57,096","   639250000"," ","42","  39,4","      999375","       -3503"," 98,30",
"26/07/2025  18:15:57,096","   645250000"," ","43","  31,4","      999375","         926"," 94,40",
"26/07/2025  18:15:57,096","   651250000"," ","44","  27,6","      999375","        3893"," 96,50",
"26/07/2025  18:15:57,096","   657250000"," ","45","  27,5","      999375","       -4160"," 90,20",
"26/07/2025  18:15:57,096","   663250000"," ","46","  28,2","      999375","       -1718"," 96,80",
"26/07/2025  18:15:57,096","   669250000"," ","47","  26,4","      999375","        1745"," 94,00",
"26/07/2025  18:15:57,096","   675250000","EL CIUDADANO TV NO AUTORIZADA","48","  29,8","      999375","       -1432"," 97,80",
"26/07/2025  18:15:57,096","   681250000"," ","49","  28,0","      999375","        3804"," 92,90",
"26/07/2025  18:15:57,096","   687250000"," ","50","  28,5","      999375","        -949"," 96,70",
"26/07/2025  18:15:57,096","   693250000"," ","51","  30,2","      999375","        2380"," 95,50",
"26/07/2025  18:16:50,340","    61250000","RED TELESISTEMA (R.T.S)","3","  87,4","       95000","       -1512"," 34,50",
"26/07/2025  18:16:50,340","    67250000"," ","4","  39,5","      999375","         513"," 95,10",
"26/07/2025  18:16:50,340","    77250000"," ","5","  43,2","      851875","        9118"," 56,90",
"26/07/2025  18:16:50,340","    83250000"," ","6","  42,3","      961250","       42689"," 87,40",
"26/07/2025  18:16:50,340","   175250000","ECUADOR TV","7"," 108,5","      156875","          62"," 58,00",
"26/07/2025  18:16:50,340","   181250000","CADENA ECUATORIANA DE TELEVISIO","8","  38,2","      999375","       -8013"," 93,40",
"26/07/2025  18:16:50,340","   187250000","TELEVISION DEL PACIFICO","9","  36,0","      999375","        5037"," 95,40",
"26/07/2025  18:16:50,340","   193250000"," ","10","  40,1","      999375","       96510"," 95,00",
"26/07/2025  18:16:50,340","   199250000"," ","11","  39,7","      999375","       63955"," 95,90",
"26/07/2025  18:16:50,340","   205250000"," ","12","  42,9","      999375","        9830"," 98,00",
"26/07/2025  18:16:50,340","   211250000","TELEAMAZONAS","13","  93,0","      109375","         323"," 60,20",
"26/07/2025  18:16:50,340","   471250000"," ","14","  30,5","      999375","       -4749"," 96,60",
"26/07/2025  18:16:50,340","   477250000"," ","15","  36,7","      999375","         613"," 98,10",
"26/07/2025  18:16:50,340","   483250000"," ","16","  27,2","      999375","        4252"," 94,60",
"26/07/2025  18:16:50,340","   513250000"," ","21","  26,5","      999375","         762"," 92,80",
"26/07/2025  18:16:50,340","   519250000","UCSG TELEVISION","22","  26,2","      999375","        2537"," 94,80",
"26/07/2025  18:16:50,340","   525250000"," ","23","  28,9","      999375","        5132"," 96,00",
"26/07/2025  18:16:50,340","   531250000"," ","24","  27,1","      999375","        -845"," 96,20",
"26/07/2025  18:16:50,340","   537250000"," ","25","  37,1","      999375","        -857"," 98,10",
"26/07/2025  18:16:50,340","   543250000","SONOVISIÓN TV","26","  28,5","      999375","        5604"," 94,70",
"26/07/2025  18:16:50,340","   549250000"," ","27","  26,9","      999375","        1736"," 96,30",
"26/07/2025  18:16:50,340","   555250000","DIGITAL TV","28","  29,4","      999375","        1821"," 95,20",
"26/07/2025  18:16:50,340","   561250000"," ","29","  28,7","      999375","        2030"," 94,90",
"26/07/2025  18:16:50,340","   567250000","TV LEGISLATIVA NO AUTORIZADA","30","  31,4","      999375","      -13575"," 95,80",
"26/07/2025  18:16:50,340","   573250000"," ","31","  29,4","      999375","          93"," 95,70",
"26/07/2025  18:16:50,340","   579250000","TELEATAHUALPA (RTU)","32","  28,9","      999375","        3991"," 96,00",
"26/07/2025  18:16:50,340","   585250000"," ","33","  29,4","      999375","        -165"," 96,60",
"26/07/2025  18:16:50,340","   591250000"," ","34","  29,6","      999375","        1005"," 96,00",
"26/07/2025  18:16:50,340","   597250000"," ","35","  30,2","      999375","        1005"," 96,30",
"26/07/2025  18:16:50,340","   603250000"," ","36","  29,4","      999375","        1972"," 97,00",
"26/07/2025  18:16:50,340","   615250000"," ","38","  27,8","      999375","       -2054"," 97,90",
"26/07/2025  18:16:50,340","   621250000"," ","39","  28,9","      999375","        -149"," 96,90",
"26/07/2025  18:16:50,340","   627250000"," ","40","  27,1","      999375","        1843"," 94,40",
"26/07/2025  18:16:50,340","   633250000"," ","41","  28,4","      999375","       23415"," 95,80",
"26/07/2025  18:16:50,340","   639250000"," ","42","  38,8","      999375","       -4615"," 97,60",
"26/07/2025  18:16:50,340","   645250000"," ","43","  31,2","      999375","        2734"," 95,20",
"26/07/2025  18:16:50,340","   651250000"," ","44","  27,9","      999375","        2228"," 95,90",
"26/07/2025  18:16:50,340","   657250000"," ","45","  28,1","      999375","        -638"," 95,80",
"26/07/2025  18:16:50,340","   663250000"," ","46","  30,0","      999375","       26471"," 94,80",
"26/07/2025  18:16:50,340","   669250000"," ","47","  27,4","      999375","        3812"," 94,00",
"26/07/2025  18:16:50,340","   675250000","EL CIUDADANO TV NO AUTORIZADA","48","  30,4","      999375","        2372"," 96,40",
"26/07/2025  18:16:50,340","   681250000"," ","49","  28,2","      999375","       -8072"," 96,80",
"26/07/2025  18:16:50,340","   687250000"," ","50","  27,9","      999375","        2460"," 95,50",
"26/07/2025  18:16:50,340","   693250000"," ","51","  29,8","      999375","        4169"," 95,10",
"27/07/2025  7:15:03,555","    61250000","RED TELESISTEMA (R.T.S)","3","  87,3","      126250","        -380"," 57,00",
"27/07/2025  7:15:03,555","    67250000"," ","4","  39,9","      999375","        3388"," 96,00",
"27/07/2025  7:15:03,555","    77250000"," ","5","  43,6","      839375","      -24913"," 63,80",
"27/07/2025  7:15:03,555","    83250000"," ","6","  47,1","      409375","       63256"," 60,00",
"27/07/2025  7:15:03,555","   175250000","ECUADOR TV","7"," 108,8","      125625","          62"," 81,00",
"27/07/2025  7:15:03,555","   181250000","CADENA ECUATORIANA DE TELEVISIO","8","  43,3","      998750","      -29193"," 85,60",
"27/07/2025  7:15:03,555","   187250000","TELEVISION DEL PACIFICO","9","  36,8","      999375","       14160"," 94,00",
"27/07/2025  7:15:03,555","   193250000"," ","10","  46,0","      938125","      108620"," 87,70",
"27/07/2025  7:15:03,555","   199250000"," ","11","  43,5","      935000","       82700"," 73,70",
"27/07/2025  7:15:03,555","   205250000"," ","12","  33,2","      999375","        8940"," 93,80",
"27/07/2025  7:15:03,555","   211250000","TELEAMAZONAS","13","  93,8","      156875","         204"," 41,80",
"27/07/2025  7:15:03,555","   471250000"," ","14","  27,0","      999375","       -3931"," 96,20",
"27/07/2025  7:15:03,555","   477250000"," ","15","  27,7","      999375","         904"," 95,70",
"27/07/2025  7:15:03,555","   483250000"," ","16","  27,1","      999375","         872"," 93,30",
"27/07/2025  7:15:03,555","   513250000"," ","21","  26,3","      999375","        -803"," 94,70",
"27/07/2025  7:15:03,555","   519250000","UCSG TELEVISION","22","  26,1","      999375","        3016"," 96,50",
"27/07/2025  7:15:03,555","   525250000"," ","23","  30,5","      999375","        -716"," 96,70",
"27/07/2025  7:15:03,555","   531250000"," ","24","  26,4","      999375","        -337"," 93,30",
"27/07/2025  7:15:03,555","   537250000"," ","25","  27,1","      999375","         925"," 93,70",
"27/07/2025  7:15:03,555","   543250000","SONOVISIÓN TV","26","  27,7","      999375","       -3004"," 94,90",
"27/07/2025  7:15:03,555","   549250000"," ","27","  28,0","      999375","        3161"," 95,10",
"27/07/2025  7:15:03,555","   555250000","DIGITAL TV","28","  33,2","      999375","       -3143"," 96,60",
"27/07/2025  7:15:03,555","   561250000"," ","29","  28,1","      999375","       -1316"," 94,40",
"27/07/2025  7:15:03,555","   567250000","TV LEGISLATIVA NO AUTORIZADA","30","  33,8","      999375","      -13904"," 95,90",
"27/07/2025  7:15:03,555","   573250000"," ","31","  29,0","      999375","        2208"," 95,70",
"27/07/2025  7:15:03,555","   579250000","TELEATAHUALPA (RTU)","32","  28,3","      999375","         372"," 96,70",
"27/07/2025  7:15:03,555","   585250000"," ","33","  28,8","      999375","       -1719"," 93,00",
"27/07/2025  7:15:03,555","   591250000"," ","34","  28,5","      999375","       -2052"," 92,80",
"27/07/2025  7:15:03,555","   597250000"," ","35","  29,9","      999375","         692"," 94,10",
"27/07/2025  7:15:03,555","   603250000"," ","36","  29,7","      999375","       -2782"," 93,70",
"27/07/2025  7:15:03,555","   615250000"," ","38","  28,7","      999375","       -3728"," 94,10",
"27/07/2025  7:15:03,555","   621250000"," ","39","  28,3","      999375","       -5220"," 96,80",
"27/07/2025  7:15:03,555","   627250000"," ","40","  27,8","      999375","       -1991"," 95,60",
"27/07/2025  7:15:03,555","   633250000"," ","41","  29,5","      999375","       24820"," 96,30",
"27/07/2025  7:15:03,555","   639250000"," ","42","  36,3","      999375","       -3774"," 96,60",
"27/07/2025  7:15:03,555","   645250000"," ","43","  31,4","      999375","        2763"," 95,80",
"27/07/2025  7:15:03,555","   651250000"," ","44","  27,0","      999375","        1278"," 91,80",
"27/07/2025  7:15:03,555","   657250000"," ","45","  27,1","      999375","        -987"," 95,20",
"27/07/2025  7:15:03,555","   663250000"," ","46","  29,0","      251875","        5807"," 94,60",
"27/07/2025  7:15:03,555","   669250000"," ","47","  28,1","      999375","       -1136"," 95,00",
"27/07/2025  7:15:03,555","   675250000","EL CIUDADANO TV NO AUTORIZADA","48","  29,5","      999375","        1785"," 95,60",
"27/07/2025  7:15:03,555","   681250000"," ","49","  27,7","      999375","       -1234"," 93,90",
"27/07/2025  7:15:03,555","   687250000"," ","50","  26,8","      999375","        1605"," 95,60",
"27/07/2025  7:15:03,555","   693250000"," ","51","  27,6","      999375","         492"," 95,10",
"27/07/2025  7:15:57,009","    61250000","RED TELESISTEMA (R.T.S)","3","  87,0","       94375","        -354"," 58,20",
"27/07/2025  7:15:57,009","    67250000"," ","4","  39,3","      999375","       -3774"," 96,10",
"27/07/2025  7:15:57,009","    77250000"," ","5","  44,0","      813125","        2895"," 66,80",
"27/07/2025  7:15:57,009","    83250000"," ","6","  46,8","      426875","       33485"," 80,60",
"27/07/2025  7:15:57,009","   175250000","ECUADOR TV","7"," 108,9","      125625","          63"," 57,30",
"27/07/2025  7:15:57,009","   181250000","CADENA ECUATORIANA DE TELEVISIO","8","  42,2","      989375","      -29878"," 91,60",
"27/07/2025  7:15:57,009","   187250000","TELEVISION DEL PACIFICO","9","  36,5","      999375","       23820"," 97,20",
"27/07/2025  7:15:57,009","   193250000"," ","10","  45,3","      892500","      106003"," 94,20",
"27/07/2025  7:15:57,009","   199250000"," ","11","  42,7","      961250","       80639"," 92,50",
"27/07/2025  7:15:57,009","   205250000"," ","12","  33,8","      999375","       12903"," 94,30",
"27/07/2025  7:15:57,009","   211250000","TELEAMAZONAS","13","  94,0","      140625","        -138"," 45,80",
"27/07/2025  7:15:57,009","   471250000"," ","14","  26,3","      999375","        3594"," 96,40",
"27/07/2025  7:15:57,009","   477250000"," ","15","  26,9","      999375","       -2076"," 96,00",
"27/07/2025  7:15:57,009","   483250000"," ","16","  27,0","      999375","        2394"," 94,70",
"27/07/2025  7:15:57,009","   513250000"," ","21","  26,3","      999375","        -601"," 94,70",
"27/07/2025  7:15:57,009","   519250000","UCSG TELEVISION","22","  27,6","      999375","       -2349"," 93,40",
"27/07/2025  7:15:57,009","   525250000"," ","23","  27,3","      999375","        3043"," 96,00",
"27/07/2025  7:15:57,009","   531250000"," ","24","  28,4","      999375","        3161"," 96,40",
"27/07/2025  7:15:57,009","   537250000"," ","25","  27,2","      999375","        2912"," 96,00",
"27/07/2025  7:15:57,009","   543250000","SONOVISIÓN TV","26","  27,5","      999375","        4163"," 95,00",
"27/07/2025  7:15:57,009","   549250000"," ","27","  27,4","      999375","         711"," 95,80",
"27/07/2025  7:15:57,009","   555250000","DIGITAL TV","28","  32,1","      999375","        1495"," 94,70",
"27/07/2025  7:15:57,009","   561250000"," ","29","  28,0","      999375","        8451"," 93,30",
"27/07/2025  7:15:57,009","   567250000","TV LEGISLATIVA NO AUTORIZADA","30","  34,3","      999375","      -12835"," 95,70",
"27/07/2025  7:15:57,009","   573250000"," ","31","  29,0","      999375","       -2085"," 96,10",
"27/07/2025  7:15:57,009","   579250000","TELEATAHUALPA (RTU)","32","  30,2","      999375","      -19845"," 94,60",
"27/07/2025  7:15:57,009","   585250000"," ","33","  28,7","      999375","       -2942"," 95,10",
"27/07/2025  7:15:57,009","   591250000"," ","34","  30,7","      999375","       -2991"," 94,90",
"27/07/2025  7:15:57,009","   597250000"," ","35","  29,3","      999375","       -1668"," 94,00",
"27/07/2025  7:15:57,009","   603250000"," ","36","  31,3","      999375","       -1760"," 97,20",
"27/07/2025  7:15:57,009","   615250000"," ","38","  29,1","      999375","       -1202"," 95,30",
"27/07/2025  7:15:57,009","   621250000"," ","39","  28,5","      999375","       -1903"," 95,30",
"27/07/2025  7:15:57,009","   627250000"," ","40","  27,7","      999375","         543"," 94,80",
"27/07/2025  7:15:57,009","   633250000"," ","41","  29,3","      999375","       25417"," 92,10",
"27/07/2025  7:15:57,009","   639250000"," ","42","  37,7","      999375","       -3056"," 98,00",
"27/07/2025  7:15:57,009","   645250000"," ","43","  30,2","      999375","        2175"," 94,70",
"27/07/2025  7:15:57,009","   651250000"," ","44","  27,9","      999375","        6349"," 95,10",
"27/07/2025  7:15:57,009","   657250000"," ","45","  27,3","      999375","         384"," 94,00",
"27/07/2025  7:15:57,009","   663250000"," ","46","  28,8","      999375","       -2550"," 93,30",
"27/07/2025  7:15:57,009","   669250000"," ","47","  27,0","      999375","        -840"," 96,80",
"27/07/2025  7:15:57,009","   675250000","EL CIUDADANO TV NO AUTORIZADA","48","  29,5","      999375","         598"," 95,60",
"27/07/2025  7:15:57,009","   681250000"," ","49","  28,0","      999375","       -3302"," 96,00",
"27/07/2025  7:15:57,009","   687250000"," ","50","  28,2","      999375","       -1223"," 95,70",
"27/07/2025  7:15:57,009","   693250000"," ","51","  29,9","      999375","       -3986"," 95,20",
"27/07/2025  7:16:50,464","    61250000","RED TELESISTEMA (R.T.S)","3","  87,4","      156875","        -413"," 60,10",
"27/07/2025  7:16:50,464","    67250000"," ","4","  38,6","      999375","         -37"," 94,90",
"27/07/2025  7:16:50,464","    77250000"," ","5","  44,8","      816250","         534"," 77,00",
"27/07/2025  7:16:50,464","    83250000"," ","6","  46,1","      671250","       22296"," 70,40",
"27/07/2025  7:16:50,464","   175250000","ECUADOR TV","7"," 108,7","      125625","          63"," 88,50",
"27/07/2025  7:16:50,464","   181250000","CADENA ECUATORIANA DE TELEVISIO","8","  42,5","      993750","      -54886"," 89,60",
"27/07/2025  7:16:50,464","   187250000","TELEVISION DEL PACIFICO","9","  36,7","      999375","       22464"," 95,30",
"27/07/2025  7:16:50,464","   193250000"," ","10","  45,0","      923750","      103329"," 97,20",
"27/07/2025  7:16:50,464","   199250000"," ","11","  42,8","      993750","       97357"," 94,90",
"27/07/2025  7:16:50,464","   205250000"," ","12","  33,1","      999375","         -64"," 94,90",
"27/07/2025  7:16:50,464","   211250000","TELEAMAZONAS","13","  94,1","      125625","         132"," 45,20",
"27/07/2025  7:16:50,464","   471250000"," ","14","  27,5","      999375","        1539"," 94,50",
"27/07/2025  7:16:50,464","   477250000"," ","15","  26,9","      999375","         817"," 95,80",
"27/07/2025  7:16:50,464","   483250000"," ","16","  26,1","      999375","        -992"," 94,90",
"27/07/2025  7:16:50,464","   513250000"," ","21","  26,6","      999375","       -2057"," 95,40",
"27/07/2025  7:16:50,464","   519250000","UCSG TELEVISION","22","  26,4","      999375","        1472"," 95,30",
"27/07/2025  7:16:50,464","   525250000"," ","23","  26,9","      999375","       -3624"," 92,10",
"27/07/2025  7:16:50,464","   531250000"," ","24","  26,6","      999375","        -172"," 95,20",
"27/07/2025  7:16:50,464","   537250000"," ","25","  26,5","      999375","        -471"," 97,00",
"27/07/2025  7:16:50,464","   543250000","SONOVISIÓN TV","26","  28,7","      999375","        -477"," 93,90",
"27/07/2025  7:16:50,464","   549250000"," ","27","  29,0","      999375","        1213"," 93,20",
"27/07/2025  7:16:50,464","   555250000","DIGITAL TV","28","  31,9","      999375","       -2184"," 95,70",
"27/07/2025  7:16:50,464","   561250000"," ","29","  28,6","      999375","       -5343"," 94,20",
"27/07/2025  7:16:50,464","   567250000","TV LEGISLATIVA NO AUTORIZADA","30","  33,3","      999375","      -12280"," 95,20",
"27/07/2025  7:16:50,464","   573250000"," ","31","  29,3","      999375","        2088"," 96,40",
"27/07/2025  7:16:50,464","   579250000","TELEATAHUALPA (RTU)","32","  29,8","      999375","         141"," 94,90",
"27/07/2025  7:16:50,464","   585250000"," ","33","  33,0","      999375","        1827"," 95,70",
"27/07/2025  7:16:50,464","   591250000"," ","34","  30,6","      999375","        1512"," 94,90",
"27/07/2025  7:16:50,464","   597250000"," ","35","  29,2","      999375","       -2464"," 91,60",
"27/07/2025  7:16:50,464","   603250000"," ","36","  30,0","      999375","        -686"," 97,00",
"27/07/2025  7:16:50,464","   615250000"," ","38","  28,1","      999375","        3722"," 94,90",
"27/07/2025  7:16:50,464","   621250000"," ","39","  28,5","      999375","        5325"," 94,00",
"27/07/2025  7:16:50,464","   627250000"," ","40","  27,4","      999375","         -15"," 92,20",
"27/07/2025  7:16:50,464","   633250000"," ","41","  28,5","      999375","       30407"," 93,50",
"27/07/2025  7:16:50,464","   639250000"," ","42","  38,8","      999375","       -1770"," 98,00",
"27/07/2025  7:16:50,464","   645250000"," ","43","  31,4","      999375","        2342"," 96,20",
"27/07/2025  7:16:50,464","   651250000"," ","44","  27,6","      999375","        1775"," 96,00",
"27/07/2025  7:16:50,464","   657250000"," ","45","  26,3","      999375","        3785"," 91,00",
"27/07/2025  7:16:50,464","   663250000"," ","46","  30,1","      999375","        1845"," 95,90",
"27/07/2025  7:16:50,464","   669250000"," ","47","  26,8","      999375","        4646"," 93,00",
"27/07/2025  7:16:50,464","   675250000","EL CIUDADANO TV NO AUTORIZADA","48","  30,5","      999375","       -6852"," 96,00",
"27/07/2025  7:16:50,464","   681250000"," ","49","  27,3","      999375","        1518"," 96,20",
"27/07/2025  7:16:50,464","   687250000"," ","50","  28,0","      999375","        3572"," 93,80",
"27/07/2025  7:16:50,464","   693250000"," ","51","  30,2","      999375","       -1809"," 93,10",
"27/07/2025  18:15:03,409","    61250000","RED TELESISTEMA (R.T.S)","3","  86,8","      125000","        -852"," 34,20",
"27/07/2025  18:15:03,409","    67250000"," ","4","  39,6","      999375","       -7177"," 92,90",
"27/07/2025  18:15:03,409","    77250000"," ","5","  43,2","      873750","      -14639"," 53,20",
"27/07/2025  18:15:03,409","    83250000"," ","6","  42,6","      755625","       46928"," 87,70",
"27/07/2025  18:15:03,409","   175250000","ECUADOR TV","7"," 108,6","      188125","          62"," 57,20",
"27/07/2025  18:15:03,409","   181250000","CADENA ECUATORIANA DE TELEVISIO","8","  37,6","      999375","      -17114"," 93,80",
"27/07/2025  18:15:03,409","   187250000","TELEVISION DEL PACIFICO","9","  37,1","      999375","        6429"," 94,00",
"27/07/2025  18:15:03,409","   193250000"," ","10","  41,6","      999375","       64138"," 93,40",
"27/07/2025  18:15:03,409","   199250000"," ","11","  38,8","      999375","       79469"," 95,80",
"27/07/2025  18:15:03,409","   205250000"," ","12","  37,6","      999375","      -19592"," 97,00",
"27/07/2025  18:15:03,409","   211250000","TELEAMAZONAS","13","  92,4","       78750","         -19"," 32,30",
"27/07/2025  18:15:03,409","   471250000"," ","14","  27,6","      999375","       -2249"," 95,10",
"27/07/2025  18:15:03,409","   477250000"," ","15","  27,7","      999375","        -338"," 95,70",
"27/07/2025  18:15:03,409","   483250000"," ","16","  28,3","      999375","       -5939"," 96,70",
"27/07/2025  18:15:03,409","   513250000"," ","21","  25,3","      999375","           4"," 94,40",
"27/07/2025  18:15:03,409","   519250000","UCSG TELEVISION","22","  25,6","      999375","         704"," 94,30",
"27/07/2025  18:15:03,409","   525250000"," ","23","  27,2","      999375","        1606"," 93,10",
"27/07/2025  18:15:03,409","   531250000"," ","24","  26,9","      999375","        2819"," 95,20",
"27/07/2025  18:15:03,409","   537250000"," ","25","  27,1","      999375","        2610"," 96,30",
"27/07/2025  18:15:03,409","   543250000","SONOVISIÓN TV","26","  29,1","      999375","         760"," 96,70",
"27/07/2025  18:15:03,409","   549250000"," ","27","  29,4","      999375","        1209"," 97,00",
"27/07/2025  18:15:03,409","   555250000","DIGITAL TV","28","  31,2","      999375","        1735"," 93,90",
"27/07/2025  18:15:03,409","   561250000"," ","29","  27,5","      999375","        1412"," 94,80",
"27/07/2025  18:15:03,409","   567250000","TV LEGISLATIVA NO AUTORIZADA","30","  32,3","      999375","      -16904"," 95,30",
"27/07/2025  18:15:03,409","   573250000"," ","31","  30,0","      999375","         409"," 94,70",
"27/07/2025  18:15:03,409","   579250000","TELEATAHUALPA (RTU)","32","  28,4","      999375","       -5145"," 95,80",
"27/07/2025  18:15:03,409","   585250000"," ","33","  28,7","      999375","        4224"," 96,70",
"27/07/2025  18:15:03,409","   591250000"," ","34","  28,5","      999375","       -4662"," 94,20",
"27/07/2025  18:15:03,409","   597250000"," ","35","  30,1","      999375","        1022"," 94,40",
"27/07/2025  18:15:03,409","   603250000"," ","36","  28,6","      999375","         183"," 95,20",
"27/07/2025  18:15:03,409","   615250000"," ","38","  28,7","      999375","       -4456"," 95,20",
"27/07/2025  18:15:03,409","   621250000"," ","39","  28,9","      999375","        -920"," 94,90",
"27/07/2025  18:15:03,409","   627250000"," ","40","  27,9","      999375","        3492"," 94,40",
"27/07/2025  18:15:03,409","   633250000"," ","41","  29,5","      999375","       24455"," 97,00",
"27/07/2025  18:15:03,409","   639250000"," ","42","  40,2","      999375","       -2773"," 98,00",
"27/07/2025  18:15:03,409","   645250000"," ","43","  31,8","      999375","          44"," 94,30",
"27/07/2025  18:15:03,409","   651250000"," ","44","  28,3","      999375","       -4405"," 96,90",
"27/07/2025  18:15:03,409","   657250000"," ","45","  27,3","      999375","        1169"," 95,30",
"27/07/2025  18:15:03,409","   663250000"," ","46","  28,5","      999375","        2320"," 94,50",
"27/07/2025  18:15:03,409","   669250000"," ","47","  28,7","      999375","       -9685"," 94,80",
"27/07/2025  18:15:03,409","   675250000","EL CIUDADANO TV NO AUTORIZADA","48","  30,7","      999375","       -5193"," 96,00",
"27/07/2025  18:15:03,409","   681250000"," ","49","  29,9","      999375","       -1839"," 96,00",
"27/07/2025  18:15:03,409","   687250000"," ","50","  28,6","      999375","        -325"," 97,10",
"27/07/2025  18:15:03,409","   693250000"," ","51","  28,6","      999375","        7927"," 96,30",
"27/07/2025  18:15:57,066","    61250000","RED TELESISTEMA (R.T.S)","3","  86,9","      126250","        -793"," 46,80",
"27/07/2025  18:15:57,066","    67250000"," ","4","  39,6","      999375","       -4710"," 94,00",
"27/07/2025  18:15:57,066","    77250000"," ","5","  43,8","      844375","      -31610"," 63,70",
"27/07/2025  18:15:57,066","    83250000"," ","6","  44,1","      813750","       96361"," 89,00",
"27/07/2025  18:15:57,066","   175250000","ECUADOR TV","7"," 108,7","      156875","          62"," 41,10",
"27/07/2025  18:15:57,066","   181250000","CADENA ECUATORIANA DE TELEVISIO","8","  36,7","      999375","      -13694"," 93,70",
"27/07/2025  18:15:57,066","   187250000","TELEVISION DEL PACIFICO","9","  36,8","      999375","        9336"," 96,70",
"27/07/2025  18:15:57,066","   193250000"," ","10","  40,6","      999375","       66489"," 94,20",
"27/07/2025  18:15:57,066","   199250000"," ","11","  39,1","      999375","       77761"," 87,60",
"27/07/2025  18:15:57,066","   205250000"," ","12","  35,4","      999375","        3695"," 94,10",
"27/07/2025  18:15:57,066","   211250000","TELEAMAZONAS","13","  92,4","       61875","         -62"," 26,60",
"27/07/2025  18:15:57,066","   471250000"," ","14","  27,0","      999375","       -1128"," 94,40",
"27/07/2025  18:15:57,066","   477250000"," ","15","  26,8","      999375","        3250"," 93,80",
"27/07/2025  18:15:57,066","   483250000"," ","16","  27,0","      999375","       -3106"," 95,30",
"27/07/2025  18:15:57,066","   513250000"," ","21","  25,4","      999375","       -2499"," 96,20",
"27/07/2025  18:15:57,066","   519250000","UCSG TELEVISION","22","  27,6","      999375","       -2848"," 97,10",
"27/07/2025  18:15:57,066","   525250000"," ","23","  26,5","      999375","         599"," 95,60",
"27/07/2025  18:15:57,066","   531250000"," ","24","  27,4","      999375","        2710"," 95,20",
"27/07/2025  18:15:57,066","   537250000"," ","25","  28,1","      999375","         258"," 96,20",
"27/07/2025  18:15:57,066","   543250000","SONOVISIÓN TV","26","  28,8","      999375","        1593"," 96,20",
"27/07/2025  18:15:57,066","   549250000"," ","27","  27,8","      999375","        1002"," 97,50",
"27/07/2025  18:15:57,066","   555250000","DIGITAL TV","28","  29,8","      999375","          80"," 95,40",
"27/07/2025  18:15:57,066","   561250000"," ","29","  27,5","      999375","        1651"," 92,80",
"27/07/2025  18:15:57,066","   567250000","TV LEGISLATIVA NO AUTORIZADA","30","  32,1","      999375","       -9127"," 94,70",
"27/07/2025  18:15:57,066","   573250000"," ","31","  29,8","      999375","        2799"," 96,40",
"27/07/2025  18:15:57,066","   579250000","TELEATAHUALPA (RTU)","32","  29,8","      999375","        1618"," 95,10",
"27/07/2025  18:15:57,066","   585250000"," ","33","  28,0","      999375","        1655"," 96,60",
"27/07/2025  18:15:57,066","   591250000"," ","34","  31,6","      999375","        1430"," 97,00",
"27/07/2025  18:15:57,066","   597250000"," ","35","  29,6","      999375","       -1534"," 94,40",
"27/07/2025  18:15:57,066","   603250000"," ","36","  28,3","      999375","        4425"," 95,70",
"27/07/2025  18:15:57,066","   615250000"," ","38","  29,4","      999375","        -537"," 97,20",
"27/07/2025  18:15:57,066","   621250000"," ","39","  28,6","      999375","        -152"," 94,00",
"27/07/2025  18:15:57,066","   627250000"," ","40","  30,0","      999375","       -5357"," 95,00",
"27/07/2025  18:15:57,066","   633250000"," ","41","  29,5","      999375","       25593"," 96,90",
"27/07/2025  18:15:57,066","   639250000"," ","42","  40,5","      999375","       -4195"," 97,70",
"27/07/2025  18:15:57,066","   645250000"," ","43","  31,3","      999375","        7150"," 93,80",
"27/07/2025  18:15:57,066","   651250000"," ","44","  29,2","      999375","        4041"," 96,00",
"27/07/2025  18:15:57,066","   657250000"," ","45","  26,9","      999375","        1023"," 95,00",
"27/07/2025  18:15:57,066","   663250000"," ","46","  27,2","      999375","        2330"," 93,50",
"27/07/2025  18:15:57,066","   669250000"," ","47","  28,6","      999375","       -7150"," 95,50",
"27/07/2025  18:15:57,066","   675250000","EL CIUDADANO TV NO AUTORIZADA","48","  29,3","      999375","         535"," 95,60",
"27/07/2025  18:15:57,066","   681250000"," ","49","  28,6","      999375","          40"," 99,00",
"27/07/2025  18:15:57,066","   687250000"," ","50","  27,1","      999375","        -730"," 93,30",
"27/07/2025  18:15:57,066","   693250000"," ","51","  28,2","      999375","        9571"," 93,80",
"27/07/2025  18:16:50,324","    61250000","RED TELESISTEMA (R.T.S)","3","  86,7","       63125","        -845"," 37,50",
"27/07/2025  18:16:50,324","    67250000"," ","4","  40,0","      999375","       -8062"," 97,00",
"27/07/2025  18:16:50,324","    77250000"," ","5","  43,4","      889375","       -2023"," 51,20",
"27/07/2025  18:16:50,324","    83250000"," ","6","  42,9","      770625","       41661"," 55,50",
"27/07/2025  18:16:50,324","   175250000","ECUADOR TV","7"," 108,8","      125625","          62"," 49,50",
"27/07/2025  18:16:50,324","   181250000","CADENA ECUATORIANA DE TELEVISIO","8","  37,4","      999375","      -11722"," 95,80",
"27/07/2025  18:16:50,324","   187250000","TELEVISION DEL PACIFICO","9","  35,1","      999375","        2697"," 94,80",
"27/07/2025  18:16:50,324","   193250000"," ","10","  42,0","      999375","       56698"," 93,60",
"27/07/2025  18:16:50,324","   199250000"," ","11","  38,3","      999375","       98957"," 92,90",
"27/07/2025  18:16:50,324","   205250000"," ","12","  34,6","      999375","      -24255"," 96,50",
"27/07/2025  18:16:50,324","   211250000","TELEAMAZONAS","13","  92,5","      125625","         338"," 51,60",
"27/07/2025  18:16:50,324","   471250000"," ","14","  27,4","      999375","        1432"," 95,60",
"27/07/2025  18:16:50,324","   477250000"," ","15","  26,7","      999375","          77"," 93,00",
"27/07/2025  18:16:50,324","   483250000"," ","16","  26,0","      999375","         785"," 92,20",
"27/07/2025  18:16:50,324","   513250000"," ","21","  25,8","      999375","        1057"," 93,30",
"27/07/2025  18:16:50,324","   519250000","UCSG TELEVISION","22","  27,3","      999375","        -787"," 97,50",
"27/07/2025  18:16:50,324","   525250000"," ","23","  28,6","      999375","        1293"," 97,00",
"27/07/2025  18:16:50,324","   531250000"," ","24","  26,9","      999375","         522"," 94,10",
"27/07/2025  18:16:50,324","   537250000"," ","25","  27,1","      999375","         635"," 95,00",
"27/07/2025  18:16:50,324","   543250000","SONOVISIÓN TV","26","  27,3","      999375","        1465"," 95,90",
"27/07/2025  18:16:50,324","   549250000"," ","27","  27,6","      999375","       -2434"," 95,60",
"27/07/2025  18:16:50,324","   555250000","DIGITAL TV","28","  30,4","      999375","        -939"," 97,30",
"27/07/2025  18:16:50,324","   561250000"," ","29","  27,8","      999375","          64"," 94,60",
"27/07/2025  18:16:50,324","   567250000","TV LEGISLATIVA NO AUTORIZADA","30","  30,9","      999375","      -10720"," 93,10",
"27/07/2025  18:16:50,324","   573250000"," ","31","  30,4","      999375","         401"," 95,90",
"27/07/2025  18:16:50,324","   579250000","TELEATAHUALPA (RTU)","32","  29,2","      999375","        2514"," 96,40",
"27/07/2025  18:16:50,324","   585250000"," ","33","  29,4","      999375","       -2653"," 92,80",
"27/07/2025  18:16:50,324","   591250000"," ","34","  29,7","      999375","        1495"," 95,30",
"27/07/2025  18:16:50,324","   597250000"," ","35","  30,0","      999375","       -5478"," 94,10",
"27/07/2025  18:16:50,324","   603250000"," ","36","  29,6","      999375","       -1831"," 96,30",
"27/07/2025  18:16:50,324","   615250000"," ","38","  29,1","      999375","       -3288"," 93,40",
"27/07/2025  18:16:50,324","   621250000"," ","39","  27,9","      999375","       -2680"," 95,90",
"27/07/2025  18:16:50,324","   627250000"," ","40","  27,8","      999375","        4492"," 93,00",
"27/07/2025  18:16:50,324","   633250000"," ","41","  28,4","      999375","       32025"," 96,10",
"27/07/2025  18:16:50,324","   639250000"," ","42","  41,5","      999375","        -589"," 97,80",
"27/07/2025  18:16:50,324","   645250000"," ","43","  32,4","      999375","        3759"," 95,40",
"27/07/2025  18:16:50,324","   651250000"," ","44","  27,9","      999375","        4794"," 93,50",
"27/07/2025  18:16:50,324","   657250000"," ","45","  28,3","      999375","        1813"," 95,00",
"27/07/2025  18:16:50,324","   663250000"," ","46","  27,5","      999375","       -2900"," 92,00",
"27/07/2025  18:16:50,324","   669250000"," ","47","  28,5","      999375","       -7001"," 96,70",
"27/07/2025  18:16:50,324","   675250000","EL CIUDADANO TV NO AUTORIZADA","48","  30,2","      999375","       -2484"," 96,50",
"27/07/2025  18:16:50,324","   681250000"," ","49","  28,3","      999375","         406"," 95,30",
"27/07/2025  18:16:50,324","   687250000"," ","50","  27,3","      999375","        3980"," 96,40",
"27/07/2025  18:16:50,324","   693250000"," ","51","  29,5","      999375","       -3797"," 96,80",
"28/07/2025  7:15:03,595","    61250000","RED TELESISTEMA (R.T.S)","3","  87,1","      126250","        -494"," 62,20",
"28/07/2025  7:15:03,595","    67250000"," ","4","  44,9","      999375","       -2485"," 97,10",
"28/07/2025  7:15:03,595","    77250000"," ","5","  44,5","      925625","         254"," 88,50",
"28/07/2025  7:15:03,595","    83250000"," ","6","  43,8","      820625","       21704"," 71,80",
"28/07/2025  7:15:03,595","   175250000","ECUADOR TV","7"," 109,1","      125625","          62"," 68,70",
"28/07/2025  7:15:03,595","   181250000","CADENA ECUATORIANA DE TELEVISIO","8","  40,0","      999375","        4056"," 96,10",
"28/07/2025  7:15:03,595","   187250000","TELEVISION DEL PACIFICO","9","  37,0","      999375","        2949"," 95,20",
"28/07/2025  7:15:03,595","   193250000"," ","10","  42,8","      999375","      105223"," 93,50",
"28/07/2025  7:15:03,595","   199250000"," ","11","  39,6","      999375","       63114"," 94,90",
"28/07/2025  7:15:03,595","   205250000"," ","12","  34,1","      999375","        5187"," 93,90",
"28/07/2025  7:15:03,595","   211250000","TELEAMAZONAS","13","  93,2","      126250","        -159"," 48,90",
"28/07/2025  7:15:03,595","   471250000"," ","14","  27,4","      999375","        -741"," 95,10",
"28/07/2025  7:15:03,595","   477250000"," ","15","  26,6","      999375","       -1645"," 92,30",
"28/07/2025  7:15:03,595","   483250000"," ","16","  28,8","      999375","         651"," 96,20",
"28/07/2025  7:15:03,595","   513250000"," ","21","  27,8","      999375","       -2549"," 96,50",
"28/07/2025  7:15:03,595","   519250000","UCSG TELEVISION","22","  27,7","      999375","       -2624"," 95,60",
"28/07/2025  7:15:03,595","   525250000"," ","23","  26,8","      999375","       -3430"," 92,90",
"28/07/2025  7:15:03,595","   531250000"," ","24","  29,6","      999375","        1176"," 96,20",
"28/07/2025  7:15:03,595","   537250000"," ","25","  27,2","      999375","        1180"," 94,30",
"28/07/2025  7:15:03,595","   543250000","SONOVISIÓN TV","26","  28,6","      999375","        1732"," 94,10",
"28/07/2025  7:15:03,595","   549250000"," ","27","  29,4","      999375","        4748"," 96,70",
"28/07/2025  7:15:03,595","   555250000","DIGITAL TV","28","  31,5","      999375","         161"," 97,00",
"28/07/2025  7:15:03,595","   561250000"," ","29","  29,9","      999375","        1106"," 96,70",
"28/07/2025  7:15:03,595","   567250000","TV LEGISLATIVA NO AUTORIZADA","30","  31,0","      999375","      -12448"," 94,30",
"28/07/2025  7:15:03,595","   573250000"," ","31","  28,6","      999375","        -943"," 94,40",
"28/07/2025  7:15:03,595","   579250000","TELEATAHUALPA (RTU)","32","  29,5","      999375","       -2625"," 93,40",
"28/07/2025  7:15:03,595","   585250000"," ","33","  27,4","      999375","       -1543"," 94,10",
"28/07/2025  7:15:03,595","   591250000"," ","34","  28,2","      999375","        -350"," 93,90",
"28/07/2025  7:15:03,595","   597250000"," ","35","  29,8","      999375","         556"," 95,20",
"28/07/2025  7:15:03,595","   603250000"," ","36","  28,5","      999375","        6803"," 96,70",
"28/07/2025  7:15:03,595","   615250000"," ","38","  28,8","      999375","       -3015"," 96,10",
"28/07/2025  7:15:03,595","   621250000"," ","39","  29,1","      999375","       -2198"," 94,10",
"28/07/2025  7:15:03,595","   627250000"," ","40","  27,3","      999375","        -515"," 94,40",
"28/07/2025  7:15:03,595","   633250000"," ","41","  29,2","      999375","       26796"," 96,20",
"28/07/2025  7:15:03,595","   639250000"," ","42","  40,7","      999375","         933"," 98,00",
"28/07/2025  7:15:03,595","   645250000"," ","43","  30,8","      999375","        4570"," 96,50",
"28/07/2025  7:15:03,595","   651250000"," ","44","  26,4","      999375","        7536"," 93,30",
"28/07/2025  7:15:03,595","   657250000"," ","45","  30,1","      999375","       -5274"," 95,70",
"28/07/2025  7:15:03,595","   663250000"," ","46","  27,3","      999375","       -1564"," 96,00",
"28/07/2025  7:15:03,595","   669250000"," ","47","  28,9","      999375","       28326"," 94,40",
"28/07/2025  7:15:03,595","   675250000","EL CIUDADANO TV NO AUTORIZADA","48","  30,4","      999375","        4950"," 95,70",
"28/07/2025  7:15:03,595","   681250000"," ","49","  28,6","      999375","        -286"," 93,10",
"28/07/2025  7:15:03,595","   687250000"," ","50","  27,4","      999375","        1868"," 93,60",
"28/07/2025  7:15:03,595","   693250000"," ","51","  28,7","      999375","        2648"," 93,30",
"28/07/2025  7:15:57,054","    61250000","RED TELESISTEMA (R.T.S)","3","  86,9","      126250","        -396"," 57,40",
"28/07/2025  7:15:57,054","    67250000"," ","4","  40,8","      999375","       -3401"," 94,90",
"28/07/2025  7:15:57,054","    77250000"," ","5","  42,4","      813125","        3396"," 70,40",
"28/07/2025  7:15:57,054","    83250000"," ","6","  45,8","      756250","       87694"," 81,90",
"28/07/2025  7:15:57,054","   175250000","ECUADOR TV","7"," 109,2","      156875","          63"," 33,70",
"28/07/2025  7:15:57,054","   181250000","CADENA ECUATORIANA DE TELEVISIO","8","  38,4","      999375","        2659"," 93,30",
"28/07/2025  7:15:57,054","   187250000","TELEVISION DEL PACIFICO","9","  39,0","      999375","        3313"," 96,70",
"28/07/2025  7:15:57,054","   193250000"," ","10","  41,3","      999375","      116559"," 92,80",
"28/07/2025  7:15:57,054","   199250000"," ","11","  38,6","      999375","       95053"," 95,60",
"28/07/2025  7:15:57,054","   205250000"," ","12","  34,1","      999375","       10018"," 95,80",
"28/07/2025  7:15:57,054","   211250000","TELEAMAZONAS","13","  93,0","      251250","         279"," 75,40",
"28/07/2025  7:15:57,054","   471250000"," ","14","  27,8","      999375","        2807"," 92,60",
"28/07/2025  7:15:57,054","   477250000"," ","15","  27,2","      999375","       -2139"," 95,80",
"28/07/2025  7:15:57,054","   483250000"," ","16","  28,6","      999375","       -1232"," 97,50",
"28/07/2025  7:15:57,054","   513250000"," ","21","  27,2","      999375","       -2954"," 94,70",
"28/07/2025  7:15:57,054","   519250000","UCSG TELEVISION","22","  27,6","      999375","        1923"," 93,40",
"28/07/2025  7:15:57,054","   525250000"," ","23","  27,4","      999375","        2650"," 92,60",
"28/07/2025  7:15:57,054","   531250000"," ","24","  33,5","      999375","         950"," 97,10",
"28/07/2025  7:15:57,054","   537250000"," ","25","  27,8","      999375","         856"," 94,80",
"28/07/2025  7:15:57,054","   543250000","SONOVISIÓN TV","26","  27,2","      999375","        3651"," 94,10",
"28/07/2025  7:15:57,054","   549250000"," ","27","  27,5","      999375","        2133"," 96,00",
"28/07/2025  7:15:57,054","   555250000","DIGITAL TV","28","  31,2","      999375","        1977"," 97,20",
"28/07/2025  7:15:57,054","   561250000"," ","29","  29,1","      999375","        -929"," 96,30",
"28/07/2025  7:15:57,054","   567250000","TV LEGISLATIVA NO AUTORIZADA","30","  30,8","      999375","      -10595"," 94,70",
"28/07/2025  7:15:57,054","   573250000"," ","31","  28,5","      999375","       -6285"," 96,20",
"28/07/2025  7:15:57,054","   579250000","TELEATAHUALPA (RTU)","32","  29,9","      999375","       -2261"," 97,00",
"28/07/2025  7:15:57,054","   585250000"," ","33","  31,8","      999375","       51152"," 90,20",
"28/07/2025  7:15:57,054","   591250000"," ","34","  29,3","      999375","         265"," 96,30",
"28/07/2025  7:15:57,054","   597250000"," ","35","  29,1","      999375","        1130"," 95,10",
"28/07/2025  7:15:57,054","   603250000"," ","36","  29,9","      999375","        1962"," 95,00",
"28/07/2025  7:15:57,054","   615250000"," ","38","  29,6","      999375","        1037"," 97,10",
"28/07/2025  7:15:57,054","   621250000"," ","39","  28,9","      999375","         -27"," 96,60",
"28/07/2025  7:15:57,054","   627250000"," ","40","  27,4","      999375","        3346"," 93,40",
"28/07/2025  7:15:57,054","   633250000"," ","41","  29,0","      999375","       31779"," 92,30",
"28/07/2025  7:15:57,054","   639250000"," ","42","  41,4","      999375","        -718"," 98,50",
"28/07/2025  7:15:57,054","   645250000"," ","43","  31,9","      999375","        2047"," 94,50",
"28/07/2025  7:15:57,054","   651250000"," ","44","  27,4","      999375","         968"," 95,10",
"28/07/2025  7:15:57,054","   657250000"," ","45","  27,9","      999375","        1537"," 97,40",
"28/07/2025  7:15:57,054","   663250000"," ","46","  30,4","      999375","        2755"," 96,40",
"28/07/2025  7:15:57,054","   669250000"," ","47","  27,4","      750000","       -9689"," 95,90",
"28/07/2025  7:15:57,054","   675250000","EL CIUDADANO TV NO AUTORIZADA","48","  28,0","      999375","       -2785"," 93,50",
"28/07/2025  7:15:57,054","   681250000"," ","49","  27,6","      999375","       -1383"," 96,00",
"28/07/2025  7:15:57,054","   687250000"," ","50","  28,1","      999375","        -844"," 95,90",
"28/07/2025  7:15:57,054","   693250000"," ","51","  31,1","      999375","        8403"," 96,30",
"28/07/2025  7:16:51,640","    61250000","RED TELESISTEMA (R.T.S)","3","  86,6","       95000","        -426"," 47,40",
"28/07/2025  7:16:51,640","    67250000"," ","4","  42,9","      999375","        4910"," 96,90",
"28/07/2025  7:16:51,640","    77250000"," ","5","  43,4","      993750","        9013"," 68,20",
"28/07/2025  7:16:51,640","    83250000"," ","6","  44,1","      849375","       41400"," 87,30",
"28/07/2025  7:16:51,640","   175250000","ECUADOR TV","7"," 109,2","      141250","          62"," 74,40",
"28/07/2025  7:16:51,640","   181250000","CADENA ECUATORIANA DE TELEVISIO","8","  38,9","      999375","       -7888"," 95,80",
"28/07/2025  7:16:51,640","   187250000","TELEVISION DEL PACIFICO","9","  36,5","      999375","        9182"," 95,60",
"28/07/2025  7:16:51,640","   193250000"," ","10","  43,3","      999375","      106210"," 96,10",
"28/07/2025  7:16:51,640","   199250000"," ","11","  38,3","      999375","       70731"," 92,10",
"28/07/2025  7:16:51,640","   205250000"," ","12","  34,7","      999375","        6487"," 96,90",
"28/07/2025  7:16:51,640","   211250000","TELEAMAZONAS","13","  93,2","      125625","          -6"," 79,50",
"28/07/2025  7:16:51,640","   471250000"," ","14","  29,4","      999375","        -712"," 96,60",
"28/07/2025  7:16:51,640","   477250000"," ","15","  27,9","      999375","       -1081"," 97,10",
"28/07/2025  7:16:51,640","   483250000"," ","16","  28,2","      999375","        -886"," 94,30",
"28/07/2025  7:16:51,640","   513250000"," ","21","  27,1","      999375","       -3115"," 94,90",
"28/07/2025  7:16:51,640","   519250000","UCSG TELEVISION","22","  27,3","      999375","        5492"," 95,20",
"28/07/2025  7:16:51,640","   525250000"," ","23","  26,7","      999375","        -745"," 96,00",
"28/07/2025  7:16:51,640","   531250000"," ","24","  27,5","      999375","        -661"," 96,80",
"28/07/2025  7:16:51,640","   537250000"," ","25","  26,8","      999375","        2273"," 95,70",
"28/07/2025  7:16:51,640","   543250000","SONOVISIÓN TV","26","  29,6","      999375","        2396"," 95,50",
"28/07/2025  7:16:51,640","   549250000"," ","27","  27,4","      999375","        2266"," 95,90",
"28/07/2025  7:16:51,640","   555250000","DIGITAL TV","28","  30,4","      999375","       -1075"," 95,00",
"28/07/2025  7:16:51,640","   561250000"," ","29","  27,9","      999375","        -612"," 95,10",
"28/07/2025  7:16:51,640","   567250000","TV LEGISLATIVA NO AUTORIZADA","30","  31,9","      999375","      -13350"," 96,50",
"28/07/2025  7:16:51,640","   573250000"," ","31","  28,2","      999375","        -901"," 95,60",
"28/07/2025  7:16:51,640","   579250000","TELEATAHUALPA (RTU)","32","  29,0","      999375","        -136"," 96,00",
"28/07/2025  7:16:51,640","   585250000"," ","33","  29,5","      999375","         544"," 95,80",
"28/07/2025  7:16:51,640","   591250000"," ","34","  29,8","      999375","       -1842"," 96,50",
"28/07/2025  7:16:51,640","   597250000"," ","35","  29,9","      999375","        2213"," 94,30",
"28/07/2025  7:16:51,640","   603250000"," ","36","  30,0","      999375","       -1956"," 94,50",
"28/07/2025  7:16:51,640","   615250000"," ","38","  30,0","      999375","       -5003"," 96,10",
"28/07/2025  7:16:51,640","   621250000"," ","39","  28,2","      999375","        2543"," 95,20",
"28/07/2025  7:16:51,640","   627250000"," ","40","  34,6","      999375","       -3252"," 97,20",
"28/07/2025  7:16:51,640","   633250000"," ","41","  30,4","      999375","       27947"," 96,00",
"28/07/2025  7:16:51,640","   639250000"," ","42","  42,4","      999375","         659"," 99,10",
"28/07/2025  7:16:51,640","   645250000"," ","43","  32,1","      999375","        -148"," 96,60",
"28/07/2025  7:16:51,640","   651250000"," ","44","  27,1","      999375","        2059"," 92,40",
"28/07/2025  7:16:51,640","   657250000"," ","45","  28,2","      999375","        1117"," 94,70",
"28/07/2025  7:16:51,640","   663250000"," ","46","  29,6","      999375","       -2727"," 97,30",
"28/07/2025  7:16:51,640","   669250000"," ","47","  27,7","      424375","       -9362"," 94,80",
"28/07/2025  7:16:51,640","   675250000","EL CIUDADANO TV NO AUTORIZADA","48","  28,6","      999375","        -525"," 95,40",
"28/07/2025  7:16:51,640","   681250000"," ","49","  29,0","      999375","        1492"," 93,40",
"28/07/2025  7:16:51,640","   687250000"," ","50","  26,6","      999375","       -2415"," 92,00",
"28/07/2025  7:16:51,640","   693250000"," ","51","  31,0","      999375","        3681"," 97,70",
"28/07/2025  18:15:03,411","    61250000","RED TELESISTEMA (R.T.S)","3","  86,9","      110000","        -783"," 34,60",
"28/07/2025  18:15:03,411","    67250000"," ","4","  41,1","      999375","         127"," 93,80",
"28/07/2025  18:15:03,411","    77250000"," ","5","  42,0","      988750","      -26991"," 68,30",
"28/07/2025  18:15:03,411","    83250000"," ","6","  44,2","      808750","       55627"," 64,60",
"28/07/2025  18:15:03,411","   175250000","ECUADOR TV","7"," 108,5","      188125","          63"," 76,40",
"28/07/2025  18:15:03,411","   181250000","CADENA ECUATORIANA DE TELEVISIO","8","  37,3","      999375","       -1739"," 93,00",
"28/07/2025  18:15:03,411","   187250000","TELEVISION DEL PACIFICO","9","  36,7","      999375","        5914"," 94,40",
"28/07/2025  18:15:03,411","   193250000"," ","10","  41,0","      999375","       74131"," 92,80",
"28/07/2025  18:15:03,411","   199250000"," ","11","  38,3","      999375","       49583"," 96,50",
"28/07/2025  18:15:03,411","   205250000"," ","12","  33,3","      999375","        1768"," 97,00",
"28/07/2025  18:15:03,411","   211250000","TELEAMAZONAS","13","  92,4","      188125","         331"," 65,20",
"28/07/2025  18:15:03,411","   471250000"," ","14","  28,8","      999375","        2906"," 96,20",
"28/07/2025  18:15:03,411","   477250000"," ","15","  27,4","      999375","        2261"," 96,10",
"28/07/2025  18:15:03,411","   483250000"," ","16","  27,2","      999375","       -3098"," 96,80",
"28/07/2025  18:15:03,411","   513250000"," ","21","  26,1","      999375","        4149"," 92,80",
"28/07/2025  18:15:03,411","   519250000","UCSG TELEVISION","22","  26,5","      999375","         241"," 95,40",
"28/07/2025  18:15:03,411","   525250000"," ","23","  27,4","      999375","         285"," 96,60",
"28/07/2025  18:15:03,411","   531250000"," ","24","  27,6","      999375","        1958"," 96,70",
"28/07/2025  18:15:03,411","   537250000"," ","25","  26,3","      999375","        5014"," 94,20",
"28/07/2025  18:15:03,411","   543250000","SONOVISIÓN TV","26","  27,7","      999375","        2318"," 93,80",
"28/07/2025  18:15:03,411","   549250000"," ","27","  26,3","      999375","         669"," 90,60",
"28/07/2025  18:15:03,411","   555250000","DIGITAL TV","28","  31,2","      999375","       -1474"," 95,00",
"28/07/2025  18:15:03,411","   561250000"," ","29","  27,4","      999375","         709"," 95,00",
"28/07/2025  18:15:03,411","   567250000","TV LEGISLATIVA NO AUTORIZADA","30","  31,5","      999375","       -7121"," 95,10",
"28/07/2025  18:15:03,411","   573250000"," ","31","  28,8","      999375","        -706"," 98,60",
"28/07/2025  18:15:03,411","   579250000","TELEATAHUALPA (RTU)","32","  28,5","      999375","       -4080"," 95,10",
"28/07/2025  18:15:03,411","   585250000"," ","33","  33,5","      631875","      -19590"," 93,40",
"28/07/2025  18:15:03,411","   591250000"," ","34","  29,5","      999375","        8437"," 93,10",
"28/07/2025  18:15:03,411","   597250000"," ","35","  30,9","      999375","       -1223"," 96,60",
"28/07/2025  18:15:03,411","   603250000"," ","36","  28,8","      999375","       -1667"," 94,60",
"28/07/2025  18:15:03,411","   615250000"," ","38","  29,5","      999375","          42"," 95,30",
"28/07/2025  18:15:03,411","   621250000"," ","39","  27,5","      999375","        2019"," 95,40",
"28/07/2025  18:15:03,411","   627250000"," ","40","  28,3","      999375","        -662"," 94,60",
"28/07/2025  18:15:03,411","   633250000"," ","41","  28,6","      999375","       21722"," 94,80",
"28/07/2025  18:15:03,411","   639250000"," ","42","  40,1","      999375","       -4143"," 98,40",
"28/07/2025  18:15:03,411","   645250000"," ","43","  32,3","      999375","       -3120"," 98,20",
"28/07/2025  18:15:03,411","   651250000"," ","44","  27,1","      999375","        3672"," 95,50",
"28/07/2025  18:15:03,411","   657250000"," ","45","  29,5","      999375","         373"," 95,90",
"28/07/2025  18:15:03,411","   663250000"," ","46","  30,1","      999375","       29626"," 93,80",
"28/07/2025  18:15:03,411","   669250000"," ","47","  27,6","      999375","       -5127"," 96,90",
"28/07/2025  18:15:03,411","   675250000","EL CIUDADANO TV NO AUTORIZADA","48","  28,8","      999375","       -3788"," 95,90",
"28/07/2025  18:15:03,411","   681250000"," ","49","  28,4","      999375","        -327"," 96,20",
"28/07/2025  18:15:03,411","   687250000"," ","50","  26,6","      999375","        2408"," 94,70",
"28/07/2025  18:15:03,411","   693250000"," ","51","  30,8","      999375","       -6806"," 97,00",
"28/07/2025  18:15:57,073","    61250000","RED TELESISTEMA (R.T.S)","3","  87,0","      125625","        -638"," 38,20",
"28/07/2025  18:15:57,073","    67250000"," ","4","  39,0","      999375","        1369"," 95,60",
"28/07/2025  18:15:57,073","    77250000"," ","5","  42,8","      991875","        -685"," 71,50",
"28/07/2025  18:15:57,073","    83250000"," ","6","  43,6","      445625","       58403"," 70,40",
"28/07/2025  18:15:57,073","   175250000","ECUADOR TV","7"," 108,7","      251250","          62"," 65,40",
"28/07/2025  18:15:57,073","   181250000","CADENA ECUATORIANA DE TELEVISIO","8","  39,0","      999375","       -2763"," 96,90",
"28/07/2025  18:15:57,073","   187250000","TELEVISION DEL PACIFICO","9","  35,8","      999375","        6423"," 97,40",
"28/07/2025  18:15:57,073","   193250000"," ","10","  40,9","      999375","       90965"," 91,30",
"28/07/2025  18:15:57,073","   199250000"," ","11","  37,9","      999375","       49875"," 94,70",
"28/07/2025  18:15:57,073","   205250000"," ","12","  35,8","      999375","        6241"," 95,00",
"28/07/2025  18:15:57,073","   211250000","TELEAMAZONAS","13","  92,8","      282500","          74"," 48,60",
"28/07/2025  18:15:57,073","   471250000"," ","14","  27,5","      999375","       -6372"," 97,90",
"28/07/2025  18:15:57,073","   477250000"," ","15","  27,6","      999375","        2124"," 96,70",
"28/07/2025  18:15:57,073","   483250000"," ","16","  26,3","      999375","        2210"," 93,70",
"28/07/2025  18:15:57,073","   513250000"," ","21","  25,8","      999375","       -1694"," 98,20",
"28/07/2025  18:15:57,073","   519250000","UCSG TELEVISION","22","  26,4","      999375","        2462"," 96,50",
"28/07/2025  18:15:57,073","   525250000"," ","23","  26,9","      999375","       -2566"," 96,80",
"28/07/2025  18:15:57,073","   531250000"," ","24","  27,0","      999375","       -2571"," 93,70",
"28/07/2025  18:15:57,073","   537250000"," ","25","  28,0","      999375","        1476"," 95,60",
"28/07/2025  18:15:57,073","   543250000","SONOVISIÓN TV","26","  27,9","      999375","        2121"," 95,70",
"28/07/2025  18:15:57,073","   549250000"," ","27","  26,9","      999375","        2983"," 94,30",
"28/07/2025  18:15:57,073","   555250000","DIGITAL TV","28","  30,2","      999375","        3833"," 95,70",
"28/07/2025  18:15:57,073","   561250000"," ","29","  28,4","      999375","       -1937"," 93,30",
"28/07/2025  18:15:57,073","   567250000","TV LEGISLATIVA NO AUTORIZADA","30","  32,0","      999375","      -12787"," 96,10",
"28/07/2025  18:15:57,073","   573250000"," ","31","  28,4","      999375","        2981"," 97,10",
"28/07/2025  18:15:57,073","   579250000","TELEATAHUALPA (RTU)","32","  29,9","      999375","       -4273"," 93,90",
"28/07/2025  18:15:57,073","   585250000"," ","33","  29,5","      999375","       -3093"," 97,10",
"28/07/2025  18:15:57,073","   591250000"," ","34","  28,8","      999375","       -4920"," 94,10",
"28/07/2025  18:15:57,073","   597250000"," ","35","  30,1","      999375","        -607"," 95,90",
"28/07/2025  18:15:57,073","   603250000"," ","36","  28,8","      999375","         864"," 93,30",
"28/07/2025  18:15:57,073","   615250000"," ","38","  28,9","      999375","       -1414"," 95,00",
"28/07/2025  18:15:57,073","   621250000"," ","39","  29,0","      999375","        3097"," 95,20",
"28/07/2025  18:15:57,073","   627250000"," ","40","  27,4","      999375","        -588"," 96,80",
"28/07/2025  18:15:57,073","   633250000"," ","41","  28,3","      999375","       25947"," 95,50",
"28/07/2025  18:15:57,073","   639250000"," ","42","  39,7","      999375","       -4651"," 98,40",
"28/07/2025  18:15:57,073","   645250000"," ","43","  32,1","      999375","        4230"," 94,70",
"28/07/2025  18:15:57,073","   651250000"," ","44","  28,6","      999375","        9033"," 95,70",
"28/07/2025  18:15:57,073","   657250000"," ","45","  27,6","      999375","       -1047"," 95,10",
"28/07/2025  18:15:57,073","   663250000"," ","46","  29,4","      999375","        3198"," 95,20",
"28/07/2025  18:15:57,073","   669250000"," ","47","  28,5","      251875","        -782"," 96,80",
"28/07/2025  18:15:57,073","   675250000","EL CIUDADANO TV NO AUTORIZADA","48","  28,7","      999375","        -506"," 93,40",
"28/07/2025  18:15:57,073","   681250000"," ","49","  27,9","      999375","         -75"," 95,20",
"28/07/2025  18:15:57,073","   687250000"," ","50","  27,7","      999375","         676"," 93,50",
"28/07/2025  18:15:57,073","   693250000"," ","51","  32,7","      999375","       -2741"," 96,50",
"28/07/2025  18:16:50,329","    61250000","RED TELESISTEMA (R.T.S)","3","  86,7","       94375","        -733"," 33,60",
"28/07/2025  18:16:50,329","    67250000"," ","4","  38,6","      999375","        4114"," 96,00",
"28/07/2025  18:16:50,329","    77250000"," ","5","  42,5","      999375","       -5807"," 78,50",
"28/07/2025  18:16:50,329","    83250000"," ","6","  44,4","      838125","       40813"," 91,90",
"28/07/2025  18:16:50,329","   175250000","ECUADOR TV","7"," 108,6","      220625","          63"," 76,00",
"28/07/2025  18:16:50,329","   181250000","CADENA ECUATORIANA DE TELEVISIO","8","  36,8","      999375","       16196"," 96,10",
"28/07/2025  18:16:50,329","   187250000","TELEVISION DEL PACIFICO","9","  35,3","      999375","        4969"," 94,20",
"28/07/2025  18:16:50,329","   193250000"," ","10","  41,9","      999375","       71695"," 93,10",
"28/07/2025  18:16:50,329","   199250000"," ","11","  39,5","      999375","       57324"," 96,00",
"28/07/2025  18:16:50,329","   205250000"," ","12","  34,3","      999375","        4716"," 95,30",
"28/07/2025  18:16:50,329","   211250000","TELEAMAZONAS","13","  92,6","      188125","         237"," 74,40",
"28/07/2025  18:16:50,329","   471250000"," ","14","  28,0","      999375","       -2741"," 96,30",
"28/07/2025  18:16:50,329","   477250000"," ","15","  26,8","      999375","       -4393"," 93,60",
"28/07/2025  18:16:50,329","   483250000"," ","16","  26,4","      999375","       -2888"," 96,10",
"28/07/2025  18:16:50,329","   513250000"," ","21","  26,3","      999375","        1371"," 96,70",
"28/07/2025  18:16:50,329","   519250000","UCSG TELEVISION","22","  25,7","      999375","       -1226"," 95,70",
"28/07/2025  18:16:50,329","   525250000"," ","23","  28,4","      999375","       -4126"," 96,10",
"28/07/2025  18:16:50,329","   531250000"," ","24","  28,5","      999375","        -594"," 94,40",
"28/07/2025  18:16:50,329","   537250000"," ","25","  25,7","      999375","         264"," 94,00",
"28/07/2025  18:16:50,329","   543250000","SONOVISIÓN TV","26","  27,8","      999375","         -91"," 95,30",
"28/07/2025  18:16:50,329","   549250000"," ","27","  27,2","      999375","       -2916"," 95,70",
"28/07/2025  18:16:50,329","   555250000","DIGITAL TV","28","  30,7","      999375","        3069"," 95,20",
"28/07/2025  18:16:50,329","   561250000"," ","29","  27,1","      999375","       -3348"," 95,70",
"28/07/2025  18:16:50,329","   567250000","TV LEGISLATIVA NO AUTORIZADA","30","  31,1","      999375","      -15399"," 94,30",
"28/07/2025  18:16:50,329","   573250000"," ","31","  27,1","      999375","        5735"," 91,40",
"28/07/2025  18:16:50,329","   579250000","TELEATAHUALPA (RTU)","32","  29,6","      999375","       -2448"," 93,30",
"28/07/2025  18:16:50,329","   585250000"," ","33","  29,1","      999375","       -1554"," 94,70",
"28/07/2025  18:16:50,329","   591250000"," ","34","  28,3","      999375","         116"," 94,90",
"28/07/2025  18:16:50,329","   597250000"," ","35","  29,6","      999375","        -590"," 96,70",
"28/07/2025  18:16:50,329","   603250000"," ","36","  30,4","      999375","        2034"," 95,70",
"28/07/2025  18:16:50,329","   615250000"," ","38","  28,1","      999375","       -2052"," 97,10",
"28/07/2025  18:16:50,329","   621250000"," ","39","  30,3","      999375","        -923"," 92,90",
"28/07/2025  18:16:50,329","   627250000"," ","40","  28,5","      999375","        -345"," 97,00",
"28/07/2025  18:16:50,329","   633250000"," ","41","  29,1","      999375","       27941"," 96,80",
"28/07/2025  18:16:50,329","   639250000"," ","42","  40,1","      999375","       -2031"," 96,80",
"28/07/2025  18:16:50,329","   645250000"," ","43","  31,6","      999375","       -1317"," 95,50",
"28/07/2025  18:16:50,329","   651250000"," ","44","  27,8","      999375","        4757"," 95,90",
"28/07/2025  18:16:50,329","   657250000"," ","45","  27,1","      999375","        4160"," 97,40",
"28/07/2025  18:16:50,329","   663250000"," ","46","  28,8","      999375","       -4729"," 95,20",
"28/07/2025  18:16:50,329","   669250000"," ","47","  27,7","      999375","       -3711"," 94,50",
"28/07/2025  18:16:50,329","   675250000","EL CIUDADANO TV NO AUTORIZADA","48","  28,9","      999375","         380"," 94,80",
"28/07/2025  18:16:50,329","   681250000"," ","49","  28,0","      999375","       -2709"," 96,00",
"28/07/2025  18:16:50,329","   687250000"," ","50","  27,3","      999375","         741"," 97,80",
"28/07/2025  18:16:50,329","   693250000"," ","51","  31,6","      999375","        5301"," 97,10",
"29/07/2025  7:15:03,576","    61250000","RED TELESISTEMA (R.T.S)","3","  86,8","      156875","        -515"," 65,40",
"29/07/2025  7:15:03,576","    67250000"," ","4","  43,4","      999375","       -2451"," 96,00",
"29/07/2025  7:15:03,576","    77250000"," ","5","  44,2","      999375","       -2421"," 65,10",
"29/07/2025  7:15:03,576","    83250000"," ","6","  43,7","      785625","       46076"," 85,80",
"29/07/2025  7:15:03,576","   175250000","ECUADOR TV","7"," 108,3","      125625","          63"," 84,40",
"29/07/2025  7:15:03,576","   181250000","CADENA ECUATORIANA DE TELEVISIO","8","  42,4","      999375","      -39530"," 94,50",
"29/07/2025  7:15:03,576","   187250000","TELEVISION DEL PACIFICO","9","  39,8","      999375","        7419"," 97,50",
"29/07/2025  7:15:03,576","   193250000"," ","10","  38,2","      999375","       68520"," 95,20",
"29/07/2025  7:15:03,576","   199250000"," ","11","  35,9","      999375","       48240"," 93,20",
"29/07/2025  7:15:03,576","   205250000"," ","12","  34,1","      999375","        3300"," 96,40",
"29/07/2025  7:15:03,576","   211250000","TELEAMAZONAS","13","  92,8","      126875","          21"," 66,90",
"29/07/2025  7:15:03,576","   471250000"," ","14","  27,8","      999375","        1155"," 93,30",
"29/07/2025  7:15:03,576","   477250000"," ","15","  27,9","      999375","        3537"," 95,00",
"29/07/2025  7:15:03,576","   483250000"," ","16","  26,8","      999375","       -1644"," 92,80",
"29/07/2025  7:15:03,576","   513250000"," ","21","  27,1","      999375","       -1092"," 97,10",
"29/07/2025  7:15:03,576","   519250000","UCSG TELEVISION","22","  27,2","      999375","        -934"," 96,40",
"29/07/2025  7:15:03,576","   525250000"," ","23","  26,3","      999375","        2829"," 97,20",
"29/07/2025  7:15:03,576","   531250000"," ","24","  28,2","      999375","        3215"," 96,50",
"29/07/2025  7:15:03,576","   537250000"," ","25","  28,4","      999375","       -1739"," 96,90",
"29/07/2025  7:15:03,576","   543250000","SONOVISIÓN TV","26","  27,7","      999375","       -1839"," 95,50",
"29/07/2025  7:15:03,576","   549250000"," ","27","  27,8","      999375","       -1342"," 92,10",
"29/07/2025  7:15:03,576","   555250000","DIGITAL TV","28","  30,0","      999375","        -923"," 94,60",
"29/07/2025  7:15:03,576","   561250000"," ","29","  28,5","      999375","        2408"," 96,00",
"29/07/2025  7:15:03,576","   567250000","TV LEGISLATIVA NO AUTORIZADA","30","  29,4","      999375","       -7889"," 93,80",
"29/07/2025  7:15:03,576","   573250000"," ","31","  27,8","      999375","       -1746"," 95,90",
"29/07/2025  7:15:03,576","   579250000","TELEATAHUALPA (RTU)","32","  28,6","      999375","       -2296"," 95,00",
"29/07/2025  7:15:03,576","   585250000"," ","33","  29,8","      999375","       -2104"," 96,40",
"29/07/2025  7:15:03,576","   591250000"," ","34","  30,5","      999375","         585"," 96,10",
"29/07/2025  7:15:03,576","   597250000"," ","35","  29,9","      999375","       -6501"," 95,50",
"29/07/2025  7:15:03,576","   603250000"," ","36","  29,7","      999375","         920"," 94,60",
"29/07/2025  7:15:03,576","   615250000"," ","38","  29,5","      999375","       -1349"," 96,10",
"29/07/2025  7:15:03,576","   621250000"," ","39","  28,2","      999375","         623"," 93,20",
"29/07/2025  7:15:03,576","   627250000"," ","40","  28,3","      999375","        1332"," 96,00",
"29/07/2025  7:15:03,576","   633250000"," ","41","  29,2","      999375","       29228"," 94,50",
"29/07/2025  7:15:03,576","   639250000"," ","42","  36,7","      999375","        -767"," 98,10",
"29/07/2025  7:15:03,576","   645250000"," ","43","  31,1","      999375","         110"," 94,30",
"29/07/2025  7:15:03,576","   651250000"," ","44","  28,5","      999375","        4794"," 96,40",
"29/07/2025  7:15:03,576","   657250000"," ","45","  29,1","      999375","        1973"," 96,40",
"29/07/2025  7:15:03,576","   663250000"," ","46","  30,3","      999375","       -3900"," 97,10",
"29/07/2025  7:15:03,576","   669250000"," ","47","  28,5","      999375","        -107"," 94,50",
"29/07/2025  7:15:03,576","   675250000","EL CIUDADANO TV NO AUTORIZADA","48","  29,2","      999375","       -2757"," 94,80",
"29/07/2025  7:15:03,576","   681250000"," ","49","  28,7","      999375","        2959"," 95,10",
"29/07/2025  7:15:03,576","   687250000"," ","50","  28,2","      999375","       -2199"," 94,40",
"29/07/2025  7:15:03,576","   693250000"," ","51","  28,5","      999375","        1076"," 96,60",
"29/07/2025  7:15:57,042","    61250000","RED TELESISTEMA (R.T.S)","3","  87,1","      235625","        -541"," 68,60",
"29/07/2025  7:15:57,042","    67250000"," ","4","  44,6","      999375","         786"," 97,50",
"29/07/2025  7:15:57,042","    77250000"," ","5","  46,0","      999375","        2630"," 83,10",
"29/07/2025  7:15:57,042","    83250000"," ","6","  43,8","      541250","       49282"," 87,20",
"29/07/2025  7:15:57,042","   175250000","ECUADOR TV","7"," 108,1","      125625","          63"," 73,60",
"29/07/2025  7:15:57,042","   181250000","CADENA ECUATORIANA DE TELEVISIO","8","  44,5","      999375","      -30095"," 97,90",
"29/07/2025  7:15:57,042","   187250000","TELEVISION DEL PACIFICO","9","  38,2","      999375","        6854"," 96,50",
"29/07/2025  7:15:57,042","   193250000"," ","10","  39,1","      999375","       64247"," 92,60",
"29/07/2025  7:15:57,042","   199250000"," ","11","  36,4","      999375","       36933"," 95,40",
"29/07/2025  7:15:57,042","   205250000"," ","12","  34,5","      999375","        6046"," 95,10",
"29/07/2025  7:15:57,042","   211250000","TELEAMAZONAS","13","  92,6","      109375","        -121"," 78,70",
"29/07/2025  7:15:57,042","   471250000"," ","14","  27,7","      999375","        -105"," 96,00",
"29/07/2025  7:15:57,042","   477250000"," ","15","  27,4","      999375","        2970"," 93,30",
"29/07/2025  7:15:57,042","   483250000"," ","16","  26,3","      999375","       -3045"," 92,80",
"29/07/2025  7:15:57,042","   513250000"," ","21","  26,1","      999375","        -697"," 95,30",
"29/07/2025  7:15:57,042","   519250000","UCSG TELEVISION","22","  26,5","      999375","        -321"," 95,80",
"29/07/2025  7:15:57,042","   525250000"," ","23","  26,1","      999375","        3415"," 91,50",
"29/07/2025  7:15:57,042","   531250000"," ","24","  26,0","      999375","          36"," 94,30",
"29/07/2025  7:15:57,042","   537250000"," ","25","  28,5","      999375","        3326"," 96,40",
"29/07/2025  7:15:57,042","   543250000","SONOVISIÓN TV","26","  28,8","      999375","        -398"," 96,10",
"29/07/2025  7:15:57,042","   549250000"," ","27","  27,4","      999375","         503"," 95,60",
"29/07/2025  7:15:57,042","   555250000","DIGITAL TV","28","  32,9","      999375","        -498"," 97,70",
"29/07/2025  7:15:57,042","   561250000"," ","29","  34,0","      999375","         473"," 96,70",
"29/07/2025  7:15:57,042","   567250000","TV LEGISLATIVA NO AUTORIZADA","30","  30,9","      999375","       -4413"," 97,20",
"29/07/2025  7:15:57,042","   573250000"," ","31","  28,8","      999375","       -1529"," 94,40",
"29/07/2025  7:15:57,042","   579250000","TELEATAHUALPA (RTU)","32","  28,7","      999375","        3308"," 96,60",
"29/07/2025  7:15:57,042","   585250000"," ","33","  28,7","      999375","         912"," 95,30",
"29/07/2025  7:15:57,042","   591250000"," ","34","  29,5","      999375","         171"," 97,00",
"29/07/2025  7:15:57,042","   597250000"," ","35","  39,7","      999375","       -1428"," 98,20",
"29/07/2025  7:15:57,042","   603250000"," ","36","  29,1","      999375","        2180"," 94,90",
"29/07/2025  7:15:57,042","   615250000"," ","38","  29,3","      999375","       -2188"," 94,40",
"29/07/2025  7:15:57,042","   621250000"," ","39","  29,6","      999375","          -6"," 97,20",
"29/07/2025  7:15:57,042","   627250000"," ","40","  28,0","      999375","         399"," 92,00",
"29/07/2025  7:15:57,042","   633250000"," ","41","  28,5","      999375","       29117"," 94,20",
"29/07/2025  7:15:57,042","   639250000"," ","42","  39,3","      999375","        -642"," 97,90",
"29/07/2025  7:15:57,042","   645250000"," ","43","  31,7","      999375","       -2553"," 93,30",
"29/07/2025  7:15:57,042","   651250000"," ","44","  28,6","      999375","        1177"," 96,50",
"29/07/2025  7:15:57,042","   657250000"," ","45","  27,6","      999375","        -568"," 95,10",
"29/07/2025  7:15:57,042","   663250000"," ","46","  29,4","      999375","       -6062"," 96,60",
"29/07/2025  7:15:57,042","   669250000"," ","47","  28,3","      999375","        -565"," 95,70",
"29/07/2025  7:15:57,042","   675250000","EL CIUDADANO TV NO AUTORIZADA","48","  29,1","      999375","        4539"," 96,60",
"29/07/2025  7:15:57,042","   681250000"," ","49","  28,2","      999375","       -2854"," 93,60",
"29/07/2025  7:15:57,042","   687250000"," ","50","  28,6","      999375","       -4024"," 95,50",
"29/07/2025  7:15:57,042","   693250000"," ","51","  28,3","      999375","        6546"," 94,70",
"29/07/2025  7:16:51,630","    61250000","RED TELESISTEMA (R.T.S)","3","  86,9","      156875","        -401"," 52,50",
"29/07/2025  7:16:51,630","    67250000"," ","4","  42,3","      999375","         -11"," 96,40",
"29/07/2025  7:16:51,630","    77250000"," ","5","  44,3","      999375","       -5799"," 72,20",
"29/07/2025  7:16:51,630","    83250000"," ","6","  43,4","      428750","       69057"," 83,60",
"29/07/2025  7:16:51,630","   175250000","ECUADOR TV","7"," 108,1","      125625","          62"," 64,90",
"29/07/2025  7:16:51,630","   181250000","CADENA ECUATORIANA DE TELEVISIO","8","  40,4","      999375","      -27426"," 94,60",
"29/07/2025  7:16:51,630","   187250000","TELEVISION DEL PACIFICO","9","  38,4","      999375","        5348"," 95,20",
"29/07/2025  7:16:51,630","   193250000"," ","10","  39,3","      999375","       65914"," 95,80",
"29/07/2025  7:16:51,630","   199250000"," ","11","  37,2","      999375","       49288"," 95,00",
"29/07/2025  7:16:51,630","   205250000"," ","12","  35,5","      999375","        7610"," 94,90",
"29/07/2025  7:16:51,630","   211250000","TELEAMAZONAS","13","  92,9","      110625","         248"," 66,50",
"29/07/2025  7:16:51,630","   471250000"," ","14","  26,5","      999375","         600"," 94,10",
"29/07/2025  7:16:51,630","   477250000"," ","15","  27,8","      999375","       -4850"," 95,80",
"29/07/2025  7:16:51,630","   483250000"," ","16","  28,5","      999375","       -5347"," 94,90",
"29/07/2025  7:16:51,630","   513250000"," ","21","  26,2","      999375","        3522"," 94,10",
"29/07/2025  7:16:51,630","   519250000","UCSG TELEVISION","22","  41,0","      999375","       -3446"," 99,20",
"29/07/2025  7:16:51,630","   525250000"," ","23","  32,4","      999375","         326"," 96,50",
"29/07/2025  7:16:51,630","   531250000"," ","24","  27,8","      999375","        4100"," 96,40",
"29/07/2025  7:16:51,630","   537250000"," ","25","  28,2","      999375","       -5267"," 95,70",
"29/07/2025  7:16:51,630","   543250000","SONOVISIÓN TV","26","  27,2","      999375","        -156"," 94,10",
"29/07/2025  7:16:51,630","   549250000"," ","27","  27,8","      999375","       -2406"," 92,20",
"29/07/2025  7:16:51,630","   555250000","DIGITAL TV","28","  30,3","      999375","        2249"," 95,00",
"29/07/2025  7:16:51,630","   561250000"," ","29","  29,2","      999375","        1920"," 94,90",
"29/07/2025  7:16:51,630","   567250000","TV LEGISLATIVA NO AUTORIZADA","30","  29,8","      999375","       -9347"," 96,40",
"29/07/2025  7:16:51,630","   573250000"," ","31","  28,9","      999375","       -2133"," 95,80",
"29/07/2025  7:16:51,630","   579250000","TELEATAHUALPA (RTU)","32","  29,1","      999375","        1331"," 97,70",
"29/07/2025  7:16:51,630","   585250000"," ","33","  29,2","      999375","        1102"," 95,90",
"29/07/2025  7:16:51,630","   591250000"," ","34","  29,6","      999375","        4406"," 94,20",
"29/07/2025  7:16:51,630","   597250000"," ","35","  29,0","      999375","        5101"," 94,50",
"29/07/2025  7:16:51,630","   603250000"," ","36","  30,1","      999375","       -3872"," 95,10",
"29/07/2025  7:16:51,630","   615250000"," ","38","  29,0","      999375","        3627"," 96,50",
"29/07/2025  7:16:51,630","   621250000"," ","39","  29,5","      999375","        4171"," 97,00",
"29/07/2025  7:16:51,630","   627250000"," ","40","  28,2","      999375","       -1319"," 95,90",
"29/07/2025  7:16:51,630","   633250000"," ","41","  27,9","      999375","       31948"," 96,50",
"29/07/2025  7:16:51,630","   639250000"," ","42","  37,3","      999375","           4"," 97,80",
"29/07/2025  7:16:51,630","   645250000"," ","43","  31,3","      999375","        1743"," 94,60",
"29/07/2025  7:16:51,630","   651250000"," ","44","  27,4","      999375","        6182"," 95,10",
"29/07/2025  7:16:51,630","   657250000"," ","45","  28,0","      999375","         783"," 94,70",
"29/07/2025  7:16:51,630","   663250000"," ","46","  27,6","      999375","       -1782"," 92,30",
"29/07/2025  7:16:51,630","   669250000"," ","47","  27,4","      157500","       -1074"," 94,80",
"29/07/2025  7:16:51,630","   675250000","EL CIUDADANO TV NO AUTORIZADA","48","  29,3","      999375","       -2964"," 96,10",
"29/07/2025  7:16:51,630","   681250000"," ","49","  27,4","      999375","       -2899"," 97,00",
"29/07/2025  7:16:51,630","   687250000"," ","50","  27,1","      999375","       -2624"," 94,30",
"29/07/2025  7:16:51,630","   693250000"," ","51","  27,9","      999375","        -506"," 94,60",
"29/07/2025  18:15:03,436","    61250000","RED TELESISTEMA (R.T.S)","3","  86,5","       47500","        -737"," 57,10",
"29/07/2025  18:15:03,436","    67250000"," ","4","  41,0","      999375","       -7296"," 95,90",
"29/07/2025  18:15:03,436","    77250000"," ","5","  43,0","      830625","       -8419"," 83,00",
"29/07/2025  18:15:03,436","    83250000"," ","6","  42,8","      920000","       51782"," 88,10",
"29/07/2025  18:15:03,436","   175250000","ECUADOR TV","7"," 109,0","      156875","          62"," 67,00",
"29/07/2025  18:15:03,436","   181250000","CADENA ECUATORIANA DE TELEVISIO","8","  36,0","      999375","        4923"," 94,70",
"29/07/2025  18:15:03,436","   187250000","TELEVISION DEL PACIFICO","9","  35,8","      999375","        2165"," 94,60",
"29/07/2025  18:15:03,436","   193250000"," ","10","  42,0","      999375","       46832"," 96,50",
"29/07/2025  18:15:03,436","   199250000"," ","11","  38,6","      999375","       51588"," 94,70",
"29/07/2025  18:15:03,436","   205250000"," ","12","  34,1","      999375","        3775"," 93,40",
"29/07/2025  18:15:03,436","   211250000","TELEAMAZONAS","13","  92,9","      126250","         106"," 47,40",
"29/07/2025  18:15:03,436","   471250000"," ","14","  27,7","      999375","         446"," 97,90",
"29/07/2025  18:15:03,436","   477250000"," ","15","  28,3","      999375","        3799"," 94,60",
"29/07/2025  18:15:03,436","   483250000"," ","16","  26,2","      999375","       -1036"," 94,00",
"29/07/2025  18:15:03,436","   513250000"," ","21","  25,9","      999375","        4294"," 93,20",
"29/07/2025  18:15:03,436","   519250000","UCSG TELEVISION","22","  26,9","      999375","        3825"," 95,10",
"29/07/2025  18:15:03,436","   525250000"," ","23","  30,1","      999375","        4233"," 95,50",
"29/07/2025  18:15:03,436","   531250000"," ","24","  31,0","      999375","         578"," 97,80",
"29/07/2025  18:15:03,436","   537250000"," ","25","  26,5","      999375","        4792"," 92,60",
"29/07/2025  18:15:03,436","   543250000","SONOVISIÓN TV","26","  28,0","      999375","         661"," 96,20",
"29/07/2025  18:15:03,436","   549250000"," ","27","  26,7","      999375","       -1294"," 96,50",
"29/07/2025  18:15:03,436","   555250000","DIGITAL TV","28","  27,6","      999375","         748"," 95,00",
"29/07/2025  18:15:03,436","   561250000"," ","29","  29,2","      999375","        4552"," 95,30",
"29/07/2025  18:15:03,436","   567250000","TV LEGISLATIVA NO AUTORIZADA","30","  31,9","      999375","      -11369"," 96,60",
"29/07/2025  18:15:03,436","   573250000"," ","31","  36,7","      999375","        4068"," 99,00",
"29/07/2025  18:15:03,436","   579250000","TELEATAHUALPA (RTU)","32","  28,2","      999375","        3883"," 91,60",
"29/07/2025  18:15:03,436","   585250000"," ","33","  29,7","      999375","        2855"," 95,80",
"29/07/2025  18:15:03,436","   591250000"," ","34","  29,7","      999375","         374"," 96,50",
"29/07/2025  18:15:03,436","   597250000"," ","35","  30,2","      999375","        3533"," 95,70",
"29/07/2025  18:15:03,436","   603250000"," ","36","  31,8","      999375","        1315"," 95,00",
"29/07/2025  18:15:03,436","   615250000"," ","38","  29,2","      999375","       -2876"," 95,40",
"29/07/2025  18:15:03,436","   621250000"," ","39","  29,2","      999375","        -457"," 93,90",
"29/07/2025  18:15:03,436","   627250000"," ","40","  29,2","      999375","         975"," 97,10",
"29/07/2025  18:15:03,436","   633250000"," ","41","  29,3","      999375","       28743"," 92,80",
"29/07/2025  18:15:03,436","   639250000"," ","42","  39,5","      999375","        -701"," 97,10",
"29/07/2025  18:15:03,436","   645250000"," ","43","  30,8","      999375","        2886"," 95,30",
"29/07/2025  18:15:03,436","   651250000"," ","44","  28,0","      999375","        1618"," 92,80",
"29/07/2025  18:15:03,436","   657250000"," ","45","  26,7","      999375","         228"," 96,90",
"29/07/2025  18:15:03,436","   663250000"," ","46","  27,6","      999375","         111"," 92,40",
"29/07/2025  18:15:03,436","   669250000"," ","47","  29,4","      999375","       -3652"," 95,60",
"29/07/2025  18:15:03,436","   675250000","EL CIUDADANO TV NO AUTORIZADA","48","  30,6","      999375","        -572"," 96,80",
"29/07/2025  18:15:03,436","   681250000"," ","49","  27,6","      999375","       -4747"," 96,60",
"29/07/2025  18:15:03,436","   687250000"," ","50","  27,8","      999375","       -3301"," 94,70",
"29/07/2025  18:15:03,436","   693250000"," ","51","  32,0","      999375","        3621"," 96,70",
"29/07/2025  18:15:57,111","    61250000","RED TELESISTEMA (R.T.S)","3","  86,6","      110000","        -789"," 26,50",
"29/07/2025  18:15:57,111","    67250000"," ","4","  39,1","      999375","       -1738"," 96,70",
"29/07/2025  18:15:57,111","    77250000"," ","5","  43,0","      855625","      -55612"," 61,00",
"29/07/2025  18:15:57,111","    83250000"," ","6","  41,1","      823750","       26820"," 70,30",
"29/07/2025  18:15:57,111","   175250000","ECUADOR TV","7"," 108,7","      156875","          62"," 89,10",
"29/07/2025  18:15:57,111","   181250000","CADENA ECUATORIANA DE TELEVISIO","8","  36,0","      999375","       -5911"," 96,20",
"29/07/2025  18:15:57,111","   187250000","TELEVISION DEL PACIFICO","9","  34,3","      999375","        4163"," 96,40",
"29/07/2025  18:15:57,111","   193250000"," ","10","  39,0","      999375","       81446"," 97,30",
"29/07/2025  18:15:57,111","   199250000"," ","11","  37,6","      999375","       45045"," 95,30",
"29/07/2025  18:15:57,111","   205250000"," ","12","  34,2","      999375","       -5938"," 97,00",
"29/07/2025  18:15:57,111","   211250000","TELEAMAZONAS","13","  93,2","      156875","         290"," 69,10",
"29/07/2025  18:15:57,111","   471250000"," ","14","  28,4","      999375","       -3171"," 97,50",
"29/07/2025  18:15:57,111","   477250000"," ","15","  26,4","      999375","        -688"," 95,50",
"29/07/2025  18:15:57,111","   483250000"," ","16","  27,1","      999375","       -2642"," 95,10",
"29/07/2025  18:15:57,111","   513250000"," ","21","  26,8","      999375","       -2515"," 94,50",
"29/07/2025  18:15:57,111","   519250000","UCSG TELEVISION","22","  25,9","      999375","       -2733"," 92,70",
"29/07/2025  18:15:57,111","   525250000"," ","23","  28,2","      999375","       -2783"," 96,50",
"29/07/2025  18:15:57,111","   531250000"," ","24","  28,7","      999375","        -114"," 96,00",
"29/07/2025  18:15:57,111","   537250000"," ","25","  26,2","      999375","       -1700"," 94,40",
"29/07/2025  18:15:57,111","   543250000","SONOVISIÓN TV","26","  27,5","      999375","         689"," 93,60",
"29/07/2025  18:15:57,111","   549250000"," ","27","  27,2","      999375","        -421"," 93,80",
"29/07/2025  18:15:57,111","   555250000","DIGITAL TV","28","  28,7","      999375","        6082"," 95,10",
"29/07/2025  18:15:57,111","   561250000"," ","29","  28,6","      999375","       -2029"," 95,40",
"29/07/2025  18:15:57,111","   567250000","TV LEGISLATIVA NO AUTORIZADA","30","  30,4","      999375","       -9101"," 93,00",
"29/07/2025  18:15:57,111","   573250000"," ","31","  29,3","      999375","        1071"," 94,40",
"29/07/2025  18:15:57,111","   579250000","TELEATAHUALPA (RTU)","32","  27,8","      999375","       -1624"," 95,90",
"29/07/2025  18:15:57,111","   585250000"," ","33","  29,1","      999375","       -2213"," 95,90",
"29/07/2025  18:15:57,111","   591250000"," ","34","  29,4","      999375","        3146"," 96,60",
"29/07/2025  18:15:57,111","   597250000"," ","35","  29,8","      999375","        4143"," 93,90",
"29/07/2025  18:15:57,111","   603250000"," ","36","  28,8","      999375","        7784"," 94,30",
"29/07/2025  18:15:57,111","   615250000"," ","38","  28,4","      999375","        3848"," 93,50",
"29/07/2025  18:15:57,111","   621250000"," ","39","  29,0","      999375","        2434"," 96,40",
"29/07/2025  18:15:57,111","   627250000"," ","40","  29,5","      999375","        4384"," 96,40",
"29/07/2025  18:15:57,111","   633250000"," ","41","  29,8","      999375","       29671"," 95,80",
"29/07/2025  18:15:57,111","   639250000"," ","42","  37,4","      999375","        2015"," 98,10",
"29/07/2025  18:15:57,111","   645250000"," ","43","  32,1","      999375","        1471"," 96,10",
"29/07/2025  18:15:57,111","   651250000"," ","44","  27,4","      999375","        3715"," 96,60",
"29/07/2025  18:15:57,111","   657250000"," ","45","  28,0","      999375","         153"," 95,70",
"29/07/2025  18:15:57,111","   663250000"," ","46","  30,7","      999375","        2152"," 96,70",
"29/07/2025  18:15:57,111","   669250000"," ","47","  26,9","      408750","         627"," 95,50",
"29/07/2025  18:15:57,111","   675250000","EL CIUDADANO TV NO AUTORIZADA","48","  29,4","      999375","         751"," 96,70",
"29/07/2025  18:15:57,111","   681250000"," ","49","  28,1","      999375","       -4482"," 94,80",
"29/07/2025  18:15:57,111","   687250000"," ","50","  26,1","      999375","         627"," 94,20",
"29/07/2025  18:15:57,111","   693250000"," ","51","  32,3","      999375","        3167"," 93,80",
"29/07/2025  18:16:50,371","    61250000","RED TELESISTEMA (R.T.S)","3","  86,5","       31250","        -746"," 29,30",
"29/07/2025  18:16:50,371","    67250000"," ","4","  39,3","      999375","         582"," 96,50",
"29/07/2025  18:16:50,371","    77250000"," ","5","  44,5","      856250","      -19693"," 69,10",
"29/07/2025  18:16:50,371","    83250000"," ","6","  42,7","      928125","      -17810"," 87,00",
"29/07/2025  18:16:50,371","   175250000","ECUADOR TV","7"," 108,6","      219375","          62"," 60,60",
"29/07/2025  18:16:50,371","   181250000","CADENA ECUATORIANA DE TELEVISIO","8","  39,3","      999375","        1148"," 96,00",
"29/07/2025  18:16:50,371","   187250000","TELEVISION DEL PACIFICO","9","  35,2","      999375","        8629"," 95,60",
"29/07/2025  18:16:50,371","   193250000"," ","10","  41,5","      999375","       92621"," 90,50",
"29/07/2025  18:16:50,371","   199250000"," ","11","  35,7","      999375","       44011"," 96,30",
"29/07/2025  18:16:50,371","   205250000"," ","12","  34,4","      999375","        4235"," 96,60",
"29/07/2025  18:16:50,371","   211250000","TELEAMAZONAS","13","  93,1","      188125","         151"," 70,60",
"29/07/2025  18:16:50,371","   471250000"," ","14","  27,3","      999375","         910"," 96,10",
"29/07/2025  18:16:50,371","   477250000"," ","15","  27,4","      999375","        -132"," 96,30",
"29/07/2025  18:16:50,371","   483250000"," ","16","  27,7","      999375","        -510"," 94,80",
"29/07/2025  18:16:50,371","   513250000"," ","21","  25,5","      999375","        -551"," 94,80",
"29/07/2025  18:16:50,371","   519250000","UCSG TELEVISION","22","  26,0","      999375","        1498"," 94,50",
"29/07/2025  18:16:50,371","   525250000"," ","23","  29,5","      999375","        1802"," 96,00",
"29/07/2025  18:16:50,371","   531250000"," ","24","  28,5","      999375","        1342"," 94,70",
"29/07/2025  18:16:50,371","   537250000"," ","25","  27,3","      999375","       -2137"," 96,80",
"29/07/2025  18:16:50,371","   543250000","SONOVISIÓN TV","26","  28,4","      999375","        2320"," 94,10",
"29/07/2025  18:16:50,371","   549250000"," ","27","  28,2","      999375","        2148"," 96,70",
"29/07/2025  18:16:50,371","   555250000","DIGITAL TV","28","  29,8","      999375","        2631"," 97,00",
"29/07/2025  18:16:50,371","   561250000"," ","29","  28,7","      999375","         961"," 93,60",
"29/07/2025  18:16:50,371","   567250000","TV LEGISLATIVA NO AUTORIZADA","30","  28,7","      999375","      -10353"," 95,10",
"29/07/2025  18:16:50,371","   573250000"," ","31","  28,8","      999375","        3770"," 93,30",
"29/07/2025  18:16:50,371","   579250000","TELEATAHUALPA (RTU)","32","  27,4","      999375","         463"," 95,20",
"29/07/2025  18:16:50,371","   585250000"," ","33","  28,1","      999375","        2463"," 94,50",
"29/07/2025  18:16:50,371","   591250000"," ","34","  30,9","      999375","         602"," 96,20",
"29/07/2025  18:16:50,371","   597250000"," ","35","  29,8","      999375","       -1161"," 93,90",
"29/07/2025  18:16:50,371","   603250000"," ","36","  28,3","      999375","         465"," 93,70",
"29/07/2025  18:16:50,371","   615250000"," ","38","  29,3","      999375","         160"," 93,50",
"29/07/2025  18:16:50,371","   621250000"," ","39","  30,2","      999375","          95"," 94,10",
"29/07/2025  18:16:50,371","   627250000"," ","40","  27,6","      999375","        1249"," 94,10",
"29/07/2025  18:16:50,371","   633250000"," ","41","  28,8","      999375","       27492"," 94,70",
"29/07/2025  18:16:50,371","   639250000"," ","42","  36,6","      999375","        -281"," 98,40",
"29/07/2025  18:16:50,371","   645250000"," ","43","  31,6","      999375","        -702"," 92,00",
"29/07/2025  18:16:50,371","   651250000"," ","44","  28,2","      999375","        6830"," 93,80",
"29/07/2025  18:16:50,371","   657250000"," ","45","  27,4","      999375","        3576"," 93,70",
"29/07/2025  18:16:50,371","   663250000"," ","46","  28,3","      999375","        -234"," 94,00",
"29/07/2025  18:16:50,371","   669250000"," ","47","  28,7","      999375","        2799"," 96,20",
"29/07/2025  18:16:50,371","   675250000","EL CIUDADANO TV NO AUTORIZADA","48","  30,8","      999375","        2063"," 97,00",
"29/07/2025  18:16:50,371","   681250000"," ","49","  29,0","      999375","       -6409"," 96,30",
"29/07/2025  18:16:50,371","   687250000"," ","50","  30,0","      999375","         498"," 96,00",
"29/07/2025  18:16:50,371","   693250000"," ","51","  29,6","      999375","       -1659"," 95,70",
"30/07/2025  7:15:03,520","    61250000","RED TELESISTEMA (R.T.S)","3","  87,3","      110000","        -483"," 61,40",
"30/07/2025  7:15:03,520","    67250000"," ","4","  43,4","      999375","        3813"," 95,00",
"30/07/2025  7:15:03,520","    77250000"," ","5","  47,1","      802500","        1227"," 82,90",
"30/07/2025  7:15:03,520","    83250000"," ","6","  48,4","      477500","       53772"," 86,10",
"30/07/2025  7:15:03,520","   175250000","ECUADOR TV","7"," 109,0","      125625","          63"," 68,80",
"30/07/2025  7:15:03,520","   181250000","CADENA ECUATORIANA DE TELEVISIO","8","  46,1","      681250","      -46208"," 92,40",
"30/07/2025  7:15:03,520","   187250000","TELEVISION DEL PACIFICO","9","  36,4","      999375","       24172"," 94,80",
"30/07/2025  7:15:03,520","   193250000"," ","10","  40,8","      999375","      114780"," 91,70",
"30/07/2025  7:15:03,520","   199250000"," ","11","  40,2","      988750","       95664"," 96,60",
"30/07/2025  7:15:03,520","   205250000"," ","12","  36,1","      999375","       22158"," 90,30",
"30/07/2025  7:15:03,520","   211250000","TELEAMAZONAS","13","  94,2","      188750","        -119"," 80,00",
"30/07/2025  7:15:03,520","   471250000"," ","14","  27,2","      999375","        2085"," 93,80",
"30/07/2025  7:15:03,520","   477250000"," ","15","  28,8","      999375","         997"," 94,40",
"30/07/2025  7:15:03,520","   483250000"," ","16","  26,2","      999375","         924"," 95,80",
"30/07/2025  7:15:03,520","   513250000"," ","21","  27,1","      999375","       -1709"," 94,20",
"30/07/2025  7:15:03,520","   519250000","UCSG TELEVISION","22","  27,9","      999375","       -2299"," 95,20",
"30/07/2025  7:15:03,520","   525250000"," ","23","  27,7","      999375","        4691"," 96,70",
"30/07/2025  7:15:03,520","   531250000"," ","24","  27,0","      999375","        -871"," 95,90",
"30/07/2025  7:15:03,520","   537250000"," ","25","  27,3","      999375","       -1618"," 94,10",
"30/07/2025  7:15:03,520","   543250000","SONOVISIÓN TV","26","  27,9","      999375","        4920"," 96,80",
"30/07/2025  7:15:03,520","   549250000"," ","27","  35,6","      999375","       -2042"," 98,30",
"30/07/2025  7:15:03,520","   555250000","DIGITAL TV","28","  34,5","      999375","        2641"," 95,80",
"30/07/2025  7:15:03,520","   561250000"," ","29","  27,9","      999375","       -2638"," 95,80",
"30/07/2025  7:15:03,520","   567250000","TV LEGISLATIVA NO AUTORIZADA","30","  31,4","      999375","      -18564"," 95,60",
"30/07/2025  7:15:03,520","   573250000"," ","31","  28,9","      999375","        1105"," 96,30",
"30/07/2025  7:15:03,520","   579250000","TELEATAHUALPA (RTU)","32","  28,5","      999375","        1318"," 95,80",
"30/07/2025  7:15:03,520","   585250000"," ","33","  28,3","      999375","        -867"," 94,90",
"30/07/2025  7:15:03,520","   591250000"," ","34","  29,7","      999375","         127"," 96,10",
"30/07/2025  7:15:03,520","   597250000"," ","35","  29,0","      999375","        2716"," 94,30",
"30/07/2025  7:15:03,520","   603250000"," ","36","  29,0","      999375","        -474"," 93,70",
"30/07/2025  7:15:03,520","   615250000"," ","38","  30,6","      999375","       -4110"," 95,50",
"30/07/2025  7:15:03,520","   621250000"," ","39","  28,7","      999375","        -484"," 96,40",
"30/07/2025  7:15:03,520","   627250000"," ","40","  27,7","      999375","        4505"," 95,10",
"30/07/2025  7:15:03,520","   633250000"," ","41","  29,2","      999375","       33897"," 96,60",
"30/07/2025  7:15:03,520","   639250000"," ","42","  39,4","      999375","       -7104"," 98,70",
"30/07/2025  7:15:03,520","   645250000"," ","43","  32,0","      999375","       -5912"," 95,10",
"30/07/2025  7:15:03,520","   651250000"," ","44","  28,8","      999375","        1168"," 95,90",
"30/07/2025  7:15:03,520","   657250000"," ","45","  28,0","      999375","       -1000"," 95,70",
"30/07/2025  7:15:03,520","   663250000"," ","46","  29,7","      999375","       -1926"," 96,50",
"30/07/2025  7:15:03,520","   669250000"," ","47","  27,8","      999375","        2349"," 95,30",
"30/07/2025  7:15:03,520","   675250000","EL CIUDADANO TV NO AUTORIZADA","48","  29,6","      999375","       -1551"," 96,90",
"30/07/2025  7:15:03,520","   681250000"," ","49","  27,7","      999375","        1434"," 95,90",
"30/07/2025  7:15:03,520","   687250000"," ","50","  28,0","      999375","        -741"," 95,60",
"30/07/2025  7:15:03,520","   693250000"," ","51","  31,1","      999375","         659"," 95,30",
"30/07/2025  7:15:57,186","    61250000","RED TELESISTEMA (R.T.S)","3","  88,0","      251250","        -499"," 72,00",
"30/07/2025  7:15:57,186","    67250000"," ","4","  44,9","      999375","        2837"," 94,40",
"30/07/2025  7:15:57,186","    77250000"," ","5","  49,3","      802500","         804"," 93,40",
"30/07/2025  7:15:57,186","    83250000"," ","6","  47,7","      507500","       35445"," 78,20",
"30/07/2025  7:15:57,186","   175250000","ECUADOR TV","7"," 109,0","      203750","          63"," 74,80",
"30/07/2025  7:15:57,186","   181250000","CADENA ECUATORIANA DE TELEVISIO","8","  49,3","      999375","      -46580"," 95,10",
"30/07/2025  7:15:57,186","   187250000","TELEVISION DEL PACIFICO","9","  38,6","      999375","        9614"," 94,60",
"30/07/2025  7:15:57,186","   193250000"," ","10","  41,0","      999375","       80464"," 91,20",
"30/07/2025  7:15:57,186","   199250000"," ","11","  39,6","      882500","       79438"," 93,90",
"30/07/2025  7:15:57,186","   205250000"," ","12","  36,7","      999375","        4619"," 96,50",
"30/07/2025  7:15:57,186","   211250000","TELEAMAZONAS","13","  94,4","       94375","         -60"," 41,10",
"30/07/2025  7:15:57,186","   471250000"," ","14","  28,6","      999375","       -2500"," 97,00",
"30/07/2025  7:15:57,186","   477250000"," ","15","  27,5","      999375","        4552"," 95,50",
"30/07/2025  7:15:57,186","   483250000"," ","16","  27,1","      999375","        1781"," 97,20",
"30/07/2025  7:15:57,186","   513250000"," ","21","  26,4","      999375","        1446"," 96,20",
"30/07/2025  7:15:57,186","   519250000","UCSG TELEVISION","22","  26,0","      999375","        -725"," 96,00",
"30/07/2025  7:15:57,186","   525250000"," ","23","  27,5","      999375","         952"," 94,60",
"30/07/2025  7:15:57,186","   531250000"," ","24","  29,0","      999375","           5"," 96,70",
"30/07/2025  7:15:57,186","   537250000"," ","25","  28,6","      999375","       -3017"," 96,40",
"30/07/2025  7:15:57,186","   543250000","SONOVISIÓN TV","26","  28,5","      999375","        3362"," 96,30",
"30/07/2025  7:15:57,186","   549250000"," ","27","  27,7","      999375","        3754"," 94,90",
"30/07/2025  7:15:57,186","   555250000","DIGITAL TV","28","  32,9","      999375","         235"," 95,80",
"30/07/2025  7:15:57,186","   561250000"," ","29","  27,8","      999375","       -2770"," 94,90",
"30/07/2025  7:15:57,186","   567250000","TV LEGISLATIVA NO AUTORIZADA","30","  32,3","      999375","      -16620"," 95,70",
"30/07/2025  7:15:57,186","   573250000"," ","31","  29,8","      999375","        1670"," 94,30",
"30/07/2025  7:15:57,186","   579250000","TELEATAHUALPA (RTU)","32","  30,4","      999375","         856"," 95,50",
"30/07/2025  7:15:57,186","   585250000"," ","33","  29,5","      999375","       -1283"," 94,30",
"30/07/2025  7:15:57,186","   591250000"," ","34","  29,1","      999375","         998"," 95,70",
"30/07/2025  7:15:57,186","   597250000"," ","35","  29,2","      999375","         377"," 93,00",
"30/07/2025  7:15:57,186","   603250000"," ","36","  30,3","      999375","       -4289"," 96,80",
"30/07/2025  7:15:57,186","   615250000"," ","38","  29,5","      999375","         634"," 95,40",
"30/07/2025  7:15:57,186","   621250000"," ","39","  29,9","      999375","        -805"," 96,00",
"30/07/2025  7:15:57,186","   627250000"," ","40","  28,4","      999375","       -1186"," 93,30",
"30/07/2025  7:15:57,186","   633250000"," ","41","  29,5","      999375","       26812"," 96,30",
"30/07/2025  7:15:57,186","   639250000"," ","42","  38,5","      999375","        1156"," 98,10",
"30/07/2025  7:15:57,186","   645250000"," ","43","  32,5","      999375","        1164"," 96,10",
"30/07/2025  7:15:57,186","   651250000"," ","44","  26,8","      999375","       -2515"," 96,20",
"30/07/2025  7:15:57,186","   657250000"," ","45","  28,2","      999375","         768"," 95,20",
"30/07/2025  7:15:57,186","   663250000"," ","46","  29,3","      999375","       -2576"," 96,40",
"30/07/2025  7:15:57,186","   669250000"," ","47","  27,6","      999375","        2524"," 95,40",
"30/07/2025  7:15:57,186","   675250000","EL CIUDADANO TV NO AUTORIZADA","48","  27,7","      999375","       -2654"," 94,50",
"30/07/2025  7:15:57,186","   681250000"," ","49","  27,6","      999375","       -4320"," 95,60",
"30/07/2025  7:15:57,186","   687250000"," ","50","  29,2","      999375","        2523"," 96,50",
"30/07/2025  7:15:57,186","   693250000"," ","51","  31,9","      999375","         147"," 95,40",
"30/07/2025  7:16:51,030","    61250000","RED TELESISTEMA (R.T.S)","3","  86,9","      141875","        -516"," 65,90",
"30/07/2025  7:16:51,030","    67250000"," ","4","  44,5","      999375","       -2241"," 94,30",
"30/07/2025  7:16:51,030","    77250000"," ","5","  47,9","      802500","      -11561"," 85,90",
"30/07/2025  7:16:51,030","    83250000"," ","6","  47,2","      482500","       47243"," 69,80",
"30/07/2025  7:16:51,030","   175250000","ECUADOR TV","7"," 109,0","       94375","          62"," 82,90",
"30/07/2025  7:16:51,030","   181250000","CADENA ECUATORIANA DE TELEVISIO","8","  47,4","      999375","      -63132"," 93,30",
"30/07/2025  7:16:51,030","   187250000","TELEVISION DEL PACIFICO","9","  47,9","      999375","        6742"," 94,40",
"30/07/2025  7:16:51,030","   193250000"," ","10","  46,3","      999375","       37557"," 94,50",
"30/07/2025  7:16:51,030","   199250000"," ","11","  42,8","      999375","       94965"," 84,60",
"30/07/2025  7:16:51,030","   205250000"," ","12","  49,1","      999375","        1532"," 94,40",
"30/07/2025  7:16:51,030","   211250000","TELEAMAZONAS","13","  94,3","      125625","        -157"," 51,90",
"30/07/2025  7:16:51,030","   471250000"," ","14","  27,3","      999375","          73"," 95,90",
"30/07/2025  7:16:51,030","   477250000"," ","15","  27,3","      999375","        2789"," 93,30",
"30/07/2025  7:16:51,030","   483250000"," ","16","  26,7","      999375","         -24"," 93,00",
"30/07/2025  7:16:51,030","   513250000"," ","21","  27,4","      999375","        -149"," 95,50",
"30/07/2025  7:16:51,030","   519250000","UCSG TELEVISION","22","  26,5","      999375","        5738"," 95,20",
"30/07/2025  7:16:51,030","   525250000"," ","23","  27,6","      999375","       -2115"," 94,70",
"30/07/2025  7:16:51,030","   531250000"," ","24","  28,1","      999375","         722"," 94,50",
"30/07/2025  7:16:51,030","   537250000"," ","25","  26,7","      999375","        -255"," 96,60",
"30/07/2025  7:16:51,030","   543250000","SONOVISIÓN TV","26","  29,1","      999375","        2117"," 95,70",
"30/07/2025  7:16:51,030","   549250000"," ","27","  28,7","      999375","        4505"," 95,10",
"30/07/2025  7:16:51,030","   555250000","DIGITAL TV","28","  33,5","      999375","        1238"," 92,50",
"30/07/2025  7:16:51,030","   561250000"," ","29","  28,0","      999375","       -2455"," 95,00",
"30/07/2025  7:16:51,030","   567250000","TV LEGISLATIVA NO AUTORIZADA","30","  31,3","      999375","      -20600"," 94,10",
"30/07/2025  7:16:51,030","   573250000"," ","31","  29,6","      999375","       -1574"," 95,90",
"30/07/2025  7:16:51,030","   579250000","TELEATAHUALPA (RTU)","32","  28,7","      999375","        -700"," 94,20",
"30/07/2025  7:16:51,030","   585250000"," ","33","  30,1","      999375","         782"," 95,70",
"30/07/2025  7:16:51,030","   591250000"," ","34","  30,0","      999375","        2176"," 96,60",
"30/07/2025  7:16:51,030","   597250000"," ","35","  28,7","      999375","        1012"," 94,10",
"30/07/2025  7:16:51,030","   603250000"," ","36","  28,8","      999375","        -117"," 90,20",
"30/07/2025  7:16:51,030","   615250000"," ","38","  31,1","      999375","       -1467"," 94,00",
"30/07/2025  7:16:51,030","   621250000"," ","39","  29,6","      999375","        -441"," 96,40",
"30/07/2025  7:16:51,030","   627250000"," ","40","  27,9","      999375","         288"," 93,70",
"30/07/2025  7:16:51,030","   633250000"," ","41","  29,3","      999375","       27653"," 94,60",
"30/07/2025  7:16:51,030","   639250000"," ","42","  39,6","      999375","       -1730"," 98,50",
"30/07/2025  7:16:51,030","   645250000"," ","43","  31,9","      999375","        -512"," 93,30",
"30/07/2025  7:16:51,030","   651250000"," ","44","  27,2","      999375","        -504"," 94,70",
"30/07/2025  7:16:51,030","   657250000"," ","45","  27,4","      999375","        1823"," 92,50",
"30/07/2025  7:16:51,030","   663250000"," ","46","  30,1","      999375","       -4326"," 95,60",
"30/07/2025  7:16:51,030","   669250000"," ","47","  27,0","      999375","       -2747"," 94,90",
"30/07/2025  7:16:51,030","   675250000","EL CIUDADANO TV NO AUTORIZADA","48","  31,5","      999375","        -415"," 96,50",
"30/07/2025  7:16:51,030","   681250000"," ","49","  27,2","      999375","        -823"," 95,40",
"30/07/2025  7:16:51,030","   687250000"," ","50","  28,5","      999375","        -189"," 97,50",
"30/07/2025  7:16:51,030","   693250000"," ","51","  31,8","      999375","        5669"," 95,20",
"30/07/2025  18:15:03,388","    61250000","RED TELESISTEMA (R.T.S)","3","  86,4","      110000","        -747"," 40,40",
"30/07/2025  18:15:03,388","    67250000"," ","4","  38,8","      999375","        3842"," 96,90",
"30/07/2025  18:15:03,388","    77250000"," ","5","  42,1","      852500","       -3568"," 56,80",
"30/07/2025  18:15:03,388","    83250000"," ","6","  44,1","      949375","       77329"," 95,20",
"30/07/2025  18:15:03,388","   175250000","ECUADOR TV","7"," 108,7","      251875","          63"," 58,70",
"30/07/2025  18:15:03,388","   181250000","CADENA ECUATORIANA DE TELEVISIO","8","  35,6","      999375","       -4207"," 93,40",
"30/07/2025  18:15:03,388","   187250000","TELEVISION DEL PACIFICO","9","  36,1","      999375","        6455"," 98,40",
"30/07/2025  18:15:03,388","   193250000"," ","10","  39,4","      999375","       90961"," 96,90",
"30/07/2025  18:15:03,388","   199250000"," ","11","  39,1","      999375","       97719"," 92,80",
"30/07/2025  18:15:03,388","   205250000"," ","12","  36,6","      999375","       -2098"," 97,10",
"30/07/2025  18:15:03,388","   211250000","TELEAMAZONAS","13","  92,8","      156875","         236"," 50,80",
"30/07/2025  18:15:03,388","   471250000"," ","14","  26,6","      999375","         807"," 95,40",
"30/07/2025  18:15:03,388","   477250000"," ","15","  27,4","      999375","        1055"," 96,00",
"30/07/2025  18:15:03,388","   483250000"," ","16","  26,6","      999375","        -927"," 94,50",
"30/07/2025  18:15:03,388","   513250000"," ","21","  27,0","      999375","        4254"," 96,70",
"30/07/2025  18:15:03,388","   519250000","UCSG TELEVISION","22","  28,8","      999375","        3720"," 96,30",
"30/07/2025  18:15:03,388","   525250000"," ","23","  27,0","      999375","        1350"," 95,70",
"30/07/2025  18:15:03,388","   531250000"," ","24","  27,6","      999375","       -1841"," 95,40",
"30/07/2025  18:15:03,388","   537250000"," ","25","  28,5","      999375","        1975"," 96,10",
"30/07/2025  18:15:03,388","   543250000","SONOVISIÓN TV","26","  28,3","      999375","        3999"," 94,80",
"30/07/2025  18:15:03,388","   549250000"," ","27","  27,7","      999375","         727"," 96,30",
"30/07/2025  18:15:03,388","   555250000","DIGITAL TV","28","  29,7","      999375","       -2168"," 95,80",
"30/07/2025  18:15:03,388","   561250000"," ","29","  28,6","      999375","       -2653"," 93,40",
"30/07/2025  18:15:03,388","   567250000","TV LEGISLATIVA NO AUTORIZADA","30","  30,4","      999375","       -8614"," 94,60",
"30/07/2025  18:15:03,388","   573250000"," ","31","  29,7","      999375","         695"," 93,70",
"30/07/2025  18:15:03,388","   579250000","TELEATAHUALPA (RTU)","32","  28,9","      999375","        -262"," 95,60",
"30/07/2025  18:15:03,388","   585250000"," ","33","  38,5","      999375","          42"," 98,50",
"30/07/2025  18:15:03,388","   591250000"," ","34","  28,5","      999375","        -335"," 93,50",
"30/07/2025  18:15:03,388","   597250000"," ","35","  29,4","      999375","       -1002"," 94,60",
"30/07/2025  18:15:03,388","   603250000"," ","36","  29,4","      999375","        2386"," 95,50",
"30/07/2025  18:15:03,388","   615250000"," ","38","  28,5","      999375","        5231"," 95,40",
"30/07/2025  18:15:03,388","   621250000"," ","39","  28,3","      999375","       -2352"," 96,00",
"30/07/2025  18:15:03,388","   627250000"," ","40","  27,6","      999375","        -600"," 96,40",
"30/07/2025  18:15:03,388","   633250000"," ","41","  29,6","      999375","       26882"," 96,50",
"30/07/2025  18:15:03,388","   639250000"," ","42","  41,4","      999375","       -5120"," 98,00",
"30/07/2025  18:15:03,388","   645250000"," ","43","  30,5","      999375","        -676"," 96,00",
"30/07/2025  18:15:03,388","   651250000"," ","44","  27,8","      999375","        6512"," 95,60",
"30/07/2025  18:15:03,388","   657250000"," ","45","  28,3","      999375","       -3808"," 94,30",
"30/07/2025  18:15:03,388","   663250000"," ","46","  27,0","      999375","        1975"," 93,90",
"30/07/2025  18:15:03,388","   669250000"," ","47","  27,4","      999375","         347"," 95,60",
"30/07/2025  18:15:03,388","   675250000","EL CIUDADANO TV NO AUTORIZADA","48","  31,6","      999375","       -3297"," 96,20",
"30/07/2025  18:15:03,388","   681250000"," ","49","  28,8","      999375","        4136"," 96,60",
"30/07/2025  18:15:03,388","   687250000"," ","50","  28,8","      999375","        2062"," 94,80",
"30/07/2025  18:15:03,388","   693250000"," ","51","  29,7","      999375","       10731"," 96,80",
"30/07/2025  18:15:57,062","    61250000","RED TELESISTEMA (R.T.S)","3","  86,2","      188125","        -629"," 49,10",
"30/07/2025  18:15:57,062","    67250000"," ","4","  39,7","      999375","       -3103"," 97,10",
"30/07/2025  18:15:57,062","    77250000"," ","5","  42,7","      848750","        -892"," 55,90",
"30/07/2025  18:15:57,062","    83250000"," ","6","  41,9","      483750","       37514"," 82,40",
"30/07/2025  18:15:57,062","   175250000","ECUADOR TV","7"," 108,8","      110000","          62"," 42,40",
"30/07/2025  18:15:57,062","   181250000","CADENA ECUATORIANA DE TELEVISIO","8","  37,2","      999375","        -459"," 97,30",
"30/07/2025  18:15:57,062","   187250000","TELEVISION DEL PACIFICO","9","  37,2","      999375","        4558"," 95,30",
"30/07/2025  18:15:57,062","   193250000"," ","10","  40,2","      999375","       69817"," 95,00",
"30/07/2025  18:15:57,062","   199250000"," ","11","  39,8","      999375","       81469"," 93,80",
"30/07/2025  18:15:57,062","   205250000"," ","12","  36,1","      999375","        6634"," 97,60",
"30/07/2025  18:15:57,062","   211250000","TELEAMAZONAS","13","  92,5","      110000","         120"," 43,10",
"30/07/2025  18:15:57,062","   471250000"," ","14","  28,3","      999375","          -2"," 92,30",
"30/07/2025  18:15:57,062","   477250000"," ","15","  27,2","      999375","        -770"," 95,80",
"30/07/2025  18:15:57,062","   483250000"," ","16","  27,4","      999375","       -1808"," 95,60",
"30/07/2025  18:15:57,062","   513250000"," ","21","  25,7","      999375","        2555"," 92,50",
"30/07/2025  18:15:57,062","   519250000","UCSG TELEVISION","22","  26,8","      999375","       -1091"," 94,10",
"30/07/2025  18:15:57,062","   525250000"," ","23","  28,8","      999375","        1558"," 95,30",
"30/07/2025  18:15:57,062","   531250000"," ","24","  26,5","      999375","       -1617"," 95,50",
"30/07/2025  18:15:57,062","   537250000"," ","25","  27,1","      999375","        -346"," 94,50",
"30/07/2025  18:15:57,062","   543250000","SONOVISIÓN TV","26","  27,9","      999375","        4143"," 96,20",
"30/07/2025  18:15:57,062","   549250000"," ","27","  28,2","      999375","        2374"," 99,00",
"30/07/2025  18:15:57,062","   555250000","DIGITAL TV","28","  29,7","      999375","        3587"," 97,10",
"30/07/2025  18:15:57,062","   561250000"," ","29","  28,7","      999375","        1141"," 96,20",
"30/07/2025  18:15:57,062","   567250000","TV LEGISLATIVA NO AUTORIZADA","30","  31,2","      999375","       -5640"," 96,00",
"30/07/2025  18:15:57,062","   573250000"," ","31","  28,7","      999375","        1118"," 93,70",
"30/07/2025  18:15:57,062","   579250000","TELEATAHUALPA (RTU)","32","  27,9","      999375","       -3007"," 94,70",
"30/07/2025  18:15:57,062","   585250000"," ","33","  29,4","      999375","        2850"," 96,30",
"30/07/2025  18:15:57,062","   591250000"," ","34","  29,6","      999375","          59"," 96,30",
"30/07/2025  18:15:57,062","   597250000"," ","35","  29,7","      999375","        3164"," 95,50",
"30/07/2025  18:15:57,062","   603250000"," ","36","  29,1","      999375","       -2676"," 95,20",
"30/07/2025  18:15:57,062","   615250000"," ","38","  28,2","      999375","        4250"," 96,50",
"30/07/2025  18:15:57,062","   621250000"," ","39","  27,9","      999375","        3834"," 95,90",
"30/07/2025  18:15:57,062","   627250000"," ","40","  28,2","      999375","        1940"," 95,00",
"30/07/2025  18:15:57,062","   633250000"," ","41","  28,8","      999375","       29790"," 96,90",
"30/07/2025  18:15:57,062","   639250000"," ","42","  38,2","      999375","        -558"," 97,50",
"30/07/2025  18:15:57,062","   645250000"," ","43","  30,7","      999375","         -42"," 95,80",
"30/07/2025  18:15:57,062","   651250000"," ","44","  27,0","      999375","        3342"," 96,90",
"30/07/2025  18:15:57,062","   657250000"," ","45","  26,4","      999375","        3635"," 93,30",
"30/07/2025  18:15:57,062","   663250000"," ","46","  28,5","      999375","       -6148"," 96,50",
"30/07/2025  18:15:57,062","   669250000"," ","47","  27,2","      999375","         872"," 94,50",
"30/07/2025  18:15:57,062","   675250000","EL CIUDADANO TV NO AUTORIZADA","48","  28,9","      999375","        1360"," 97,10",
"30/07/2025  18:15:57,062","   681250000"," ","49","  27,4","      999375","        -533"," 96,40",
"30/07/2025  18:15:57,062","   687250000"," ","50","  26,8","      999375","        3686"," 95,50",
"30/07/2025  18:15:57,062","   693250000"," ","51","  28,8","      999375","       -1984"," 93,60",
"30/07/2025  18:16:50,322","    61250000","RED TELESISTEMA (R.T.S)","3","  86,4","      156250","        -716"," 49,80",
"30/07/2025  18:16:50,322","    67250000"," ","4","  39,1","      999375","        3440"," 95,90",
"30/07/2025  18:16:50,322","    77250000"," ","5","  43,6","      858750","        1719"," 64,30",
"30/07/2025  18:16:50,322","    83250000"," ","6","  42,1","      883750","       26214"," 68,60",
"30/07/2025  18:16:50,322","   175250000","ECUADOR TV","7"," 108,8","      173125","          62"," 67,30",
"30/07/2025  18:16:50,322","   181250000","CADENA ECUATORIANA DE TELEVISIO","8","  35,8","      999375","        2739"," 96,50",
"30/07/2025  18:16:50,322","   187250000","TELEVISION DEL PACIFICO","9","  40,3","      999375","        8743"," 96,90",
"30/07/2025  18:16:50,322","   193250000"," ","10","  40,3","      999375","       69202"," 91,60",
"30/07/2025  18:16:50,322","   199250000"," ","11","  39,7","      999375","       89930"," 92,30",
"30/07/2025  18:16:50,322","   205250000"," ","12","  36,2","      999375","        1758"," 97,20",
"30/07/2025  18:16:50,322","   211250000","TELEAMAZONAS","13","  92,7","       93750","         -72"," 31,60",
"30/07/2025  18:16:50,322","   471250000"," ","14","  27,7","      999375","          18"," 95,50",
"30/07/2025  18:16:50,322","   477250000"," ","15","  27,9","      999375","        6115"," 96,30",
"30/07/2025  18:16:50,322","   483250000"," ","16","  26,1","      999375","        1304"," 95,10",
"30/07/2025  18:16:50,322","   513250000"," ","21","  27,4","      999375","        3780"," 95,70",
"30/07/2025  18:16:50,322","   519250000","UCSG TELEVISION","22","  26,7","      999375","        1399"," 94,10",
"30/07/2025  18:16:50,322","   525250000"," ","23","  27,0","      999375","        -719"," 96,20",
"30/07/2025  18:16:50,322","   531250000"," ","24","  27,6","      999375","         669"," 95,20",
"30/07/2025  18:16:50,322","   537250000"," ","25","  28,0","      999375","        3843"," 94,00",
"30/07/2025  18:16:50,322","   543250000","SONOVISIÓN TV","26","  28,7","      999375","        4797"," 95,60",
"30/07/2025  18:16:50,322","   549250000"," ","27","  28,3","      999375","        3149"," 97,10",
"30/07/2025  18:16:50,322","   555250000","DIGITAL TV","28","  29,7","      999375","       -1985"," 92,40",
"30/07/2025  18:16:50,322","   561250000"," ","29","  29,5","      999375","       -1573"," 93,90",
"30/07/2025  18:16:50,322","   567250000","TV LEGISLATIVA NO AUTORIZADA","30","  32,0","      999375","       -5847"," 97,10",
"30/07/2025  18:16:50,322","   573250000"," ","31","  30,4","      999375","          39"," 92,40",
"30/07/2025  18:16:50,322","   579250000","TELEATAHUALPA (RTU)","32","  27,7","      999375","          26"," 94,60",
"30/07/2025  18:16:50,322","   585250000"," ","33","  29,2","      999375","       -1679"," 96,30",
"30/07/2025  18:16:50,322","   591250000"," ","34","  28,9","      999375","        1575"," 97,80",
"30/07/2025  18:16:50,322","   597250000"," ","35","  29,1","      999375","       -2762"," 95,80",
"30/07/2025  18:16:50,322","   603250000"," ","36","  28,6","      999375","        -425"," 95,40",
"30/07/2025  18:16:50,322","   615250000"," ","38","  28,5","      999375","       -4621"," 97,10",
"30/07/2025  18:16:50,322","   621250000"," ","39","  28,5","      999375","         949"," 92,90",
"30/07/2025  18:16:50,322","   627250000"," ","40","  27,8","      999375","         998"," 95,10",
"30/07/2025  18:16:50,322","   633250000"," ","41","  31,1","      999375","       23422"," 97,70",
"30/07/2025  18:16:50,322","   639250000"," ","42","  39,6","      999375","       -1559"," 98,50",
"30/07/2025  18:16:50,322","   645250000"," ","43","  30,6","      999375","       -2934"," 95,10",
"30/07/2025  18:16:50,322","   651250000"," ","44","  28,2","      999375","        2327"," 92,90",
"30/07/2025  18:16:50,322","   657250000"," ","45","  28,1","      999375","        2076"," 93,30",
"30/07/2025  18:16:50,322","   663250000"," ","46","  28,8","      999375","        -611"," 96,10",
"30/07/2025  18:16:50,322","   669250000"," ","47","  27,1","      999375","        5129"," 94,50",
"30/07/2025  18:16:50,322","   675250000","EL CIUDADANO TV NO AUTORIZADA","48","  29,5","      999375","        1031"," 95,60",
"30/07/2025  18:16:50,322","   681250000"," ","49","  28,9","      999375","       -3976"," 93,60",
"30/07/2025  18:16:50,322","   687250000"," ","50","  27,0","      999375","        -415"," 97,10",
"30/07/2025  18:16:50,322","   693250000"," ","51","  29,6","      999375","        -472"," 93,50",
"31/07/2025  7:15:03,567","    61250000","RED TELESISTEMA (R.T.S)","3","  86,9","       94375","        -436"," 66,80",
"31/07/2025  7:15:03,567","    67250000"," ","4","  45,7","      999375","        2347"," 96,00",
"31/07/2025  7:15:03,567","    77250000"," ","5","  43,0","      895000","      -10697"," 74,60",
"31/07/2025  7:15:03,567","    83250000"," ","6","  44,9","      793750","       44558"," 92,20",
"31/07/2025  7:15:03,567","   175250000","ECUADOR TV","7"," 109,2","      125625","          62"," 87,30",
"31/07/2025  7:15:03,567","   181250000","CADENA ECUATORIANA DE TELEVISIO","8","  37,5","      999375","        4269"," 95,60",
"31/07/2025  7:15:03,567","   187250000","TELEVISION DEL PACIFICO","9","  36,9","      999375","       14625"," 95,80",
"31/07/2025  7:15:03,567","   193250000"," ","10","  41,9","      999375","       81998"," 96,00",
"31/07/2025  7:15:03,567","   199250000"," ","11","  39,9","      999375","       62445"," 91,40",
"31/07/2025  7:15:03,567","   205250000"," ","12","  33,0","      999375","        6280"," 93,10",
"31/07/2025  7:15:03,567","   211250000","TELEAMAZONAS","13","  93,3","      110000","         113"," 53,10",
"31/07/2025  7:15:03,567","   471250000"," ","14","  27,6","      999375","        3350"," 93,30",
"31/07/2025  7:15:03,567","   477250000"," ","15","  27,3","      999375","       -2626"," 95,00",
"31/07/2025  7:15:03,567","   483250000"," ","16","  27,5","      999375","       -3407"," 95,40",
"31/07/2025  7:15:03,567","   513250000"," ","21","  26,4","      999375","        3034"," 94,80",
"31/07/2025  7:15:03,567","   519250000","UCSG TELEVISION","22","  26,3","      999375","       -1395"," 94,00",
"31/07/2025  7:15:03,567","   525250000"," ","23","  26,2","      999375","        2396"," 96,10",
"31/07/2025  7:15:03,567","   531250000"," ","24","  27,0","      999375","       -1244"," 95,90",
"31/07/2025  7:15:03,567","   537250000"," ","25","  27,8","      999375","        -436"," 95,40",
"31/07/2025  7:15:03,567","   543250000","SONOVISIÓN TV","26","  27,6","      999375","        5574"," 91,90",
"31/07/2025  7:15:03,567","   549250000"," ","27","  27,9","      999375","       -2525"," 96,00",
"31/07/2025  7:15:03,567","   555250000","DIGITAL TV","28","  28,1","      999375","         414"," 94,00",
"31/07/2025  7:15:03,567","   561250000"," ","29","  29,2","      999375","        -835"," 95,40",
"31/07/2025  7:15:03,567","   567250000","TV LEGISLATIVA NO AUTORIZADA","30","  30,3","      999375","        5854"," 95,70",
"31/07/2025  7:15:03,567","   573250000"," ","31","  28,9","      999375","       -2045"," 96,20",
"31/07/2025  7:15:03,567","   579250000","TELEATAHUALPA (RTU)","32","  30,0","      999375","       -4251"," 94,30",
"31/07/2025  7:15:03,567","   585250000"," ","33","  28,6","      999375","       -4370"," 96,10",
"31/07/2025  7:15:03,567","   591250000"," ","34","  28,8","      999375","       -2558"," 96,60",
"31/07/2025  7:15:03,567","   597250000"," ","35","  29,8","      999375","          90"," 95,50",
"31/07/2025  7:15:03,567","   603250000"," ","36","  29,6","      999375","        1654"," 97,00",
"31/07/2025  7:15:03,567","   615250000"," ","38","  29,1","      999375","        -718"," 96,10",
"31/07/2025  7:15:03,567","   621250000"," ","39","  28,8","      999375","       -1544"," 93,50",
"31/07/2025  7:15:03,567","   627250000"," ","40","  28,3","      999375","       -3904"," 95,40",
"31/07/2025  7:15:03,567","   633250000"," ","41","  29,4","      999375","       29059"," 97,30",
"31/07/2025  7:15:03,567","   639250000"," ","42","  39,8","      999375","       -1325"," 98,30",
"31/07/2025  7:15:03,567","   645250000"," ","43","  29,9","      999375","        -221"," 94,90",
"31/07/2025  7:15:03,567","   651250000"," ","44","  27,3","      999375","        3273"," 93,90",
"31/07/2025  7:15:03,567","   657250000"," ","45","  28,1","      999375","       -1410"," 94,00",
"31/07/2025  7:15:03,567","   663250000"," ","46","  30,4","      999375","         466"," 96,90",
"31/07/2025  7:15:03,567","   669250000"," ","47","  27,0","      999375","        1428"," 94,90",
"31/07/2025  7:15:03,567","   675250000","EL CIUDADANO TV NO AUTORIZADA","48","  29,7","      999375","       -5540"," 95,60",
"31/07/2025  7:15:03,567","   681250000"," ","49","  29,0","      999375","         224"," 96,20",
"31/07/2025  7:15:03,567","   687250000"," ","50","  27,8","      999375","        -841"," 95,40",
"31/07/2025  7:15:03,567","   693250000"," ","51","  27,7","      999375","        1555"," 94,90",
"31/07/2025  7:15:57,017","    61250000","RED TELESISTEMA (R.T.S)","3","  86,6","      157500","        -453"," 15,40",
"31/07/2025  7:15:57,017","    67250000"," ","4","  38,3","      999375","         257"," 96,30",
"31/07/2025  7:15:57,017","    77250000"," ","5","  43,5","      991250","       -3522"," 69,30",
"31/07/2025  7:15:57,017","    83250000"," ","6","  43,2","      811250","       33238"," 89,80",
"31/07/2025  7:15:57,017","   175250000","ECUADOR TV","7"," 109,2","      156875","          64"," 86,80",
"31/07/2025  7:15:57,017","   181250000","CADENA ECUATORIANA DE TELEVISIO","8","  39,1","      999375","       -4685"," 96,50",
"31/07/2025  7:15:57,017","   187250000","TELEVISION DEL PACIFICO","9","  37,6","      999375","        9220"," 95,90",
"31/07/2025  7:15:57,017","   193250000"," ","10","  42,6","      953125","       84369"," 95,60",
"31/07/2025  7:15:57,017","   199250000"," ","11","  38,3","      999375","      112539"," 94,30",
"31/07/2025  7:15:57,017","   205250000"," ","12","  35,6","      999375","        6147"," 96,90",
"31/07/2025  7:15:57,017","   211250000","TELEAMAZONAS","13","  93,3","       62500","         135"," 29,30",
"31/07/2025  7:15:57,017","   471250000"," ","14","  27,7","      999375","       -2035"," 96,30",
"31/07/2025  7:15:57,017","   477250000"," ","15","  27,6","      999375","        -439"," 93,70",
"31/07/2025  7:15:57,017","   483250000"," ","16","  27,8","      999375","        2443"," 94,00",
"31/07/2025  7:15:57,017","   513250000"," ","21","  37,9","      999375","        1331"," 99,10",
"31/07/2025  7:15:57,017","   519250000","UCSG TELEVISION","22","  26,3","      999375","          27"," 94,30",
"31/07/2025  7:15:57,017","   525250000"," ","23","  28,4","      999375","        1035"," 96,40",
"31/07/2025  7:15:57,017","   531250000"," ","24","  26,4","      999375","       -2068"," 96,20",
"31/07/2025  7:15:57,017","   537250000"," ","25","  28,0","      999375","       -1029"," 94,40",
"31/07/2025  7:15:57,017","   543250000","SONOVISIÓN TV","26","  27,4","      999375","        4237"," 95,10",
"31/07/2025  7:15:57,017","   549250000"," ","27","  27,0","      999375","        3052"," 95,10",
"31/07/2025  7:15:57,017","   555250000","DIGITAL TV","28","  29,8","      999375","        5938"," 96,60",
"31/07/2025  7:15:57,017","   561250000"," ","29","  28,3","      999375","        -405"," 92,40",
"31/07/2025  7:15:57,017","   567250000","TV LEGISLATIVA NO AUTORIZADA","30","  30,6","      999375","       -6352"," 96,30",
"31/07/2025  7:15:57,017","   573250000"," ","31","  28,7","      999375","        1514"," 95,70",
"31/07/2025  7:15:57,017","   579250000","TELEATAHUALPA (RTU)","32","  27,9","      999375","        1189"," 96,00",
"31/07/2025  7:15:57,017","   585250000"," ","33","  29,6","      999375","        -732"," 96,90",
"31/07/2025  7:15:57,017","   591250000"," ","34","  28,7","      999375","         944"," 96,50",
"31/07/2025  7:15:57,017","   597250000"," ","35","  30,1","      999375","        2788"," 96,10",
"31/07/2025  7:15:57,017","   603250000"," ","36","  30,1","      999375","        1690"," 96,40",
"31/07/2025  7:15:57,017","   615250000"," ","38","  28,2","      999375","        3622"," 95,20",
"31/07/2025  7:15:57,017","   621250000"," ","39","  28,6","      999375","        4860"," 93,70",
"31/07/2025  7:15:57,017","   627250000"," ","40","  28,0","      999375","        1535"," 95,20",
"31/07/2025  7:15:57,017","   633250000"," ","41","  28,6","      999375","       25924"," 95,00",
"31/07/2025  7:15:57,017","   639250000"," ","42","  36,8","      999375","       -1258"," 97,80",
"31/07/2025  7:15:57,017","   645250000"," ","43","  31,4","      999375","       -1222"," 97,20",
"31/07/2025  7:15:57,017","   651250000"," ","44","  27,3","      999375","        2637"," 94,10",
"31/07/2025  7:15:57,017","   657250000"," ","45","  26,9","      999375","       -1779"," 97,20",
"31/07/2025  7:15:57,017","   663250000"," ","46","  30,4","      126875","        3147"," 97,00",
"31/07/2025  7:15:57,017","   669250000"," ","47","  28,5","      999375","       -2222"," 95,80",
"31/07/2025  7:15:57,017","   675250000","EL CIUDADANO TV NO AUTORIZADA","48","  30,3","      999375","       -3453"," 95,40",
"31/07/2025  7:15:57,017","   681250000"," ","49","  27,7","      999375","       -3784"," 94,70",
"31/07/2025  7:15:57,017","   687250000"," ","50","  27,6","      999375","        -460"," 94,00",
"31/07/2025  7:15:57,017","   693250000"," ","51","  28,4","      999375","        1310"," 94,30",
"31/07/2025  7:16:50,477","    61250000","RED TELESISTEMA (R.T.S)","3","  87,2","      126250","        -517"," 61,80",
"31/07/2025  7:16:50,477","    67250000"," ","4","  40,5","      999375","        -746"," 95,90",
"31/07/2025  7:16:50,477","    77250000"," ","5","  42,7","      999375","       -4217"," 74,30",
"31/07/2025  7:16:50,477","    83250000"," ","6","  43,2","      908750","       61205"," 79,30",
"31/07/2025  7:16:50,477","   175250000","ECUADOR TV","7"," 109,2","      203750","          64"," 89,00",
"31/07/2025  7:16:50,477","   181250000","CADENA ECUATORIANA DE TELEVISIO","8","  41,3","      999375","        3637"," 95,10",
"31/07/2025  7:16:50,477","   187250000","TELEVISION DEL PACIFICO","9","  37,3","      999375","        3892"," 96,30",
"31/07/2025  7:16:50,477","   193250000"," ","10","  41,0","      999375","       85471"," 95,50",
"31/07/2025  7:16:50,477","   199250000"," ","11","  41,3","      999375","       70191"," 95,60",
"31/07/2025  7:16:50,477","   205250000"," ","12","  40,2","      999375","        3515"," 95,20",
"31/07/2025  7:16:50,477","   211250000","TELEAMAZONAS","13","  93,7","      125625","         355"," 56,10",
"31/07/2025  7:16:50,477","   471250000"," ","14","  28,0","      999375","        1060"," 94,90",
"31/07/2025  7:16:50,477","   477250000"," ","15","  34,3","      999375","        1440"," 98,20",
"31/07/2025  7:16:50,477","   483250000"," ","16","  27,6","      999375","         594"," 95,60",
"31/07/2025  7:16:50,477","   513250000"," ","21","  26,9","      999375","        -879"," 96,00",
"31/07/2025  7:16:50,477","   519250000","UCSG TELEVISION","22","  27,2","      999375","        3457"," 93,50",
"31/07/2025  7:16:50,477","   525250000"," ","23","  27,4","      999375","         -87"," 96,30",
"31/07/2025  7:16:50,477","   531250000"," ","24","  29,2","      999375","        3582"," 96,80",
"31/07/2025  7:16:50,477","   537250000"," ","25","  27,1","      999375","        3930"," 94,40",
"31/07/2025  7:16:50,477","   543250000","SONOVISIÓN TV","26","  28,0","      999375","        1148"," 94,20",
"31/07/2025  7:16:50,477","   549250000"," ","27","  28,4","      999375","        3443"," 92,30",
"31/07/2025  7:16:50,477","   555250000","DIGITAL TV","28","  31,1","      999375","        4409"," 97,00",
"31/07/2025  7:16:50,477","   561250000"," ","29","  28,7","      999375","       -4648"," 95,40",
"31/07/2025  7:16:50,477","   567250000","TV LEGISLATIVA NO AUTORIZADA","30","  30,5","      999375","       -6398"," 95,60",
"31/07/2025  7:16:50,477","   573250000"," ","31","  29,6","      999375","         586"," 96,40",
"31/07/2025  7:16:50,477","   579250000","TELEATAHUALPA (RTU)","32","  29,3","      999375","        -670"," 95,80",
"31/07/2025  7:16:50,477","   585250000"," ","33","  29,8","      999375","        1243"," 93,90",
"31/07/2025  7:16:50,477","   591250000"," ","34","  28,8","      999375","        4468"," 95,30",
"31/07/2025  7:16:50,477","   597250000"," ","35","  29,5","      999375","        3005"," 92,20",
"31/07/2025  7:16:50,477","   603250000"," ","36","  28,4","      999375","       -1596"," 93,90",
"31/07/2025  7:16:50,477","   615250000"," ","38","  28,4","      999375","       -2604"," 96,00",
"31/07/2025  7:16:50,477","   621250000"," ","39","  28,7","      999375","       -5571"," 91,10",
"31/07/2025  7:16:50,477","   627250000"," ","40","  28,6","      999375","        1909"," 95,40",
"31/07/2025  7:16:50,477","   633250000"," ","41","  31,4","      999375","       30072"," 97,60",
"31/07/2025  7:16:50,477","   639250000"," ","42","  37,2","      999375","         254"," 98,60",
"31/07/2025  7:16:50,477","   645250000"," ","43","  31,4","      999375","       -1115"," 95,20",
"31/07/2025  7:16:50,477","   651250000"," ","44","  27,4","      999375","        1196"," 95,90",
"31/07/2025  7:16:50,477","   657250000"," ","45","  27,7","      999375","         524"," 95,90",
"31/07/2025  7:16:50,477","   663250000"," ","46","  27,8","      999375","         618"," 95,00",
"31/07/2025  7:16:50,477","   669250000"," ","47","  28,4","      999375","        6018"," 96,40",
"31/07/2025  7:16:50,477","   675250000","EL CIUDADANO TV NO AUTORIZADA","48","  31,2","      999375","        -376"," 95,10",
"31/07/2025  7:16:50,477","   681250000"," ","49","  27,9","      999375","        -224"," 96,00",
"31/07/2025  7:16:50,477","   687250000"," ","50","  27,3","      999375","        2088"," 98,20",
"31/07/2025  7:16:50,477","   693250000"," ","51","  27,9","      999375","       -2140"," 96,60",
