"Tiempo","Frecuencia (Hz)","Nombre de la estación","CANAL","Level (dBµV/m)","Arch_ Info"
"01/07/2025  17:40:02,822","    55250000"," ","2","  40,9","Procesar Archivos de resultos de medición: Result. de med."
"01/07/2025  17:40:02,822","    61250000","RED TELESISTEMA (R.T.S)","3","  63,8","Propriedades del res. de med.:"
"01/07/2025  17:40:02,822","    67250000"," ","4","  40,3"," Fecha inic.: 01/07/2025"
"01/07/2025  17:40:02,822","    77250000"," ","5","  46,1"," Hora inicial: 17:40:02"
"01/07/2025  17:40:02,822","    83250000","TELERAMA","6","  34,8"," Fecha final: 31/07/2025"
"01/07/2025  17:40:02,822","   175250000","ECUADOR TV","7","  35,6"," Hora final: 17:42:18"
"01/07/2025  17:40:02,822","   181250000"," CORPORACIÓN ECUATORIANA ","8","  77,7"," Cantidad de med.: 6231"
"01/07/2025  17:40:02,822","   187250000","TELEVISION DEL PACIFICO","9","  39,0","Columnas: Tiempo"
"01/07/2025  17:40:02,822","   193250000"," ","10","  45,9"," Frecuencia"
"01/07/2025  17:40:02,822","   199250000","TELEAMAZONAS","11","  77,8"," Nombre de la estación"
"01/07/2025  17:40:02,822","   205250000"," ","12","  44,3"," CANAL"
"01/07/2025  17:40:02,822","   211250000","CADENA ECUATORIANA DE TEL","13","  72,5"," Level"
"01/07/2025  17:40:02,822","   471250000"," ","14","  43,6"," "
"01/07/2025  17:40:02,822","   477250000"," ","15","  31,1","Origen:"
"01/07/2025  17:40:02,822","   483250000"," ","16","  28,6","Resultados de medic.: TvH025_250729_0101"
"01/07/2025  17:40:02,822","   513250000"," ","21","  29,1","Resultados de medic.: TvH025_250721_0101"
"01/07/2025  17:40:02,822","   519250000"," ","22","  28,9","Resultados de medic.: TvH025_250702_0201"
"01/07/2025  17:40:02,822","   525250000"," ","23","  30,3","Resultados de medic.: TvH025_250728_0201"
"01/07/2025  17:40:02,822","   531250000"," ","24","  29,9","Resultados de medic.: TvH025_250709_0201"
"01/07/2025  17:40:02,822","   537250000"," ","25","  30,9","Resultados de medic.: TvH025_250709_0101"
"01/07/2025  17:40:02,822","   543250000"," ","26","  37,2","Resultados de medic.: TvH025_250707_0101"
"01/07/2025  17:40:02,822","   549250000","OK TV-TEVECORP","27","  31,9","Resultados de medic.: TvH025_250706_0101"
"01/07/2025  17:40:02,822","   555250000"," ","28","  32,8","Resultados de medic.: TvH025_250706_0201"
"01/07/2025  17:40:02,822","   561250000"," ","29","  30,2","Resultados de medic.: TvH025_250705_0201"
"01/07/2025  17:40:02,822","   567250000"," ","30","  28,2","Resultados de medic.: TvH025_250707_0201"
"01/07/2025  17:40:02,822","   573250000","CANAL UNO no","31","  31,2","Resultados de medic.: TvH025_250708_0101"
"01/07/2025  17:40:02,822","   579250000"," ","32","  29,1","Resultados de medic.: TvH025_250708_0201"
"01/07/2025  17:40:02,822","   585250000","TELEATAHUALPA (RTU)","33","  32,8","Resultados de medic.: TvH025_250705_0101"
"01/07/2025  17:40:02,822","   591350000"," ","34","  49,3","Resultados de medic.: TvH025_250704_0201"
"01/07/2025  17:40:02,822","   597250000","TELEVICENTRO TVC","35","  79,8","Resultados de medic.: TvH025_250710_0101"
"01/07/2025  17:40:02,822","   603250000"," ","36","  31,8","Resultados de medic.: TvH025_250710_0201"
"01/07/2025  17:40:02,822","   615250000"," ","38","  38,3","Resultados de medic.: TvH025_250711_0101"
"01/07/2025  17:40:02,822","   621250000","UCSG TELEVISION","39","  29,9","Resultados de medic.: TvH025_250711_0201"
"01/07/2025  17:40:02,822","   627250000"," ","40","  29,5","Resultados de medic.: TvH025_250712_0101"
"01/07/2025  17:40:02,822","   633250000","OROMAR","41","  28,0","Resultados de medic.: TvH025_250712_0201"
"01/07/2025  17:40:02,822","   639250000"," ","42","  31,0","Resultados de medic.: TvH025_250713_0101"
"01/07/2025  17:40:02,822","   645250000"," ","43","  31,9","Resultados de medic.: TvH025_250713_0201"
"01/07/2025  17:40:02,822","   651250000"," ","44","  29,2","Resultados de medic.: TvH025_250714_0101"
"01/07/2025  17:40:02,822","   657250000"," ","45","  29,3","Resultados de medic.: TvH025_250714_0201"
"01/07/2025  17:40:02,822","   663250000"," ","46","  28,2","Resultados de medic.: TvH025_250703_0101"
"01/07/2025  17:40:02,822","   669250000"," ","47","  28,6","Resultados de medic.: TvH025_250715_0201"
"01/07/2025  17:40:02,822","   675250000"," ","48","  29,9","Resultados de medic.: TvH025_250716_0101"
"01/07/2025  17:40:02,822","   681250000"," ","49","  28,2","Resultados de medic.: TvH025_250716_0201"
"01/07/2025  17:40:02,822","   687250000"," ","50","  28,7","Resultados de medic.: TvH025_250717_0101"
"01/07/2025  17:40:02,822","   693250000"," ","51","  27,6","Resultados de medic.: TvH025_250717_0201"
"01/07/2025  17:40:48,681","    55250000"," ","2","  42,3","Resultados de medic.: TvH025_250718_0101"
"01/07/2025  17:40:48,681","    61250000","RED TELESISTEMA (R.T.S)","3","  64,2","Resultados de medic.: TvH025_250718_0201"
"01/07/2025  17:40:48,681","    67250000"," ","4","  38,2","Resultados de medic.: TvH025_250719_0101"
"01/07/2025  17:40:48,681","    77250000"," ","5","  44,1","Resultados de medic.: TvH025_250719_0201"
"01/07/2025  17:40:48,681","    83250000","TELERAMA","6","  38,6","Resultados de medic.: TvH025_250720_0101"
"01/07/2025  17:40:48,681","   175250000","ECUADOR TV","7","  35,3","Resultados de medic.: TvH025_250720_0201"
"01/07/2025  17:40:48,681","   181250000"," CORPORACIÓN ECUATORIANA ","8","  77,9","Resultados de medic.: TvH025_250702_0101"
"01/07/2025  17:40:48,681","   187250000","TELEVISION DEL PACIFICO","9","  39,2","Resultados de medic.: TvH025_250721_0201"
"01/07/2025  17:40:48,681","   193250000"," ","10","  49,3","Resultados de medic.: TvH025_250722_0101"
"01/07/2025  17:40:48,681","   199250000","TELEAMAZONAS","11","  77,7","Resultados de medic.: TvH025_250722_0201"
"01/07/2025  17:40:48,681","   205250000"," ","12","  40,5","Resultados de medic.: TvH025_250723_0101"
"01/07/2025  17:40:48,681","   211250000","CADENA ECUATORIANA DE TEL","13","  72,4","Resultados de medic.: TvH025_250723_0201"
"01/07/2025  17:40:48,681","   471250000"," ","14","  29,4","Resultados de medic.: TvH025_250724_0201"
"01/07/2025  17:40:48,681","   477250000"," ","15","  28,7","Resultados de medic.: TvH025_250725_0201"
"01/07/2025  17:40:48,681","   483250000"," ","16","  28,4","Resultados de medic.: TvH025_250726_0101"
"01/07/2025  17:40:48,681","   513250000"," ","21","  29,2","Resultados de medic.: TvH025_250726_0201"
"01/07/2025  17:40:48,681","   519250000"," ","22","  40,9","Resultados de medic.: TvH025_250727_0101"
"01/07/2025  17:40:48,681","   525250000"," ","23","  28,7","Resultados de medic.: TvH025_250727_0201"
"01/07/2025  17:40:48,681","   531250000"," ","24","  30,1","Resultados de medic.: TvH025_250728_0101"
"01/07/2025  17:40:48,681","   537250000"," ","25","  32,6","Resultados de medic.: TvH025_250715_0101"
"01/07/2025  17:40:48,681","   543250000"," ","26","  37,1","Resultados de medic.: TvH025_250701_0201"
"01/07/2025  17:40:48,681","   549250000","OK TV-TEVECORP","27","  32,9","Resultados de medic.: TvH025_250729_0201"
"01/07/2025  17:40:48,681","   555250000"," ","28","  31,3","Resultados de medic.: TvH025_250730_0101"
"01/07/2025  17:40:48,681","   561250000"," ","29","  30,8","Resultados de medic.: TvH025_250730_0201"
"01/07/2025  17:40:48,681","   567250000"," ","30","  29,7","Resultados de medic.: TvH025_250731_0101"
"01/07/2025  17:40:48,681","   573250000","CANAL UNO no","31","  29,7","Resultados de medic.: TvH025_250731_0201"
"01/07/2025  17:40:48,681","   579250000"," ","32","  29,8"," "
"01/07/2025  17:40:48,681","   585250000","TELEATAHUALPA (RTU)","33","  34,8","Arch. Info: $Temp00615"
"01/07/2025  17:40:48,681","   591350000"," ","34","  30,6"," "
"01/07/2025  17:40:48,681","   597250000","TELEVICENTRO TVC","35","  80,3","Arch. Info: TvH025_250731_0201"
"01/07/2025  17:40:48,681","   603250000"," ","36","  30,6","Unid. de med.: scc-l04"
"01/07/2025  17:40:48,681","   615250000"," ","38","  37,0","Longitud: 011°36'16,3""E"
"01/07/2025  17:40:48,681","   621250000","UCSG TELEVISION","39","  30,4","Latitud: 48°07'47,7""N"
"01/07/2025  17:40:48,681","   627250000"," ","40","  36,6","Tipo result. de medic.: Result. de med."
"01/07/2025  17:40:48,681","   633250000","OROMAR","41","  29,0","Propied. de result. de med.: "
"01/07/2025  17:40:48,681","   639250000"," ","42","  30,5"," Número de mediciones: 4"
"01/07/2025  17:40:48,681","   645250000"," ","43","  31,9","Definic. de horario:"
"01/07/2025  17:40:48,681","   651250000"," ","44","  29,8","Nombre: TV Machala"
"01/07/2025  17:40:48,681","   657250000"," ","45","  36,6","Fecha: 27/12/2024"
"01/07/2025  17:40:48,681","   663250000"," ","46","  28,5","Hora: 8:32:26"
"01/07/2025  17:40:48,681","   669250000"," ","47","  27,4","Definición de medición:"
"01/07/2025  17:40:48,681","   675250000"," ","48","  30,9","Nombre: TV Machala"
"01/07/2025  17:40:48,681","   681250000"," ","49","  28,6","Fecha: 16/01/2024"
"01/07/2025  17:40:48,681","   687250000"," ","50","  29,5","Hora: 17:08:30"
"01/07/2025  17:40:48,681","   693250000"," ","51","  29,1","Tipo de med.: Rastreo de lista de frec."
"01/07/2025  17:41:32,596","    55250000"," ","2","  37,1","Lista de frecuencias: TV MACHALA TOT"
"01/07/2025  17:41:32,596","    61250000","RED TELESISTEMA (R.T.S)","3","  64,1","Squelch: Off"
"01/07/2025  17:41:32,596","    67250000"," ","4","  39,2","Parámetro de med.: Level"
"01/07/2025  17:41:32,596","    77250000"," ","5","  42,6","Definición de rango:"
"01/07/2025  17:41:32,596","    83250000","TELERAMA","6","  35,4","Nombre: TV Machala"
"01/07/2025  17:41:32,596","   175250000","ECUADOR TV","7","  44,8","Fecha: 11/01/2023"
"01/07/2025  17:41:32,596","   181250000"," CORPORACIÓN ECUATORIANA ","8","  78,1","Hora: 14:58:59"
"01/07/2025  17:41:32,596","   187250000","TELEVISION DEL PACIFICO","9","  42,9","No. de subrangos: 1"
"01/07/2025  17:41:32,596","   193250000"," ","10","  46,3","Subrango 1:"
"01/07/2025  17:41:32,596","   199250000","TELEAMAZONAS","11","  77,7","Frecuencia inicial: 54,000000 MHz"
"01/07/2025  17:41:32,596","   205250000"," ","12","  42,4","Frecuencia final: 700,000000 MHz"
"01/07/2025  17:41:32,596","   211250000","CADENA ECUATORIANA DE TEL","13","  72,7","Dispos. 1:"
"01/07/2025  17:41:32,596","   471250000"," ","14","  53,2","Nombre: ADC2300"
"01/07/2025  17:41:32,596","   477250000"," ","15","  32,5","Acimut: 0,000 Grad"
"01/07/2025  17:41:32,596","   483250000"," ","16","  27,8","Elevación: 0,000 Grad"
"01/07/2025  17:41:32,596","   513250000"," ","21","  29,4","Altura: 0,00 m"
"01/07/2025  17:41:32,596","   519250000"," ","22","  32,5","Dispos. 2:"
"01/07/2025  17:41:32,596","   525250000"," ","23","  30,9","Nombre: DDF255"
"01/07/2025  17:41:32,596","   531250000"," ","24","  29,5","Modo b. DF: Cont"
"01/07/2025  17:41:32,596","   537250000"," ","25","  31,9","Ancho ban. FI: 300 kHz"
"01/07/2025  17:41:32,596","   543250000"," ","26","  38,7","Tiempo integrac. b. DF: 100 ms"
"01/07/2025  17:41:32,596","   549250000","OK TV-TEVECORP","27","  31,2","Atenuación FR: Auto"
"01/07/2025  17:41:32,596","   555250000"," ","28","  33,1","Atenuación FI: Normal"
"01/07/2025  17:41:32,596","   561250000"," ","29","  30,6","Demodulación: AM"
"01/07/2025  17:41:32,596","   567250000"," ","30","  34,0","T. Medición: Default"
"01/07/2025  17:41:32,596","   573250000","CANAL UNO no","31","  29,1","Detector: Peak"
"01/07/2025  17:41:32,596","   579250000"," ","32","  29,5",
"01/07/2025  17:41:32,596","   585250000","TELEATAHUALPA (RTU)","33","  34,0",
"01/07/2025  17:41:32,596","   591350000"," ","34","  31,3",
"01/07/2025  17:41:32,596","   597250000","TELEVICENTRO TVC","35","  79,4",
"01/07/2025  17:41:32,596","   603250000"," ","36","  30,5",
"01/07/2025  17:41:32,596","   615250000"," ","38","  36,9",
"01/07/2025  17:41:32,596","   621250000","UCSG TELEVISION","39","  30,3",
"01/07/2025  17:41:32,596","   627250000"," ","40","  28,1",
"01/07/2025  17:41:32,596","   633250000","OROMAR","41","  30,1",
"01/07/2025  17:41:32,596","   639250000"," ","42","  31,6",
"01/07/2025  17:41:32,596","   645250000"," ","43","  32,8",
"01/07/2025  17:41:32,596","   651250000"," ","44","  29,6",
"01/07/2025  17:41:32,596","   657250000"," ","45","  28,8",
"01/07/2025  17:41:32,596","   663250000"," ","46","  27,1",
"01/07/2025  17:41:32,596","   669250000"," ","47","  28,0",
"01/07/2025  17:41:32,596","   675250000"," ","48","  29,0",
"01/07/2025  17:41:32,596","   681250000"," ","49","  27,8",
"01/07/2025  17:41:32,596","   687250000"," ","50","  28,1",
"01/07/2025  17:41:32,596","   693250000"," ","51","  30,2",
"01/07/2025  17:42:18,445","    55250000"," ","2","  45,2",
"01/07/2025  17:42:18,445","    61250000","RED TELESISTEMA (R.T.S)","3","  64,1",
"01/07/2025  17:42:18,445","    67250000"," ","4","  38,1",
"01/07/2025  17:42:18,445","    77250000"," ","5","  43,1",
"01/07/2025  17:42:18,445","    83250000","TELERAMA","6","  40,0",
"01/07/2025  17:42:18,445","   175250000","ECUADOR TV","7","  43,1",
"01/07/2025  17:42:18,445","   181250000"," CORPORACIÓN ECUATORIANA ","8","  78,0",
"01/07/2025  17:42:18,445","   187250000","TELEVISION DEL PACIFICO","9","  40,1",
"01/07/2025  17:42:18,445","   193250000"," ","10","  45,9",
"01/07/2025  17:42:18,445","   199250000","TELEAMAZONAS","11","  77,7",
"01/07/2025  17:42:18,445","   205250000"," ","12","  44,6",
"01/07/2025  17:42:18,445","   211250000","CADENA ECUATORIANA DE TEL","13","  72,5",
"01/07/2025  17:42:18,445","   471250000"," ","14","  30,4",
"01/07/2025  17:42:18,445","   477250000"," ","15","  28,7",
"01/07/2025  17:42:18,445","   483250000"," ","16","  27,7",
"01/07/2025  17:42:18,445","   513250000"," ","21","  28,5",
"01/07/2025  17:42:18,445","   519250000"," ","22","  28,0",
"01/07/2025  17:42:18,445","   525250000"," ","23","  29,6",
"01/07/2025  17:42:18,445","   531250000"," ","24","  30,9",
"01/07/2025  17:42:18,445","   537250000"," ","25","  32,3",
"01/07/2025  17:42:18,445","   543250000"," ","26","  35,4",
"01/07/2025  17:42:18,445","   549250000","OK TV-TEVECORP","27","  31,3",
"01/07/2025  17:42:18,445","   555250000"," ","28","  31,5",
"01/07/2025  17:42:18,445","   561250000"," ","29","  30,7",
"01/07/2025  17:42:18,445","   567250000"," ","30","  30,2",
"01/07/2025  17:42:18,445","   573250000","CANAL UNO no","31","  30,4",
"01/07/2025  17:42:18,445","   579250000"," ","32","  30,1",
"01/07/2025  17:42:18,445","   585250000","TELEATAHUALPA (RTU)","33","  31,9",
"01/07/2025  17:42:18,445","   591350000"," ","34","  29,1",
"01/07/2025  17:42:18,445","   597250000","TELEVICENTRO TVC","35","  79,8",
"01/07/2025  17:42:18,445","   603250000"," ","36","  31,6",
"01/07/2025  17:42:18,445","   615250000"," ","38","  36,8",
"01/07/2025  17:42:18,445","   621250000","UCSG TELEVISION","39","  30,7",
"01/07/2025  17:42:18,445","   627250000"," ","40","  29,3",
"01/07/2025  17:42:18,445","   633250000","OROMAR","41","  29,0",
"01/07/2025  17:42:18,445","   639250000"," ","42","  29,3",
"01/07/2025  17:42:18,445","   645250000"," ","43","  32,2",
"01/07/2025  17:42:18,445","   651250000"," ","44","  28,6",
"01/07/2025  17:42:18,445","   657250000"," ","45","  28,5",
"01/07/2025  17:42:18,445","   663250000"," ","46","  29,8",
"01/07/2025  17:42:18,445","   669250000"," ","47","  28,2",
"01/07/2025  17:42:18,445","   675250000"," ","48","  29,0",
"01/07/2025  17:42:18,445","   681250000"," ","49","  28,6",
"01/07/2025  17:42:18,445","   687250000"," ","50","  28,7",
"01/07/2025  17:42:18,445","   693250000"," ","51","  28,9",
"02/07/2025  7:20:02,653","    55250000"," ","2","  35,5",
"02/07/2025  7:20:02,653","    61250000","RED TELESISTEMA (R.T.S)","3","  63,2",
"02/07/2025  7:20:02,653","    67250000"," ","4","  39,0",
"02/07/2025  7:20:02,653","    77250000"," ","5","  40,4",
"02/07/2025  7:20:02,653","    83250000","TELERAMA","6","  36,0",
"02/07/2025  7:20:02,653","   175250000","ECUADOR TV","7","  35,6",
"02/07/2025  7:20:02,653","   181250000"," CORPORACIÓN ECUATORIANA ","8","  77,7",
"02/07/2025  7:20:02,653","   187250000","TELEVISION DEL PACIFICO","9","  39,9",
"02/07/2025  7:20:02,653","   193250000"," ","10","  46,1",
"02/07/2025  7:20:02,653","   199250000","TELEAMAZONAS","11","  77,9",
"02/07/2025  7:20:02,653","   205250000"," ","12","  31,7",
"02/07/2025  7:20:02,653","   211250000","CADENA ECUATORIANA DE TEL","13","  72,9",
"02/07/2025  7:20:02,653","   471250000"," ","14","  28,4",
"02/07/2025  7:20:02,653","   477250000"," ","15","  30,8",
"02/07/2025  7:20:02,653","   483250000"," ","16","  28,3",
"02/07/2025  7:20:02,653","   513250000"," ","21","  28,5",
"02/07/2025  7:20:02,653","   519250000"," ","22","  29,2",
"02/07/2025  7:20:02,653","   525250000"," ","23","  30,4",
"02/07/2025  7:20:02,653","   531250000"," ","24","  30,4",
"02/07/2025  7:20:02,653","   537250000"," ","25","  31,7",
"02/07/2025  7:20:02,653","   543250000"," ","26","  37,3",
"02/07/2025  7:20:02,653","   549250000","OK TV-TEVECORP","27","  34,2",
"02/07/2025  7:20:02,653","   555250000"," ","28","  32,2",
"02/07/2025  7:20:02,653","   561250000"," ","29","  30,6",
"02/07/2025  7:20:02,653","   567250000"," ","30","  28,9",
"02/07/2025  7:20:02,653","   573250000","CANAL UNO no","31","  31,4",
"02/07/2025  7:20:02,653","   579250000"," ","32","  29,3",
"02/07/2025  7:20:02,653","   585250000","TELEATAHUALPA (RTU)","33","  32,6",
"02/07/2025  7:20:02,653","   591350000"," ","34","  30,1",
"02/07/2025  7:20:02,653","   597250000","TELEVICENTRO TVC","35","  79,0",
"02/07/2025  7:20:02,653","   603250000"," ","36","  30,2",
"02/07/2025  7:20:02,653","   615250000"," ","38","  32,4",
"02/07/2025  7:20:02,653","   621250000","UCSG TELEVISION","39","  30,9",
"02/07/2025  7:20:02,653","   627250000"," ","40","  29,5",
"02/07/2025  7:20:02,653","   633250000","OROMAR","41","  28,0",
"02/07/2025  7:20:02,653","   639250000"," ","42","  32,2",
"02/07/2025  7:20:02,653","   645250000"," ","43","  30,8",
"02/07/2025  7:20:02,653","   651250000"," ","44","  29,4",
"02/07/2025  7:20:02,653","   657250000"," ","45","  28,1",
"02/07/2025  7:20:02,653","   663250000"," ","46","  29,4",
"02/07/2025  7:20:02,653","   669250000"," ","47","  29,6",
"02/07/2025  7:20:02,653","   675250000"," ","48","  28,9",
"02/07/2025  7:20:02,653","   681250000"," ","49","  27,5",
"02/07/2025  7:20:02,653","   687250000"," ","50","  27,0",
"02/07/2025  7:20:02,653","   693250000"," ","51","  43,0",
"02/07/2025  7:20:48,529","    55250000"," ","2","  37,0",
"02/07/2025  7:20:48,529","    61250000","RED TELESISTEMA (R.T.S)","3","  63,4",
"02/07/2025  7:20:48,529","    67250000"," ","4","  37,5",
"02/07/2025  7:20:48,529","    77250000"," ","5","  41,3",
"02/07/2025  7:20:48,529","    83250000","TELERAMA","6","  33,1",
"02/07/2025  7:20:48,529","   175250000","ECUADOR TV","7","  36,5",
"02/07/2025  7:20:48,529","   181250000"," CORPORACIÓN ECUATORIANA ","8","  77,9",
"02/07/2025  7:20:48,529","   187250000","TELEVISION DEL PACIFICO","9","  40,2",
"02/07/2025  7:20:48,529","   193250000"," ","10","  44,8",
"02/07/2025  7:20:48,529","   199250000","TELEAMAZONAS","11","  77,9",
"02/07/2025  7:20:48,529","   205250000"," ","12","  32,2",
"02/07/2025  7:20:48,529","   211250000","CADENA ECUATORIANA DE TEL","13","  72,8",
"02/07/2025  7:20:48,529","   471250000"," ","14","  28,2",
"02/07/2025  7:20:48,529","   477250000"," ","15","  28,4",
"02/07/2025  7:20:48,529","   483250000"," ","16","  30,1",
"02/07/2025  7:20:48,529","   513250000"," ","21","  29,9",
"02/07/2025  7:20:48,529","   519250000"," ","22","  27,3",
"02/07/2025  7:20:48,529","   525250000"," ","23","  30,5",
"02/07/2025  7:20:48,529","   531250000"," ","24","  31,0",
"02/07/2025  7:20:48,529","   537250000"," ","25","  32,0",
"02/07/2025  7:20:48,529","   543250000"," ","26","  37,8",
"02/07/2025  7:20:48,529","   549250000","OK TV-TEVECORP","27","  31,3",
"02/07/2025  7:20:48,529","   555250000"," ","28","  32,0",
"02/07/2025  7:20:48,529","   561250000"," ","29","  31,3",
"02/07/2025  7:20:48,529","   567250000"," ","30","  29,4",
"02/07/2025  7:20:48,529","   573250000","CANAL UNO no","31","  31,5",
"02/07/2025  7:20:48,529","   579250000"," ","32","  30,2",
"02/07/2025  7:20:48,529","   585250000","TELEATAHUALPA (RTU)","33","  31,9",
"02/07/2025  7:20:48,529","   591350000"," ","34","  30,3",
"02/07/2025  7:20:48,529","   597250000","TELEVICENTRO TVC","35","  79,2",
"02/07/2025  7:20:48,529","   603250000"," ","36","  32,3",
"02/07/2025  7:20:48,529","   615250000"," ","38","  31,2",
"02/07/2025  7:20:48,529","   621250000","UCSG TELEVISION","39","  29,4",
"02/07/2025  7:20:48,529","   627250000"," ","40","  30,4",
"02/07/2025  7:20:48,529","   633250000","OROMAR","41","  29,3",
"02/07/2025  7:20:48,529","   639250000"," ","42","  30,0",
"02/07/2025  7:20:48,529","   645250000"," ","43","  30,2",
"02/07/2025  7:20:48,529","   651250000"," ","44","  28,4",
"02/07/2025  7:20:48,529","   657250000"," ","45","  30,6",
"02/07/2025  7:20:48,529","   663250000"," ","46","  29,0",
"02/07/2025  7:20:48,529","   669250000"," ","47","  29,2",
"02/07/2025  7:20:48,529","   675250000"," ","48","  28,5",
"02/07/2025  7:20:48,529","   681250000"," ","49","  28,3",
"02/07/2025  7:20:48,529","   687250000"," ","50","  27,4",
"02/07/2025  7:20:48,529","   693250000"," ","51","  27,4",
"02/07/2025  7:21:32,443","    55250000"," ","2","  37,8",
"02/07/2025  7:21:32,443","    61250000","RED TELESISTEMA (R.T.S)","3","  63,4",
"02/07/2025  7:21:32,443","    67250000"," ","4","  37,5",
"02/07/2025  7:21:32,443","    77250000"," ","5","  42,0",
"02/07/2025  7:21:32,443","    83250000","TELERAMA","6","  35,2",
"02/07/2025  7:21:32,443","   175250000","ECUADOR TV","7","  35,5",
"02/07/2025  7:21:32,443","   181250000"," CORPORACIÓN ECUATORIANA ","8","  77,4",
"02/07/2025  7:21:32,443","   187250000","TELEVISION DEL PACIFICO","9","  40,5",
"02/07/2025  7:21:32,443","   193250000"," ","10","  45,3",
"02/07/2025  7:21:32,443","   199250000","TELEAMAZONAS","11","  78,0",
"02/07/2025  7:21:32,443","   205250000"," ","12","  39,4",
"02/07/2025  7:21:32,443","   211250000","CADENA ECUATORIANA DE TEL","13","  73,0",
"02/07/2025  7:21:32,443","   471250000"," ","14","  28,9",
"02/07/2025  7:21:32,443","   477250000"," ","15","  28,0",
"02/07/2025  7:21:32,443","   483250000"," ","16","  27,9",
"02/07/2025  7:21:32,443","   513250000"," ","21","  36,0",
"02/07/2025  7:21:32,443","   519250000"," ","22","  27,9",
"02/07/2025  7:21:32,443","   525250000"," ","23","  29,2",
"02/07/2025  7:21:32,443","   531250000"," ","24","  30,3",
"02/07/2025  7:21:32,443","   537250000"," ","25","  32,3",
"02/07/2025  7:21:32,443","   543250000"," ","26","  38,7",
"02/07/2025  7:21:32,443","   549250000","OK TV-TEVECORP","27","  32,5",
"02/07/2025  7:21:32,443","   555250000"," ","28","  32,6",
"02/07/2025  7:21:32,443","   561250000"," ","29","  46,6",
"02/07/2025  7:21:32,443","   567250000"," ","30","  28,9",
"02/07/2025  7:21:32,443","   573250000","CANAL UNO no","31","  34,1",
"02/07/2025  7:21:32,443","   579250000"," ","32","  29,5",
"02/07/2025  7:21:32,443","   585250000","TELEATAHUALPA (RTU)","33","  32,1",
"02/07/2025  7:21:32,443","   591350000"," ","34","  34,4",
"02/07/2025  7:21:32,443","   597250000","TELEVICENTRO TVC","35","  79,4",
"02/07/2025  7:21:32,443","   603250000"," ","36","  31,5",
"02/07/2025  7:21:32,443","   615250000"," ","38","  31,5",
"02/07/2025  7:21:32,443","   621250000","UCSG TELEVISION","39","  30,4",
"02/07/2025  7:21:32,443","   627250000"," ","40","  29,9",
"02/07/2025  7:21:32,443","   633250000","OROMAR","41","  28,3",
"02/07/2025  7:21:32,443","   639250000"," ","42","  28,9",
"02/07/2025  7:21:32,443","   645250000"," ","43","  30,3",
"02/07/2025  7:21:32,443","   651250000"," ","44","  28,5",
"02/07/2025  7:21:32,443","   657250000"," ","45","  29,2",
"02/07/2025  7:21:32,443","   663250000"," ","46","  30,2",
"02/07/2025  7:21:32,443","   669250000"," ","47","  29,8",
"02/07/2025  7:21:32,443","   675250000"," ","48","  27,9",
"02/07/2025  7:21:32,443","   681250000"," ","49","  30,0",
"02/07/2025  7:21:32,443","   687250000"," ","50","  28,8",
"02/07/2025  7:21:32,443","   693250000"," ","51","  28,6",
"02/07/2025  7:22:18,291","    55250000"," ","2","  37,9",
"02/07/2025  7:22:18,291","    61250000","RED TELESISTEMA (R.T.S)","3","  63,4",
"02/07/2025  7:22:18,291","    67250000"," ","4","  35,5",
"02/07/2025  7:22:18,291","    77250000"," ","5","  43,2",
"02/07/2025  7:22:18,291","    83250000","TELERAMA","6","  37,6",
"02/07/2025  7:22:18,291","   175250000","ECUADOR TV","7","  35,5",
"02/07/2025  7:22:18,291","   181250000"," CORPORACIÓN ECUATORIANA ","8","  77,7",
"02/07/2025  7:22:18,291","   187250000","TELEVISION DEL PACIFICO","9","  46,7",
"02/07/2025  7:22:18,291","   193250000"," ","10","  46,0",
"02/07/2025  7:22:18,291","   199250000","TELEAMAZONAS","11","  78,0",
"02/07/2025  7:22:18,291","   205250000"," ","12","  32,7",
"02/07/2025  7:22:18,291","   211250000","CADENA ECUATORIANA DE TEL","13","  72,8",
"02/07/2025  7:22:18,291","   471250000"," ","14","  27,7",
"02/07/2025  7:22:18,291","   477250000"," ","15","  28,0",
"02/07/2025  7:22:18,291","   483250000"," ","16","  27,9",
"02/07/2025  7:22:18,291","   513250000"," ","21","  28,9",
"02/07/2025  7:22:18,291","   519250000"," ","22","  28,0",
"02/07/2025  7:22:18,291","   525250000"," ","23","  30,2",
"02/07/2025  7:22:18,291","   531250000"," ","24","  28,9",
"02/07/2025  7:22:18,291","   537250000"," ","25","  31,7",
"02/07/2025  7:22:18,291","   543250000"," ","26","  38,1",
"02/07/2025  7:22:18,291","   549250000","OK TV-TEVECORP","27","  45,4",
"02/07/2025  7:22:18,291","   555250000"," ","28","  37,0",
"02/07/2025  7:22:18,291","   561250000"," ","29","  30,8",
"02/07/2025  7:22:18,291","   567250000"," ","30","  32,3",
"02/07/2025  7:22:18,291","   573250000","CANAL UNO no","31","  30,3",
"02/07/2025  7:22:18,291","   579250000"," ","32","  29,5",
"02/07/2025  7:22:18,291","   585250000","TELEATAHUALPA (RTU)","33","  35,2",
"02/07/2025  7:22:18,291","   591350000"," ","34","  30,5",
"02/07/2025  7:22:18,291","   597250000","TELEVICENTRO TVC","35","  79,0",
"02/07/2025  7:22:18,291","   603250000"," ","36","  30,4",
"02/07/2025  7:22:18,291","   615250000"," ","38","  30,7",
"02/07/2025  7:22:18,291","   621250000","UCSG TELEVISION","39","  30,3",
"02/07/2025  7:22:18,291","   627250000"," ","40","  29,3",
"02/07/2025  7:22:18,291","   633250000","OROMAR","41","  28,1",
"02/07/2025  7:22:18,291","   639250000"," ","42","  29,7",
"02/07/2025  7:22:18,291","   645250000"," ","43","  30,8",
"02/07/2025  7:22:18,291","   651250000"," ","44","  28,1",
"02/07/2025  7:22:18,291","   657250000"," ","45","  28,9",
"02/07/2025  7:22:18,291","   663250000"," ","46","  28,8",
"02/07/2025  7:22:18,291","   669250000"," ","47","  29,0",
"02/07/2025  7:22:18,291","   675250000"," ","48","  28,9",
"02/07/2025  7:22:18,291","   681250000"," ","49","  29,6",
"02/07/2025  7:22:18,291","   687250000"," ","50","  29,4",
"02/07/2025  7:22:18,291","   693250000"," ","51","  29,0",
"02/07/2025  17:40:02,672","    55250000"," ","2","  36,9",
"02/07/2025  17:40:02,672","    61250000","RED TELESISTEMA (R.T.S)","3","  63,9",
"02/07/2025  17:40:02,672","    67250000"," ","4","  37,4",
"02/07/2025  17:40:02,672","    77250000"," ","5","  42,0",
"02/07/2025  17:40:02,672","    83250000","TELERAMA","6","  39,9",
"02/07/2025  17:40:02,672","   175250000","ECUADOR TV","7","  37,4",
"02/07/2025  17:40:02,672","   181250000"," CORPORACIÓN ECUATORIANA ","8","  77,2",
"02/07/2025  17:40:02,672","   187250000","TELEVISION DEL PACIFICO","9","  41,1",
"02/07/2025  17:40:02,672","   193250000"," ","10","  45,1",
"02/07/2025  17:40:02,672","   199250000","TELEAMAZONAS","11","  78,0",
"02/07/2025  17:40:02,672","   205250000"," ","12","  33,1",
"02/07/2025  17:40:02,672","   211250000","CADENA ECUATORIANA DE TEL","13","  72,7",
"02/07/2025  17:40:02,672","   471250000"," ","14","  29,1",
"02/07/2025  17:40:02,672","   477250000"," ","15","  37,5",
"02/07/2025  17:40:02,672","   483250000"," ","16","  28,0",
"02/07/2025  17:40:02,672","   513250000"," ","21","  28,5",
"02/07/2025  17:40:02,672","   519250000"," ","22","  26,8",
"02/07/2025  17:40:02,672","   525250000"," ","23","  29,2",
"02/07/2025  17:40:02,672","   531250000"," ","24","  30,4",
"02/07/2025  17:40:02,672","   537250000"," ","25","  30,5",
"02/07/2025  17:40:02,672","   543250000"," ","26","  34,5",
"02/07/2025  17:40:02,672","   549250000","OK TV-TEVECORP","27","  31,3",
"02/07/2025  17:40:02,672","   555250000"," ","28","  31,1",
"02/07/2025  17:40:02,672","   561250000"," ","29","  31,3",
"02/07/2025  17:40:02,672","   567250000"," ","30","  29,2",
"02/07/2025  17:40:02,672","   573250000","CANAL UNO no","31","  30,2",
"02/07/2025  17:40:02,672","   579250000"," ","32","  29,8",
"02/07/2025  17:40:02,672","   585250000","TELEATAHUALPA (RTU)","33","  32,6",
"02/07/2025  17:40:02,672","   591350000"," ","34","  30,2",
"02/07/2025  17:40:02,672","   597250000","TELEVICENTRO TVC","35","  80,4",
"02/07/2025  17:40:02,672","   603250000"," ","36","  31,1",
"02/07/2025  17:40:02,672","   615250000"," ","38","  37,4",
"02/07/2025  17:40:02,672","   621250000","UCSG TELEVISION","39","  29,6",
"02/07/2025  17:40:02,672","   627250000"," ","40","  29,2",
"02/07/2025  17:40:02,672","   633250000","OROMAR","41","  28,6",
"02/07/2025  17:40:02,672","   639250000"," ","42","  29,9",
"02/07/2025  17:40:02,672","   645250000"," ","43","  31,1",
"02/07/2025  17:40:02,672","   651250000"," ","44","  29,5",
"02/07/2025  17:40:02,672","   657250000"," ","45","  27,7",
"02/07/2025  17:40:02,672","   663250000"," ","46","  27,9",
"02/07/2025  17:40:02,672","   669250000"," ","47","  28,3",
"02/07/2025  17:40:02,672","   675250000"," ","48","  28,2",
"02/07/2025  17:40:02,672","   681250000"," ","49","  28,9",
"02/07/2025  17:40:02,672","   687250000"," ","50","  29,0",
"02/07/2025  17:40:02,672","   693250000"," ","51","  28,6",
"02/07/2025  17:40:47,592","    55250000"," ","2","  39,6",
"02/07/2025  17:40:47,592","    61250000","RED TELESISTEMA (R.T.S)","3","  63,7",
"02/07/2025  17:40:47,592","    67250000"," ","4","  42,3",
"02/07/2025  17:40:47,592","    77250000"," ","5","  41,4",
"02/07/2025  17:40:47,592","    83250000","TELERAMA","6","  41,6",
"02/07/2025  17:40:47,592","   175250000","ECUADOR TV","7","  43,7",
"02/07/2025  17:40:47,592","   181250000"," CORPORACIÓN ECUATORIANA ","8","  77,3",
"02/07/2025  17:40:47,592","   187250000","TELEVISION DEL PACIFICO","9","  41,4",
"02/07/2025  17:40:47,592","   193250000"," ","10","  46,2",
"02/07/2025  17:40:47,592","   199250000","TELEAMAZONAS","11","  78,1",
"02/07/2025  17:40:47,592","   205250000"," ","12","  32,2",
"02/07/2025  17:40:47,592","   211250000","CADENA ECUATORIANA DE TEL","13","  72,8",
"02/07/2025  17:40:47,592","   471250000"," ","14","  28,5",
"02/07/2025  17:40:47,592","   477250000"," ","15","  28,7",
"02/07/2025  17:40:47,592","   483250000"," ","16","  28,1",
"02/07/2025  17:40:47,592","   513250000"," ","21","  28,3",
"02/07/2025  17:40:47,592","   519250000"," ","22","  27,6",
"02/07/2025  17:40:47,592","   525250000"," ","23","  28,6",
"02/07/2025  17:40:47,592","   531250000"," ","24","  30,4",
"02/07/2025  17:40:47,592","   537250000"," ","25","  35,2",
"02/07/2025  17:40:47,592","   543250000"," ","26","  36,6",
"02/07/2025  17:40:47,592","   549250000","OK TV-TEVECORP","27","  31,2",
"02/07/2025  17:40:47,592","   555250000"," ","28","  32,3",
"02/07/2025  17:40:47,592","   561250000"," ","29","  31,5",
"02/07/2025  17:40:47,592","   567250000"," ","30","  29,7",
"02/07/2025  17:40:47,592","   573250000","CANAL UNO no","31","  30,8",
"02/07/2025  17:40:47,592","   579250000"," ","32","  34,7",
"02/07/2025  17:40:47,592","   585250000","TELEATAHUALPA (RTU)","33","  32,2",
"02/07/2025  17:40:47,592","   591350000"," ","34","  30,7",
"02/07/2025  17:40:47,592","   597250000","TELEVICENTRO TVC","35","  80,4",
"02/07/2025  17:40:47,592","   603250000"," ","36","  30,9",
"02/07/2025  17:40:47,592","   615250000"," ","38","  35,9",
"02/07/2025  17:40:47,592","   621250000","UCSG TELEVISION","39","  31,3",
"02/07/2025  17:40:47,592","   627250000"," ","40","  28,1",
"02/07/2025  17:40:47,592","   633250000","OROMAR","41","  43,4",
"02/07/2025  17:40:47,592","   639250000"," ","42","  31,3",
"02/07/2025  17:40:47,592","   645250000"," ","43","  31,9",
"02/07/2025  17:40:47,592","   651250000"," ","44","  28,8",
"02/07/2025  17:40:47,592","   657250000"," ","45","  27,7",
"02/07/2025  17:40:47,592","   663250000"," ","46","  27,0",
"02/07/2025  17:40:47,592","   669250000"," ","47","  28,7",
"02/07/2025  17:40:47,592","   675250000"," ","48","  29,8",
"02/07/2025  17:40:47,592","   681250000"," ","49","  28,9",
"02/07/2025  17:40:47,592","   687250000"," ","50","  29,7",
"02/07/2025  17:40:47,592","   693250000"," ","51","  28,3",
"02/07/2025  17:41:33,440","    55250000"," ","2","  38,2",
"02/07/2025  17:41:33,440","    61250000","RED TELESISTEMA (R.T.S)","3","  63,9",
"02/07/2025  17:41:33,440","    67250000"," ","4","  37,8",
"02/07/2025  17:41:33,440","    77250000"," ","5","  43,7",
"02/07/2025  17:41:33,440","    83250000","TELERAMA","6","  36,3",
"02/07/2025  17:41:33,440","   175250000","ECUADOR TV","7","  37,2",
"02/07/2025  17:41:33,440","   181250000"," CORPORACIÓN ECUATORIANA ","8","  77,4",
"02/07/2025  17:41:33,440","   187250000","TELEVISION DEL PACIFICO","9","  41,3",
"02/07/2025  17:41:33,440","   193250000"," ","10","  45,2",
"02/07/2025  17:41:33,440","   199250000","TELEAMAZONAS","11","  78,2",
"02/07/2025  17:41:33,440","   205250000"," ","12","  32,1",
"02/07/2025  17:41:33,440","   211250000","CADENA ECUATORIANA DE TEL","13","  72,9",
"02/07/2025  17:41:33,440","   471250000"," ","14","  29,8",
"02/07/2025  17:41:33,440","   477250000"," ","15","  29,6",
"02/07/2025  17:41:33,440","   483250000"," ","16","  28,4",
"02/07/2025  17:41:33,440","   513250000"," ","21","  29,5",
"02/07/2025  17:41:33,440","   519250000"," ","22","  27,5",
"02/07/2025  17:41:33,440","   525250000"," ","23","  28,9",
"02/07/2025  17:41:33,440","   531250000"," ","24","  31,1",
"02/07/2025  17:41:33,440","   537250000"," ","25","  36,4",
"02/07/2025  17:41:33,440","   543250000"," ","26","  35,8",
"02/07/2025  17:41:33,440","   549250000","OK TV-TEVECORP","27","  32,2",
"02/07/2025  17:41:33,440","   555250000"," ","28","  30,2",
"02/07/2025  17:41:33,440","   561250000"," ","29","  31,4",
"02/07/2025  17:41:33,440","   567250000"," ","30","  30,8",
"02/07/2025  17:41:33,440","   573250000","CANAL UNO no","31","  30,1",
"02/07/2025  17:41:33,440","   579250000"," ","32","  32,9",
"02/07/2025  17:41:33,440","   585250000","TELEATAHUALPA (RTU)","33","  31,7",
"02/07/2025  17:41:33,440","   591350000"," ","34","  31,3",
"02/07/2025  17:41:33,440","   597250000","TELEVICENTRO TVC","35","  80,6",
"02/07/2025  17:41:33,440","   603250000"," ","36","  30,6",
"02/07/2025  17:41:33,440","   615250000"," ","38","  36,5",
"02/07/2025  17:41:33,440","   621250000","UCSG TELEVISION","39","  30,2",
"02/07/2025  17:41:33,440","   627250000"," ","40","  29,5",
"02/07/2025  17:41:33,440","   633250000","OROMAR","41","  28,8",
"02/07/2025  17:41:33,440","   639250000"," ","42","  30,2",
"02/07/2025  17:41:33,440","   645250000"," ","43","  33,1",
"02/07/2025  17:41:33,440","   651250000"," ","44","  29,9",
"02/07/2025  17:41:33,440","   657250000"," ","45","  28,7",
"02/07/2025  17:41:33,440","   663250000"," ","46","  29,3",
"02/07/2025  17:41:33,440","   669250000"," ","47","  27,9",
"02/07/2025  17:41:33,440","   675250000"," ","48","  27,7",
"02/07/2025  17:41:33,440","   681250000"," ","49","  27,7",
"02/07/2025  17:41:33,440","   687250000"," ","50","  29,3",
"02/07/2025  17:41:33,440","   693250000"," ","51","  27,3",
"03/07/2025  7:20:02,717","    55250000"," ","2","  36,9",
"03/07/2025  7:20:02,717","    61250000","RED TELESISTEMA (R.T.S)","3","  64,0",
"03/07/2025  7:20:02,717","    67250000"," ","4","  37,1",
"03/07/2025  7:20:02,717","    77250000"," ","5","  45,9",
"03/07/2025  7:20:02,717","    83250000","TELERAMA","6","  33,8",
"03/07/2025  7:20:02,717","   175250000","ECUADOR TV","7","  42,8",
"03/07/2025  7:20:02,717","   181250000"," CORPORACIÓN ECUATORIANA ","8","  77,8",
"03/07/2025  7:20:02,717","   187250000","TELEVISION DEL PACIFICO","9","  38,6",
"03/07/2025  7:20:02,717","   193250000"," ","10","  45,4",
"03/07/2025  7:20:02,717","   199250000","TELEAMAZONAS","11","  77,9",
"03/07/2025  7:20:02,717","   205250000"," ","12","  32,5",
"03/07/2025  7:20:02,717","   211250000","CADENA ECUATORIANA DE TEL","13","  73,3",
"03/07/2025  7:20:02,717","   471250000"," ","14","  29,7",
"03/07/2025  7:20:02,717","   477250000"," ","15","  27,9",
"03/07/2025  7:20:02,717","   483250000"," ","16","  28,6",
"03/07/2025  7:20:02,717","   513250000"," ","21","  28,1",
"03/07/2025  7:20:02,717","   519250000"," ","22","  28,4",
"03/07/2025  7:20:02,717","   525250000"," ","23","  31,2",
"03/07/2025  7:20:02,717","   531250000"," ","24","  31,8",
"03/07/2025  7:20:02,717","   537250000"," ","25","  31,5",
"03/07/2025  7:20:02,717","   543250000"," ","26","  30,3",
"03/07/2025  7:20:02,717","   549250000","OK TV-TEVECORP","27","  30,6",
"03/07/2025  7:20:02,717","   555250000"," ","28","  32,0",
"03/07/2025  7:20:02,717","   561250000"," ","29","  31,0",
"03/07/2025  7:20:02,717","   567250000"," ","30","  30,6",
"03/07/2025  7:20:02,717","   573250000","CANAL UNO no","31","  29,1",
"03/07/2025  7:20:02,717","   579250000"," ","32","  29,7",
"03/07/2025  7:20:02,717","   585250000","TELEATAHUALPA (RTU)","33","  32,1",
"03/07/2025  7:20:02,717","   591350000"," ","34","  29,9",
"03/07/2025  7:20:02,717","   597250000","TELEVICENTRO TVC","35","  76,8",
"03/07/2025  7:20:02,717","   603250000"," ","36","  29,5",
"03/07/2025  7:20:02,717","   615250000"," ","38","  35,3",
"03/07/2025  7:20:02,717","   621250000","UCSG TELEVISION","39","  30,1",
"03/07/2025  7:20:02,717","   627250000"," ","40","  31,7",
"03/07/2025  7:20:02,717","   633250000","OROMAR","41","  28,0",
"03/07/2025  7:20:02,717","   639250000"," ","42","  29,5",
"03/07/2025  7:20:02,717","   645250000"," ","43","  31,3",
"03/07/2025  7:20:02,717","   651250000"," ","44","  30,2",
"03/07/2025  7:20:02,717","   657250000"," ","45","  27,5",
"03/07/2025  7:20:02,717","   663250000"," ","46","  30,7",
"03/07/2025  7:20:02,717","   669250000"," ","47","  28,3",
"03/07/2025  7:20:02,717","   675250000"," ","48","  27,9",
"03/07/2025  7:20:02,717","   681250000"," ","49","  28,2",
"03/07/2025  7:20:02,717","   687250000"," ","50","  29,5",
"03/07/2025  7:20:02,717","   693250000"," ","51","  28,1",
"03/07/2025  7:20:48,576","    55250000"," ","2","  38,0",
"03/07/2025  7:20:48,576","    61250000","RED TELESISTEMA (R.T.S)","3","  64,2",
"03/07/2025  7:20:48,576","    67250000"," ","4","  40,0",
"03/07/2025  7:20:48,576","    77250000"," ","5","  44,5",
"03/07/2025  7:20:48,576","    83250000","TELERAMA","6","  35,3",
"03/07/2025  7:20:48,576","   175250000","ECUADOR TV","7","  35,7",
"03/07/2025  7:20:48,576","   181250000"," CORPORACIÓN ECUATORIANA ","8","  78,0",
"03/07/2025  7:20:48,576","   187250000","TELEVISION DEL PACIFICO","9","  39,2",
"03/07/2025  7:20:48,576","   193250000"," ","10","  46,2",
"03/07/2025  7:20:48,576","   199250000","TELEAMAZONAS","11","  78,0",
"03/07/2025  7:20:48,576","   205250000"," ","12","  32,7",
"03/07/2025  7:20:48,576","   211250000","CADENA ECUATORIANA DE TEL","13","  73,1",
"03/07/2025  7:20:48,576","   471250000"," ","14","  39,2",
"03/07/2025  7:20:48,576","   477250000"," ","15","  28,8",
"03/07/2025  7:20:48,576","   483250000"," ","16","  27,8",
"03/07/2025  7:20:48,576","   513250000"," ","21","  28,4",
"03/07/2025  7:20:48,576","   519250000"," ","22","  34,9",
"03/07/2025  7:20:48,576","   525250000"," ","23","  30,8",
"03/07/2025  7:20:48,576","   531250000"," ","24","  32,3",
"03/07/2025  7:20:48,576","   537250000"," ","25","  31,4",
"03/07/2025  7:20:48,576","   543250000"," ","26","  30,0",
"03/07/2025  7:20:48,576","   549250000","OK TV-TEVECORP","27","  31,9",
"03/07/2025  7:20:48,576","   555250000"," ","28","  46,8",
"03/07/2025  7:20:48,576","   561250000"," ","29","  30,9",
"03/07/2025  7:20:48,576","   567250000"," ","30","  28,5",
"03/07/2025  7:20:48,576","   573250000","CANAL UNO no","31","  29,2",
"03/07/2025  7:20:48,576","   579250000"," ","32","  28,3",
"03/07/2025  7:20:48,576","   585250000","TELEATAHUALPA (RTU)","33","  32,6",
"03/07/2025  7:20:48,576","   591350000"," ","34","  39,9",
"03/07/2025  7:20:48,576","   597250000","TELEVICENTRO TVC","35","  78,3",
"03/07/2025  7:20:48,576","   603250000"," ","36","  38,5",
"03/07/2025  7:20:48,576","   615250000"," ","38","  36,3",
"03/07/2025  7:20:48,576","   621250000","UCSG TELEVISION","39","  29,7",
"03/07/2025  7:20:48,576","   627250000"," ","40","  28,1",
"03/07/2025  7:20:48,576","   633250000","OROMAR","41","  29,5",
"03/07/2025  7:20:48,576","   639250000"," ","42","  29,4",
"03/07/2025  7:20:48,576","   645250000"," ","43","  32,2",
"03/07/2025  7:20:48,576","   651250000"," ","44","  33,1",
"03/07/2025  7:20:48,576","   657250000"," ","45","  28,7",
"03/07/2025  7:20:48,576","   663250000"," ","46","  28,0",
"03/07/2025  7:20:48,576","   669250000"," ","47","  33,8",
"03/07/2025  7:20:48,576","   675250000"," ","48","  29,2",
"03/07/2025  7:20:48,576","   681250000"," ","49","  28,5",
"03/07/2025  7:20:48,576","   687250000"," ","50","  29,5",
"03/07/2025  7:20:48,576","   693250000"," ","51","  28,2",
"03/07/2025  7:21:32,493","    55250000"," ","2","  54,0",
"03/07/2025  7:21:32,493","    61250000","RED TELESISTEMA (R.T.S)","3","  64,0",
"03/07/2025  7:21:32,493","    67250000"," ","4","  40,1",
"03/07/2025  7:21:32,493","    77250000"," ","5","  46,7",
"03/07/2025  7:21:32,493","    83250000","TELERAMA","6","  40,2",
"03/07/2025  7:21:32,493","   175250000","ECUADOR TV","7","  38,7",
"03/07/2025  7:21:32,493","   181250000"," CORPORACIÓN ECUATORIANA ","8","  78,0",
"03/07/2025  7:21:32,493","   187250000","TELEVISION DEL PACIFICO","9","  40,1",
"03/07/2025  7:21:32,493","   193250000"," ","10","  45,6",
"03/07/2025  7:21:32,493","   199250000","TELEAMAZONAS","11","  77,8",
"03/07/2025  7:21:32,493","   205250000"," ","12","  30,7",
"03/07/2025  7:21:32,493","   211250000","CADENA ECUATORIANA DE TEL","13","  73,0",
"03/07/2025  7:21:32,493","   471250000"," ","14","  29,9",
"03/07/2025  7:21:32,493","   477250000"," ","15","  28,9",
"03/07/2025  7:21:32,493","   483250000"," ","16","  27,0",
"03/07/2025  7:21:32,493","   513250000"," ","21","  27,1",
"03/07/2025  7:21:32,493","   519250000"," ","22","  27,6",
"03/07/2025  7:21:32,493","   525250000"," ","23","  30,3",
"03/07/2025  7:21:32,493","   531250000"," ","24","  32,3",
"03/07/2025  7:21:32,493","   537250000"," ","25","  31,0",
"03/07/2025  7:21:32,493","   543250000"," ","26","  30,6",
"03/07/2025  7:21:32,493","   549250000","OK TV-TEVECORP","27","  31,7",
"03/07/2025  7:21:32,493","   555250000"," ","28","  32,5",
"03/07/2025  7:21:32,493","   561250000"," ","29","  33,5",
"03/07/2025  7:21:32,493","   567250000"," ","30","  29,7",
"03/07/2025  7:21:32,493","   573250000","CANAL UNO no","31","  29,9",
"03/07/2025  7:21:32,493","   579250000"," ","32","  29,5",
"03/07/2025  7:21:32,493","   585250000","TELEATAHUALPA (RTU)","33","  33,4",
"03/07/2025  7:21:32,493","   591350000"," ","34","  30,0",
"03/07/2025  7:21:32,493","   597250000","TELEVICENTRO TVC","35","  79,0",
"03/07/2025  7:21:32,493","   603250000"," ","36","  29,5",
"03/07/2025  7:21:32,493","   615250000"," ","38","  35,0",
"03/07/2025  7:21:32,493","   621250000","UCSG TELEVISION","39","  30,9",
"03/07/2025  7:21:32,493","   627250000"," ","40","  29,5",
"03/07/2025  7:21:32,493","   633250000","OROMAR","41","  28,6",
"03/07/2025  7:21:32,493","   639250000"," ","42","  29,9",
"03/07/2025  7:21:32,493","   645250000"," ","43","  31,3",
"03/07/2025  7:21:32,493","   651250000"," ","44","  28,6",
"03/07/2025  7:21:32,493","   657250000"," ","45","  28,6",
"03/07/2025  7:21:32,493","   663250000"," ","46","  27,7",
"03/07/2025  7:21:32,493","   669250000"," ","47","  28,5",
"03/07/2025  7:21:32,493","   675250000"," ","48","  31,1",
"03/07/2025  7:21:32,493","   681250000"," ","49","  27,8",
"03/07/2025  7:21:32,493","   687250000"," ","50","  29,1",
"03/07/2025  7:21:32,493","   693250000"," ","51","  28,3",
"03/07/2025  7:22:18,342","    55250000"," ","2","  36,8",
"03/07/2025  7:22:18,342","    61250000","RED TELESISTEMA (R.T.S)","3","  64,1",
"03/07/2025  7:22:18,342","    67250000"," ","4","  39,9",
"03/07/2025  7:22:18,342","    77250000"," ","5","  43,4",
"03/07/2025  7:22:18,342","    83250000","TELERAMA","6","  35,7",
"03/07/2025  7:22:18,342","   175250000","ECUADOR TV","7","  35,3",
"03/07/2025  7:22:18,342","   181250000"," CORPORACIÓN ECUATORIANA ","8","  77,7",
"03/07/2025  7:22:18,342","   187250000","TELEVISION DEL PACIFICO","9","  37,9",
"03/07/2025  7:22:18,342","   193250000"," ","10","  45,4",
"03/07/2025  7:22:18,342","   199250000","TELEAMAZONAS","11","  77,6",
"03/07/2025  7:22:18,342","   205250000"," ","12","  32,2",
"03/07/2025  7:22:18,342","   211250000","CADENA ECUATORIANA DE TEL","13","  72,9",
"03/07/2025  7:22:18,342","   471250000"," ","14","  33,1",
"03/07/2025  7:22:18,342","   477250000"," ","15","  30,1",
"03/07/2025  7:22:18,342","   483250000"," ","16","  29,8",
"03/07/2025  7:22:18,342","   513250000"," ","21","  28,1",
"03/07/2025  7:22:18,342","   519250000"," ","22","  26,5",
"03/07/2025  7:22:18,342","   525250000"," ","23","  29,8",
"03/07/2025  7:22:18,342","   531250000"," ","24","  33,3",
"03/07/2025  7:22:18,342","   537250000"," ","25","  33,2",
"03/07/2025  7:22:18,342","   543250000"," ","26","  28,6",
"03/07/2025  7:22:18,342","   549250000","OK TV-TEVECORP","27","  31,0",
"03/07/2025  7:22:18,342","   555250000"," ","28","  33,2",
"03/07/2025  7:22:18,342","   561250000"," ","29","  31,5",
"03/07/2025  7:22:18,342","   567250000"," ","30","  28,4",
"03/07/2025  7:22:18,342","   573250000","CANAL UNO no","31","  30,7",
"03/07/2025  7:22:18,342","   579250000"," ","32","  29,7",
"03/07/2025  7:22:18,342","   585250000","TELEATAHUALPA (RTU)","33","  32,8",
"03/07/2025  7:22:18,342","   591350000"," ","34","  30,9",
"03/07/2025  7:22:18,342","   597250000","TELEVICENTRO TVC","35","  78,3",
"03/07/2025  7:22:18,342","   603250000"," ","36","  30,0",
"03/07/2025  7:22:18,342","   615250000"," ","38","  34,7",
"03/07/2025  7:22:18,342","   621250000","UCSG TELEVISION","39","  30,1",
"03/07/2025  7:22:18,342","   627250000"," ","40","  29,1",
"03/07/2025  7:22:18,342","   633250000","OROMAR","41","  28,9",
"03/07/2025  7:22:18,342","   639250000"," ","42","  29,0",
"03/07/2025  7:22:18,342","   645250000"," ","43","  30,8",
"03/07/2025  7:22:18,342","   651250000"," ","44","  28,7",
"03/07/2025  7:22:18,342","   657250000"," ","45","  28,9",
"03/07/2025  7:22:18,342","   663250000"," ","46","  43,2",
"03/07/2025  7:22:18,342","   669250000"," ","47","  27,7",
"03/07/2025  7:22:18,342","   675250000"," ","48","  29,1",
"03/07/2025  7:22:18,342","   681250000"," ","49","  29,8",
"03/07/2025  7:22:18,342","   687250000"," ","50","  37,6",
"03/07/2025  7:22:18,342","   693250000"," ","51","  28,4",
"04/07/2025  17:40:02,803","    55250000"," ","2","  44,0",
"04/07/2025  17:40:02,803","    61250000","RED TELESISTEMA (R.T.S)","3","  63,5",
"04/07/2025  17:40:02,803","    67250000"," ","4","  40,3",
"04/07/2025  17:40:02,803","    77250000"," ","5","  42,6",
"04/07/2025  17:40:02,803","    83250000","TELERAMA","6","  37,5",
"04/07/2025  17:40:02,803","   175250000","ECUADOR TV","7","  36,7",
"04/07/2025  17:40:02,803","   181250000"," CORPORACIÓN ECUATORIANA ","8","  76,7",
"04/07/2025  17:40:02,803","   187250000","TELEVISION DEL PACIFICO","9","  40,4",
"04/07/2025  17:40:02,803","   193250000"," ","10","  49,3",
"04/07/2025  17:40:02,803","   199250000","TELEAMAZONAS","11","  78,2",
"04/07/2025  17:40:02,803","   205250000"," ","12","  33,6",
"04/07/2025  17:40:02,803","   211250000","CADENA ECUATORIANA DE TEL","13","  72,0",
"04/07/2025  17:40:02,803","   471250000"," ","14","  28,4",
"04/07/2025  17:40:02,803","   477250000"," ","15","  27,5",
"04/07/2025  17:40:02,803","   483250000"," ","16","  27,5",
"04/07/2025  17:40:02,803","   513250000"," ","21","  30,2",
"04/07/2025  17:40:02,803","   519250000"," ","22","  27,4",
"04/07/2025  17:40:02,803","   525250000"," ","23","  30,2",
"04/07/2025  17:40:02,803","   531250000"," ","24","  30,1",
"04/07/2025  17:40:02,803","   537250000"," ","25","  30,9",
"04/07/2025  17:40:02,803","   543250000"," ","26","  34,7",
"04/07/2025  17:40:02,803","   549250000","OK TV-TEVECORP","27","  31,5",
"04/07/2025  17:40:02,803","   555250000"," ","28","  35,3",
"04/07/2025  17:40:02,803","   561250000"," ","29","  31,1",
"04/07/2025  17:40:02,803","   567250000"," ","30","  29,3",
"04/07/2025  17:40:02,803","   573250000","CANAL UNO no","31","  30,6",
"04/07/2025  17:40:02,803","   579250000"," ","32","  29,6",
"04/07/2025  17:40:02,803","   585250000","TELEATAHUALPA (RTU)","33","  31,6",
"04/07/2025  17:40:02,803","   591350000"," ","34","  29,1",
"04/07/2025  17:40:02,803","   597250000","TELEVICENTRO TVC","35","  79,8",
"04/07/2025  17:40:02,803","   603250000"," ","36","  30,1",
"04/07/2025  17:40:02,803","   615250000"," ","38","  36,2",
"04/07/2025  17:40:02,803","   621250000","UCSG TELEVISION","39","  29,4",
"04/07/2025  17:40:02,803","   627250000"," ","40","  36,3",
"04/07/2025  17:40:02,803","   633250000","OROMAR","41","  29,1",
"04/07/2025  17:40:02,803","   639250000"," ","42","  31,1",
"04/07/2025  17:40:02,803","   645250000"," ","43","  30,9",
"04/07/2025  17:40:02,803","   651250000"," ","44","  28,2",
"04/07/2025  17:40:02,803","   657250000"," ","45","  28,4",
"04/07/2025  17:40:02,803","   663250000"," ","46","  32,6",
"04/07/2025  17:40:02,803","   669250000"," ","47","  33,1",
"04/07/2025  17:40:02,803","   675250000"," ","48","  28,9",
"04/07/2025  17:40:02,803","   681250000"," ","49","  28,9",
"04/07/2025  17:40:02,803","   687250000"," ","50","  27,7",
"04/07/2025  17:40:02,803","   693250000"," ","51","  29,2",
"04/07/2025  17:40:48,692","    55250000"," ","2","  43,7",
"04/07/2025  17:40:48,692","    61250000","RED TELESISTEMA (R.T.S)","3","  63,3",
"04/07/2025  17:40:48,692","    67250000"," ","4","  38,5",
"04/07/2025  17:40:48,692","    77250000"," ","5","  39,9",
"04/07/2025  17:40:48,692","    83250000","TELERAMA","6","  33,7",
"04/07/2025  17:40:48,692","   175250000","ECUADOR TV","7","  37,9",
"04/07/2025  17:40:48,692","   181250000"," CORPORACIÓN ECUATORIANA ","8","  76,8",
"04/07/2025  17:40:48,692","   187250000","TELEVISION DEL PACIFICO","9","  40,5",
"04/07/2025  17:40:48,692","   193250000"," ","10","  45,9",
"04/07/2025  17:40:48,692","   199250000","TELEAMAZONAS","11","  78,2",
"04/07/2025  17:40:48,692","   205250000"," ","12","  32,1",
"04/07/2025  17:40:48,692","   211250000","CADENA ECUATORIANA DE TEL","13","  72,3",
"04/07/2025  17:40:48,692","   471250000"," ","14","  27,5",
"04/07/2025  17:40:48,692","   477250000"," ","15","  36,3",
"04/07/2025  17:40:48,692","   483250000"," ","16","  29,5",
"04/07/2025  17:40:48,692","   513250000"," ","21","  28,1",
"04/07/2025  17:40:48,692","   519250000"," ","22","  30,7",
"04/07/2025  17:40:48,692","   525250000"," ","23","  30,8",
"04/07/2025  17:40:48,692","   531250000"," ","24","  27,9",
"04/07/2025  17:40:48,692","   537250000"," ","25","  30,7",
"04/07/2025  17:40:48,692","   543250000"," ","26","  36,4",
"04/07/2025  17:40:48,692","   549250000","OK TV-TEVECORP","27","  33,2",
"04/07/2025  17:40:48,692","   555250000"," ","28","  32,8",
"04/07/2025  17:40:48,692","   561250000"," ","29","  32,7",
"04/07/2025  17:40:48,692","   567250000"," ","30","  30,8",
"04/07/2025  17:40:48,692","   573250000","CANAL UNO no","31","  29,9",
"04/07/2025  17:40:48,692","   579250000"," ","32","  29,1",
"04/07/2025  17:40:48,692","   585250000","TELEATAHUALPA (RTU)","33","  32,7",
"04/07/2025  17:40:48,692","   591350000"," ","34","  29,9",
"04/07/2025  17:40:48,692","   597250000","TELEVICENTRO TVC","35","  79,6",
"04/07/2025  17:40:48,692","   603250000"," ","36","  29,6",
"04/07/2025  17:40:48,692","   615250000"," ","38","  35,4",
"04/07/2025  17:40:48,692","   621250000","UCSG TELEVISION","39","  30,5",
"04/07/2025  17:40:48,692","   627250000"," ","40","  28,7",
"04/07/2025  17:40:48,692","   633250000","OROMAR","41","  28,7",
"04/07/2025  17:40:48,692","   639250000"," ","42","  30,9",
"04/07/2025  17:40:48,692","   645250000"," ","43","  30,3",
"04/07/2025  17:40:48,692","   651250000"," ","44","  30,0",
"04/07/2025  17:40:48,692","   657250000"," ","45","  28,8",
"04/07/2025  17:40:48,692","   663250000"," ","46","  29,0",
"04/07/2025  17:40:48,692","   669250000"," ","47","  26,9",
"04/07/2025  17:40:48,692","   675250000"," ","48","  29,4",
"04/07/2025  17:40:48,692","   681250000"," ","49","  27,5",
"04/07/2025  17:40:48,692","   687250000"," ","50","  28,6",
"04/07/2025  17:40:48,692","   693250000"," ","51","  32,9",
"04/07/2025  17:41:32,630","    55250000"," ","2","  37,3",
"04/07/2025  17:41:32,630","    61250000","RED TELESISTEMA (R.T.S)","3","  63,5",
"04/07/2025  17:41:32,630","    67250000"," ","4","  38,1",
"04/07/2025  17:41:32,630","    77250000"," ","5","  41,9",
"04/07/2025  17:41:32,630","    83250000","TELERAMA","6","  34,9",
"04/07/2025  17:41:32,630","   175250000","ECUADOR TV","7","  38,7",
"04/07/2025  17:41:32,630","   181250000"," CORPORACIÓN ECUATORIANA ","8","  76,7",
"04/07/2025  17:41:32,630","   187250000","TELEVISION DEL PACIFICO","9","  41,4",
"04/07/2025  17:41:32,630","   193250000"," ","10","  44,5",
"04/07/2025  17:41:32,630","   199250000","TELEAMAZONAS","11","  78,1",
"04/07/2025  17:41:32,630","   205250000"," ","12","  36,2",
"04/07/2025  17:41:32,630","   211250000","CADENA ECUATORIANA DE TEL","13","  72,0",
"04/07/2025  17:41:32,630","   471250000"," ","14","  27,4",
"04/07/2025  17:41:32,630","   477250000"," ","15","  28,6",
"04/07/2025  17:41:32,630","   483250000"," ","16","  27,3",
"04/07/2025  17:41:32,630","   513250000"," ","21","  27,9",
"04/07/2025  17:41:32,630","   519250000"," ","22","  25,3",
"04/07/2025  17:41:32,630","   525250000"," ","23","  29,2",
"04/07/2025  17:41:32,630","   531250000"," ","24","  31,4",
"04/07/2025  17:41:32,630","   537250000"," ","25","  31,6",
"04/07/2025  17:41:32,630","   543250000"," ","26","  36,3",
"04/07/2025  17:41:32,630","   549250000","OK TV-TEVECORP","27","  30,1",
"04/07/2025  17:41:32,630","   555250000"," ","28","  32,2",
"04/07/2025  17:41:32,630","   561250000"," ","29","  31,1",
"04/07/2025  17:41:32,630","   567250000"," ","30","  30,6",
"04/07/2025  17:41:32,630","   573250000","CANAL UNO no","31","  30,2",
"04/07/2025  17:41:32,630","   579250000"," ","32","  29,2",
"04/07/2025  17:41:32,630","   585250000","TELEATAHUALPA (RTU)","33","  33,2",
"04/07/2025  17:41:32,630","   591350000"," ","34","  29,4",
"04/07/2025  17:41:32,630","   597250000","TELEVICENTRO TVC","35","  80,0",
"04/07/2025  17:41:32,630","   603250000"," ","36","  29,0",
"04/07/2025  17:41:32,630","   615250000"," ","38","  34,6",
"04/07/2025  17:41:32,630","   621250000","UCSG TELEVISION","39","  29,2",
"04/07/2025  17:41:32,630","   627250000"," ","40","  29,6",
"04/07/2025  17:41:32,630","   633250000","OROMAR","41","  30,6",
"04/07/2025  17:41:32,630","   639250000"," ","42","  31,2",
"04/07/2025  17:41:32,630","   645250000"," ","43","  30,6",
"04/07/2025  17:41:32,630","   651250000"," ","44","  29,2",
"04/07/2025  17:41:32,630","   657250000"," ","45","  28,6",
"04/07/2025  17:41:32,630","   663250000"," ","46","  28,2",
"04/07/2025  17:41:32,630","   669250000"," ","47","  30,2",
"04/07/2025  17:41:32,630","   675250000"," ","48","  27,8",
"04/07/2025  17:41:32,630","   681250000"," ","49","  27,7",
"04/07/2025  17:41:32,630","   687250000"," ","50","  29,5",
"04/07/2025  17:41:32,630","   693250000"," ","51","  29,2",
"04/07/2025  17:42:18,488","    55250000"," ","2","  41,8",
"04/07/2025  17:42:18,488","    61250000","RED TELESISTEMA (R.T.S)","3","  63,6",
"04/07/2025  17:42:18,488","    67250000"," ","4","  39,8",
"04/07/2025  17:42:18,488","    77250000"," ","5","  47,4",
"04/07/2025  17:42:18,488","    83250000","TELERAMA","6","  37,7",
"04/07/2025  17:42:18,488","   175250000","ECUADOR TV","7","  35,2",
"04/07/2025  17:42:18,488","   181250000"," CORPORACIÓN ECUATORIANA ","8","  76,5",
"04/07/2025  17:42:18,488","   187250000","TELEVISION DEL PACIFICO","9","  40,7",
"04/07/2025  17:42:18,488","   193250000"," ","10","  47,6",
"04/07/2025  17:42:18,488","   199250000","TELEAMAZONAS","11","  78,0",
"04/07/2025  17:42:18,488","   205250000"," ","12","  33,1",
"04/07/2025  17:42:18,488","   211250000","CADENA ECUATORIANA DE TEL","13","  71,8",
"04/07/2025  17:42:18,488","   471250000"," ","14","  41,8",
"04/07/2025  17:42:18,488","   477250000"," ","15","  29,4",
"04/07/2025  17:42:18,488","   483250000"," ","16","  28,6",
"04/07/2025  17:42:18,488","   513250000"," ","21","  28,1",
"04/07/2025  17:42:18,488","   519250000"," ","22","  29,4",
"04/07/2025  17:42:18,488","   525250000"," ","23","  36,0",
"04/07/2025  17:42:18,488","   531250000"," ","24","  31,9",
"04/07/2025  17:42:18,488","   537250000"," ","25","  32,5",
"04/07/2025  17:42:18,488","   543250000"," ","26","  35,5",
"04/07/2025  17:42:18,488","   549250000","OK TV-TEVECORP","27","  32,3",
"04/07/2025  17:42:18,488","   555250000"," ","28","  33,7",
"04/07/2025  17:42:18,488","   561250000"," ","29","  31,6",
"04/07/2025  17:42:18,488","   567250000"," ","30","  29,2",
"04/07/2025  17:42:18,488","   573250000","CANAL UNO no","31","  32,5",
"04/07/2025  17:42:18,488","   579250000"," ","32","  29,9",
"04/07/2025  17:42:18,488","   585250000","TELEATAHUALPA (RTU)","33","  32,9",
"04/07/2025  17:42:18,488","   591350000"," ","34","  29,8",
"04/07/2025  17:42:18,488","   597250000","TELEVICENTRO TVC","35","  80,0",
"04/07/2025  17:42:18,488","   603250000"," ","36","  30,1",
"04/07/2025  17:42:18,488","   615250000"," ","38","  34,5",
"04/07/2025  17:42:18,488","   621250000","UCSG TELEVISION","39","  29,9",
"04/07/2025  17:42:18,488","   627250000"," ","40","  29,0",
"04/07/2025  17:42:18,488","   633250000","OROMAR","41","  28,8",
"04/07/2025  17:42:18,488","   639250000"," ","42","  30,3",
"04/07/2025  17:42:18,488","   645250000"," ","43","  31,2",
"04/07/2025  17:42:18,488","   651250000"," ","44","  28,9",
"04/07/2025  17:42:18,488","   657250000"," ","45","  29,0",
"04/07/2025  17:42:18,488","   663250000"," ","46","  29,0",
"04/07/2025  17:42:18,488","   669250000"," ","47","  28,0",
"04/07/2025  17:42:18,488","   675250000"," ","48","  28,5",
"04/07/2025  17:42:18,488","   681250000"," ","49","  29,1",
"04/07/2025  17:42:18,488","   687250000"," ","50","  28,2",
"04/07/2025  17:42:18,488","   693250000"," ","51","  28,7",
"05/07/2025  7:20:02,817","    55250000"," ","2","  39,4",
"05/07/2025  7:20:02,817","    61250000","RED TELESISTEMA (R.T.S)","3","  63,9",
"05/07/2025  7:20:02,817","    67250000"," ","4","  40,2",
"05/07/2025  7:20:02,817","    77250000"," ","5","  43,9",
"05/07/2025  7:20:02,817","    83250000","TELERAMA","6","  34,4",
"05/07/2025  7:20:02,817","   175250000","ECUADOR TV","7","  35,8",
"05/07/2025  7:20:02,817","   181250000"," CORPORACIÓN ECUATORIANA ","8","  77,5",
"05/07/2025  7:20:02,817","   187250000","TELEVISION DEL PACIFICO","9","  41,4",
"05/07/2025  7:20:02,817","   193250000"," ","10","  49,7",
"05/07/2025  7:20:02,817","   199250000","TELEAMAZONAS","11","  78,2",
"05/07/2025  7:20:02,817","   205250000"," ","12","  31,7",
"05/07/2025  7:20:02,817","   211250000","CADENA ECUATORIANA DE TEL","13","  72,9",
"05/07/2025  7:20:02,817","   471250000"," ","14","  42,3",
"05/07/2025  7:20:02,817","   477250000"," ","15","  29,2",
"05/07/2025  7:20:02,817","   483250000"," ","16","  30,9",
"05/07/2025  7:20:02,817","   513250000"," ","21","  28,1",
"05/07/2025  7:20:02,817","   519250000"," ","22","  26,5",
"05/07/2025  7:20:02,817","   525250000"," ","23","  29,2",
"05/07/2025  7:20:02,817","   531250000"," ","24","  30,5",
"05/07/2025  7:20:02,817","   537250000"," ","25","  33,0",
"05/07/2025  7:20:02,817","   543250000"," ","26","  34,9",
"05/07/2025  7:20:02,817","   549250000","OK TV-TEVECORP","27","  31,3",
"05/07/2025  7:20:02,817","   555250000"," ","28","  34,6",
"05/07/2025  7:20:02,817","   561250000"," ","29","  31,5",
"05/07/2025  7:20:02,817","   567250000"," ","30","  29,7",
"05/07/2025  7:20:02,817","   573250000","CANAL UNO no","31","  29,4",
"05/07/2025  7:20:02,817","   579250000"," ","32","  30,1",
"05/07/2025  7:20:02,817","   585250000","TELEATAHUALPA (RTU)","33","  32,3",
"05/07/2025  7:20:02,817","   591350000"," ","34","  29,8",
"05/07/2025  7:20:02,817","   597250000","TELEVICENTRO TVC","35","  80,1",
"05/07/2025  7:20:02,817","   603250000"," ","36","  30,5",
"05/07/2025  7:20:02,817","   615250000"," ","38","  35,2",
"05/07/2025  7:20:02,817","   621250000","UCSG TELEVISION","39","  29,2",
"05/07/2025  7:20:02,817","   627250000"," ","40","  29,8",
"05/07/2025  7:20:02,817","   633250000","OROMAR","41","  28,9",
"05/07/2025  7:20:02,817","   639250000"," ","42","  30,2",
"05/07/2025  7:20:02,817","   645250000"," ","43","  31,3",
"05/07/2025  7:20:02,817","   651250000"," ","44","  28,2",
"05/07/2025  7:20:02,817","   657250000"," ","45","  28,4",
"05/07/2025  7:20:02,817","   663250000"," ","46","  27,8",
"05/07/2025  7:20:02,817","   669250000"," ","47","  29,0",
"05/07/2025  7:20:02,817","   675250000"," ","48","  29,8",
"05/07/2025  7:20:02,817","   681250000"," ","49","  30,1",
"05/07/2025  7:20:02,817","   687250000"," ","50","  27,6",
"05/07/2025  7:20:02,817","   693250000"," ","51","  28,3",
"05/07/2025  7:20:48,699","    55250000"," ","2","  43,4",
"05/07/2025  7:20:48,699","    61250000","RED TELESISTEMA (R.T.S)","3","  64,0",
"05/07/2025  7:20:48,699","    67250000"," ","4","  39,6",
"05/07/2025  7:20:48,699","    77250000"," ","5","  40,7",
"05/07/2025  7:20:48,699","    83250000","TELERAMA","6","  33,3",
"05/07/2025  7:20:48,699","   175250000","ECUADOR TV","7","  39,7",
"05/07/2025  7:20:48,699","   181250000"," CORPORACIÓN ECUATORIANA ","8","  77,5",
"05/07/2025  7:20:48,699","   187250000","TELEVISION DEL PACIFICO","9","  40,8",
"05/07/2025  7:20:48,699","   193250000"," ","10","  45,5",
"05/07/2025  7:20:48,699","   199250000","TELEAMAZONAS","11","  78,2",
"05/07/2025  7:20:48,699","   205250000"," ","12","  32,7",
"05/07/2025  7:20:48,699","   211250000","CADENA ECUATORIANA DE TEL","13","  73,0",
"05/07/2025  7:20:48,699","   471250000"," ","14","  42,5",
"05/07/2025  7:20:48,699","   477250000"," ","15","  29,0",
"05/07/2025  7:20:48,699","   483250000"," ","16","  28,3",
"05/07/2025  7:20:48,699","   513250000"," ","21","  28,3",
"05/07/2025  7:20:48,699","   519250000"," ","22","  28,4",
"05/07/2025  7:20:48,699","   525250000"," ","23","  30,2",
"05/07/2025  7:20:48,699","   531250000"," ","24","  31,6",
"05/07/2025  7:20:48,699","   537250000"," ","25","  32,0",
"05/07/2025  7:20:48,699","   543250000"," ","26","  33,3",
"05/07/2025  7:20:48,699","   549250000","OK TV-TEVECORP","27","  31,3",
"05/07/2025  7:20:48,699","   555250000"," ","28","  33,7",
"05/07/2025  7:20:48,699","   561250000"," ","29","  31,8",
"05/07/2025  7:20:48,699","   567250000"," ","30","  30,3",
"05/07/2025  7:20:48,699","   573250000","CANAL UNO no","31","  28,6",
"05/07/2025  7:20:48,699","   579250000"," ","32","  29,1",
"05/07/2025  7:20:48,699","   585250000","TELEATAHUALPA (RTU)","33","  33,8",
"05/07/2025  7:20:48,699","   591350000"," ","34","  29,8",
"05/07/2025  7:20:48,699","   597250000","TELEVICENTRO TVC","35","  80,2",
"05/07/2025  7:20:48,699","   603250000"," ","36","  30,4",
"05/07/2025  7:20:48,699","   615250000"," ","38","  36,2",
"05/07/2025  7:20:48,699","   621250000","UCSG TELEVISION","39","  30,6",
"05/07/2025  7:20:48,699","   627250000"," ","40","  28,8",
"05/07/2025  7:20:48,699","   633250000","OROMAR","41","  29,6",
"05/07/2025  7:20:48,699","   639250000"," ","42","  31,0",
"05/07/2025  7:20:48,699","   645250000"," ","43","  30,5",
"05/07/2025  7:20:48,699","   651250000"," ","44","  28,5",
"05/07/2025  7:20:48,699","   657250000"," ","45","  28,6",
"05/07/2025  7:20:48,699","   663250000"," ","46","  28,8",
"05/07/2025  7:20:48,699","   669250000"," ","47","  27,9",
"05/07/2025  7:20:48,699","   675250000"," ","48","  28,1",
"05/07/2025  7:20:48,699","   681250000"," ","49","  28,3",
"05/07/2025  7:20:48,699","   687250000"," ","50","  31,0",
"05/07/2025  7:20:48,699","   693250000"," ","51","  27,8",
"05/07/2025  7:21:32,670","    55250000"," ","2","  42,9",
"05/07/2025  7:21:32,670","    61250000","RED TELESISTEMA (R.T.S)","3","  64,0",
"05/07/2025  7:21:32,670","    67250000"," ","4","  38,9",
"05/07/2025  7:21:32,670","    77250000"," ","5","  42,3",
"05/07/2025  7:21:32,670","    83250000","TELERAMA","6","  34,6",
"05/07/2025  7:21:32,670","   175250000","ECUADOR TV","7","  45,4",
"05/07/2025  7:21:32,670","   181250000"," CORPORACIÓN ECUATORIANA ","8","  77,7",
"05/07/2025  7:21:32,670","   187250000","TELEVISION DEL PACIFICO","9","  42,0",
"05/07/2025  7:21:32,670","   193250000"," ","10","  44,8",
"05/07/2025  7:21:32,670","   199250000","TELEAMAZONAS","11","  78,3",
"05/07/2025  7:21:32,670","   205250000"," ","12","  42,9",
"05/07/2025  7:21:32,670","   211250000","CADENA ECUATORIANA DE TEL","13","  73,1",
"05/07/2025  7:21:32,670","   471250000"," ","14","  27,9",
"05/07/2025  7:21:32,670","   477250000"," ","15","  27,9",
"05/07/2025  7:21:32,670","   483250000"," ","16","  27,8",
"05/07/2025  7:21:32,670","   513250000"," ","21","  27,2",
"05/07/2025  7:21:32,670","   519250000"," ","22","  28,4",
"05/07/2025  7:21:32,670","   525250000"," ","23","  30,4",
"05/07/2025  7:21:32,670","   531250000"," ","24","  32,5",
"05/07/2025  7:21:32,670","   537250000"," ","25","  31,9",
"05/07/2025  7:21:32,670","   543250000"," ","26","  34,5",
"05/07/2025  7:21:32,670","   549250000","OK TV-TEVECORP","27","  31,6",
"05/07/2025  7:21:32,670","   555250000"," ","28","  35,4",
"05/07/2025  7:21:32,670","   561250000"," ","29","  31,9",
"05/07/2025  7:21:32,670","   567250000"," ","30","  28,7",
"05/07/2025  7:21:32,670","   573250000","CANAL UNO no","31","  29,6",
"05/07/2025  7:21:32,670","   579250000"," ","32","  30,4",
"05/07/2025  7:21:32,670","   585250000","TELEATAHUALPA (RTU)","33","  33,1",
"05/07/2025  7:21:32,670","   591350000"," ","34","  29,2",
"05/07/2025  7:21:32,670","   597250000","TELEVICENTRO TVC","35","  80,0",
"05/07/2025  7:21:32,670","   603250000"," ","36","  30,9",
"05/07/2025  7:21:32,670","   615250000"," ","38","  36,6",
"05/07/2025  7:21:32,670","   621250000","UCSG TELEVISION","39","  29,7",
"05/07/2025  7:21:32,670","   627250000"," ","40","  28,4",
"05/07/2025  7:21:32,670","   633250000","OROMAR","41","  30,1",
"05/07/2025  7:21:32,670","   639250000"," ","42","  31,6",
"05/07/2025  7:21:32,670","   645250000"," ","43","  31,3",
"05/07/2025  7:21:32,670","   651250000"," ","44","  28,4",
"05/07/2025  7:21:32,670","   657250000"," ","45","  30,4",
"05/07/2025  7:21:32,670","   663250000"," ","46","  28,3",
"05/07/2025  7:21:32,670","   669250000"," ","47","  27,5",
"05/07/2025  7:21:32,670","   675250000"," ","48","  28,9",
"05/07/2025  7:21:32,670","   681250000"," ","49","  29,3",
"05/07/2025  7:21:32,670","   687250000"," ","50","  28,6",
"05/07/2025  7:21:32,670","   693250000"," ","51","  28,7",
"05/07/2025  7:22:18,539","    55250000"," ","2","  42,7",
"05/07/2025  7:22:18,539","    61250000","RED TELESISTEMA (R.T.S)","3","  64,1",
"05/07/2025  7:22:18,539","    67250000"," ","4","  40,1",
"05/07/2025  7:22:18,539","    77250000"," ","5","  39,6",
"05/07/2025  7:22:18,539","    83250000","TELERAMA","6","  40,8",
"05/07/2025  7:22:18,539","   175250000","ECUADOR TV","7","  36,4",
"05/07/2025  7:22:18,539","   181250000"," CORPORACIÓN ECUATORIANA ","8","  77,9",
"05/07/2025  7:22:18,539","   187250000","TELEVISION DEL PACIFICO","9","  41,8",
"05/07/2025  7:22:18,539","   193250000"," ","10","  48,9",
"05/07/2025  7:22:18,539","   199250000","TELEAMAZONAS","11","  78,3",
"05/07/2025  7:22:18,539","   205250000"," ","12","  37,9",
"05/07/2025  7:22:18,539","   211250000","CADENA ECUATORIANA DE TEL","13","  73,1",
"05/07/2025  7:22:18,539","   471250000"," ","14","  28,9",
"05/07/2025  7:22:18,539","   477250000"," ","15","  28,0",
"05/07/2025  7:22:18,539","   483250000"," ","16","  27,1",
"05/07/2025  7:22:18,539","   513250000"," ","21","  27,9",
"05/07/2025  7:22:18,539","   519250000"," ","22","  27,0",
"05/07/2025  7:22:18,539","   525250000"," ","23","  30,8",
"05/07/2025  7:22:18,539","   531250000"," ","24","  30,7",
"05/07/2025  7:22:18,539","   537250000"," ","25","  32,0",
"05/07/2025  7:22:18,539","   543250000"," ","26","  36,5",
"05/07/2025  7:22:18,539","   549250000","OK TV-TEVECORP","27","  31,5",
"05/07/2025  7:22:18,539","   555250000"," ","28","  34,9",
"05/07/2025  7:22:18,539","   561250000"," ","29","  31,5",
"05/07/2025  7:22:18,539","   567250000"," ","30","  29,1",
"05/07/2025  7:22:18,539","   573250000","CANAL UNO no","31","  30,4",
"05/07/2025  7:22:18,539","   579250000"," ","32","  29,1",
"05/07/2025  7:22:18,539","   585250000","TELEATAHUALPA (RTU)","33","  32,8",
"05/07/2025  7:22:18,539","   591350000"," ","34","  30,1",
"05/07/2025  7:22:18,539","   597250000","TELEVICENTRO TVC","35","  79,6",
"05/07/2025  7:22:18,539","   603250000"," ","36","  30,2",
"05/07/2025  7:22:18,539","   615250000"," ","38","  35,6",
"05/07/2025  7:22:18,539","   621250000","UCSG TELEVISION","39","  30,0",
"05/07/2025  7:22:18,539","   627250000"," ","40","  29,2",
"05/07/2025  7:22:18,539","   633250000","OROMAR","41","  29,8",
"05/07/2025  7:22:18,539","   639250000"," ","42","  29,4",
"05/07/2025  7:22:18,539","   645250000"," ","43","  31,4",
"05/07/2025  7:22:18,539","   651250000"," ","44","  29,7",
"05/07/2025  7:22:18,539","   657250000"," ","45","  28,6",
"05/07/2025  7:22:18,539","   663250000"," ","46","  30,9",
"05/07/2025  7:22:18,539","   669250000"," ","47","  28,3",
"05/07/2025  7:22:18,539","   675250000"," ","48","  28,7",
"05/07/2025  7:22:18,539","   681250000"," ","49","  27,2",
"05/07/2025  7:22:18,539","   687250000"," ","50","  34,3",
"05/07/2025  7:22:18,539","   693250000"," ","51","  28,3",
"05/07/2025  17:40:02,793","    55250000"," ","2","  42,7",
"05/07/2025  17:40:02,793","    61250000","RED TELESISTEMA (R.T.S)","3","  64,5",
"05/07/2025  17:40:02,793","    67250000"," ","4","  40,4",
"05/07/2025  17:40:02,793","    77250000"," ","5","  46,4",
"05/07/2025  17:40:02,793","    83250000","TELERAMA","6","  39,0",
"05/07/2025  17:40:02,793","   175250000","ECUADOR TV","7","  38,9",
"05/07/2025  17:40:02,793","   181250000"," CORPORACIÓN ECUATORIANA ","8","  77,4",
"05/07/2025  17:40:02,793","   187250000","TELEVISION DEL PACIFICO","9","  41,4",
"05/07/2025  17:40:02,793","   193250000"," ","10","  45,5",
"05/07/2025  17:40:02,793","   199250000","TELEAMAZONAS","11","  78,2",
"05/07/2025  17:40:02,793","   205250000"," ","12","  40,5",
"05/07/2025  17:40:02,793","   211250000","CADENA ECUATORIANA DE TEL","13","  72,0",
"05/07/2025  17:40:02,793","   471250000"," ","14","  28,1",
"05/07/2025  17:40:02,793","   477250000"," ","15","  38,8",
"05/07/2025  17:40:02,793","   483250000"," ","16","  27,7",
"05/07/2025  17:40:02,793","   513250000"," ","21","  29,6",
"05/07/2025  17:40:02,793","   519250000"," ","22","  27,1",
"05/07/2025  17:40:02,793","   525250000"," ","23","  30,7",
"05/07/2025  17:40:02,793","   531250000"," ","24","  34,6",
"05/07/2025  17:40:02,793","   537250000"," ","25","  31,8",
"05/07/2025  17:40:02,793","   543250000"," ","26","  32,3",
"05/07/2025  17:40:02,793","   549250000","OK TV-TEVECORP","27","  31,1",
"05/07/2025  17:40:02,793","   555250000"," ","28","  38,0",
"05/07/2025  17:40:02,793","   561250000"," ","29","  31,3",
"05/07/2025  17:40:02,793","   567250000"," ","30","  29,6",
"05/07/2025  17:40:02,793","   573250000","CANAL UNO no","31","  42,4",
"05/07/2025  17:40:02,793","   579250000"," ","32","  29,7",
"05/07/2025  17:40:02,793","   585250000","TELEATAHUALPA (RTU)","33","  31,3",
"05/07/2025  17:40:02,793","   591350000"," ","34","  29,5",
"05/07/2025  17:40:02,793","   597250000","TELEVICENTRO TVC","35","  80,2",
"05/07/2025  17:40:02,793","   603250000"," ","36","  31,6",
"05/07/2025  17:40:02,793","   615250000"," ","38","  39,2",
"05/07/2025  17:40:02,793","   621250000","UCSG TELEVISION","39","  29,9",
"05/07/2025  17:40:02,793","   627250000"," ","40","  29,6",
"05/07/2025  17:40:02,793","   633250000","OROMAR","41","  29,5",
"05/07/2025  17:40:02,793","   639250000"," ","42","  30,7",
"05/07/2025  17:40:02,793","   645250000"," ","43","  31,8",
"05/07/2025  17:40:02,793","   651250000"," ","44","  29,2",
"05/07/2025  17:40:02,793","   657250000"," ","45","  28,1",
"05/07/2025  17:40:02,793","   663250000"," ","46","  27,8",
"05/07/2025  17:40:02,793","   669250000"," ","47","  29,3",
"05/07/2025  17:40:02,793","   675250000"," ","48","  28,5",
"05/07/2025  17:40:02,793","   681250000"," ","49","  29,0",
"05/07/2025  17:40:02,793","   687250000"," ","50","  28,5",
"05/07/2025  17:40:02,793","   693250000"," ","51","  35,8",
"05/07/2025  17:40:48,665","    55250000"," ","2","  44,6",
"05/07/2025  17:40:48,665","    61250000","RED TELESISTEMA (R.T.S)","3","  64,1",
"05/07/2025  17:40:48,665","    67250000"," ","4","  39,9",
"05/07/2025  17:40:48,665","    77250000"," ","5","  49,0",
"05/07/2025  17:40:48,665","    83250000","TELERAMA","6","  39,6",
"05/07/2025  17:40:48,665","   175250000","ECUADOR TV","7","  35,5",
"05/07/2025  17:40:48,665","   181250000"," CORPORACIÓN ECUATORIANA ","8","  76,9",
"05/07/2025  17:40:48,665","   187250000","TELEVISION DEL PACIFICO","9","  41,2",
"05/07/2025  17:40:48,665","   193250000"," ","10","  47,2",
"05/07/2025  17:40:48,665","   199250000","TELEAMAZONAS","11","  77,9",
"05/07/2025  17:40:48,665","   205250000"," ","12","  33,3",
"05/07/2025  17:40:48,665","   211250000","CADENA ECUATORIANA DE TEL","13","  71,7",
"05/07/2025  17:40:48,665","   471250000"," ","14","  42,8",
"05/07/2025  17:40:48,665","   477250000"," ","15","  28,6",
"05/07/2025  17:40:48,665","   483250000"," ","16","  28,2",
"05/07/2025  17:40:48,665","   513250000"," ","21","  27,9",
"05/07/2025  17:40:48,665","   519250000"," ","22","  27,4",
"05/07/2025  17:40:48,665","   525250000"," ","23","  29,9",
"05/07/2025  17:40:48,665","   531250000"," ","24","  29,1",
"05/07/2025  17:40:48,665","   537250000"," ","25","  31,6",
"05/07/2025  17:40:48,665","   543250000"," ","26","  33,2",
"05/07/2025  17:40:48,665","   549250000","OK TV-TEVECORP","27","  31,6",
"05/07/2025  17:40:48,665","   555250000"," ","28","  36,2",
"05/07/2025  17:40:48,665","   561250000"," ","29","  30,6",
"05/07/2025  17:40:48,665","   567250000"," ","30","  38,3",
"05/07/2025  17:40:48,665","   573250000","CANAL UNO no","31","  33,3",
"05/07/2025  17:40:48,665","   579250000"," ","32","  29,4",
"05/07/2025  17:40:48,665","   585250000","TELEATAHUALPA (RTU)","33","  33,4",
"05/07/2025  17:40:48,665","   591350000"," ","34","  30,0",
"05/07/2025  17:40:48,665","   597250000","TELEVICENTRO TVC","35","  79,8",
"05/07/2025  17:40:48,665","   603250000"," ","36","  29,8",
"05/07/2025  17:40:48,665","   615250000"," ","38","  33,2",
"05/07/2025  17:40:48,665","   621250000","UCSG TELEVISION","39","  30,5",
"05/07/2025  17:40:48,665","   627250000"," ","40","  28,9",
"05/07/2025  17:40:48,665","   633250000","OROMAR","41","  28,7",
"05/07/2025  17:40:48,665","   639250000"," ","42","  29,5",
"05/07/2025  17:40:48,665","   645250000"," ","43","  30,7",
"05/07/2025  17:40:48,665","   651250000"," ","44","  31,0",
"05/07/2025  17:40:48,665","   657250000"," ","45","  28,5",
"05/07/2025  17:40:48,665","   663250000"," ","46","  27,6",
"05/07/2025  17:40:48,665","   669250000"," ","47","  29,3",
"05/07/2025  17:40:48,665","   675250000"," ","48","  28,9",
"05/07/2025  17:40:48,665","   681250000"," ","49","  28,1",
"05/07/2025  17:40:48,665","   687250000"," ","50","  28,3",
"05/07/2025  17:40:48,665","   693250000"," ","51","  28,0",
"05/07/2025  17:41:32,580","    55250000"," ","2","  44,3",
"05/07/2025  17:41:32,580","    61250000","RED TELESISTEMA (R.T.S)","3","  64,2",
"05/07/2025  17:41:32,580","    67250000"," ","4","  42,7",
"05/07/2025  17:41:32,580","    77250000"," ","5","  44,7",
"05/07/2025  17:41:32,580","    83250000","TELERAMA","6","  43,8",
"05/07/2025  17:41:32,580","   175250000","ECUADOR TV","7","  37,9",
"05/07/2025  17:41:32,580","   181250000"," CORPORACIÓN ECUATORIANA ","8","  77,1",
"05/07/2025  17:41:32,580","   187250000","TELEVISION DEL PACIFICO","9","  41,3",
"05/07/2025  17:41:32,580","   193250000"," ","10","  46,4",
"05/07/2025  17:41:32,580","   199250000","TELEAMAZONAS","11","  78,0",
"05/07/2025  17:41:32,580","   205250000"," ","12","  35,2",
"05/07/2025  17:41:32,580","   211250000","CADENA ECUATORIANA DE TEL","13","  71,8",
"05/07/2025  17:41:32,580","   471250000"," ","14","  29,8",
"05/07/2025  17:41:32,580","   477250000"," ","15","  28,4",
"05/07/2025  17:41:32,580","   483250000"," ","16","  28,7",
"05/07/2025  17:41:32,580","   513250000"," ","21","  28,5",
"05/07/2025  17:41:32,580","   519250000"," ","22","  27,5",
"05/07/2025  17:41:32,580","   525250000"," ","23","  30,3",
"05/07/2025  17:41:32,580","   531250000"," ","24","  28,3",
"05/07/2025  17:41:32,580","   537250000"," ","25","  31,7",
"05/07/2025  17:41:32,580","   543250000"," ","26","  31,2",
"05/07/2025  17:41:32,580","   549250000","OK TV-TEVECORP","27","  30,6",
"05/07/2025  17:41:32,580","   555250000"," ","28","  34,7",
"05/07/2025  17:41:32,580","   561250000"," ","29","  30,7",
"05/07/2025  17:41:32,580","   567250000"," ","30","  29,1",
"05/07/2025  17:41:32,580","   573250000","CANAL UNO no","31","  31,3",
"05/07/2025  17:41:32,580","   579250000"," ","32","  29,9",
"05/07/2025  17:41:32,580","   585250000","TELEATAHUALPA (RTU)","33","  32,1",
"05/07/2025  17:41:32,580","   591350000"," ","34","  30,8",
"05/07/2025  17:41:32,580","   597250000","TELEVICENTRO TVC","35","  79,5",
"05/07/2025  17:41:32,580","   603250000"," ","36","  30,6",
"05/07/2025  17:41:32,580","   615250000"," ","38","  34,7",
"05/07/2025  17:41:32,580","   621250000","UCSG TELEVISION","39","  29,6",
"05/07/2025  17:41:32,580","   627250000"," ","40","  30,5",
"05/07/2025  17:41:32,580","   633250000","OROMAR","41","  28,8",
"05/07/2025  17:41:32,580","   639250000"," ","42","  31,3",
"05/07/2025  17:41:32,580","   645250000"," ","43","  30,7",
"05/07/2025  17:41:32,580","   651250000"," ","44","  27,8",
"05/07/2025  17:41:32,580","   657250000"," ","45","  28,1",
"05/07/2025  17:41:32,580","   663250000"," ","46","  28,0",
"05/07/2025  17:41:32,580","   669250000"," ","47","  27,5",
"05/07/2025  17:41:32,580","   675250000"," ","48","  29,0",
"05/07/2025  17:41:32,580","   681250000"," ","49","  28,7",
"05/07/2025  17:41:32,580","   687250000"," ","50","  30,3",
"05/07/2025  17:41:32,580","   693250000"," ","51","  28,6",
"05/07/2025  17:42:18,456","    55250000"," ","2","  43,9",
"05/07/2025  17:42:18,456","    61250000","RED TELESISTEMA (R.T.S)","3","  64,2",
"05/07/2025  17:42:18,456","    67250000"," ","4","  39,1",
"05/07/2025  17:42:18,456","    77250000"," ","5","  45,0",
"05/07/2025  17:42:18,456","    83250000","TELERAMA","6","  40,3",
"05/07/2025  17:42:18,456","   175250000","ECUADOR TV","7","  37,0",
"05/07/2025  17:42:18,456","   181250000"," CORPORACIÓN ECUATORIANA ","8","  77,1",
"05/07/2025  17:42:18,456","   187250000","TELEVISION DEL PACIFICO","9","  40,4",
"05/07/2025  17:42:18,456","   193250000"," ","10","  45,5",
"05/07/2025  17:42:18,456","   199250000","TELEAMAZONAS","11","  77,8",
"05/07/2025  17:42:18,456","   205250000"," ","12","  32,9",
"05/07/2025  17:42:18,456","   211250000","CADENA ECUATORIANA DE TEL","13","  71,8",
"05/07/2025  17:42:18,456","   471250000"," ","14","  27,5",
"05/07/2025  17:42:18,456","   477250000"," ","15","  28,6",
"05/07/2025  17:42:18,456","   483250000"," ","16","  27,7",
"05/07/2025  17:42:18,456","   513250000"," ","21","  29,2",
"05/07/2025  17:42:18,456","   519250000"," ","22","  28,4",
"05/07/2025  17:42:18,456","   525250000"," ","23","  29,3",
"05/07/2025  17:42:18,456","   531250000"," ","24","  28,6",
"05/07/2025  17:42:18,456","   537250000"," ","25","  34,2",
"05/07/2025  17:42:18,456","   543250000"," ","26","  29,5",
"05/07/2025  17:42:18,456","   549250000","OK TV-TEVECORP","27","  32,5",
"05/07/2025  17:42:18,456","   555250000"," ","28","  37,5",
"05/07/2025  17:42:18,456","   561250000"," ","29","  31,5",
"05/07/2025  17:42:18,456","   567250000"," ","30","  29,1",
"05/07/2025  17:42:18,456","   573250000","CANAL UNO no","31","  28,6",
"05/07/2025  17:42:18,456","   579250000"," ","32","  29,4",
"05/07/2025  17:42:18,456","   585250000","TELEATAHUALPA (RTU)","33","  31,3",
"05/07/2025  17:42:18,456","   591350000"," ","34","  30,1",
"05/07/2025  17:42:18,456","   597250000","TELEVICENTRO TVC","35","  79,8",
"05/07/2025  17:42:18,456","   603250000"," ","36","  31,0",
"05/07/2025  17:42:18,456","   615250000"," ","38","  37,8",
"05/07/2025  17:42:18,456","   621250000","UCSG TELEVISION","39","  29,7",
"05/07/2025  17:42:18,456","   627250000"," ","40","  29,1",
"05/07/2025  17:42:18,456","   633250000","OROMAR","41","  34,3",
"05/07/2025  17:42:18,456","   639250000"," ","42","  30,6",
"05/07/2025  17:42:18,456","   645250000"," ","43","  30,6",
"05/07/2025  17:42:18,456","   651250000"," ","44","  28,5",
"05/07/2025  17:42:18,456","   657250000"," ","45","  28,2",
"05/07/2025  17:42:18,456","   663250000"," ","46","  28,7",
"05/07/2025  17:42:18,456","   669250000"," ","47","  28,0",
"05/07/2025  17:42:18,456","   675250000"," ","48","  29,5",
"05/07/2025  17:42:18,456","   681250000"," ","49","  30,0",
"05/07/2025  17:42:18,456","   687250000"," ","50","  28,6",
"05/07/2025  17:42:18,456","   693250000"," ","51","  29,2",
"06/07/2025  7:20:02,716","    55250000"," ","2","  42,7",
"06/07/2025  7:20:02,716","    61250000","RED TELESISTEMA (R.T.S)","3","  64,5",
"06/07/2025  7:20:02,716","    67250000"," ","4","  40,7",
"06/07/2025  7:20:02,716","    77250000"," ","5","  40,1",
"06/07/2025  7:20:02,716","    83250000","TELERAMA","6","  33,2",
"06/07/2025  7:20:02,716","   175250000","ECUADOR TV","7","  40,8",
"06/07/2025  7:20:02,716","   181250000"," CORPORACIÓN ECUATORIANA ","8","  78,3",
"06/07/2025  7:20:02,716","   187250000","TELEVISION DEL PACIFICO","9","  39,4",
"06/07/2025  7:20:02,716","   193250000"," ","10","  48,5",
"06/07/2025  7:20:02,716","   199250000","TELEAMAZONAS","11","  78,4",
"06/07/2025  7:20:02,716","   205250000"," ","12","  38,5",
"06/07/2025  7:20:02,716","   211250000","CADENA ECUATORIANA DE TEL","13","  72,9",
"06/07/2025  7:20:02,716","   471250000"," ","14","  28,5",
"06/07/2025  7:20:02,716","   477250000"," ","15","  29,0",
"06/07/2025  7:20:02,716","   483250000"," ","16","  27,0",
"06/07/2025  7:20:02,716","   513250000"," ","21","  28,3",
"06/07/2025  7:20:02,716","   519250000"," ","22","  27,6",
"06/07/2025  7:20:02,716","   525250000"," ","23","  32,8",
"06/07/2025  7:20:02,716","   531250000"," ","24","  28,5",
"06/07/2025  7:20:02,716","   537250000"," ","25","  33,3",
"06/07/2025  7:20:02,716","   543250000"," ","26","  35,3",
"06/07/2025  7:20:02,716","   549250000","OK TV-TEVECORP","27","  31,1",
"06/07/2025  7:20:02,716","   555250000"," ","28","  33,6",
"06/07/2025  7:20:02,716","   561250000"," ","29","  31,7",
"06/07/2025  7:20:02,716","   567250000"," ","30","  31,4",
"06/07/2025  7:20:02,716","   573250000","CANAL UNO no","31","  29,7",
"06/07/2025  7:20:02,716","   579250000"," ","32","  30,5",
"06/07/2025  7:20:02,716","   585250000","TELEATAHUALPA (RTU)","33","  31,8",
"06/07/2025  7:20:02,716","   591350000"," ","34","  30,3",
"06/07/2025  7:20:02,716","   597250000","TELEVICENTRO TVC","35","  79,9",
"06/07/2025  7:20:02,716","   603250000"," ","36","  31,3",
"06/07/2025  7:20:02,716","   615250000"," ","38","  34,2",
"06/07/2025  7:20:02,716","   621250000","UCSG TELEVISION","39","  28,8",
"06/07/2025  7:20:02,716","   627250000"," ","40","  29,5",
"06/07/2025  7:20:02,716","   633250000","OROMAR","41","  28,4",
"06/07/2025  7:20:02,716","   639250000"," ","42","  27,2",
"06/07/2025  7:20:02,716","   645250000"," ","43","  30,6",
"06/07/2025  7:20:02,716","   651250000"," ","44","  28,9",
"06/07/2025  7:20:02,716","   657250000"," ","45","  28,0",
"06/07/2025  7:20:02,716","   663250000"," ","46","  28,0",
"06/07/2025  7:20:02,716","   669250000"," ","47","  27,7",
"06/07/2025  7:20:02,716","   675250000"," ","48","  28,2",
"06/07/2025  7:20:02,716","   681250000"," ","49","  28,3",
"06/07/2025  7:20:02,716","   687250000"," ","50","  28,3",
"06/07/2025  7:20:02,716","   693250000"," ","51","  28,3",
"06/07/2025  7:20:48,586","    55250000"," ","2","  40,6",
"06/07/2025  7:20:48,586","    61250000","RED TELESISTEMA (R.T.S)","3","  64,7",
"06/07/2025  7:20:48,586","    67250000"," ","4","  40,9",
"06/07/2025  7:20:48,586","    77250000"," ","5","  40,4",
"06/07/2025  7:20:48,586","    83250000","TELERAMA","6","  39,6",
"06/07/2025  7:20:48,586","   175250000","ECUADOR TV","7","  46,0",
"06/07/2025  7:20:48,586","   181250000"," CORPORACIÓN ECUATORIANA ","8","  78,3",
"06/07/2025  7:20:48,586","   187250000","TELEVISION DEL PACIFICO","9","  40,9",
"06/07/2025  7:20:48,586","   193250000"," ","10","  52,0",
"06/07/2025  7:20:48,586","   199250000","TELEAMAZONAS","11","  78,4",
"06/07/2025  7:20:48,586","   205250000"," ","12","  34,6",
"06/07/2025  7:20:48,586","   211250000","CADENA ECUATORIANA DE TEL","13","  72,9",
"06/07/2025  7:20:48,586","   471250000"," ","14","  28,8",
"06/07/2025  7:20:48,586","   477250000"," ","15","  29,4",
"06/07/2025  7:20:48,586","   483250000"," ","16","  30,4",
"06/07/2025  7:20:48,586","   513250000"," ","21","  27,3",
"06/07/2025  7:20:48,586","   519250000"," ","22","  26,8",
"06/07/2025  7:20:48,586","   525250000"," ","23","  32,9",
"06/07/2025  7:20:48,586","   531250000"," ","24","  31,5",
"06/07/2025  7:20:48,586","   537250000"," ","25","  32,6",
"06/07/2025  7:20:48,586","   543250000"," ","26","  36,7",
"06/07/2025  7:20:48,586","   549250000","OK TV-TEVECORP","27","  31,1",
"06/07/2025  7:20:48,586","   555250000"," ","28","  33,7",
"06/07/2025  7:20:48,586","   561250000"," ","29","  32,0",
"06/07/2025  7:20:48,586","   567250000"," ","30","  30,4",
"06/07/2025  7:20:48,586","   573250000","CANAL UNO no","31","  29,1",
"06/07/2025  7:20:48,586","   579250000"," ","32","  29,4",
"06/07/2025  7:20:48,586","   585250000","TELEATAHUALPA (RTU)","33","  32,2",
"06/07/2025  7:20:48,586","   591350000"," ","34","  29,6",
"06/07/2025  7:20:48,586","   597250000","TELEVICENTRO TVC","35","  79,8",
"06/07/2025  7:20:48,586","   603250000"," ","36","  29,8",
"06/07/2025  7:20:48,586","   615250000"," ","38","  35,8",
"06/07/2025  7:20:48,586","   621250000","UCSG TELEVISION","39","  30,0",
"06/07/2025  7:20:48,586","   627250000"," ","40","  29,1",
"06/07/2025  7:20:48,586","   633250000","OROMAR","41","  30,4",
"06/07/2025  7:20:48,586","   639250000"," ","42","  29,8",
"06/07/2025  7:20:48,586","   645250000"," ","43","  30,5",
"06/07/2025  7:20:48,586","   651250000"," ","44","  28,4",
"06/07/2025  7:20:48,586","   657250000"," ","45","  29,4",
"06/07/2025  7:20:48,586","   663250000"," ","46","  28,0",
"06/07/2025  7:20:48,586","   669250000"," ","47","  29,3",
"06/07/2025  7:20:48,586","   675250000"," ","48","  27,9",
"06/07/2025  7:20:48,586","   681250000"," ","49","  28,3",
"06/07/2025  7:20:48,586","   687250000"," ","50","  27,7",
"06/07/2025  7:20:48,586","   693250000"," ","51","  28,3",
"06/07/2025  7:21:32,497","    55250000"," ","2","  42,6",
"06/07/2025  7:21:32,497","    61250000","RED TELESISTEMA (R.T.S)","3","  64,5",
"06/07/2025  7:21:32,497","    67250000"," ","4","  39,6",
"06/07/2025  7:21:32,497","    77250000"," ","5","  46,4",
"06/07/2025  7:21:32,497","    83250000","TELERAMA","6","  37,4",
"06/07/2025  7:21:32,497","   175250000","ECUADOR TV","7","  40,2",
"06/07/2025  7:21:32,497","   181250000"," CORPORACIÓN ECUATORIANA ","8","  77,9",
"06/07/2025  7:21:32,497","   187250000","TELEVISION DEL PACIFICO","9","  41,3",
"06/07/2025  7:21:32,497","   193250000"," ","10","  48,5",
"06/07/2025  7:21:32,497","   199250000","TELEAMAZONAS","11","  78,3",
"06/07/2025  7:21:32,497","   205250000"," ","12","  31,3",
"06/07/2025  7:21:32,497","   211250000","CADENA ECUATORIANA DE TEL","13","  72,8",
"06/07/2025  7:21:32,497","   471250000"," ","14","  28,9",
"06/07/2025  7:21:32,497","   477250000"," ","15","  28,2",
"06/07/2025  7:21:32,497","   483250000"," ","16","  26,9",
"06/07/2025  7:21:32,497","   513250000"," ","21","  27,5",
"06/07/2025  7:21:32,497","   519250000"," ","22","  26,4",
"06/07/2025  7:21:32,497","   525250000"," ","23","  30,0",
"06/07/2025  7:21:32,497","   531250000"," ","24","  29,8",
"06/07/2025  7:21:32,497","   537250000"," ","25","  33,6",
"06/07/2025  7:21:32,497","   543250000"," ","26","  37,5",
"06/07/2025  7:21:32,497","   549250000","OK TV-TEVECORP","27","  31,5",
"06/07/2025  7:21:32,497","   555250000"," ","28","  34,1",
"06/07/2025  7:21:32,497","   561250000"," ","29","  30,8",
"06/07/2025  7:21:32,497","   567250000"," ","30","  29,9",
"06/07/2025  7:21:32,497","   573250000","CANAL UNO no","31","  29,2",
"06/07/2025  7:21:32,497","   579250000"," ","32","  31,4",
"06/07/2025  7:21:32,497","   585250000","TELEATAHUALPA (RTU)","33","  31,6",
"06/07/2025  7:21:32,497","   591350000"," ","34","  30,6",
"06/07/2025  7:21:32,497","   597250000","TELEVICENTRO TVC","35","  80,0",
"06/07/2025  7:21:32,497","   603250000"," ","36","  30,1",
"06/07/2025  7:21:32,497","   615250000"," ","38","  34,9",
"06/07/2025  7:21:32,497","   621250000","UCSG TELEVISION","39","  28,7",
"06/07/2025  7:21:32,497","   627250000"," ","40","  28,4",
"06/07/2025  7:21:32,497","   633250000","OROMAR","41","  30,0",
"06/07/2025  7:21:32,497","   639250000"," ","42","  29,2",
"06/07/2025  7:21:32,497","   645250000"," ","43","  30,3",
"06/07/2025  7:21:32,497","   651250000"," ","44","  28,8",
"06/07/2025  7:21:32,497","   657250000"," ","45","  27,1",
"06/07/2025  7:21:32,497","   663250000"," ","46","  28,1",
"06/07/2025  7:21:32,497","   669250000"," ","47","  27,4",
"06/07/2025  7:21:32,497","   675250000"," ","48","  28,3",
"06/07/2025  7:21:32,497","   681250000"," ","49","  28,2",
"06/07/2025  7:21:32,497","   687250000"," ","50","  31,0",
"06/07/2025  7:21:32,497","   693250000"," ","51","  28,9",
"06/07/2025  7:22:18,354","    55250000"," ","2","  40,9",
"06/07/2025  7:22:18,354","    61250000","RED TELESISTEMA (R.T.S)","3","  64,5",
"06/07/2025  7:22:18,354","    67250000"," ","4","  39,9",
"06/07/2025  7:22:18,354","    77250000"," ","5","  44,3",
"06/07/2025  7:22:18,354","    83250000","TELERAMA","6","  32,4",
"06/07/2025  7:22:18,354","   175250000","ECUADOR TV","7","  36,4",
"06/07/2025  7:22:18,354","   181250000"," CORPORACIÓN ECUATORIANA ","8","  78,2",
"06/07/2025  7:22:18,354","   187250000","TELEVISION DEL PACIFICO","9","  40,8",
"06/07/2025  7:22:18,354","   193250000"," ","10","  48,1",
"06/07/2025  7:22:18,354","   199250000","TELEAMAZONAS","11","  78,2",
"06/07/2025  7:22:18,354","   205250000"," ","12","  34,4",
"06/07/2025  7:22:18,354","   211250000","CADENA ECUATORIANA DE TEL","13","  72,7",
"06/07/2025  7:22:18,354","   471250000"," ","14","  27,8",
"06/07/2025  7:22:18,354","   477250000"," ","15","  38,6",
"06/07/2025  7:22:18,354","   483250000"," ","16","  28,4",
"06/07/2025  7:22:18,354","   513250000"," ","21","  27,5",
"06/07/2025  7:22:18,354","   519250000"," ","22","  28,7",
"06/07/2025  7:22:18,354","   525250000"," ","23","  31,6",
"06/07/2025  7:22:18,354","   531250000"," ","24","  30,3",
"06/07/2025  7:22:18,354","   537250000"," ","25","  32,6",
"06/07/2025  7:22:18,354","   543250000"," ","26","  36,3",
"06/07/2025  7:22:18,354","   549250000","OK TV-TEVECORP","27","  31,7",
"06/07/2025  7:22:18,354","   555250000"," ","28","  33,6",
"06/07/2025  7:22:18,354","   561250000"," ","29","  31,6",
"06/07/2025  7:22:18,354","   567250000"," ","30","  28,5",
"06/07/2025  7:22:18,354","   573250000","CANAL UNO no","31","  30,8",
"06/07/2025  7:22:18,354","   579250000"," ","32","  28,6",
"06/07/2025  7:22:18,354","   585250000","TELEATAHUALPA (RTU)","33","  31,8",
"06/07/2025  7:22:18,354","   591350000"," ","34","  30,4",
"06/07/2025  7:22:18,354","   597250000","TELEVICENTRO TVC","35","  79,8",
"06/07/2025  7:22:18,354","   603250000"," ","36","  30,2",
"06/07/2025  7:22:18,354","   615250000"," ","38","  34,4",
"06/07/2025  7:22:18,354","   621250000","UCSG TELEVISION","39","  30,3",
"06/07/2025  7:22:18,354","   627250000"," ","40","  28,7",
"06/07/2025  7:22:18,354","   633250000","OROMAR","41","  28,4",
"06/07/2025  7:22:18,354","   639250000"," ","42","  28,5",
"06/07/2025  7:22:18,354","   645250000"," ","43","  30,8",
"06/07/2025  7:22:18,354","   651250000"," ","44","  28,9",
"06/07/2025  7:22:18,354","   657250000"," ","45","  30,4",
"06/07/2025  7:22:18,354","   663250000"," ","46","  28,6",
"06/07/2025  7:22:18,354","   669250000"," ","47","  29,6",
"06/07/2025  7:22:18,354","   675250000"," ","48","  28,5",
"06/07/2025  7:22:18,354","   681250000"," ","49","  27,6",
"06/07/2025  7:22:18,354","   687250000"," ","50","  28,3",
"06/07/2025  7:22:18,354","   693250000"," ","51","  28,1",
"06/07/2025  17:40:02,771","    55250000"," ","2","  44,1",
"06/07/2025  17:40:02,771","    61250000","RED TELESISTEMA (R.T.S)","3","  64,5",
"06/07/2025  17:40:02,771","    67250000"," ","4","  42,6",
"06/07/2025  17:40:02,771","    77250000"," ","5","  46,5",
"06/07/2025  17:40:02,771","    83250000","TELERAMA","6","  35,0",
"06/07/2025  17:40:02,771","   175250000","ECUADOR TV","7","  36,7",
"06/07/2025  17:40:02,771","   181250000"," CORPORACIÓN ECUATORIANA ","8","  77,7",
"06/07/2025  17:40:02,771","   187250000","TELEVISION DEL PACIFICO","9","  40,6",
"06/07/2025  17:40:02,771","   193250000"," ","10","  46,8",
"06/07/2025  17:40:02,771","   199250000","TELEAMAZONAS","11","  78,7",
"06/07/2025  17:40:02,771","   205250000"," ","12","  33,5",
"06/07/2025  17:40:02,771","   211250000","CADENA ECUATORIANA DE TEL","13","  72,6",
"06/07/2025  17:40:02,771","   471250000"," ","14","  27,9",
"06/07/2025  17:40:02,771","   477250000"," ","15","  28,7",
"06/07/2025  17:40:02,771","   483250000"," ","16","  34,3",
"06/07/2025  17:40:02,771","   513250000"," ","21","  29,4",
"06/07/2025  17:40:02,771","   519250000"," ","22","  28,0",
"06/07/2025  17:40:02,771","   525250000"," ","23","  30,7",
"06/07/2025  17:40:02,771","   531250000"," ","24","  32,0",
"06/07/2025  17:40:02,771","   537250000"," ","25","  33,4",
"06/07/2025  17:40:02,771","   543250000"," ","26","  35,4",
"06/07/2025  17:40:02,771","   549250000","OK TV-TEVECORP","27","  33,1",
"06/07/2025  17:40:02,771","   555250000"," ","28","  33,6",
"06/07/2025  17:40:02,771","   561250000"," ","29","  30,4",
"06/07/2025  17:40:02,771","   567250000"," ","30","  30,8",
"06/07/2025  17:40:02,771","   573250000","CANAL UNO no","31","  29,7",
"06/07/2025  17:40:02,771","   579250000"," ","32","  29,8",
"06/07/2025  17:40:02,771","   585250000","TELEATAHUALPA (RTU)","33","  33,1",
"06/07/2025  17:40:02,771","   591350000"," ","34","  31,5",
"06/07/2025  17:40:02,771","   597250000","TELEVICENTRO TVC","35","  80,0",
"06/07/2025  17:40:02,771","   603250000"," ","36","  29,7",
"06/07/2025  17:40:02,771","   615250000"," ","38","  39,1",
"06/07/2025  17:40:02,771","   621250000","UCSG TELEVISION","39","  31,3",
"06/07/2025  17:40:02,771","   627250000"," ","40","  29,0",
"06/07/2025  17:40:02,771","   633250000","OROMAR","41","  29,4",
"06/07/2025  17:40:02,771","   639250000"," ","42","  32,3",
"06/07/2025  17:40:02,771","   645250000"," ","43","  31,5",
"06/07/2025  17:40:02,771","   651250000"," ","44","  28,0",
"06/07/2025  17:40:02,771","   657250000"," ","45","  30,0",
"06/07/2025  17:40:02,771","   663250000"," ","46","  27,7",
"06/07/2025  17:40:02,771","   669250000"," ","47","  28,3",
"06/07/2025  17:40:02,771","   675250000"," ","48","  28,3",
"06/07/2025  17:40:02,771","   681250000"," ","49","  28,3",
"06/07/2025  17:40:02,771","   687250000"," ","50","  28,2",
"06/07/2025  17:40:02,771","   693250000"," ","51","  27,1",
"06/07/2025  17:40:48,640","    55250000"," ","2","  38,2",
"06/07/2025  17:40:48,640","    61250000","RED TELESISTEMA (R.T.S)","3","  64,5",
"06/07/2025  17:40:48,640","    67250000"," ","4","  41,8",
"06/07/2025  17:40:48,640","    77250000"," ","5","  48,3",
"06/07/2025  17:40:48,640","    83250000","TELERAMA","6","  37,3",
"06/07/2025  17:40:48,640","   175250000","ECUADOR TV","7","  35,2",
"06/07/2025  17:40:48,640","   181250000"," CORPORACIÓN ECUATORIANA ","8","  77,8",
"06/07/2025  17:40:48,640","   187250000","TELEVISION DEL PACIFICO","9","  40,4",
"06/07/2025  17:40:48,640","   193250000"," ","10","  46,7",
"06/07/2025  17:40:48,640","   199250000","TELEAMAZONAS","11","  78,7",
"06/07/2025  17:40:48,640","   205250000"," ","12","  34,3",
"06/07/2025  17:40:48,640","   211250000","CADENA ECUATORIANA DE TEL","13","  72,2",
"06/07/2025  17:40:48,640","   471250000"," ","14","  27,7",
"06/07/2025  17:40:48,640","   477250000"," ","15","  27,9",
"06/07/2025  17:40:48,640","   483250000"," ","16","  27,9",
"06/07/2025  17:40:48,640","   513250000"," ","21","  28,7",
"06/07/2025  17:40:48,640","   519250000"," ","22","  29,4",
"06/07/2025  17:40:48,640","   525250000"," ","23","  29,3",
"06/07/2025  17:40:48,640","   531250000"," ","24","  31,1",
"06/07/2025  17:40:48,640","   537250000"," ","25","  31,2",
"06/07/2025  17:40:48,640","   543250000"," ","26","  35,2",
"06/07/2025  17:40:48,640","   549250000","OK TV-TEVECORP","27","  30,7",
"06/07/2025  17:40:48,640","   555250000"," ","28","  33,6",
"06/07/2025  17:40:48,640","   561250000"," ","29","  30,5",
"06/07/2025  17:40:48,640","   567250000"," ","30","  29,3",
"06/07/2025  17:40:48,640","   573250000","CANAL UNO no","31","  29,4",
"06/07/2025  17:40:48,640","   579250000"," ","32","  30,1",
"06/07/2025  17:40:48,640","   585250000","TELEATAHUALPA (RTU)","33","  34,1",
"06/07/2025  17:40:48,640","   591350000"," ","34","  29,9",
"06/07/2025  17:40:48,640","   597250000","TELEVICENTRO TVC","35","  79,9",
"06/07/2025  17:40:48,640","   603250000"," ","36","  30,8",
"06/07/2025  17:40:48,640","   615250000"," ","38","  40,2",
"06/07/2025  17:40:48,640","   621250000","UCSG TELEVISION","39","  29,4",
"06/07/2025  17:40:48,640","   627250000"," ","40","  29,6",
"06/07/2025  17:40:48,640","   633250000","OROMAR","41","  29,5",
"06/07/2025  17:40:48,640","   639250000"," ","42","  28,7",
"06/07/2025  17:40:48,640","   645250000"," ","43","  31,9",
"06/07/2025  17:40:48,640","   651250000"," ","44","  31,3",
"06/07/2025  17:40:48,640","   657250000"," ","45","  29,0",
"06/07/2025  17:40:48,640","   663250000"," ","46","  27,2",
"06/07/2025  17:40:48,640","   669250000"," ","47","  30,6",
"06/07/2025  17:40:48,640","   675250000"," ","48","  28,2",
"06/07/2025  17:40:48,640","   681250000"," ","49","  28,4",
"06/07/2025  17:40:48,640","   687250000"," ","50","  29,3",
"06/07/2025  17:40:48,640","   693250000"," ","51","  27,6",
"06/07/2025  17:41:32,568","    55250000"," ","2","  39,5",
"06/07/2025  17:41:32,568","    61250000","RED TELESISTEMA (R.T.S)","3","  64,5",
"06/07/2025  17:41:32,568","    67250000"," ","4","  40,5",
"06/07/2025  17:41:32,568","    77250000"," ","5","  43,9",
"06/07/2025  17:41:32,568","    83250000","TELERAMA","6","  33,7",
"06/07/2025  17:41:32,568","   175250000","ECUADOR TV","7","  43,5",
"06/07/2025  17:41:32,568","   181250000"," CORPORACIÓN ECUATORIANA ","8","  77,8",
"06/07/2025  17:41:32,568","   187250000","TELEVISION DEL PACIFICO","9","  40,1",
"06/07/2025  17:41:32,568","   193250000"," ","10","  46,3",
"06/07/2025  17:41:32,568","   199250000","TELEAMAZONAS","11","  78,7",
"06/07/2025  17:41:32,568","   205250000"," ","12","  41,7",
"06/07/2025  17:41:32,568","   211250000","CADENA ECUATORIANA DE TEL","13","  72,5",
"06/07/2025  17:41:32,568","   471250000"," ","14","  29,1",
"06/07/2025  17:41:32,568","   477250000"," ","15","  38,7",
"06/07/2025  17:41:32,568","   483250000"," ","16","  29,0",
"06/07/2025  17:41:32,568","   513250000"," ","21","  27,6",
"06/07/2025  17:41:32,568","   519250000"," ","22","  28,5",
"06/07/2025  17:41:32,568","   525250000"," ","23","  28,7",
"06/07/2025  17:41:32,568","   531250000"," ","24","  31,2",
"06/07/2025  17:41:32,568","   537250000"," ","25","  31,8",
"06/07/2025  17:41:32,568","   543250000"," ","26","  36,6",
"06/07/2025  17:41:32,568","   549250000","OK TV-TEVECORP","27","  32,5",
"06/07/2025  17:41:32,568","   555250000"," ","28","  32,8",
"06/07/2025  17:41:32,568","   561250000"," ","29","  32,4",
"06/07/2025  17:41:32,568","   567250000"," ","30","  30,0",
"06/07/2025  17:41:32,568","   573250000","CANAL UNO no","31","  29,7",
"06/07/2025  17:41:32,568","   579250000"," ","32","  29,7",
"06/07/2025  17:41:32,568","   585250000","TELEATAHUALPA (RTU)","33","  31,6",
"06/07/2025  17:41:32,568","   591350000"," ","34","  30,6",
"06/07/2025  17:41:32,568","   597250000","TELEVICENTRO TVC","35","  80,0",
"06/07/2025  17:41:32,568","   603250000"," ","36","  30,5",
"06/07/2025  17:41:32,568","   615250000"," ","38","  39,0",
"06/07/2025  17:41:32,568","   621250000","UCSG TELEVISION","39","  29,5",
"06/07/2025  17:41:32,568","   627250000"," ","40","  32,2",
"06/07/2025  17:41:32,568","   633250000","OROMAR","41","  28,4",
"06/07/2025  17:41:32,568","   639250000"," ","42","  30,2",
"06/07/2025  17:41:32,568","   645250000"," ","43","  31,3",
"06/07/2025  17:41:32,568","   651250000"," ","44","  29,0",
"06/07/2025  17:41:32,568","   657250000"," ","45","  30,2",
"06/07/2025  17:41:32,568","   663250000"," ","46","  30,0",
"06/07/2025  17:41:32,568","   669250000"," ","47","  27,9",
"06/07/2025  17:41:32,568","   675250000"," ","48","  39,5",
"06/07/2025  17:41:32,568","   681250000"," ","49","  28,1",
"06/07/2025  17:41:32,568","   687250000"," ","50","  29,2",
"06/07/2025  17:41:32,568","   693250000"," ","51","  29,0",
"06/07/2025  17:42:18,426","    55250000"," ","2","  39,7",
"06/07/2025  17:42:18,426","    61250000","RED TELESISTEMA (R.T.S)","3","  64,5",
"06/07/2025  17:42:18,426","    67250000"," ","4","  40,5",
"06/07/2025  17:42:18,426","    77250000"," ","5","  40,0",
"06/07/2025  17:42:18,426","    83250000","TELERAMA","6","  38,0",
"06/07/2025  17:42:18,426","   175250000","ECUADOR TV","7","  38,7",
"06/07/2025  17:42:18,426","   181250000"," CORPORACIÓN ECUATORIANA ","8","  77,6",
"06/07/2025  17:42:18,426","   187250000","TELEVISION DEL PACIFICO","9","  41,4",
"06/07/2025  17:42:18,426","   193250000"," ","10","  48,9",
"06/07/2025  17:42:18,426","   199250000","TELEAMAZONAS","11","  78,6",
"06/07/2025  17:42:18,426","   205250000"," ","12","  32,6",
"06/07/2025  17:42:18,426","   211250000","CADENA ECUATORIANA DE TEL","13","  72,3",
"06/07/2025  17:42:18,426","   471250000"," ","14","  41,7",
"06/07/2025  17:42:18,426","   477250000"," ","15","  37,8",
"06/07/2025  17:42:18,426","   483250000"," ","16","  29,7",
"06/07/2025  17:42:18,426","   513250000"," ","21","  28,6",
"06/07/2025  17:42:18,426","   519250000"," ","22","  27,5",
"06/07/2025  17:42:18,426","   525250000"," ","23","  30,4",
"06/07/2025  17:42:18,426","   531250000"," ","24","  31,2",
"06/07/2025  17:42:18,426","   537250000"," ","25","  31,4",
"06/07/2025  17:42:18,426","   543250000"," ","26","  35,8",
"06/07/2025  17:42:18,426","   549250000","OK TV-TEVECORP","27","  32,8",
"06/07/2025  17:42:18,426","   555250000"," ","28","  32,3",
"06/07/2025  17:42:18,426","   561250000"," ","29","  31,2",
"06/07/2025  17:42:18,426","   567250000"," ","30","  29,7",
"06/07/2025  17:42:18,426","   573250000","CANAL UNO no","31","  31,7",
"06/07/2025  17:42:18,426","   579250000"," ","32","  28,4",
"06/07/2025  17:42:18,426","   585250000","TELEATAHUALPA (RTU)","33","  33,6",
"06/07/2025  17:42:18,426","   591350000"," ","34","  31,7",
"06/07/2025  17:42:18,426","   597250000","TELEVICENTRO TVC","35","  80,2",
"06/07/2025  17:42:18,426","   603250000"," ","36","  29,3",
"06/07/2025  17:42:18,426","   615250000"," ","38","  38,5",
"06/07/2025  17:42:18,426","   621250000","UCSG TELEVISION","39","  31,8",
"06/07/2025  17:42:18,426","   627250000"," ","40","  28,7",
"06/07/2025  17:42:18,426","   633250000","OROMAR","41","  30,5",
"06/07/2025  17:42:18,426","   639250000"," ","42","  31,0",
"06/07/2025  17:42:18,426","   645250000"," ","43","  31,4",
"06/07/2025  17:42:18,426","   651250000"," ","44","  28,2",
"06/07/2025  17:42:18,426","   657250000"," ","45","  27,1",
"06/07/2025  17:42:18,426","   663250000"," ","46","  28,3",
"06/07/2025  17:42:18,426","   669250000"," ","47","  27,3",
"06/07/2025  17:42:18,426","   675250000"," ","48","  28,6",
"06/07/2025  17:42:18,426","   681250000"," ","49","  27,4",
"06/07/2025  17:42:18,426","   687250000"," ","50","  29,0",
"06/07/2025  17:42:18,426","   693250000"," ","51","  29,2",
"07/07/2025  7:20:02,741","    55250000"," ","2","  42,1",
"07/07/2025  7:20:02,741","    61250000","RED TELESISTEMA (R.T.S)","3","  64,1",
"07/07/2025  7:20:02,741","    67250000"," ","4","  40,2",
"07/07/2025  7:20:02,741","    77250000"," ","5","  45,9",
"07/07/2025  7:20:02,741","    83250000","TELERAMA","6","  38,0",
"07/07/2025  7:20:02,741","   175250000","ECUADOR TV","7","  44,1",
"07/07/2025  7:20:02,741","   181250000"," CORPORACIÓN ECUATORIANA ","8","  77,5",
"07/07/2025  7:20:02,741","   187250000","TELEVISION DEL PACIFICO","9","  39,8",
"07/07/2025  7:20:02,741","   193250000"," ","10","  44,8",
"07/07/2025  7:20:02,741","   199250000","TELEAMAZONAS","11","  78,3",
"07/07/2025  7:20:02,741","   205250000"," ","12","  32,4",
"07/07/2025  7:20:02,741","   211250000","CADENA ECUATORIANA DE TEL","13","  72,4",
"07/07/2025  7:20:02,741","   471250000"," ","14","  30,0",
"07/07/2025  7:20:02,741","   477250000"," ","15","  38,6",
"07/07/2025  7:20:02,741","   483250000"," ","16","  32,3",
"07/07/2025  7:20:02,741","   513250000"," ","21","  29,4",
"07/07/2025  7:20:02,741","   519250000"," ","22","  27,1",
"07/07/2025  7:20:02,741","   525250000"," ","23","  29,4",
"07/07/2025  7:20:02,741","   531250000"," ","24","  32,1",
"07/07/2025  7:20:02,741","   537250000"," ","25","  31,2",
"07/07/2025  7:20:02,741","   543250000"," ","26","  37,8",
"07/07/2025  7:20:02,741","   549250000","OK TV-TEVECORP","27","  30,9",
"07/07/2025  7:20:02,741","   555250000"," ","28","  36,0",
"07/07/2025  7:20:02,741","   561250000"," ","29","  33,0",
"07/07/2025  7:20:02,741","   567250000"," ","30","  29,4",
"07/07/2025  7:20:02,741","   573250000","CANAL UNO no","31","  31,1",
"07/07/2025  7:20:02,741","   579250000"," ","32","  29,4",
"07/07/2025  7:20:02,741","   585250000","TELEATAHUALPA (RTU)","33","  32,0",
"07/07/2025  7:20:02,741","   591350000"," ","34","  30,6",
"07/07/2025  7:20:02,741","   597250000","TELEVICENTRO TVC","35","  80,3",
"07/07/2025  7:20:02,741","   603250000"," ","36","  30,4",
"07/07/2025  7:20:02,741","   615250000"," ","38","  36,9",
"07/07/2025  7:20:02,741","   621250000","UCSG TELEVISION","39","  30,9",
"07/07/2025  7:20:02,741","   627250000"," ","40","  28,4",
"07/07/2025  7:20:02,741","   633250000","OROMAR","41","  28,0",
"07/07/2025  7:20:02,741","   639250000"," ","42","  32,4",
"07/07/2025  7:20:02,741","   645250000"," ","43","  30,3",
"07/07/2025  7:20:02,741","   651250000"," ","44","  28,7",
"07/07/2025  7:20:02,741","   657250000"," ","45","  27,4",
"07/07/2025  7:20:02,741","   663250000"," ","46","  27,2",
"07/07/2025  7:20:02,741","   669250000"," ","47","  28,8",
"07/07/2025  7:20:02,741","   675250000"," ","48","  29,3",
"07/07/2025  7:20:02,741","   681250000"," ","49","  28,0",
"07/07/2025  7:20:02,741","   687250000"," ","50","  28,8",
"07/07/2025  7:20:02,741","   693250000"," ","51","  29,1",
"07/07/2025  7:20:47,453","    55250000"," ","2","  41,6",
"07/07/2025  7:20:47,453","    61250000","RED TELESISTEMA (R.T.S)","3","  64,0",
"07/07/2025  7:20:47,453","    67250000"," ","4","  39,3",
"07/07/2025  7:20:47,453","    77250000"," ","5","  40,5",
"07/07/2025  7:20:47,453","    83250000","TELERAMA","6","  35,6",
"07/07/2025  7:20:47,453","   175250000","ECUADOR TV","7","  42,9",
"07/07/2025  7:20:47,453","   181250000"," CORPORACIÓN ECUATORIANA ","8","  77,7",
"07/07/2025  7:20:47,453","   187250000","TELEVISION DEL PACIFICO","9","  41,0",
"07/07/2025  7:20:47,453","   193250000"," ","10","  45,2",
"07/07/2025  7:20:47,453","   199250000","TELEAMAZONAS","11","  78,4",
"07/07/2025  7:20:47,453","   205250000"," ","12","  40,5",
"07/07/2025  7:20:47,453","   211250000","CADENA ECUATORIANA DE TEL","13","  72,6",
"07/07/2025  7:20:47,453","   471250000"," ","14","  27,8",
"07/07/2025  7:20:47,453","   477250000"," ","15","  38,6",
"07/07/2025  7:20:47,453","   483250000"," ","16","  27,2",
"07/07/2025  7:20:47,453","   513250000"," ","21","  30,4",
"07/07/2025  7:20:47,453","   519250000"," ","22","  27,4",
"07/07/2025  7:20:47,453","   525250000"," ","23","  29,7",
"07/07/2025  7:20:47,453","   531250000"," ","24","  31,9",
"07/07/2025  7:20:47,453","   537250000"," ","25","  34,0",
"07/07/2025  7:20:47,453","   543250000"," ","26","  38,1",
"07/07/2025  7:20:47,453","   549250000","OK TV-TEVECORP","27","  30,9",
"07/07/2025  7:20:47,453","   555250000"," ","28","  35,6",
"07/07/2025  7:20:47,453","   561250000"," ","29","  31,5",
"07/07/2025  7:20:47,453","   567250000"," ","30","  33,9",
"07/07/2025  7:20:47,453","   573250000","CANAL UNO no","31","  30,3",
"07/07/2025  7:20:47,453","   579250000"," ","32","  31,6",
"07/07/2025  7:20:47,453","   585250000","TELEATAHUALPA (RTU)","33","  31,0",
"07/07/2025  7:20:47,453","   591350000"," ","34","  30,1",
"07/07/2025  7:20:47,453","   597250000","TELEVICENTRO TVC","35","  80,3",
"07/07/2025  7:20:47,453","   603250000"," ","36","  30,6",
"07/07/2025  7:20:47,453","   615250000"," ","38","  36,0",
"07/07/2025  7:20:47,453","   621250000","UCSG TELEVISION","39","  28,8",
"07/07/2025  7:20:47,453","   627250000"," ","40","  29,0",
"07/07/2025  7:20:47,453","   633250000","OROMAR","41","  28,5",
"07/07/2025  7:20:47,453","   639250000"," ","42","  31,3",
"07/07/2025  7:20:47,453","   645250000"," ","43","  30,5",
"07/07/2025  7:20:47,453","   651250000"," ","44","  32,7",
"07/07/2025  7:20:47,453","   657250000"," ","45","  35,1",
"07/07/2025  7:20:47,453","   663250000"," ","46","  29,3",
"07/07/2025  7:20:47,453","   669250000"," ","47","  27,9",
"07/07/2025  7:20:47,453","   675250000"," ","48","  28,5",
"07/07/2025  7:20:47,453","   681250000"," ","49","  28,2",
"07/07/2025  7:20:47,453","   687250000"," ","50","  28,9",
"07/07/2025  7:20:47,453","   693250000"," ","51","  27,8",
"07/07/2025  7:21:33,729","    55250000"," ","2","  43,2",
"07/07/2025  7:21:33,729","    61250000","RED TELESISTEMA (R.T.S)","3","  63,9",
"07/07/2025  7:21:33,729","    67250000"," ","4","  42,1",
"07/07/2025  7:21:33,729","    77250000"," ","5","  39,9",
"07/07/2025  7:21:33,729","    83250000","TELERAMA","6","  36,1",
"07/07/2025  7:21:33,729","   175250000","ECUADOR TV","7","  43,7",
"07/07/2025  7:21:33,729","   181250000"," CORPORACIÓN ECUATORIANA ","8","  77,6",
"07/07/2025  7:21:33,729","   187250000","TELEVISION DEL PACIFICO","9","  41,1",
"07/07/2025  7:21:33,729","   193250000"," ","10","  44,2",
"07/07/2025  7:21:33,729","   199250000","TELEAMAZONAS","11","  78,2",
"07/07/2025  7:21:33,729","   205250000"," ","12","  43,7",
"07/07/2025  7:21:33,729","   211250000","CADENA ECUATORIANA DE TEL","13","  72,4",
"07/07/2025  7:21:33,729","   471250000"," ","14","  28,5",
"07/07/2025  7:21:33,729","   477250000"," ","15","  31,0",
"07/07/2025  7:21:33,729","   483250000"," ","16","  27,5",
"07/07/2025  7:21:33,729","   513250000"," ","21","  28,9",
"07/07/2025  7:21:33,729","   519250000"," ","22","  27,5",
"07/07/2025  7:21:33,729","   525250000"," ","23","  30,4",
"07/07/2025  7:21:33,729","   531250000"," ","24","  31,4",
"07/07/2025  7:21:33,729","   537250000"," ","25","  31,8",
"07/07/2025  7:21:33,729","   543250000"," ","26","  38,3",
"07/07/2025  7:21:33,729","   549250000","OK TV-TEVECORP","27","  31,6",
"07/07/2025  7:21:33,729","   555250000"," ","28","  37,3",
"07/07/2025  7:21:33,729","   561250000"," ","29","  31,1",
"07/07/2025  7:21:33,729","   567250000"," ","30","  28,8",
"07/07/2025  7:21:33,729","   573250000","CANAL UNO no","31","  31,7",
"07/07/2025  7:21:33,729","   579250000"," ","32","  31,6",
"07/07/2025  7:21:33,729","   585250000","TELEATAHUALPA (RTU)","33","  32,7",
"07/07/2025  7:21:33,729","   591350000"," ","34","  31,9",
"07/07/2025  7:21:33,729","   597250000","TELEVICENTRO TVC","35","  80,2",
"07/07/2025  7:21:33,729","   603250000"," ","36","  29,5",
"07/07/2025  7:21:33,729","   615250000"," ","38","  37,0",
"07/07/2025  7:21:33,729","   621250000","UCSG TELEVISION","39","  28,8",
"07/07/2025  7:21:33,729","   627250000"," ","40","  29,6",
"07/07/2025  7:21:33,729","   633250000","OROMAR","41","  28,2",
"07/07/2025  7:21:33,729","   639250000"," ","42","  31,2",
"07/07/2025  7:21:33,729","   645250000"," ","43","  32,3",
"07/07/2025  7:21:33,729","   651250000"," ","44","  29,3",
"07/07/2025  7:21:33,729","   657250000"," ","45","  28,3",
"07/07/2025  7:21:33,729","   663250000"," ","46","  28,8",
"07/07/2025  7:21:33,729","   669250000"," ","47","  30,2",
"07/07/2025  7:21:33,729","   675250000"," ","48","  28,2",
"07/07/2025  7:21:33,729","   681250000"," ","49","  29,2",
"07/07/2025  7:21:33,729","   687250000"," ","50","  35,9",
"07/07/2025  7:21:33,729","   693250000"," ","51","  28,1",
"07/07/2025  17:40:02,664","    55250000"," ","2","  40,3",
"07/07/2025  17:40:02,664","    61250000","RED TELESISTEMA (R.T.S)","3","  64,1",
"07/07/2025  17:40:02,664","    67250000"," ","4","  39,5",
"07/07/2025  17:40:02,664","    77250000"," ","5","  46,0",
"07/07/2025  17:40:02,664","    83250000","TELERAMA","6","  38,8",
"07/07/2025  17:40:02,664","   175250000","ECUADOR TV","7","  42,3",
"07/07/2025  17:40:02,664","   181250000"," CORPORACIÓN ECUATORIANA ","8","  77,2",
"07/07/2025  17:40:02,664","   187250000","TELEVISION DEL PACIFICO","9","  40,4",
"07/07/2025  17:40:02,664","   193250000"," ","10","  45,7",
"07/07/2025  17:40:02,664","   199250000","TELEAMAZONAS","11","  77,8",
"07/07/2025  17:40:02,664","   205250000"," ","12","  40,3",
"07/07/2025  17:40:02,664","   211250000","CADENA ECUATORIANA DE TEL","13","  72,0",
"07/07/2025  17:40:02,664","   471250000"," ","14","  29,8",
"07/07/2025  17:40:02,664","   477250000"," ","15","  28,9",
"07/07/2025  17:40:02,664","   483250000"," ","16","  29,6",
"07/07/2025  17:40:02,664","   513250000"," ","21","  28,6",
"07/07/2025  17:40:02,664","   519250000"," ","22","  30,0",
"07/07/2025  17:40:02,664","   525250000"," ","23","  36,4",
"07/07/2025  17:40:02,664","   531250000"," ","24","  30,2",
"07/07/2025  17:40:02,664","   537250000"," ","25","  33,0",
"07/07/2025  17:40:02,664","   543250000"," ","26","  33,0",
"07/07/2025  17:40:02,664","   549250000","OK TV-TEVECORP","27","  30,5",
"07/07/2025  17:40:02,664","   555250000"," ","28","  40,1",
"07/07/2025  17:40:02,664","   561250000"," ","29","  29,9",
"07/07/2025  17:40:02,664","   567250000"," ","30","  29,8",
"07/07/2025  17:40:02,664","   573250000","CANAL UNO no","31","  29,4",
"07/07/2025  17:40:02,664","   579250000"," ","32","  32,7",
"07/07/2025  17:40:02,664","   585250000","TELEATAHUALPA (RTU)","33","  31,3",
"07/07/2025  17:40:02,664","   591350000"," ","34","  29,5",
"07/07/2025  17:40:02,664","   597250000","TELEVICENTRO TVC","35","  79,7",
"07/07/2025  17:40:02,664","   603250000"," ","36","  30,3",
"07/07/2025  17:40:02,664","   615250000"," ","38","  35,2",
"07/07/2025  17:40:02,664","   621250000","UCSG TELEVISION","39","  29,7",
"07/07/2025  17:40:02,664","   627250000"," ","40","  28,4",
"07/07/2025  17:40:02,664","   633250000","OROMAR","41","  29,3",
"07/07/2025  17:40:02,664","   639250000"," ","42","  29,3",
"07/07/2025  17:40:02,664","   645250000"," ","43","  31,2",
"07/07/2025  17:40:02,664","   651250000"," ","44","  27,9",
"07/07/2025  17:40:02,664","   657250000"," ","45","  28,0",
"07/07/2025  17:40:02,664","   663250000"," ","46","  29,2",
"07/07/2025  17:40:02,664","   669250000"," ","47","  28,6",
"07/07/2025  17:40:02,664","   675250000"," ","48","  29,0",
"07/07/2025  17:40:02,664","   681250000"," ","49","  29,5",
"07/07/2025  17:40:02,664","   687250000"," ","50","  27,9",
"07/07/2025  17:40:02,664","   693250000"," ","51","  28,5",
"07/07/2025  17:40:48,546","    55250000"," ","2","  42,2",
"07/07/2025  17:40:48,546","    61250000","RED TELESISTEMA (R.T.S)","3","  64,0",
"07/07/2025  17:40:48,546","    67250000"," ","4","  39,2",
"07/07/2025  17:40:48,546","    77250000"," ","5","  47,7",
"07/07/2025  17:40:48,546","    83250000","TELERAMA","6","  41,9",
"07/07/2025  17:40:48,546","   175250000","ECUADOR TV","7","  43,8",
"07/07/2025  17:40:48,546","   181250000"," CORPORACIÓN ECUATORIANA ","8","  77,6",
"07/07/2025  17:40:48,546","   187250000","TELEVISION DEL PACIFICO","9","  41,1",
"07/07/2025  17:40:48,546","   193250000"," ","10","  44,9",
"07/07/2025  17:40:48,546","   199250000","TELEAMAZONAS","11","  77,7",
"07/07/2025  17:40:48,546","   205250000"," ","12","  38,7",
"07/07/2025  17:40:48,546","   211250000","CADENA ECUATORIANA DE TEL","13","  71,8",
"07/07/2025  17:40:48,546","   471250000"," ","14","  28,3",
"07/07/2025  17:40:48,546","   477250000"," ","15","  28,8",
"07/07/2025  17:40:48,546","   483250000"," ","16","  30,6",
"07/07/2025  17:40:48,546","   513250000"," ","21","  28,1",
"07/07/2025  17:40:48,546","   519250000"," ","22","  30,1",
"07/07/2025  17:40:48,546","   525250000"," ","23","  30,0",
"07/07/2025  17:40:48,546","   531250000"," ","24","  29,6",
"07/07/2025  17:40:48,546","   537250000"," ","25","  31,9",
"07/07/2025  17:40:48,546","   543250000"," ","26","  34,5",
"07/07/2025  17:40:48,546","   549250000","OK TV-TEVECORP","27","  30,8",
"07/07/2025  17:40:48,546","   555250000"," ","28","  36,7",
"07/07/2025  17:40:48,546","   561250000"," ","29","  31,8",
"07/07/2025  17:40:48,546","   567250000"," ","30","  29,6",
"07/07/2025  17:40:48,546","   573250000","CANAL UNO no","31","  29,2",
"07/07/2025  17:40:48,546","   579250000"," ","32","  30,9",
"07/07/2025  17:40:48,546","   585250000","TELEATAHUALPA (RTU)","33","  32,7",
"07/07/2025  17:40:48,546","   591350000"," ","34","  31,8",
"07/07/2025  17:40:48,546","   597250000","TELEVICENTRO TVC","35","  80,1",
"07/07/2025  17:40:48,546","   603250000"," ","36","  31,6",
"07/07/2025  17:40:48,546","   615250000"," ","38","  35,1",
"07/07/2025  17:40:48,546","   621250000","UCSG TELEVISION","39","  30,7",
"07/07/2025  17:40:48,546","   627250000"," ","40","  28,6",
"07/07/2025  17:40:48,546","   633250000","OROMAR","41","  30,3",
"07/07/2025  17:40:48,546","   639250000"," ","42","  29,9",
"07/07/2025  17:40:48,546","   645250000"," ","43","  31,8",
"07/07/2025  17:40:48,546","   651250000"," ","44","  29,4",
"07/07/2025  17:40:48,546","   657250000"," ","45","  27,8",
"07/07/2025  17:40:48,546","   663250000"," ","46","  28,0",
"07/07/2025  17:40:48,546","   669250000"," ","47","  30,3",
"07/07/2025  17:40:48,546","   675250000"," ","48","  28,7",
"07/07/2025  17:40:48,546","   681250000"," ","49","  27,5",
"07/07/2025  17:40:48,546","   687250000"," ","50","  30,7",
"07/07/2025  17:40:48,546","   693250000"," ","51","  27,8",
"07/07/2025  17:41:32,468","    55250000"," ","2","  43,5",
"07/07/2025  17:41:32,468","    61250000","RED TELESISTEMA (R.T.S)","3","  64,2",
"07/07/2025  17:41:32,468","    67250000"," ","4","  39,4",
"07/07/2025  17:41:32,468","    77250000"," ","5","  45,4",
"07/07/2025  17:41:32,468","    83250000","TELERAMA","6","  37,5",
"07/07/2025  17:41:32,468","   175250000","ECUADOR TV","7","  38,4",
"07/07/2025  17:41:32,468","   181250000"," CORPORACIÓN ECUATORIANA ","8","  77,4",
"07/07/2025  17:41:32,468","   187250000","TELEVISION DEL PACIFICO","9","  40,6",
"07/07/2025  17:41:32,468","   193250000"," ","10","  49,0",
"07/07/2025  17:41:32,468","   199250000","TELEAMAZONAS","11","  78,1",
"07/07/2025  17:41:32,468","   205250000"," ","12","  32,4",
"07/07/2025  17:41:32,468","   211250000","CADENA ECUATORIANA DE TEL","13","  72,0",
"07/07/2025  17:41:32,468","   471250000"," ","14","  27,9",
"07/07/2025  17:41:32,468","   477250000"," ","15","  28,2",
"07/07/2025  17:41:32,468","   483250000"," ","16","  31,0",
"07/07/2025  17:41:32,468","   513250000"," ","21","  32,0",
"07/07/2025  17:41:32,468","   519250000"," ","22","  28,2",
"07/07/2025  17:41:32,468","   525250000"," ","23","  29,8",
"07/07/2025  17:41:32,468","   531250000"," ","24","  29,6",
"07/07/2025  17:41:32,468","   537250000"," ","25","  31,1",
"07/07/2025  17:41:32,468","   543250000"," ","26","  34,6",
"07/07/2025  17:41:32,468","   549250000","OK TV-TEVECORP","27","  32,0",
"07/07/2025  17:41:32,468","   555250000"," ","28","  33,7",
"07/07/2025  17:41:32,468","   561250000"," ","29","  31,2",
"07/07/2025  17:41:32,468","   567250000"," ","30","  29,5",
"07/07/2025  17:41:32,468","   573250000","CANAL UNO no","31","  30,7",
"07/07/2025  17:41:32,468","   579250000"," ","32","  29,4",
"07/07/2025  17:41:32,468","   585250000","TELEATAHUALPA (RTU)","33","  31,5",
"07/07/2025  17:41:32,468","   591350000"," ","34","  31,1",
"07/07/2025  17:41:32,468","   597250000","TELEVICENTRO TVC","35","  80,2",
"07/07/2025  17:41:32,468","   603250000"," ","36","  30,1",
"07/07/2025  17:41:32,468","   615250000"," ","38","  37,4",
"07/07/2025  17:41:32,468","   621250000","UCSG TELEVISION","39","  28,6",
"07/07/2025  17:41:32,468","   627250000"," ","40","  30,4",
"07/07/2025  17:41:32,468","   633250000","OROMAR","41","  29,4",
"07/07/2025  17:41:32,468","   639250000"," ","42","  30,9",
"07/07/2025  17:41:32,468","   645250000"," ","43","  31,4",
"07/07/2025  17:41:32,468","   651250000"," ","44","  29,7",
"07/07/2025  17:41:32,468","   657250000"," ","45","  28,8",
"07/07/2025  17:41:32,468","   663250000"," ","46","  30,1",
"07/07/2025  17:41:32,468","   669250000"," ","47","  26,8",
"07/07/2025  17:41:32,468","   675250000"," ","48","  28,4",
"07/07/2025  17:41:32,468","   681250000"," ","49","  27,8",
"07/07/2025  17:41:32,468","   687250000"," ","50","  29,8",
"07/07/2025  17:41:32,468","   693250000"," ","51","  27,6",
"07/07/2025  17:42:18,326","    55250000"," ","2","  42,0",
"07/07/2025  17:42:18,326","    61250000","RED TELESISTEMA (R.T.S)","3","  63,9",
"07/07/2025  17:42:18,326","    67250000"," ","4","  39,6",
"07/07/2025  17:42:18,326","    77250000"," ","5","  43,0",
"07/07/2025  17:42:18,326","    83250000","TELERAMA","6","  39,0",
"07/07/2025  17:42:18,326","   175250000","ECUADOR TV","7","  39,4",
"07/07/2025  17:42:18,326","   181250000"," CORPORACIÓN ECUATORIANA ","8","  77,3",
"07/07/2025  17:42:18,326","   187250000","TELEVISION DEL PACIFICO","9","  40,8",
"07/07/2025  17:42:18,326","   193250000"," ","10","  44,4",
"07/07/2025  17:42:18,326","   199250000","TELEAMAZONAS","11","  77,9",
"07/07/2025  17:42:18,326","   205250000"," ","12","  32,5",
"07/07/2025  17:42:18,326","   211250000","CADENA ECUATORIANA DE TEL","13","  71,9",
"07/07/2025  17:42:18,326","   471250000"," ","14","  34,8",
"07/07/2025  17:42:18,326","   477250000"," ","15","  29,8",
"07/07/2025  17:42:18,326","   483250000"," ","16","  30,3",
"07/07/2025  17:42:18,326","   513250000"," ","21","  30,2",
"07/07/2025  17:42:18,326","   519250000"," ","22","  28,7",
"07/07/2025  17:42:18,326","   525250000"," ","23","  30,1",
"07/07/2025  17:42:18,326","   531250000"," ","24","  30,3",
"07/07/2025  17:42:18,326","   537250000"," ","25","  31,6",
"07/07/2025  17:42:18,326","   543250000"," ","26","  34,6",
"07/07/2025  17:42:18,326","   549250000","OK TV-TEVECORP","27","  31,2",
"07/07/2025  17:42:18,326","   555250000"," ","28","  33,5",
"07/07/2025  17:42:18,326","   561250000"," ","29","  30,6",
"07/07/2025  17:42:18,326","   567250000"," ","30","  30,0",
"07/07/2025  17:42:18,326","   573250000","CANAL UNO no","31","  32,7",
"07/07/2025  17:42:18,326","   579250000"," ","32","  37,0",
"07/07/2025  17:42:18,326","   585250000","TELEATAHUALPA (RTU)","33","  32,3",
"07/07/2025  17:42:18,326","   591350000"," ","34","  30,8",
"07/07/2025  17:42:18,326","   597250000","TELEVICENTRO TVC","35","  80,7",
"07/07/2025  17:42:18,326","   603250000"," ","36","  30,6",
"07/07/2025  17:42:18,326","   615250000"," ","38","  35,1",
"07/07/2025  17:42:18,326","   621250000","UCSG TELEVISION","39","  30,1",
"07/07/2025  17:42:18,326","   627250000"," ","40","  30,5",
"07/07/2025  17:42:18,326","   633250000","OROMAR","41","  28,7",
"07/07/2025  17:42:18,326","   639250000"," ","42","  30,9",
"07/07/2025  17:42:18,326","   645250000"," ","43","  31,6",
"07/07/2025  17:42:18,326","   651250000"," ","44","  29,6",
"07/07/2025  17:42:18,326","   657250000"," ","45","  31,3",
"07/07/2025  17:42:18,326","   663250000"," ","46","  28,7",
"07/07/2025  17:42:18,326","   669250000"," ","47","  29,0",
"07/07/2025  17:42:18,326","   675250000"," ","48","  28,3",
"07/07/2025  17:42:18,326","   681250000"," ","49","  28,0",
"07/07/2025  17:42:18,326","   687250000"," ","50","  28,5",
"07/07/2025  17:42:18,326","   693250000"," ","51","  30,1",
"08/07/2025  7:20:02,733","    55250000"," ","2","  37,1",
"08/07/2025  7:20:02,733","    61250000","RED TELESISTEMA (R.T.S)","3","  63,8",
"08/07/2025  7:20:02,733","    67250000"," ","4","  40,2",
"08/07/2025  7:20:02,733","    77250000"," ","5","  39,8",
"08/07/2025  7:20:02,733","    83250000","TELERAMA","6","  33,0",
"08/07/2025  7:20:02,733","   175250000","ECUADOR TV","7","  41,2",
"08/07/2025  7:20:02,733","   181250000"," CORPORACIÓN ECUATORIANA ","8","  77,5",
"08/07/2025  7:20:02,733","   187250000","TELEVISION DEL PACIFICO","9","  41,4",
"08/07/2025  7:20:02,733","   193250000"," ","10","  50,7",
"08/07/2025  7:20:02,733","   199250000","TELEAMAZONAS","11","  78,0",
"08/07/2025  7:20:02,733","   205250000"," ","12","  39,5",
"08/07/2025  7:20:02,733","   211250000","CADENA ECUATORIANA DE TEL","13","  71,9",
"08/07/2025  7:20:02,733","   471250000"," ","14","  31,6",
"08/07/2025  7:20:02,733","   477250000"," ","15","  29,1",
"08/07/2025  7:20:02,733","   483250000"," ","16","  33,0",
"08/07/2025  7:20:02,733","   513250000"," ","21","  29,7",
"08/07/2025  7:20:02,733","   519250000"," ","22","  28,7",
"08/07/2025  7:20:02,733","   525250000"," ","23","  29,4",
"08/07/2025  7:20:02,733","   531250000"," ","24","  39,2",
"08/07/2025  7:20:02,733","   537250000"," ","25","  31,5",
"08/07/2025  7:20:02,733","   543250000"," ","26","  35,1",
"08/07/2025  7:20:02,733","   549250000","OK TV-TEVECORP","27","  32,1",
"08/07/2025  7:20:02,733","   555250000"," ","28","  33,4",
"08/07/2025  7:20:02,733","   561250000"," ","29","  30,8",
"08/07/2025  7:20:02,733","   567250000"," ","30","  29,7",
"08/07/2025  7:20:02,733","   573250000","CANAL UNO no","31","  30,2",
"08/07/2025  7:20:02,733","   579250000"," ","32","  30,7",
"08/07/2025  7:20:02,733","   585250000","TELEATAHUALPA (RTU)","33","  32,8",
"08/07/2025  7:20:02,733","   591350000"," ","34","  29,3",
"08/07/2025  7:20:02,733","   597250000","TELEVICENTRO TVC","35","  79,9",
"08/07/2025  7:20:02,733","   603250000"," ","36","  30,9",
"08/07/2025  7:20:02,733","   615250000"," ","38","  34,9",
"08/07/2025  7:20:02,733","   621250000","UCSG TELEVISION","39","  28,5",
"08/07/2025  7:20:02,733","   627250000"," ","40","  28,8",
"08/07/2025  7:20:02,733","   633250000","OROMAR","41","  28,1",
"08/07/2025  7:20:02,733","   639250000"," ","42","  29,9",
"08/07/2025  7:20:02,733","   645250000"," ","43","  32,4",
"08/07/2025  7:20:02,733","   651250000"," ","44","  29,2",
"08/07/2025  7:20:02,733","   657250000"," ","45","  30,3",
"08/07/2025  7:20:02,733","   663250000"," ","46","  28,7",
"08/07/2025  7:20:02,733","   669250000"," ","47","  29,8",
"08/07/2025  7:20:02,733","   675250000"," ","48","  28,8",
"08/07/2025  7:20:02,733","   681250000"," ","49","  29,0",
"08/07/2025  7:20:02,733","   687250000"," ","50","  28,5",
"08/07/2025  7:20:02,733","   693250000"," ","51","  28,0",
"08/07/2025  7:20:48,602","    55250000"," ","2","  37,1",
"08/07/2025  7:20:48,602","    61250000","RED TELESISTEMA (R.T.S)","3","  63,7",
"08/07/2025  7:20:48,602","    67250000"," ","4","  37,6",
"08/07/2025  7:20:48,602","    77250000"," ","5","  40,6",
"08/07/2025  7:20:48,602","    83250000","TELERAMA","6","  34,5",
"08/07/2025  7:20:48,602","   175250000","ECUADOR TV","7","  42,6",
"08/07/2025  7:20:48,602","   181250000"," CORPORACIÓN ECUATORIANA ","8","  77,5",
"08/07/2025  7:20:48,602","   187250000","TELEVISION DEL PACIFICO","9","  41,7",
"08/07/2025  7:20:48,602","   193250000"," ","10","  50,3",
"08/07/2025  7:20:48,602","   199250000","TELEAMAZONAS","11","  78,0",
"08/07/2025  7:20:48,602","   205250000"," ","12","  40,1",
"08/07/2025  7:20:48,602","   211250000","CADENA ECUATORIANA DE TEL","13","  72,1",
"08/07/2025  7:20:48,602","   471250000"," ","14","  29,6",
"08/07/2025  7:20:48,602","   477250000"," ","15","  32,0",
"08/07/2025  7:20:48,602","   483250000"," ","16","  27,1",
"08/07/2025  7:20:48,602","   513250000"," ","21","  27,6",
"08/07/2025  7:20:48,602","   519250000"," ","22","  27,7",
"08/07/2025  7:20:48,602","   525250000"," ","23","  29,1",
"08/07/2025  7:20:48,602","   531250000"," ","24","  31,0",
"08/07/2025  7:20:48,602","   537250000"," ","25","  34,3",
"08/07/2025  7:20:48,602","   543250000"," ","26","  38,3",
"08/07/2025  7:20:48,602","   549250000","OK TV-TEVECORP","27","  30,7",
"08/07/2025  7:20:48,602","   555250000"," ","28","  36,3",
"08/07/2025  7:20:48,602","   561250000"," ","29","  32,0",
"08/07/2025  7:20:48,602","   567250000"," ","30","  30,4",
"08/07/2025  7:20:48,602","   573250000","CANAL UNO no","31","  29,2",
"08/07/2025  7:20:48,602","   579250000"," ","32","  28,9",
"08/07/2025  7:20:48,602","   585250000","TELEATAHUALPA (RTU)","33","  39,2",
"08/07/2025  7:20:48,602","   591350000"," ","34","  36,7",
"08/07/2025  7:20:48,602","   597250000","TELEVICENTRO TVC","35","  80,1",
"08/07/2025  7:20:48,602","   603250000"," ","36","  31,1",
"08/07/2025  7:20:48,602","   615250000"," ","38","  37,4",
"08/07/2025  7:20:48,602","   621250000","UCSG TELEVISION","39","  31,1",
"08/07/2025  7:20:48,602","   627250000"," ","40","  29,5",
"08/07/2025  7:20:48,602","   633250000","OROMAR","41","  28,5",
"08/07/2025  7:20:48,602","   639250000"," ","42","  29,6",
"08/07/2025  7:20:48,602","   645250000"," ","43","  30,1",
"08/07/2025  7:20:48,602","   651250000"," ","44","  28,6",
"08/07/2025  7:20:48,602","   657250000"," ","45","  27,7",
"08/07/2025  7:20:48,602","   663250000"," ","46","  28,9",
"08/07/2025  7:20:48,602","   669250000"," ","47","  28,6",
"08/07/2025  7:20:48,602","   675250000"," ","48","  33,0",
"08/07/2025  7:20:48,602","   681250000"," ","49","  28,6",
"08/07/2025  7:20:48,602","   687250000"," ","50","  27,6",
"08/07/2025  7:20:48,602","   693250000"," ","51","  28,1",
"08/07/2025  7:21:32,524","    55250000"," ","2","  42,3",
"08/07/2025  7:21:32,524","    61250000","RED TELESISTEMA (R.T.S)","3","  64,0",
"08/07/2025  7:21:32,524","    67250000"," ","4","  38,1",
"08/07/2025  7:21:32,524","    77250000"," ","5","  44,5",
"08/07/2025  7:21:32,524","    83250000","TELERAMA","6","  34,1",
"08/07/2025  7:21:32,524","   175250000","ECUADOR TV","7","  37,9",
"08/07/2025  7:21:32,524","   181250000"," CORPORACIÓN ECUATORIANA ","8","  77,4",
"08/07/2025  7:21:32,524","   187250000","TELEVISION DEL PACIFICO","9","  54,5",
"08/07/2025  7:21:32,524","   193250000"," ","10","  47,4",
"08/07/2025  7:21:32,524","   199250000","TELEAMAZONAS","11","  77,9",
"08/07/2025  7:21:32,524","   205250000"," ","12","  44,0",
"08/07/2025  7:21:32,524","   211250000","CADENA ECUATORIANA DE TEL","13","  72,1",
"08/07/2025  7:21:32,524","   471250000"," ","14","  29,1",
"08/07/2025  7:21:32,524","   477250000"," ","15","  29,3",
"08/07/2025  7:21:32,524","   483250000"," ","16","  31,0",
"08/07/2025  7:21:32,524","   513250000"," ","21","  29,6",
"08/07/2025  7:21:32,524","   519250000"," ","22","  35,3",
"08/07/2025  7:21:32,524","   525250000"," ","23","  29,1",
"08/07/2025  7:21:32,524","   531250000"," ","24","  31,8",
"08/07/2025  7:21:32,524","   537250000"," ","25","  30,5",
"08/07/2025  7:21:32,524","   543250000"," ","26","  36,1",
"08/07/2025  7:21:32,524","   549250000","OK TV-TEVECORP","27","  30,7",
"08/07/2025  7:21:32,524","   555250000"," ","28","  42,9",
"08/07/2025  7:21:32,524","   561250000"," ","29","  31,2",
"08/07/2025  7:21:32,524","   567250000"," ","30","  28,8",
"08/07/2025  7:21:32,524","   573250000","CANAL UNO no","31","  30,9",
"08/07/2025  7:21:32,524","   579250000"," ","32","  32,7",
"08/07/2025  7:21:32,524","   585250000","TELEATAHUALPA (RTU)","33","  32,3",
"08/07/2025  7:21:32,524","   591350000"," ","34","  29,6",
"08/07/2025  7:21:32,524","   597250000","TELEVICENTRO TVC","35","  80,0",
"08/07/2025  7:21:32,524","   603250000"," ","36","  30,8",
"08/07/2025  7:21:32,524","   615250000"," ","38","  37,6",
"08/07/2025  7:21:32,524","   621250000","UCSG TELEVISION","39","  28,1",
"08/07/2025  7:21:32,524","   627250000"," ","40","  28,9",
"08/07/2025  7:21:32,524","   633250000","OROMAR","41","  29,9",
"08/07/2025  7:21:32,524","   639250000"," ","42","  30,3",
"08/07/2025  7:21:32,524","   645250000"," ","43","  31,2",
"08/07/2025  7:21:32,524","   651250000"," ","44","  28,8",
"08/07/2025  7:21:32,524","   657250000"," ","45","  29,8",
"08/07/2025  7:21:32,524","   663250000"," ","46","  29,5",
"08/07/2025  7:21:32,524","   669250000"," ","47","  28,7",
"08/07/2025  7:21:32,524","   675250000"," ","48","  28,3",
"08/07/2025  7:21:32,524","   681250000"," ","49","  27,7",
"08/07/2025  7:21:32,524","   687250000"," ","50","  28,9",
"08/07/2025  7:21:32,524","   693250000"," ","51","  28,0",
"08/07/2025  7:22:18,381","    55250000"," ","2","  44,3",
"08/07/2025  7:22:18,381","    61250000","RED TELESISTEMA (R.T.S)","3","  64,0",
"08/07/2025  7:22:18,381","    67250000"," ","4","  38,1",
"08/07/2025  7:22:18,381","    77250000"," ","5","  42,0",
"08/07/2025  7:22:18,381","    83250000","TELERAMA","6","  40,1",
"08/07/2025  7:22:18,381","   175250000","ECUADOR TV","7","  44,5",
"08/07/2025  7:22:18,381","   181250000"," CORPORACIÓN ECUATORIANA ","8","  77,9",
"08/07/2025  7:22:18,381","   187250000","TELEVISION DEL PACIFICO","9","  41,5",
"08/07/2025  7:22:18,381","   193250000"," ","10","  46,6",
"08/07/2025  7:22:18,381","   199250000","TELEAMAZONAS","11","  78,0",
"08/07/2025  7:22:18,381","   205250000"," ","12","  41,2",
"08/07/2025  7:22:18,381","   211250000","CADENA ECUATORIANA DE TEL","13","  72,1",
"08/07/2025  7:22:18,381","   471250000"," ","14","  27,9",
"08/07/2025  7:22:18,381","   477250000"," ","15","  28,1",
"08/07/2025  7:22:18,381","   483250000"," ","16","  28,8",
"08/07/2025  7:22:18,381","   513250000"," ","21","  27,5",
"08/07/2025  7:22:18,381","   519250000"," ","22","  27,2",
"08/07/2025  7:22:18,381","   525250000"," ","23","  30,2",
"08/07/2025  7:22:18,381","   531250000"," ","24","  32,5",
"08/07/2025  7:22:18,381","   537250000"," ","25","  32,3",
"08/07/2025  7:22:18,381","   543250000"," ","26","  38,5",
"08/07/2025  7:22:18,381","   549250000","OK TV-TEVECORP","27","  35,6",
"08/07/2025  7:22:18,381","   555250000"," ","28","  32,3",
"08/07/2025  7:22:18,381","   561250000"," ","29","  32,1",
"08/07/2025  7:22:18,381","   567250000"," ","30","  41,2",
"08/07/2025  7:22:18,381","   573250000","CANAL UNO no","31","  48,4",
"08/07/2025  7:22:18,381","   579250000"," ","32","  30,0",
"08/07/2025  7:22:18,381","   585250000","TELEATAHUALPA (RTU)","33","  46,8",
"08/07/2025  7:22:18,381","   591350000"," ","34","  30,5",
"08/07/2025  7:22:18,381","   597250000","TELEVICENTRO TVC","35","  79,7",
"08/07/2025  7:22:18,381","   603250000"," ","36","  30,8",
"08/07/2025  7:22:18,381","   615250000"," ","38","  37,7",
"08/07/2025  7:22:18,381","   621250000","UCSG TELEVISION","39","  30,3",
"08/07/2025  7:22:18,381","   627250000"," ","40","  29,5",
"08/07/2025  7:22:18,381","   633250000","OROMAR","41","  29,0",
"08/07/2025  7:22:18,381","   639250000"," ","42","  28,6",
"08/07/2025  7:22:18,381","   645250000"," ","43","  37,3",
"08/07/2025  7:22:18,381","   651250000"," ","44","  28,5",
"08/07/2025  7:22:18,381","   657250000"," ","45","  29,6",
"08/07/2025  7:22:18,381","   663250000"," ","46","  27,9",
"08/07/2025  7:22:18,381","   669250000"," ","47","  28,2",
"08/07/2025  7:22:18,381","   675250000"," ","48","  28,0",
"08/07/2025  7:22:18,381","   681250000"," ","49","  27,5",
"08/07/2025  7:22:18,381","   687250000"," ","50","  28,6",
"08/07/2025  7:22:18,381","   693250000"," ","51","  30,0",
"08/07/2025  17:40:02,761","    55250000"," ","2","  40,9",
"08/07/2025  17:40:02,761","    61250000","RED TELESISTEMA (R.T.S)","3","  63,8",
"08/07/2025  17:40:02,761","    67250000"," ","4","  42,9",
"08/07/2025  17:40:02,761","    77250000"," ","5","  45,4",
"08/07/2025  17:40:02,761","    83250000","TELERAMA","6","  36,2",
"08/07/2025  17:40:02,761","   175250000","ECUADOR TV","7","  45,0",
"08/07/2025  17:40:02,761","   181250000"," CORPORACIÓN ECUATORIANA ","8","  77,9",
"08/07/2025  17:40:02,761","   187250000","TELEVISION DEL PACIFICO","9","  41,8",
"08/07/2025  17:40:02,761","   193250000"," ","10","  49,4",
"08/07/2025  17:40:02,761","   199250000","TELEAMAZONAS","11","  78,5",
"08/07/2025  17:40:02,761","   205250000"," ","12","  32,8",
"08/07/2025  17:40:02,761","   211250000","CADENA ECUATORIANA DE TEL","13","  72,5",
"08/07/2025  17:40:02,761","   471250000"," ","14","  28,2",
"08/07/2025  17:40:02,761","   477250000"," ","15","  29,2",
"08/07/2025  17:40:02,761","   483250000"," ","16","  35,0",
"08/07/2025  17:40:02,761","   513250000"," ","21","  30,6",
"08/07/2025  17:40:02,761","   519250000"," ","22","  27,1",
"08/07/2025  17:40:02,761","   525250000"," ","23","  32,0",
"08/07/2025  17:40:02,761","   531250000"," ","24","  44,5",
"08/07/2025  17:40:02,761","   537250000"," ","25","  31,0",
"08/07/2025  17:40:02,761","   543250000"," ","26","  32,7",
"08/07/2025  17:40:02,761","   549250000","OK TV-TEVECORP","27","  32,2",
"08/07/2025  17:40:02,761","   555250000"," ","28","  37,6",
"08/07/2025  17:40:02,761","   561250000"," ","29","  35,9",
"08/07/2025  17:40:02,761","   567250000"," ","30","  30,8",
"08/07/2025  17:40:02,761","   573250000","CANAL UNO no","31","  30,0",
"08/07/2025  17:40:02,761","   579250000"," ","32","  29,5",
"08/07/2025  17:40:02,761","   585250000","TELEATAHUALPA (RTU)","33","  33,1",
"08/07/2025  17:40:02,761","   591350000"," ","34","  36,2",
"08/07/2025  17:40:02,761","   597250000","TELEVICENTRO TVC","35","  79,5",
"08/07/2025  17:40:02,761","   603250000"," ","36","  34,6",
"08/07/2025  17:40:02,761","   615250000"," ","38","  34,7",
"08/07/2025  17:40:02,761","   621250000","UCSG TELEVISION","39","  30,8",
"08/07/2025  17:40:02,761","   627250000"," ","40","  30,8",
"08/07/2025  17:40:02,761","   633250000","OROMAR","41","  30,7",
"08/07/2025  17:40:02,761","   639250000"," ","42","  30,1",
"08/07/2025  17:40:02,761","   645250000"," ","43","  31,8",
"08/07/2025  17:40:02,761","   651250000"," ","44","  28,6",
"08/07/2025  17:40:02,761","   657250000"," ","45","  28,8",
"08/07/2025  17:40:02,761","   663250000"," ","46","  28,2",
"08/07/2025  17:40:02,761","   669250000"," ","47","  28,0",
"08/07/2025  17:40:02,761","   675250000"," ","48","  29,6",
"08/07/2025  17:40:02,761","   681250000"," ","49","  28,9",
"08/07/2025  17:40:02,761","   687250000"," ","50","  28,4",
"08/07/2025  17:40:02,761","   693250000"," ","51","  29,1",
"08/07/2025  17:40:48,630","    55250000"," ","2","  41,6",
"08/07/2025  17:40:48,630","    61250000","RED TELESISTEMA (R.T.S)","3","  63,8",
"08/07/2025  17:40:48,630","    67250000"," ","4","  41,6",
"08/07/2025  17:40:48,630","    77250000"," ","5","  43,3",
"08/07/2025  17:40:48,630","    83250000","TELERAMA","6","  38,6",
"08/07/2025  17:40:48,630","   175250000","ECUADOR TV","7","  40,8",
"08/07/2025  17:40:48,630","   181250000"," CORPORACIÓN ECUATORIANA ","8","  77,8",
"08/07/2025  17:40:48,630","   187250000","TELEVISION DEL PACIFICO","9","  42,2",
"08/07/2025  17:40:48,630","   193250000"," ","10","  48,5",
"08/07/2025  17:40:48,630","   199250000","TELEAMAZONAS","11","  78,4",
"08/07/2025  17:40:48,630","   205250000"," ","12","  33,3",
"08/07/2025  17:40:48,630","   211250000","CADENA ECUATORIANA DE TEL","13","  72,4",
"08/07/2025  17:40:48,630","   471250000"," ","14","  43,6",
"08/07/2025  17:40:48,630","   477250000"," ","15","  29,0",
"08/07/2025  17:40:48,630","   483250000"," ","16","  35,4",
"08/07/2025  17:40:48,630","   513250000"," ","21","  28,8",
"08/07/2025  17:40:48,630","   519250000"," ","22","  26,3",
"08/07/2025  17:40:48,630","   525250000"," ","23","  30,5",
"08/07/2025  17:40:48,630","   531250000"," ","24","  30,9",
"08/07/2025  17:40:48,630","   537250000"," ","25","  31,7",
"08/07/2025  17:40:48,630","   543250000"," ","26","  32,3",
"08/07/2025  17:40:48,630","   549250000","OK TV-TEVECORP","27","  33,4",
"08/07/2025  17:40:48,630","   555250000"," ","28","  37,0",
"08/07/2025  17:40:48,630","   561250000"," ","29","  30,4",
"08/07/2025  17:40:48,630","   567250000"," ","30","  29,3",
"08/07/2025  17:40:48,630","   573250000","CANAL UNO no","31","  42,9",
"08/07/2025  17:40:48,630","   579250000"," ","32","  30,0",
"08/07/2025  17:40:48,630","   585250000","TELEATAHUALPA (RTU)","33","  32,2",
"08/07/2025  17:40:48,630","   591350000"," ","34","  30,6",
"08/07/2025  17:40:48,630","   597250000","TELEVICENTRO TVC","35","  79,0",
"08/07/2025  17:40:48,630","   603250000"," ","36","  30,6",
"08/07/2025  17:40:48,630","   615250000"," ","38","  35,8",
"08/07/2025  17:40:48,630","   621250000","UCSG TELEVISION","39","  29,4",
"08/07/2025  17:40:48,630","   627250000"," ","40","  30,8",
"08/07/2025  17:40:48,630","   633250000","OROMAR","41","  29,6",
"08/07/2025  17:40:48,630","   639250000"," ","42","  31,1",
"08/07/2025  17:40:48,630","   645250000"," ","43","  31,9",
"08/07/2025  17:40:48,630","   651250000"," ","44","  30,2",
"08/07/2025  17:40:48,630","   657250000"," ","45","  28,9",
"08/07/2025  17:40:48,630","   663250000"," ","46","  28,3",
"08/07/2025  17:40:48,630","   669250000"," ","47","  29,4",
"08/07/2025  17:40:48,630","   675250000"," ","48","  28,8",
"08/07/2025  17:40:48,630","   681250000"," ","49","  29,0",
"08/07/2025  17:40:48,630","   687250000"," ","50","  28,8",
"08/07/2025  17:40:48,630","   693250000"," ","51","  28,1",
"08/07/2025  17:41:32,563","    55250000"," ","2","  37,4",
"08/07/2025  17:41:32,563","    61250000","RED TELESISTEMA (R.T.S)","3","  63,6",
"08/07/2025  17:41:32,563","    67250000"," ","4","  39,2",
"08/07/2025  17:41:32,563","    77250000"," ","5","  47,3",
"08/07/2025  17:41:32,563","    83250000","TELERAMA","6","  35,5",
"08/07/2025  17:41:32,563","   175250000","ECUADOR TV","7","  44,0",
"08/07/2025  17:41:32,563","   181250000"," CORPORACIÓN ECUATORIANA ","8","  77,6",
"08/07/2025  17:41:32,563","   187250000","TELEVISION DEL PACIFICO","9","  42,9",
"08/07/2025  17:41:32,563","   193250000"," ","10","  45,4",
"08/07/2025  17:41:32,563","   199250000","TELEAMAZONAS","11","  78,3",
"08/07/2025  17:41:32,563","   205250000"," ","12","  40,0",
"08/07/2025  17:41:32,563","   211250000","CADENA ECUATORIANA DE TEL","13","  72,6",
"08/07/2025  17:41:32,563","   471250000"," ","14","  43,5",
"08/07/2025  17:41:32,563","   477250000"," ","15","  28,3",
"08/07/2025  17:41:32,563","   483250000"," ","16","  29,7",
"08/07/2025  17:41:32,563","   513250000"," ","21","  28,3",
"08/07/2025  17:41:32,563","   519250000"," ","22","  29,1",
"08/07/2025  17:41:32,563","   525250000"," ","23","  29,2",
"08/07/2025  17:41:32,563","   531250000"," ","24","  30,3",
"08/07/2025  17:41:32,563","   537250000"," ","25","  30,6",
"08/07/2025  17:41:32,563","   543250000"," ","26","  33,4",
"08/07/2025  17:41:32,563","   549250000","OK TV-TEVECORP","27","  32,4",
"08/07/2025  17:41:32,563","   555250000"," ","28","  36,5",
"08/07/2025  17:41:32,563","   561250000"," ","29","  31,3",
"08/07/2025  17:41:32,563","   567250000"," ","30","  28,7",
"08/07/2025  17:41:32,563","   573250000","CANAL UNO no","31","  32,0",
"08/07/2025  17:41:32,563","   579250000"," ","32","  30,1",
"08/07/2025  17:41:32,563","   585250000","TELEATAHUALPA (RTU)","33","  32,4",
"08/07/2025  17:41:32,563","   591350000"," ","34","  29,3",
"08/07/2025  17:41:32,563","   597250000","TELEVICENTRO TVC","35","  79,1",
"08/07/2025  17:41:32,563","   603250000"," ","36","  29,9",
"08/07/2025  17:41:32,563","   615250000"," ","38","  34,9",
"08/07/2025  17:41:32,563","   621250000","UCSG TELEVISION","39","  29,5",
"08/07/2025  17:41:32,563","   627250000"," ","40","  31,0",
"08/07/2025  17:41:32,563","   633250000","OROMAR","41","  30,1",
"08/07/2025  17:41:32,563","   639250000"," ","42","  28,3",
"08/07/2025  17:41:32,563","   645250000"," ","43","  30,7",
"08/07/2025  17:41:32,563","   651250000"," ","44","  30,4",
"08/07/2025  17:41:32,563","   657250000"," ","45","  30,0",
"08/07/2025  17:41:32,563","   663250000"," ","46","  30,3",
"08/07/2025  17:41:32,563","   669250000"," ","47","  27,6",
"08/07/2025  17:41:32,563","   675250000"," ","48","  28,5",
"08/07/2025  17:41:32,563","   681250000"," ","49","  27,3",
"08/07/2025  17:41:32,563","   687250000"," ","50","  28,5",
"08/07/2025  17:41:32,563","   693250000"," ","51","  29,2",
"08/07/2025  17:42:18,412","    55250000"," ","2","  37,2",
"08/07/2025  17:42:18,412","    61250000","RED TELESISTEMA (R.T.S)","3","  63,7",
"08/07/2025  17:42:18,412","    67250000"," ","4","  39,1",
"08/07/2025  17:42:18,412","    77250000"," ","5","  47,8",
"08/07/2025  17:42:18,412","    83250000","TELERAMA","6","  38,7",
"08/07/2025  17:42:18,412","   175250000","ECUADOR TV","7","  40,3",
"08/07/2025  17:42:18,412","   181250000"," CORPORACIÓN ECUATORIANA ","8","  77,6",
"08/07/2025  17:42:18,412","   187250000","TELEVISION DEL PACIFICO","9","  41,8",
"08/07/2025  17:42:18,412","   193250000"," ","10","  45,6",
"08/07/2025  17:42:18,412","   199250000","TELEAMAZONAS","11","  78,1",
"08/07/2025  17:42:18,412","   205250000"," ","12","  42,3",
"08/07/2025  17:42:18,412","   211250000","CADENA ECUATORIANA DE TEL","13","  72,5",
"08/07/2025  17:42:18,412","   471250000"," ","14","  27,7",
"08/07/2025  17:42:18,412","   477250000"," ","15","  38,1",
"08/07/2025  17:42:18,412","   483250000"," ","16","  39,5",
"08/07/2025  17:42:18,412","   513250000"," ","21","  30,5",
"08/07/2025  17:42:18,412","   519250000"," ","22","  27,0",
"08/07/2025  17:42:18,412","   525250000"," ","23","  29,9",
"08/07/2025  17:42:18,412","   531250000"," ","24","  30,4",
"08/07/2025  17:42:18,412","   537250000"," ","25","  31,7",
"08/07/2025  17:42:18,412","   543250000"," ","26","  33,4",
"08/07/2025  17:42:18,412","   549250000","OK TV-TEVECORP","27","  31,5",
"08/07/2025  17:42:18,412","   555250000"," ","28","  36,4",
"08/07/2025  17:42:18,412","   561250000"," ","29","  30,6",
"08/07/2025  17:42:18,412","   567250000"," ","30","  30,5",
"08/07/2025  17:42:18,412","   573250000","CANAL UNO no","31","  29,5",
"08/07/2025  17:42:18,412","   579250000"," ","32","  30,2",
"08/07/2025  17:42:18,412","   585250000","TELEATAHUALPA (RTU)","33","  32,0",
"08/07/2025  17:42:18,412","   591350000"," ","34","  31,6",
"08/07/2025  17:42:18,412","   597250000","TELEVICENTRO TVC","35","  79,3",
"08/07/2025  17:42:18,412","   603250000"," ","36","  30,0",
"08/07/2025  17:42:18,412","   615250000"," ","38","  34,0",
"08/07/2025  17:42:18,412","   621250000","UCSG TELEVISION","39","  31,0",
"08/07/2025  17:42:18,412","   627250000"," ","40","  29,0",
"08/07/2025  17:42:18,412","   633250000","OROMAR","41","  28,3",
"08/07/2025  17:42:18,412","   639250000"," ","42","  30,0",
"08/07/2025  17:42:18,412","   645250000"," ","43","  30,9",
"08/07/2025  17:42:18,412","   651250000"," ","44","  29,9",
"08/07/2025  17:42:18,412","   657250000"," ","45","  27,9",
"08/07/2025  17:42:18,412","   663250000"," ","46","  28,4",
"08/07/2025  17:42:18,412","   669250000"," ","47","  28,2",
"08/07/2025  17:42:18,412","   675250000"," ","48","  30,8",
"08/07/2025  17:42:18,412","   681250000"," ","49","  29,5",
"08/07/2025  17:42:18,412","   687250000"," ","50","  28,8",
"08/07/2025  17:42:18,412","   693250000"," ","51","  29,5",
"09/07/2025  7:20:02,735","    55250000"," ","2","  38,0",
"09/07/2025  7:20:02,735","    61250000","RED TELESISTEMA (R.T.S)","3","  64,3",
"09/07/2025  7:20:02,735","    67250000"," ","4","  39,6",
"09/07/2025  7:20:02,735","    77250000"," ","5","  46,5",
"09/07/2025  7:20:02,735","    83250000","TELERAMA","6","  36,2",
"09/07/2025  7:20:02,735","   175250000","ECUADOR TV","7","  39,7",
"09/07/2025  7:20:02,735","   181250000"," CORPORACIÓN ECUATORIANA ","8","  77,8",
"09/07/2025  7:20:02,735","   187250000","TELEVISION DEL PACIFICO","9","  40,5",
"09/07/2025  7:20:02,735","   193250000"," ","10","  49,5",
"09/07/2025  7:20:02,735","   199250000","TELEAMAZONAS","11","  78,4",
"09/07/2025  7:20:02,735","   205250000"," ","12","  32,0",
"09/07/2025  7:20:02,735","   211250000","CADENA ECUATORIANA DE TEL","13","  72,8",
"09/07/2025  7:20:02,735","   471250000"," ","14","  27,7",
"09/07/2025  7:20:02,735","   477250000"," ","15","  30,4",
"09/07/2025  7:20:02,735","   483250000"," ","16","  29,5",
"09/07/2025  7:20:02,735","   513250000"," ","21","  28,2",
"09/07/2025  7:20:02,735","   519250000"," ","22","  27,9",
"09/07/2025  7:20:02,735","   525250000"," ","23","  29,5",
"09/07/2025  7:20:02,735","   531250000"," ","24","  36,1",
"09/07/2025  7:20:02,735","   537250000"," ","25","  32,9",
"09/07/2025  7:20:02,735","   543250000"," ","26","  35,3",
"09/07/2025  7:20:02,735","   549250000","OK TV-TEVECORP","27","  31,3",
"09/07/2025  7:20:02,735","   555250000"," ","28","  34,4",
"09/07/2025  7:20:02,735","   561250000"," ","29","  31,7",
"09/07/2025  7:20:02,735","   567250000"," ","30","  28,4",
"09/07/2025  7:20:02,735","   573250000","CANAL UNO no","31","  34,6",
"09/07/2025  7:20:02,735","   579250000"," ","32","  30,8",
"09/07/2025  7:20:02,735","   585250000","TELEATAHUALPA (RTU)","33","  33,2",
"09/07/2025  7:20:02,735","   591350000"," ","34","  50,2",
"09/07/2025  7:20:02,735","   597250000","TELEVICENTRO TVC","35","  79,5",
"09/07/2025  7:20:02,735","   603250000"," ","36","  30,1",
"09/07/2025  7:20:02,735","   615250000"," ","38","  40,0",
"09/07/2025  7:20:02,735","   621250000","UCSG TELEVISION","39","  29,5",
"09/07/2025  7:20:02,735","   627250000"," ","40","  29,2",
"09/07/2025  7:20:02,735","   633250000","OROMAR","41","  28,3",
"09/07/2025  7:20:02,735","   639250000"," ","42","  30,1",
"09/07/2025  7:20:02,735","   645250000"," ","43","  30,7",
"09/07/2025  7:20:02,735","   651250000"," ","44","  29,9",
"09/07/2025  7:20:02,735","   657250000"," ","45","  27,3",
"09/07/2025  7:20:02,735","   663250000"," ","46","  27,9",
"09/07/2025  7:20:02,735","   669250000"," ","47","  27,6",
"09/07/2025  7:20:02,735","   675250000"," ","48","  28,9",
"09/07/2025  7:20:02,735","   681250000"," ","49","  29,1",
"09/07/2025  7:20:02,735","   687250000"," ","50","  28,4",
"09/07/2025  7:20:02,735","   693250000"," ","51","  28,7",
"09/07/2025  7:20:47,662","    55250000"," ","2","  38,9",
"09/07/2025  7:20:47,662","    61250000","RED TELESISTEMA (R.T.S)","3","  64,1",
"09/07/2025  7:20:47,662","    67250000"," ","4","  39,1",
"09/07/2025  7:20:47,662","    77250000"," ","5","  41,4",
"09/07/2025  7:20:47,662","    83250000","TELERAMA","6","  35,1",
"09/07/2025  7:20:47,662","   175250000","ECUADOR TV","7","  40,4",
"09/07/2025  7:20:47,662","   181250000"," CORPORACIÓN ECUATORIANA ","8","  77,7",
"09/07/2025  7:20:47,662","   187250000","TELEVISION DEL PACIFICO","9","  41,7",
"09/07/2025  7:20:47,662","   193250000"," ","10","  48,3",
"09/07/2025  7:20:47,662","   199250000","TELEAMAZONAS","11","  78,6",
"09/07/2025  7:20:47,662","   205250000"," ","12","  37,1",
"09/07/2025  7:20:47,662","   211250000","CADENA ECUATORIANA DE TEL","13","  72,9",
"09/07/2025  7:20:47,662","   471250000"," ","14","  29,3",
"09/07/2025  7:20:47,662","   477250000"," ","15","  28,6",
"09/07/2025  7:20:47,662","   483250000"," ","16","  28,1",
"09/07/2025  7:20:47,662","   513250000"," ","21","  30,8",
"09/07/2025  7:20:47,662","   519250000"," ","22","  28,3",
"09/07/2025  7:20:47,662","   525250000"," ","23","  30,6",
"09/07/2025  7:20:47,662","   531250000"," ","24","  31,7",
"09/07/2025  7:20:47,662","   537250000"," ","25","  33,0",
"09/07/2025  7:20:47,662","   543250000"," ","26","  35,0",
"09/07/2025  7:20:47,662","   549250000","OK TV-TEVECORP","27","  30,5",
"09/07/2025  7:20:47,662","   555250000"," ","28","  35,2",
"09/07/2025  7:20:47,662","   561250000"," ","29","  31,0",
"09/07/2025  7:20:47,662","   567250000"," ","30","  30,6",
"09/07/2025  7:20:47,662","   573250000","CANAL UNO no","31","  30,5",
"09/07/2025  7:20:47,662","   579250000"," ","32","  29,8",
"09/07/2025  7:20:47,662","   585250000","TELEATAHUALPA (RTU)","33","  33,0",
"09/07/2025  7:20:47,662","   591350000"," ","34","  30,6",
"09/07/2025  7:20:47,662","   597250000","TELEVICENTRO TVC","35","  79,8",
"09/07/2025  7:20:47,662","   603250000"," ","36","  30,5",
"09/07/2025  7:20:47,662","   615250000"," ","38","  41,0",
"09/07/2025  7:20:47,662","   621250000","UCSG TELEVISION","39","  29,1",
"09/07/2025  7:20:47,662","   627250000"," ","40","  27,8",
"09/07/2025  7:20:47,662","   633250000","OROMAR","41","  28,2",
"09/07/2025  7:20:47,662","   639250000"," ","42","  29,9",
"09/07/2025  7:20:47,662","   645250000"," ","43","  31,8",
"09/07/2025  7:20:47,662","   651250000"," ","44","  28,0",
"09/07/2025  7:20:47,662","   657250000"," ","45","  29,1",
"09/07/2025  7:20:47,662","   663250000"," ","46","  28,1",
"09/07/2025  7:20:47,662","   669250000"," ","47","  28,3",
"09/07/2025  7:20:47,662","   675250000"," ","48","  27,6",
"09/07/2025  7:20:47,662","   681250000"," ","49","  28,7",
"09/07/2025  7:20:47,662","   687250000"," ","50","  29,4",
"09/07/2025  7:20:47,662","   693250000"," ","51","  29,7",
"09/07/2025  7:21:33,524","    55250000"," ","2","  36,7",
"09/07/2025  7:21:33,524","    61250000","RED TELESISTEMA (R.T.S)","3","  64,3",
"09/07/2025  7:21:33,524","    67250000"," ","4","  39,0",
"09/07/2025  7:21:33,524","    77250000"," ","5","  45,0",
"09/07/2025  7:21:33,524","    83250000","TELERAMA","6","  37,1",
"09/07/2025  7:21:33,524","   175250000","ECUADOR TV","7","  36,8",
"09/07/2025  7:21:33,524","   181250000"," CORPORACIÓN ECUATORIANA ","8","  77,8",
"09/07/2025  7:21:33,524","   187250000","TELEVISION DEL PACIFICO","9","  43,8",
"09/07/2025  7:21:33,524","   193250000"," ","10","  50,7",
"09/07/2025  7:21:33,524","   199250000","TELEAMAZONAS","11","  78,7",
"09/07/2025  7:21:33,524","   205250000"," ","12","  32,6",
"09/07/2025  7:21:33,524","   211250000","CADENA ECUATORIANA DE TEL","13","  73,0",
"09/07/2025  7:21:33,524","   471250000"," ","14","  42,9",
"09/07/2025  7:21:33,524","   477250000"," ","15","  29,5",
"09/07/2025  7:21:33,524","   483250000"," ","16","  28,7",
"09/07/2025  7:21:33,524","   513250000"," ","21","  29,3",
"09/07/2025  7:21:33,524","   519250000"," ","22","  29,0",
"09/07/2025  7:21:33,524","   525250000"," ","23","  30,1",
"09/07/2025  7:21:33,524","   531250000"," ","24","  31,4",
"09/07/2025  7:21:33,524","   537250000"," ","25","  32,5",
"09/07/2025  7:21:33,524","   543250000"," ","26","  35,7",
"09/07/2025  7:21:33,524","   549250000","OK TV-TEVECORP","27","  30,2",
"09/07/2025  7:21:33,524","   555250000"," ","28","  36,3",
"09/07/2025  7:21:33,524","   561250000"," ","29","  31,5",
"09/07/2025  7:21:33,524","   567250000"," ","30","  30,5",
"09/07/2025  7:21:33,524","   573250000","CANAL UNO no","31","  30,3",
"09/07/2025  7:21:33,524","   579250000"," ","32","  29,9",
"09/07/2025  7:21:33,524","   585250000","TELEATAHUALPA (RTU)","33","  32,9",
"09/07/2025  7:21:33,524","   591350000"," ","34","  29,0",
"09/07/2025  7:21:33,524","   597250000","TELEVICENTRO TVC","35","  79,5",
"09/07/2025  7:21:33,524","   603250000"," ","36","  31,2",
"09/07/2025  7:21:33,524","   615250000"," ","38","  40,9",
"09/07/2025  7:21:33,524","   621250000","UCSG TELEVISION","39","  29,9",
"09/07/2025  7:21:33,524","   627250000"," ","40","  28,6",
"09/07/2025  7:21:33,524","   633250000","OROMAR","41","  29,0",
"09/07/2025  7:21:33,524","   639250000"," ","42","  29,9",
"09/07/2025  7:21:33,524","   645250000"," ","43","  29,7",
"09/07/2025  7:21:33,524","   651250000"," ","44","  28,5",
"09/07/2025  7:21:33,524","   657250000"," ","45","  27,9",
"09/07/2025  7:21:33,524","   663250000"," ","46","  28,2",
"09/07/2025  7:21:33,524","   669250000"," ","47","  27,6",
"09/07/2025  7:21:33,524","   675250000"," ","48","  28,2",
"09/07/2025  7:21:33,524","   681250000"," ","49","  28,2",
"09/07/2025  7:21:33,524","   687250000"," ","50","  29,2",
"09/07/2025  7:21:33,524","   693250000"," ","51","  28,1",
"09/07/2025  17:40:02,795","    55250000"," ","2","  39,5",
"09/07/2025  17:40:02,795","    61250000","RED TELESISTEMA (R.T.S)","3","  62,9",
"09/07/2025  17:40:02,795","    67250000"," ","4","  37,6",
"09/07/2025  17:40:02,795","    77250000"," ","5","  42,1",
"09/07/2025  17:40:02,795","    83250000","TELERAMA","6","  40,2",
"09/07/2025  17:40:02,795","   175250000","ECUADOR TV","7","  38,2",
"09/07/2025  17:40:02,795","   181250000"," CORPORACIÓN ECUATORIANA ","8","  77,9",
"09/07/2025  17:40:02,795","   187250000","TELEVISION DEL PACIFICO","9","  41,6",
"09/07/2025  17:40:02,795","   193250000"," ","10","  46,7",
"09/07/2025  17:40:02,795","   199250000","TELEAMAZONAS","11","  78,9",
"09/07/2025  17:40:02,795","   205250000"," ","12","  38,3",
"09/07/2025  17:40:02,795","   211250000","CADENA ECUATORIANA DE TEL","13","  73,2",
"09/07/2025  17:40:02,795","   471250000"," ","14","  27,7",
"09/07/2025  17:40:02,795","   477250000"," ","15","  27,3",
"09/07/2025  17:40:02,795","   483250000"," ","16","  27,1",
"09/07/2025  17:40:02,795","   513250000"," ","21","  28,0",
"09/07/2025  17:40:02,795","   519250000"," ","22","  27,8",
"09/07/2025  17:40:02,795","   525250000"," ","23","  29,0",
"09/07/2025  17:40:02,795","   531250000"," ","24","  29,4",
"09/07/2025  17:40:02,795","   537250000"," ","25","  30,9",
"09/07/2025  17:40:02,795","   543250000"," ","26","  38,4",
"09/07/2025  17:40:02,795","   549250000","OK TV-TEVECORP","27","  31,7",
"09/07/2025  17:40:02,795","   555250000"," ","28","  32,7",
"09/07/2025  17:40:02,795","   561250000"," ","29","  34,9",
"09/07/2025  17:40:02,795","   567250000"," ","30","  30,2",
"09/07/2025  17:40:02,795","   573250000","CANAL UNO no","31","  28,7",
"09/07/2025  17:40:02,795","   579250000"," ","32","  29,8",
"09/07/2025  17:40:02,795","   585250000","TELEATAHUALPA (RTU)","33","  32,6",
"09/07/2025  17:40:02,795","   591350000"," ","34","  30,5",
"09/07/2025  17:40:02,795","   597250000","TELEVICENTRO TVC","35","  80,1",
"09/07/2025  17:40:02,795","   603250000"," ","36","  37,9",
"09/07/2025  17:40:02,795","   615250000"," ","38","  35,3",
"09/07/2025  17:40:02,795","   621250000","UCSG TELEVISION","39","  34,9",
"09/07/2025  17:40:02,795","   627250000"," ","40","  30,0",
"09/07/2025  17:40:02,795","   633250000","OROMAR","41","  36,3",
"09/07/2025  17:40:02,795","   639250000"," ","42","  31,6",
"09/07/2025  17:40:02,795","   645250000"," ","43","  32,5",
"09/07/2025  17:40:02,795","   651250000"," ","44","  29,4",
"09/07/2025  17:40:02,795","   657250000"," ","45","  26,9",
"09/07/2025  17:40:02,795","   663250000"," ","46","  28,7",
"09/07/2025  17:40:02,795","   669250000"," ","47","  29,1",
"09/07/2025  17:40:02,795","   675250000"," ","48","  29,4",
"09/07/2025  17:40:02,795","   681250000"," ","49","  28,5",
"09/07/2025  17:40:02,795","   687250000"," ","50","  29,1",
"09/07/2025  17:40:02,795","   693250000"," ","51","  29,7",
"09/07/2025  17:40:48,657","    55250000"," ","2","  42,6",
"09/07/2025  17:40:48,657","    61250000","RED TELESISTEMA (R.T.S)","3","  63,0",
"09/07/2025  17:40:48,657","    67250000"," ","4","  39,5",
"09/07/2025  17:40:48,657","    77250000"," ","5","  43,7",
"09/07/2025  17:40:48,657","    83250000","TELERAMA","6","  43,6",
"09/07/2025  17:40:48,657","   175250000","ECUADOR TV","7","  35,6",
"09/07/2025  17:40:48,657","   181250000"," CORPORACIÓN ECUATORIANA ","8","  77,9",
"09/07/2025  17:40:48,657","   187250000","TELEVISION DEL PACIFICO","9","  41,4",
"09/07/2025  17:40:48,657","   193250000"," ","10","  50,9",
"09/07/2025  17:40:48,657","   199250000","TELEAMAZONAS","11","  78,8",
"09/07/2025  17:40:48,657","   205250000"," ","12","  40,6",
"09/07/2025  17:40:48,657","   211250000","CADENA ECUATORIANA DE TEL","13","  73,1",
"09/07/2025  17:40:48,657","   471250000"," ","14","  27,8",
"09/07/2025  17:40:48,657","   477250000"," ","15","  30,1",
"09/07/2025  17:40:48,657","   483250000"," ","16","  27,7",
"09/07/2025  17:40:48,657","   513250000"," ","21","  29,2",
"09/07/2025  17:40:48,657","   519250000"," ","22","  27,4",
"09/07/2025  17:40:48,657","   525250000"," ","23","  31,5",
"09/07/2025  17:40:48,657","   531250000"," ","24","  30,8",
"09/07/2025  17:40:48,657","   537250000"," ","25","  31,1",
"09/07/2025  17:40:48,657","   543250000"," ","26","  38,7",
"09/07/2025  17:40:48,657","   549250000","OK TV-TEVECORP","27","  31,3",
"09/07/2025  17:40:48,657","   555250000"," ","28","  31,9",
"09/07/2025  17:40:48,657","   561250000"," ","29","  30,8",
"09/07/2025  17:40:48,657","   567250000"," ","30","  28,9",
"09/07/2025  17:40:48,657","   573250000","CANAL UNO no","31","  28,6",
"09/07/2025  17:40:48,657","   579250000"," ","32","  30,8",
"09/07/2025  17:40:48,657","   585250000","TELEATAHUALPA (RTU)","33","  32,0",
"09/07/2025  17:40:48,657","   591350000"," ","34","  29,6",
"09/07/2025  17:40:48,657","   597250000","TELEVICENTRO TVC","35","  79,0",
"09/07/2025  17:40:48,657","   603250000"," ","36","  30,0",
"09/07/2025  17:40:48,657","   615250000"," ","38","  35,0",
"09/07/2025  17:40:48,657","   621250000","UCSG TELEVISION","39","  29,1",
"09/07/2025  17:40:48,657","   627250000"," ","40","  28,5",
"09/07/2025  17:40:48,657","   633250000","OROMAR","41","  30,1",
"09/07/2025  17:40:48,657","   639250000"," ","42","  29,7",
"09/07/2025  17:40:48,657","   645250000"," ","43","  30,6",
"09/07/2025  17:40:48,657","   651250000"," ","44","  30,1",
"09/07/2025  17:40:48,657","   657250000"," ","45","  30,9",
"09/07/2025  17:40:48,657","   663250000"," ","46","  28,7",
"09/07/2025  17:40:48,657","   669250000"," ","47","  28,4",
"09/07/2025  17:40:48,657","   675250000"," ","48","  28,9",
"09/07/2025  17:40:48,657","   681250000"," ","49","  28,6",
"09/07/2025  17:40:48,657","   687250000"," ","50","  28,3",
"09/07/2025  17:40:48,657","   693250000"," ","51","  27,2",
"09/07/2025  17:41:32,570","    55250000"," ","2","  42,1",
"09/07/2025  17:41:32,570","    61250000","RED TELESISTEMA (R.T.S)","3","  63,2",
"09/07/2025  17:41:32,570","    67250000"," ","4","  39,0",
"09/07/2025  17:41:32,570","    77250000"," ","5","  40,9",
"09/07/2025  17:41:32,570","    83250000","TELERAMA","6","  35,4",
"09/07/2025  17:41:32,570","   175250000","ECUADOR TV","7","  39,0",
"09/07/2025  17:41:32,570","   181250000"," CORPORACIÓN ECUATORIANA ","8","  77,9",
"09/07/2025  17:41:32,570","   187250000","TELEVISION DEL PACIFICO","9","  42,2",
"09/07/2025  17:41:32,570","   193250000"," ","10","  48,6",
"09/07/2025  17:41:32,570","   199250000","TELEAMAZONAS","11","  78,8",
"09/07/2025  17:41:32,570","   205250000"," ","12","  41,3",
"09/07/2025  17:41:32,570","   211250000","CADENA ECUATORIANA DE TEL","13","  72,9",
"09/07/2025  17:41:32,570","   471250000"," ","14","  27,0",
"09/07/2025  17:41:32,570","   477250000"," ","15","  28,7",
"09/07/2025  17:41:32,570","   483250000"," ","16","  28,6",
"09/07/2025  17:41:32,570","   513250000"," ","21","  29,0",
"09/07/2025  17:41:32,570","   519250000"," ","22","  26,9",
"09/07/2025  17:41:32,570","   525250000"," ","23","  30,9",
"09/07/2025  17:41:32,570","   531250000"," ","24","  30,0",
"09/07/2025  17:41:32,570","   537250000"," ","25","  32,1",
"09/07/2025  17:41:32,570","   543250000"," ","26","  36,9",
"09/07/2025  17:41:32,570","   549250000","OK TV-TEVECORP","27","  32,0",
"09/07/2025  17:41:32,570","   555250000"," ","28","  31,7",
"09/07/2025  17:41:32,570","   561250000"," ","29","  30,9",
"09/07/2025  17:41:32,570","   567250000"," ","30","  30,5",
"09/07/2025  17:41:32,570","   573250000","CANAL UNO no","31","  30,1",
"09/07/2025  17:41:32,570","   579250000"," ","32","  30,6",
"09/07/2025  17:41:32,570","   585250000","TELEATAHUALPA (RTU)","33","  32,6",
"09/07/2025  17:41:32,570","   591350000"," ","34","  33,8",
"09/07/2025  17:41:32,570","   597250000","TELEVICENTRO TVC","35","  80,1",
"09/07/2025  17:41:32,570","   603250000"," ","36","  32,4",
"09/07/2025  17:41:32,570","   615250000"," ","38","  34,9",
"09/07/2025  17:41:32,570","   621250000","UCSG TELEVISION","39","  29,6",
"09/07/2025  17:41:32,570","   627250000"," ","40","  29,1",
"09/07/2025  17:41:32,570","   633250000","OROMAR","41","  29,3",
"09/07/2025  17:41:32,570","   639250000"," ","42","  32,8",
"09/07/2025  17:41:32,570","   645250000"," ","43","  31,1",
"09/07/2025  17:41:32,570","   651250000"," ","44","  29,0",
"09/07/2025  17:41:32,570","   657250000"," ","45","  29,6",
"09/07/2025  17:41:32,570","   663250000"," ","46","  30,3",
"09/07/2025  17:41:32,570","   669250000"," ","47","  34,4",
"09/07/2025  17:41:32,570","   675250000"," ","48","  29,3",
"09/07/2025  17:41:32,570","   681250000"," ","49","  28,5",
"09/07/2025  17:41:32,570","   687250000"," ","50","  28,5",
"09/07/2025  17:41:32,570","   693250000"," ","51","  27,9",
"10/07/2025  7:20:02,719","    55250000"," ","2","  41,3",
"10/07/2025  7:20:02,719","    61250000","RED TELESISTEMA (R.T.S)","3","  63,4",
"10/07/2025  7:20:02,719","    67250000"," ","4","  38,8",
"10/07/2025  7:20:02,719","    77250000"," ","5","  44,6",
"10/07/2025  7:20:02,719","    83250000","TELERAMA","6","  34,6",
"10/07/2025  7:20:02,719","   175250000","ECUADOR TV","7","  36,2",
"10/07/2025  7:20:02,719","   181250000"," CORPORACIÓN ECUATORIANA ","8","  78,1",
"10/07/2025  7:20:02,719","   187250000","TELEVISION DEL PACIFICO","9","  41,7",
"10/07/2025  7:20:02,719","   193250000"," ","10","  48,4",
"10/07/2025  7:20:02,719","   199250000","TELEAMAZONAS","11","  78,5",
"10/07/2025  7:20:02,719","   205250000"," ","12","  40,2",
"10/07/2025  7:20:02,719","   211250000","CADENA ECUATORIANA DE TEL","13","  72,8",
"10/07/2025  7:20:02,719","   471250000"," ","14","  29,2",
"10/07/2025  7:20:02,719","   477250000"," ","15","  29,3",
"10/07/2025  7:20:02,719","   483250000"," ","16","  35,1",
"10/07/2025  7:20:02,719","   513250000"," ","21","  35,4",
"10/07/2025  7:20:02,719","   519250000"," ","22","  29,1",
"10/07/2025  7:20:02,719","   525250000"," ","23","  29,6",
"10/07/2025  7:20:02,719","   531250000"," ","24","  29,8",
"10/07/2025  7:20:02,719","   537250000"," ","25","  30,9",
"10/07/2025  7:20:02,719","   543250000"," ","26","  34,1",
"10/07/2025  7:20:02,719","   549250000","OK TV-TEVECORP","27","  31,0",
"10/07/2025  7:20:02,719","   555250000"," ","28","  32,1",
"10/07/2025  7:20:02,719","   561250000"," ","29","  31,3",
"10/07/2025  7:20:02,719","   567250000"," ","30","  29,5",
"10/07/2025  7:20:02,719","   573250000","CANAL UNO no","31","  30,0",
"10/07/2025  7:20:02,719","   579250000"," ","32","  29,1",
"10/07/2025  7:20:02,719","   585250000","TELEATAHUALPA (RTU)","33","  35,2",
"10/07/2025  7:20:02,719","   591350000"," ","34","  29,7",
"10/07/2025  7:20:02,719","   597250000","TELEVICENTRO TVC","35","  79,1",
"10/07/2025  7:20:02,719","   603250000"," ","36","  31,0",
"10/07/2025  7:20:02,719","   615250000"," ","38","  36,5",
"10/07/2025  7:20:02,719","   621250000","UCSG TELEVISION","39","  29,4",
"10/07/2025  7:20:02,719","   627250000"," ","40","  29,1",
"10/07/2025  7:20:02,719","   633250000","OROMAR","41","  29,7",
"10/07/2025  7:20:02,719","   639250000"," ","42","  29,6",
"10/07/2025  7:20:02,719","   645250000"," ","43","  31,5",
"10/07/2025  7:20:02,719","   651250000"," ","44","  28,6",
"10/07/2025  7:20:02,719","   657250000"," ","45","  27,3",
"10/07/2025  7:20:02,719","   663250000"," ","46","  29,1",
"10/07/2025  7:20:02,719","   669250000"," ","47","  28,5",
"10/07/2025  7:20:02,719","   675250000"," ","48","  28,4",
"10/07/2025  7:20:02,719","   681250000"," ","49","  33,8",
"10/07/2025  7:20:02,719","   687250000"," ","50","  28,9",
"10/07/2025  7:20:02,719","   693250000"," ","51","  28,2",
"10/07/2025  7:20:48,589","    55250000"," ","2","  37,7",
"10/07/2025  7:20:48,589","    61250000","RED TELESISTEMA (R.T.S)","3","  63,2",
"10/07/2025  7:20:48,589","    67250000"," ","4","  38,8",
"10/07/2025  7:20:48,589","    77250000"," ","5","  42,1",
"10/07/2025  7:20:48,589","    83250000","TELERAMA","6","  37,7",
"10/07/2025  7:20:48,589","   175250000","ECUADOR TV","7","  37,3",
"10/07/2025  7:20:48,589","   181250000"," CORPORACIÓN ECUATORIANA ","8","  78,1",
"10/07/2025  7:20:48,589","   187250000","TELEVISION DEL PACIFICO","9","  42,7",
"10/07/2025  7:20:48,589","   193250000"," ","10","  46,5",
"10/07/2025  7:20:48,589","   199250000","TELEAMAZONAS","11","  78,6",
"10/07/2025  7:20:48,589","   205250000"," ","12","  32,1",
"10/07/2025  7:20:48,589","   211250000","CADENA ECUATORIANA DE TEL","13","  72,7",
"10/07/2025  7:20:48,589","   471250000"," ","14","  40,8",
"10/07/2025  7:20:48,589","   477250000"," ","15","  28,7",
"10/07/2025  7:20:48,589","   483250000"," ","16","  34,7",
"10/07/2025  7:20:48,589","   513250000"," ","21","  29,7",
"10/07/2025  7:20:48,589","   519250000"," ","22","  26,1",
"10/07/2025  7:20:48,589","   525250000"," ","23","  30,1",
"10/07/2025  7:20:48,589","   531250000"," ","24","  32,3",
"10/07/2025  7:20:48,589","   537250000"," ","25","  33,1",
"10/07/2025  7:20:48,589","   543250000"," ","26","  34,7",
"10/07/2025  7:20:48,589","   549250000","OK TV-TEVECORP","27","  30,8",
"10/07/2025  7:20:48,589","   555250000"," ","28","  31,6",
"10/07/2025  7:20:48,589","   561250000"," ","29","  32,9",
"10/07/2025  7:20:48,589","   567250000"," ","30","  29,4",
"10/07/2025  7:20:48,589","   573250000","CANAL UNO no","31","  31,3",
"10/07/2025  7:20:48,589","   579250000"," ","32","  30,3",
"10/07/2025  7:20:48,589","   585250000","TELEATAHUALPA (RTU)","33","  35,7",
"10/07/2025  7:20:48,589","   591350000"," ","34","  31,0",
"10/07/2025  7:20:48,589","   597250000","TELEVICENTRO TVC","35","  78,5",
"10/07/2025  7:20:48,589","   603250000"," ","36","  38,6",
"10/07/2025  7:20:48,589","   615250000"," ","38","  37,5",
"10/07/2025  7:20:48,589","   621250000","UCSG TELEVISION","39","  31,2",
"10/07/2025  7:20:48,589","   627250000"," ","40","  28,5",
"10/07/2025  7:20:48,589","   633250000","OROMAR","41","  28,5",
"10/07/2025  7:20:48,589","   639250000"," ","42","  31,2",
"10/07/2025  7:20:48,589","   645250000"," ","43","  37,4",
"10/07/2025  7:20:48,589","   651250000"," ","44","  29,2",
"10/07/2025  7:20:48,589","   657250000"," ","45","  28,6",
"10/07/2025  7:20:48,589","   663250000"," ","46","  28,3",
"10/07/2025  7:20:48,589","   669250000"," ","47","  29,4",
"10/07/2025  7:20:48,589","   675250000"," ","48","  28,4",
"10/07/2025  7:20:48,589","   681250000"," ","49","  41,0",
"10/07/2025  7:20:48,589","   687250000"," ","50","  28,1",
"10/07/2025  7:20:48,589","   693250000"," ","51","  28,7",
"10/07/2025  7:21:32,506","    55250000"," ","2","  41,9",
"10/07/2025  7:21:32,506","    61250000","RED TELESISTEMA (R.T.S)","3","  63,4",
"10/07/2025  7:21:32,506","    67250000"," ","4","  38,4",
"10/07/2025  7:21:32,506","    77250000"," ","5","  44,8",
"10/07/2025  7:21:32,506","    83250000","TELERAMA","6","  38,0",
"10/07/2025  7:21:32,506","   175250000","ECUADOR TV","7","  46,8",
"10/07/2025  7:21:32,506","   181250000"," CORPORACIÓN ECUATORIANA ","8","  78,0",
"10/07/2025  7:21:32,506","   187250000","TELEVISION DEL PACIFICO","9","  40,9",
"10/07/2025  7:21:32,506","   193250000"," ","10","  48,5",
"10/07/2025  7:21:32,506","   199250000","TELEAMAZONAS","11","  78,6",
"10/07/2025  7:21:32,506","   205250000"," ","12","  46,3",
"10/07/2025  7:21:32,506","   211250000","CADENA ECUATORIANA DE TEL","13","  72,7",
"10/07/2025  7:21:32,506","   471250000"," ","14","  29,3",
"10/07/2025  7:21:32,506","   477250000"," ","15","  37,3",
"10/07/2025  7:21:32,506","   483250000"," ","16","  35,1",
"10/07/2025  7:21:32,506","   513250000"," ","21","  33,4",
"10/07/2025  7:21:32,506","   519250000"," ","22","  26,3",
"10/07/2025  7:21:32,506","   525250000"," ","23","  28,8",
"10/07/2025  7:21:32,506","   531250000"," ","24","  29,5",
"10/07/2025  7:21:32,506","   537250000"," ","25","  32,3",
"10/07/2025  7:21:32,506","   543250000"," ","26","  35,2",
"10/07/2025  7:21:32,506","   549250000","OK TV-TEVECORP","27","  31,8",
"10/07/2025  7:21:32,506","   555250000"," ","28","  31,8",
"10/07/2025  7:21:32,506","   561250000"," ","29","  30,0",
"10/07/2025  7:21:32,506","   567250000"," ","30","  28,3",
"10/07/2025  7:21:32,506","   573250000","CANAL UNO no","31","  28,7",
"10/07/2025  7:21:32,506","   579250000"," ","32","  30,2",
"10/07/2025  7:21:32,506","   585250000","TELEATAHUALPA (RTU)","33","  34,2",
"10/07/2025  7:21:32,506","   591350000"," ","34","  30,3",
"10/07/2025  7:21:32,506","   597250000","TELEVICENTRO TVC","35","  78,8",
"10/07/2025  7:21:32,506","   603250000"," ","36","  29,8",
"10/07/2025  7:21:32,506","   615250000"," ","38","  38,4",
"10/07/2025  7:21:32,506","   621250000","UCSG TELEVISION","39","  31,1",
"10/07/2025  7:21:32,506","   627250000"," ","40","  29,4",
"10/07/2025  7:21:32,506","   633250000","OROMAR","41","  29,4",
"10/07/2025  7:21:32,506","   639250000"," ","42","  30,5",
"10/07/2025  7:21:32,506","   645250000"," ","43","  30,5",
"10/07/2025  7:21:32,506","   651250000"," ","44","  28,4",
"10/07/2025  7:21:32,506","   657250000"," ","45","  30,0",
"10/07/2025  7:21:32,506","   663250000"," ","46","  27,6",
"10/07/2025  7:21:32,506","   669250000"," ","47","  28,3",
"10/07/2025  7:21:32,506","   675250000"," ","48","  27,6",
"10/07/2025  7:21:32,506","   681250000"," ","49","  29,0",
"10/07/2025  7:21:32,506","   687250000"," ","50","  29,5",
"10/07/2025  7:21:32,506","   693250000"," ","51","  31,6",
"10/07/2025  7:22:18,365","    55250000"," ","2","  42,0",
"10/07/2025  7:22:18,365","    61250000","RED TELESISTEMA (R.T.S)","3","  63,5",
"10/07/2025  7:22:18,365","    67250000"," ","4","  39,3",
"10/07/2025  7:22:18,365","    77250000"," ","5","  43,8",
"10/07/2025  7:22:18,365","    83250000","TELERAMA","6","  39,3",
"10/07/2025  7:22:18,365","   175250000","ECUADOR TV","7","  42,2",
"10/07/2025  7:22:18,365","   181250000"," CORPORACIÓN ECUATORIANA ","8","  78,0",
"10/07/2025  7:22:18,365","   187250000","TELEVISION DEL PACIFICO","9","  40,2",
"10/07/2025  7:22:18,365","   193250000"," ","10","  45,7",
"10/07/2025  7:22:18,365","   199250000","TELEAMAZONAS","11","  78,6",
"10/07/2025  7:22:18,365","   205250000"," ","12","  39,2",
"10/07/2025  7:22:18,365","   211250000","CADENA ECUATORIANA DE TEL","13","  73,2",
"10/07/2025  7:22:18,365","   471250000"," ","14","  43,4",
"10/07/2025  7:22:18,365","   477250000"," ","15","  37,1",
"10/07/2025  7:22:18,365","   483250000"," ","16","  27,0",
"10/07/2025  7:22:18,365","   513250000"," ","21","  34,7",
"10/07/2025  7:22:18,365","   519250000"," ","22","  27,5",
"10/07/2025  7:22:18,365","   525250000"," ","23","  28,3",
"10/07/2025  7:22:18,365","   531250000"," ","24","  30,3",
"10/07/2025  7:22:18,365","   537250000"," ","25","  31,0",
"10/07/2025  7:22:18,365","   543250000"," ","26","  34,2",
"10/07/2025  7:22:18,365","   549250000","OK TV-TEVECORP","27","  30,7",
"10/07/2025  7:22:18,365","   555250000"," ","28","  31,7",
"10/07/2025  7:22:18,365","   561250000"," ","29","  32,8",
"10/07/2025  7:22:18,365","   567250000"," ","30","  30,6",
"10/07/2025  7:22:18,365","   573250000","CANAL UNO no","31","  31,0",
"10/07/2025  7:22:18,365","   579250000"," ","32","  28,8",
"10/07/2025  7:22:18,365","   585250000","TELEATAHUALPA (RTU)","33","  32,6",
"10/07/2025  7:22:18,365","   591350000"," ","34","  29,5",
"10/07/2025  7:22:18,365","   597250000","TELEVICENTRO TVC","35","  79,2",
"10/07/2025  7:22:18,365","   603250000"," ","36","  36,5",
"10/07/2025  7:22:18,365","   615250000"," ","38","  36,7",
"10/07/2025  7:22:18,365","   621250000","UCSG TELEVISION","39","  31,9",
"10/07/2025  7:22:18,365","   627250000"," ","40","  28,1",
"10/07/2025  7:22:18,365","   633250000","OROMAR","41","  29,7",
"10/07/2025  7:22:18,365","   639250000"," ","42","  30,1",
"10/07/2025  7:22:18,365","   645250000"," ","43","  30,7",
"10/07/2025  7:22:18,365","   651250000"," ","44","  29,4",
"10/07/2025  7:22:18,365","   657250000"," ","45","  28,4",
"10/07/2025  7:22:18,365","   663250000"," ","46","  28,7",
"10/07/2025  7:22:18,365","   669250000"," ","47","  28,3",
"10/07/2025  7:22:18,365","   675250000"," ","48","  28,5",
"10/07/2025  7:22:18,365","   681250000"," ","49","  27,8",
"10/07/2025  7:22:18,365","   687250000"," ","50","  27,2",
"10/07/2025  7:22:18,365","   693250000"," ","51","  28,2",
"10/07/2025  17:40:02,808","    55250000"," ","2","  37,7",
"10/07/2025  17:40:02,808","    61250000","RED TELESISTEMA (R.T.S)","3","  63,4",
"10/07/2025  17:40:02,808","    67250000"," ","4","  41,0",
"10/07/2025  17:40:02,808","    77250000"," ","5","  45,4",
"10/07/2025  17:40:02,808","    83250000","TELERAMA","6","  33,7",
"10/07/2025  17:40:02,808","   175250000","ECUADOR TV","7","  39,3",
"10/07/2025  17:40:02,808","   181250000"," CORPORACIÓN ECUATORIANA ","8","  77,6",
"10/07/2025  17:40:02,808","   187250000","TELEVISION DEL PACIFICO","9","  41,1",
"10/07/2025  17:40:02,808","   193250000"," ","10","  48,8",
"10/07/2025  17:40:02,808","   199250000","TELEAMAZONAS","11","  78,2",
"10/07/2025  17:40:02,808","   205250000"," ","12","  42,4",
"10/07/2025  17:40:02,808","   211250000","CADENA ECUATORIANA DE TEL","13","  72,3",
"10/07/2025  17:40:02,808","   471250000"," ","14","  28,7",
"10/07/2025  17:40:02,808","   477250000"," ","15","  28,6",
"10/07/2025  17:40:02,808","   483250000"," ","16","  29,2",
"10/07/2025  17:40:02,808","   513250000"," ","21","  30,2",
"10/07/2025  17:40:02,808","   519250000"," ","22","  28,9",
"10/07/2025  17:40:02,808","   525250000"," ","23","  30,7",
"10/07/2025  17:40:02,808","   531250000"," ","24","  32,9",
"10/07/2025  17:40:02,808","   537250000"," ","25","  33,9",
"10/07/2025  17:40:02,808","   543250000"," ","26","  41,0",
"10/07/2025  17:40:02,808","   549250000","OK TV-TEVECORP","27","  30,1",
"10/07/2025  17:40:02,808","   555250000"," ","28","  37,2",
"10/07/2025  17:40:02,808","   561250000"," ","29","  31,3",
"10/07/2025  17:40:02,808","   567250000"," ","30","  44,3",
"10/07/2025  17:40:02,808","   573250000","CANAL UNO no","31","  48,2",
"10/07/2025  17:40:02,808","   579250000"," ","32","  30,0",
"10/07/2025  17:40:02,808","   585250000","TELEATAHUALPA (RTU)","33","  32,2",
"10/07/2025  17:40:02,808","   591350000"," ","34","  30,0",
"10/07/2025  17:40:02,808","   597250000","TELEVICENTRO TVC","35","  79,4",
"10/07/2025  17:40:02,808","   603250000"," ","36","  31,0",
"10/07/2025  17:40:02,808","   615250000"," ","38","  36,1",
"10/07/2025  17:40:02,808","   621250000","UCSG TELEVISION","39","  31,2",
"10/07/2025  17:40:02,808","   627250000"," ","40","  29,9",
"10/07/2025  17:40:02,808","   633250000","OROMAR","41","  35,2",
"10/07/2025  17:40:02,808","   639250000"," ","42","  41,5",
"10/07/2025  17:40:02,808","   645250000"," ","43","  31,6",
"10/07/2025  17:40:02,808","   651250000"," ","44","  31,1",
"10/07/2025  17:40:02,808","   657250000"," ","45","  28,7",
"10/07/2025  17:40:02,808","   663250000"," ","46","  29,7",
"10/07/2025  17:40:02,808","   669250000"," ","47","  28,7",
"10/07/2025  17:40:02,808","   675250000"," ","48","  28,9",
"10/07/2025  17:40:02,808","   681250000"," ","49","  28,0",
"10/07/2025  17:40:02,808","   687250000"," ","50","  28,7",
"10/07/2025  17:40:02,808","   693250000"," ","51","  28,3",
"10/07/2025  17:40:48,666","    55250000"," ","2","  36,0",
"10/07/2025  17:40:48,666","    61250000","RED TELESISTEMA (R.T.S)","3","  63,3",
"10/07/2025  17:40:48,666","    67250000"," ","4","  39,0",
"10/07/2025  17:40:48,666","    77250000"," ","5","  42,1",
"10/07/2025  17:40:48,666","    83250000","TELERAMA","6","  35,8",
"10/07/2025  17:40:48,666","   175250000","ECUADOR TV","7","  45,9",
"10/07/2025  17:40:48,666","   181250000"," CORPORACIÓN ECUATORIANA ","8","  77,4",
"10/07/2025  17:40:48,666","   187250000","TELEVISION DEL PACIFICO","9","  40,4",
"10/07/2025  17:40:48,666","   193250000"," ","10","  49,4",
"10/07/2025  17:40:48,666","   199250000","TELEAMAZONAS","11","  78,3",
"10/07/2025  17:40:48,666","   205250000"," ","12","  32,8",
"10/07/2025  17:40:48,666","   211250000","CADENA ECUATORIANA DE TEL","13","  72,4",
"10/07/2025  17:40:48,666","   471250000"," ","14","  28,0",
"10/07/2025  17:40:48,666","   477250000"," ","15","  28,8",
"10/07/2025  17:40:48,666","   483250000"," ","16","  40,1",
"10/07/2025  17:40:48,666","   513250000"," ","21","  34,9",
"10/07/2025  17:40:48,666","   519250000"," ","22","  27,8",
"10/07/2025  17:40:48,666","   525250000"," ","23","  29,9",
"10/07/2025  17:40:48,666","   531250000"," ","24","  29,5",
"10/07/2025  17:40:48,666","   537250000"," ","25","  32,7",
"10/07/2025  17:40:48,666","   543250000"," ","26","  31,5",
"10/07/2025  17:40:48,666","   549250000","OK TV-TEVECORP","27","  30,4",
"10/07/2025  17:40:48,666","   555250000"," ","28","  33,3",
"10/07/2025  17:40:48,666","   561250000"," ","29","  30,1",
"10/07/2025  17:40:48,666","   567250000"," ","30","  29,9",
"10/07/2025  17:40:48,666","   573250000","CANAL UNO no","31","  29,6",
"10/07/2025  17:40:48,666","   579250000"," ","32","  30,4",
"10/07/2025  17:40:48,666","   585250000","TELEATAHUALPA (RTU)","33","  31,8",
"10/07/2025  17:40:48,666","   591350000"," ","34","  29,4",
"10/07/2025  17:40:48,666","   597250000","TELEVICENTRO TVC","35","  79,5",
"10/07/2025  17:40:48,666","   603250000"," ","36","  31,5",
"10/07/2025  17:40:48,666","   615250000"," ","38","  36,4",
"10/07/2025  17:40:48,666","   621250000","UCSG TELEVISION","39","  29,8",
"10/07/2025  17:40:48,666","   627250000"," ","40","  33,7",
"10/07/2025  17:40:48,666","   633250000","OROMAR","41","  28,9",
"10/07/2025  17:40:48,666","   639250000"," ","42","  31,1",
"10/07/2025  17:40:48,666","   645250000"," ","43","  31,6",
"10/07/2025  17:40:48,666","   651250000"," ","44","  28,6",
"10/07/2025  17:40:48,666","   657250000"," ","45","  29,3",
"10/07/2025  17:40:48,666","   663250000"," ","46","  28,7",
"10/07/2025  17:40:48,666","   669250000"," ","47","  28,7",
"10/07/2025  17:40:48,666","   675250000"," ","48","  29,1",
"10/07/2025  17:40:48,666","   681250000"," ","49","  29,3",
"10/07/2025  17:40:48,666","   687250000"," ","50","  29,6",
"10/07/2025  17:40:48,666","   693250000"," ","51","  29,0",
"10/07/2025  17:41:32,564","    55250000"," ","2","  38,1",
"10/07/2025  17:41:32,564","    61250000","RED TELESISTEMA (R.T.S)","3","  63,3",
"10/07/2025  17:41:32,564","    67250000"," ","4","  39,4",
"10/07/2025  17:41:32,564","    77250000"," ","5","  42,4",
"10/07/2025  17:41:32,564","    83250000","TELERAMA","6","  40,8",
"10/07/2025  17:41:32,564","   175250000","ECUADOR TV","7","  44,5",
"10/07/2025  17:41:32,564","   181250000"," CORPORACIÓN ECUATORIANA ","8","  77,6",
"10/07/2025  17:41:32,564","   187250000","TELEVISION DEL PACIFICO","9","  40,9",
"10/07/2025  17:41:32,564","   193250000"," ","10","  46,9",
"10/07/2025  17:41:32,564","   199250000","TELEAMAZONAS","11","  78,6",
"10/07/2025  17:41:32,564","   205250000"," ","12","  32,0",
"10/07/2025  17:41:32,564","   211250000","CADENA ECUATORIANA DE TEL","13","  72,6",
"10/07/2025  17:41:32,564","   471250000"," ","14","  28,3",
"10/07/2025  17:41:32,564","   477250000"," ","15","  27,9",
"10/07/2025  17:41:32,564","   483250000"," ","16","  33,9",
"10/07/2025  17:41:32,564","   513250000"," ","21","  34,3",
"10/07/2025  17:41:32,564","   519250000"," ","22","  27,1",
"10/07/2025  17:41:32,564","   525250000"," ","23","  28,9",
"10/07/2025  17:41:32,564","   531250000"," ","24","  29,4",
"10/07/2025  17:41:32,564","   537250000"," ","25","  31,4",
"10/07/2025  17:41:32,564","   543250000"," ","26","  32,1",
"10/07/2025  17:41:32,564","   549250000","OK TV-TEVECORP","27","  31,0",
"10/07/2025  17:41:32,564","   555250000"," ","28","  33,3",
"10/07/2025  17:41:32,564","   561250000"," ","29","  31,3",
"10/07/2025  17:41:32,564","   567250000"," ","30","  29,7",
"10/07/2025  17:41:32,564","   573250000","CANAL UNO no","31","  29,6",
"10/07/2025  17:41:32,564","   579250000"," ","32","  31,5",
"10/07/2025  17:41:32,564","   585250000","TELEATAHUALPA (RTU)","33","  38,7",
"10/07/2025  17:41:32,564","   591350000"," ","34","  35,2",
"10/07/2025  17:41:32,564","   597250000","TELEVICENTRO TVC","35","  79,3",
"10/07/2025  17:41:32,564","   603250000"," ","36","  30,6",
"10/07/2025  17:41:32,564","   615250000"," ","38","  36,2",
"10/07/2025  17:41:32,564","   621250000","UCSG TELEVISION","39","  30,6",
"10/07/2025  17:41:32,564","   627250000"," ","40","  28,8",
"10/07/2025  17:41:32,564","   633250000","OROMAR","41","  29,9",
"10/07/2025  17:41:32,564","   639250000"," ","42","  30,1",
"10/07/2025  17:41:32,564","   645250000"," ","43","  30,3",
"10/07/2025  17:41:32,564","   651250000"," ","44","  29,2",
"10/07/2025  17:41:32,564","   657250000"," ","45","  28,5",
"10/07/2025  17:41:32,564","   663250000"," ","46","  30,8",
"10/07/2025  17:41:32,564","   669250000"," ","47","  29,4",
"10/07/2025  17:41:32,564","   675250000"," ","48","  29,3",
"10/07/2025  17:41:32,564","   681250000"," ","49","  30,4",
"10/07/2025  17:41:32,564","   687250000"," ","50","  26,9",
"10/07/2025  17:41:32,564","   693250000"," ","51","  28,8",
"10/07/2025  17:42:18,412","    55250000"," ","2","  36,5",
"10/07/2025  17:42:18,412","    61250000","RED TELESISTEMA (R.T.S)","3","  63,5",
"10/07/2025  17:42:18,412","    67250000"," ","4","  41,1",
"10/07/2025  17:42:18,412","    77250000"," ","5","  44,4",
"10/07/2025  17:42:18,412","    83250000","TELERAMA","6","  41,8",
"10/07/2025  17:42:18,412","   175250000","ECUADOR TV","7","  38,5",
"10/07/2025  17:42:18,412","   181250000"," CORPORACIÓN ECUATORIANA ","8","  77,4",
"10/07/2025  17:42:18,412","   187250000","TELEVISION DEL PACIFICO","9","  41,9",
"10/07/2025  17:42:18,412","   193250000"," ","10","  46,5",
"10/07/2025  17:42:18,412","   199250000","TELEAMAZONAS","11","  78,2",
"10/07/2025  17:42:18,412","   205250000"," ","12","  35,3",
"10/07/2025  17:42:18,412","   211250000","CADENA ECUATORIANA DE TEL","13","  72,6",
"10/07/2025  17:42:18,412","   471250000"," ","14","  41,5",
"10/07/2025  17:42:18,412","   477250000"," ","15","  28,5",
"10/07/2025  17:42:18,412","   483250000"," ","16","  28,5",
"10/07/2025  17:42:18,412","   513250000"," ","21","  48,0",
"10/07/2025  17:42:18,412","   519250000"," ","22","  28,6",
"10/07/2025  17:42:18,412","   525250000"," ","23","  30,3",
"10/07/2025  17:42:18,412","   531250000"," ","24","  28,1",
"10/07/2025  17:42:18,412","   537250000"," ","25","  33,3",
"10/07/2025  17:42:18,412","   543250000"," ","26","  30,6",
"10/07/2025  17:42:18,412","   549250000","OK TV-TEVECORP","27","  31,5",
"10/07/2025  17:42:18,412","   555250000"," ","28","  32,7",
"10/07/2025  17:42:18,412","   561250000"," ","29","  31,7",
"10/07/2025  17:42:18,412","   567250000"," ","30","  30,6",
"10/07/2025  17:42:18,412","   573250000","CANAL UNO no","31","  28,6",
"10/07/2025  17:42:18,412","   579250000"," ","32","  28,8",
"10/07/2025  17:42:18,412","   585250000","TELEATAHUALPA (RTU)","33","  32,0",
"10/07/2025  17:42:18,412","   591350000"," ","34","  30,0",
"10/07/2025  17:42:18,412","   597250000","TELEVICENTRO TVC","35","  78,7",
"10/07/2025  17:42:18,412","   603250000"," ","36","  29,6",
"10/07/2025  17:42:18,412","   615250000"," ","38","  35,8",
"10/07/2025  17:42:18,412","   621250000","UCSG TELEVISION","39","  49,0",
"10/07/2025  17:42:18,412","   627250000"," ","40","  29,8",
"10/07/2025  17:42:18,412","   633250000","OROMAR","41","  29,7",
"10/07/2025  17:42:18,412","   639250000"," ","42","  30,0",
"10/07/2025  17:42:18,412","   645250000"," ","43","  34,3",
"10/07/2025  17:42:18,412","   651250000"," ","44","  28,2",
"10/07/2025  17:42:18,412","   657250000"," ","45","  28,2",
"10/07/2025  17:42:18,412","   663250000"," ","46","  28,7",
"10/07/2025  17:42:18,412","   669250000"," ","47","  28,8",
"10/07/2025  17:42:18,412","   675250000"," ","48","  28,5",
"10/07/2025  17:42:18,412","   681250000"," ","49","  29,2",
"10/07/2025  17:42:18,412","   687250000"," ","50","  28,6",
"10/07/2025  17:42:18,412","   693250000"," ","51","  27,5",
"11/07/2025  7:20:02,756","    55250000"," ","2","  42,3",
"11/07/2025  7:20:02,756","    61250000","RED TELESISTEMA (R.T.S)","3","  63,8",
"11/07/2025  7:20:02,756","    67250000"," ","4","  39,9",
"11/07/2025  7:20:02,756","    77250000"," ","5","  43,8",
"11/07/2025  7:20:02,756","    83250000","TELERAMA","6","  37,2",
"11/07/2025  7:20:02,756","   175250000","ECUADOR TV","7","  47,2",
"11/07/2025  7:20:02,756","   181250000"," CORPORACIÓN ECUATORIANA ","8","  77,6",
"11/07/2025  7:20:02,756","   187250000","TELEVISION DEL PACIFICO","9","  41,0",
"11/07/2025  7:20:02,756","   193250000"," ","10","  49,1",
"11/07/2025  7:20:02,756","   199250000","TELEAMAZONAS","11","  78,8",
"11/07/2025  7:20:02,756","   205250000"," ","12","  42,1",
"11/07/2025  7:20:02,756","   211250000","CADENA ECUATORIANA DE TEL","13","  72,4",
"11/07/2025  7:20:02,756","   471250000"," ","14","  45,0",
"11/07/2025  7:20:02,756","   477250000"," ","15","  29,3",
"11/07/2025  7:20:02,756","   483250000"," ","16","  28,2",
"11/07/2025  7:20:02,756","   513250000"," ","21","  34,3",
"11/07/2025  7:20:02,756","   519250000"," ","22","  28,4",
"11/07/2025  7:20:02,756","   525250000"," ","23","  31,0",
"11/07/2025  7:20:02,756","   531250000"," ","24","  37,0",
"11/07/2025  7:20:02,756","   537250000"," ","25","  30,9",
"11/07/2025  7:20:02,756","   543250000"," ","26","  33,5",
"11/07/2025  7:20:02,756","   549250000","OK TV-TEVECORP","27","  32,5",
"11/07/2025  7:20:02,756","   555250000"," ","28","  35,1",
"11/07/2025  7:20:02,756","   561250000"," ","29","  31,0",
"11/07/2025  7:20:02,756","   567250000"," ","30","  30,6",
"11/07/2025  7:20:02,756","   573250000","CANAL UNO no","31","  28,3",
"11/07/2025  7:20:02,756","   579250000"," ","32","  31,3",
"11/07/2025  7:20:02,756","   585250000","TELEATAHUALPA (RTU)","33","  33,4",
"11/07/2025  7:20:02,756","   591350000"," ","34","  29,5",
"11/07/2025  7:20:02,756","   597250000","TELEVICENTRO TVC","35","  80,0",
"11/07/2025  7:20:02,756","   603250000"," ","36","  30,7",
"11/07/2025  7:20:02,756","   615250000"," ","38","  38,9",
"11/07/2025  7:20:02,756","   621250000","UCSG TELEVISION","39","  30,5",
"11/07/2025  7:20:02,756","   627250000"," ","40","  28,2",
"11/07/2025  7:20:02,756","   633250000","OROMAR","41","  29,6",
"11/07/2025  7:20:02,756","   639250000"," ","42","  29,7",
"11/07/2025  7:20:02,756","   645250000"," ","43","  31,2",
"11/07/2025  7:20:02,756","   651250000"," ","44","  29,4",
"11/07/2025  7:20:02,756","   657250000"," ","45","  27,6",
"11/07/2025  7:20:02,756","   663250000"," ","46","  28,4",
"11/07/2025  7:20:02,756","   669250000"," ","47","  28,7",
"11/07/2025  7:20:02,756","   675250000"," ","48","  28,8",
"11/07/2025  7:20:02,756","   681250000"," ","49","  28,0",
"11/07/2025  7:20:02,756","   687250000"," ","50","  29,4",
"11/07/2025  7:20:02,756","   693250000"," ","51","  29,6",
"11/07/2025  7:20:48,639","    55250000"," ","2","  41,3",
"11/07/2025  7:20:48,639","    61250000","RED TELESISTEMA (R.T.S)","3","  64,1",
"11/07/2025  7:20:48,639","    67250000"," ","4","  40,7",
"11/07/2025  7:20:48,639","    77250000"," ","5","  44,0",
"11/07/2025  7:20:48,639","    83250000","TELERAMA","6","  36,3",
"11/07/2025  7:20:48,639","   175250000","ECUADOR TV","7","  37,6",
"11/07/2025  7:20:48,639","   181250000"," CORPORACIÓN ECUATORIANA ","8","  77,5",
"11/07/2025  7:20:48,639","   187250000","TELEVISION DEL PACIFICO","9","  39,9",
"11/07/2025  7:20:48,639","   193250000"," ","10","  45,5",
"11/07/2025  7:20:48,639","   199250000","TELEAMAZONAS","11","  78,7",
"11/07/2025  7:20:48,639","   205250000"," ","12","  34,2",
"11/07/2025  7:20:48,639","   211250000","CADENA ECUATORIANA DE TEL","13","  72,2",
"11/07/2025  7:20:48,639","   471250000"," ","14","  43,8",
"11/07/2025  7:20:48,639","   477250000"," ","15","  38,0",
"11/07/2025  7:20:48,639","   483250000"," ","16","  28,9",
"11/07/2025  7:20:48,639","   513250000"," ","21","  28,7",
"11/07/2025  7:20:48,639","   519250000"," ","22","  27,5",
"11/07/2025  7:20:48,639","   525250000"," ","23","  30,2",
"11/07/2025  7:20:48,639","   531250000"," ","24","  32,8",
"11/07/2025  7:20:48,639","   537250000"," ","25","  31,5",
"11/07/2025  7:20:48,639","   543250000"," ","26","  36,8",
"11/07/2025  7:20:48,639","   549250000","OK TV-TEVECORP","27","  31,4",
"11/07/2025  7:20:48,639","   555250000"," ","28","  34,8",
"11/07/2025  7:20:48,639","   561250000"," ","29","  34,3",
"11/07/2025  7:20:48,639","   567250000"," ","30","  28,0",
"11/07/2025  7:20:48,639","   573250000","CANAL UNO no","31","  28,9",
"11/07/2025  7:20:48,639","   579250000"," ","32","  30,1",
"11/07/2025  7:20:48,639","   585250000","TELEATAHUALPA (RTU)","33","  32,0",
"11/07/2025  7:20:48,639","   591350000"," ","34","  37,8",
"11/07/2025  7:20:48,639","   597250000","TELEVICENTRO TVC","35","  79,7",
"11/07/2025  7:20:48,639","   603250000"," ","36","  32,1",
"11/07/2025  7:20:48,639","   615250000"," ","38","  39,3",
"11/07/2025  7:20:48,639","   621250000","UCSG TELEVISION","39","  30,1",
"11/07/2025  7:20:48,639","   627250000"," ","40","  29,1",
"11/07/2025  7:20:48,639","   633250000","OROMAR","41","  27,7",
"11/07/2025  7:20:48,639","   639250000"," ","42","  29,1",
"11/07/2025  7:20:48,639","   645250000"," ","43","  31,1",
"11/07/2025  7:20:48,639","   651250000"," ","44","  29,4",
"11/07/2025  7:20:48,639","   657250000"," ","45","  28,2",
"11/07/2025  7:20:48,639","   663250000"," ","46","  28,1",
"11/07/2025  7:20:48,639","   669250000"," ","47","  28,1",
"11/07/2025  7:20:48,639","   675250000"," ","48","  27,4",
"11/07/2025  7:20:48,639","   681250000"," ","49","  27,8",
"11/07/2025  7:20:48,639","   687250000"," ","50","  28,4",
"11/07/2025  7:20:48,639","   693250000"," ","51","  29,9",
"11/07/2025  7:21:32,547","    55250000"," ","2","  39,7",
"11/07/2025  7:21:32,547","    61250000","RED TELESISTEMA (R.T.S)","3","  63,7",
"11/07/2025  7:21:32,547","    67250000"," ","4","  39,9",
"11/07/2025  7:21:32,547","    77250000"," ","5","  42,7",
"11/07/2025  7:21:32,547","    83250000","TELERAMA","6","  35,3",
"11/07/2025  7:21:32,547","   175250000","ECUADOR TV","7","  45,4",
"11/07/2025  7:21:32,547","   181250000"," CORPORACIÓN ECUATORIANA ","8","  77,7",
"11/07/2025  7:21:32,547","   187250000","TELEVISION DEL PACIFICO","9","  39,9",
"11/07/2025  7:21:32,547","   193250000"," ","10","  47,5",
"11/07/2025  7:21:32,547","   199250000","TELEAMAZONAS","11","  78,8",
"11/07/2025  7:21:32,547","   205250000"," ","12","  41,6",
"11/07/2025  7:21:32,547","   211250000","CADENA ECUATORIANA DE TEL","13","  72,7",
"11/07/2025  7:21:32,547","   471250000"," ","14","  30,8",
"11/07/2025  7:21:32,547","   477250000"," ","15","  27,7",
"11/07/2025  7:21:32,547","   483250000"," ","16","  28,4",
"11/07/2025  7:21:32,547","   513250000"," ","21","  29,3",
"11/07/2025  7:21:32,547","   519250000"," ","22","  28,4",
"11/07/2025  7:21:32,547","   525250000"," ","23","  33,0",
"11/07/2025  7:21:32,547","   531250000"," ","24","  31,9",
"11/07/2025  7:21:32,547","   537250000"," ","25","  31,0",
"11/07/2025  7:21:32,547","   543250000"," ","26","  36,4",
"11/07/2025  7:21:32,547","   549250000","OK TV-TEVECORP","27","  31,3",
"11/07/2025  7:21:32,547","   555250000"," ","28","  35,5",
"11/07/2025  7:21:32,547","   561250000"," ","29","  31,4",
"11/07/2025  7:21:32,547","   567250000"," ","30","  30,0",
"11/07/2025  7:21:32,547","   573250000","CANAL UNO no","31","  31,4",
"11/07/2025  7:21:32,547","   579250000"," ","32","  29,5",
"11/07/2025  7:21:32,547","   585250000","TELEATAHUALPA (RTU)","33","  31,6",
"11/07/2025  7:21:32,547","   591350000"," ","34","  30,7",
"11/07/2025  7:21:32,547","   597250000","TELEVICENTRO TVC","35","  79,9",
"11/07/2025  7:21:32,547","   603250000"," ","36","  31,0",
"11/07/2025  7:21:32,547","   615250000"," ","38","  37,8",
"11/07/2025  7:21:32,547","   621250000","UCSG TELEVISION","39","  29,0",
"11/07/2025  7:21:32,547","   627250000"," ","40","  38,8",
"11/07/2025  7:21:32,547","   633250000","OROMAR","41","  29,2",
"11/07/2025  7:21:32,547","   639250000"," ","42","  30,0",
"11/07/2025  7:21:32,547","   645250000"," ","43","  30,2",
"11/07/2025  7:21:32,547","   651250000"," ","44","  29,0",
"11/07/2025  7:21:32,547","   657250000"," ","45","  30,2",
"11/07/2025  7:21:32,547","   663250000"," ","46","  28,4",
"11/07/2025  7:21:32,547","   669250000"," ","47","  29,4",
"11/07/2025  7:21:32,547","   675250000"," ","48","  28,6",
"11/07/2025  7:21:32,547","   681250000"," ","49","  27,2",
"11/07/2025  7:21:32,547","   687250000"," ","50","  28,0",
"11/07/2025  7:21:32,547","   693250000"," ","51","  28,6",
"11/07/2025  7:22:18,404","    55250000"," ","2","  37,8",
"11/07/2025  7:22:18,404","    61250000","RED TELESISTEMA (R.T.S)","3","  64,0",
"11/07/2025  7:22:18,404","    67250000"," ","4","  41,7",
"11/07/2025  7:22:18,404","    77250000"," ","5","  40,8",
"11/07/2025  7:22:18,404","    83250000","TELERAMA","6","  36,8",
"11/07/2025  7:22:18,404","   175250000","ECUADOR TV","7","  37,0",
"11/07/2025  7:22:18,404","   181250000"," CORPORACIÓN ECUATORIANA ","8","  77,7",
"11/07/2025  7:22:18,404","   187250000","TELEVISION DEL PACIFICO","9","  40,8",
"11/07/2025  7:22:18,404","   193250000"," ","10","  46,4",
"11/07/2025  7:22:18,404","   199250000","TELEAMAZONAS","11","  78,7",
"11/07/2025  7:22:18,404","   205250000"," ","12","  44,3",
"11/07/2025  7:22:18,404","   211250000","CADENA ECUATORIANA DE TEL","13","  72,2",
"11/07/2025  7:22:18,404","   471250000"," ","14","  43,5",
"11/07/2025  7:22:18,404","   477250000"," ","15","  28,4",
"11/07/2025  7:22:18,404","   483250000"," ","16","  30,5",
"11/07/2025  7:22:18,404","   513250000"," ","21","  27,7",
"11/07/2025  7:22:18,404","   519250000"," ","22","  28,4",
"11/07/2025  7:22:18,404","   525250000"," ","23","  31,4",
"11/07/2025  7:22:18,404","   531250000"," ","24","  30,9",
"11/07/2025  7:22:18,404","   537250000"," ","25","  31,2",
"11/07/2025  7:22:18,404","   543250000"," ","26","  35,4",
"11/07/2025  7:22:18,404","   549250000","OK TV-TEVECORP","27","  33,1",
"11/07/2025  7:22:18,404","   555250000"," ","28","  36,1",
"11/07/2025  7:22:18,404","   561250000"," ","29","  30,6",
"11/07/2025  7:22:18,404","   567250000"," ","30","  29,5",
"11/07/2025  7:22:18,404","   573250000","CANAL UNO no","31","  29,7",
"11/07/2025  7:22:18,404","   579250000"," ","32","  29,0",
"11/07/2025  7:22:18,404","   585250000","TELEATAHUALPA (RTU)","33","  33,4",
"11/07/2025  7:22:18,404","   591350000"," ","34","  29,9",
"11/07/2025  7:22:18,404","   597250000","TELEVICENTRO TVC","35","  80,0",
"11/07/2025  7:22:18,404","   603250000"," ","36","  31,0",
"11/07/2025  7:22:18,404","   615250000"," ","38","  37,1",
"11/07/2025  7:22:18,404","   621250000","UCSG TELEVISION","39","  29,6",
"11/07/2025  7:22:18,404","   627250000"," ","40","  30,1",
"11/07/2025  7:22:18,404","   633250000","OROMAR","41","  50,2",
"11/07/2025  7:22:18,404","   639250000"," ","42","  29,4",
"11/07/2025  7:22:18,404","   645250000"," ","43","  31,8",
"11/07/2025  7:22:18,404","   651250000"," ","44","  28,8",
"11/07/2025  7:22:18,404","   657250000"," ","45","  28,7",
"11/07/2025  7:22:18,404","   663250000"," ","46","  28,9",
"11/07/2025  7:22:18,404","   669250000"," ","47","  28,6",
"11/07/2025  7:22:18,404","   675250000"," ","48","  28,3",
"11/07/2025  7:22:18,404","   681250000"," ","49","  27,6",
"11/07/2025  7:22:18,404","   687250000"," ","50","  27,7",
"11/07/2025  7:22:18,404","   693250000"," ","51","  28,2",
"11/07/2025  17:40:02,821","    55250000"," ","2","  40,1",
"11/07/2025  17:40:02,821","    61250000","RED TELESISTEMA (R.T.S)","3","  63,8",
"11/07/2025  17:40:02,821","    67250000"," ","4","  40,6",
"11/07/2025  17:40:02,821","    77250000"," ","5","  45,3",
"11/07/2025  17:40:02,821","    83250000","TELERAMA","6","  36,2",
"11/07/2025  17:40:02,821","   175250000","ECUADOR TV","7","  42,2",
"11/07/2025  17:40:02,821","   181250000"," CORPORACIÓN ECUATORIANA ","8","  77,2",
"11/07/2025  17:40:02,821","   187250000","TELEVISION DEL PACIFICO","9","  41,0",
"11/07/2025  17:40:02,821","   193250000"," ","10","  46,6",
"11/07/2025  17:40:02,821","   199250000","TELEAMAZONAS","11","  78,6",
"11/07/2025  17:40:02,821","   205250000"," ","12","  42,9",
"11/07/2025  17:40:02,821","   211250000","CADENA ECUATORIANA DE TEL","13","  72,7",
"11/07/2025  17:40:02,821","   471250000"," ","14","  29,6",
"11/07/2025  17:40:02,821","   477250000"," ","15","  29,3",
"11/07/2025  17:40:02,821","   483250000"," ","16","  29,0",
"11/07/2025  17:40:02,821","   513250000"," ","21","  29,5",
"11/07/2025  17:40:02,821","   519250000"," ","22","  30,0",
"11/07/2025  17:40:02,821","   525250000"," ","23","  29,6",
"11/07/2025  17:40:02,821","   531250000"," ","24","  28,8",
"11/07/2025  17:40:02,821","   537250000"," ","25","  48,4",
"11/07/2025  17:40:02,821","   543250000"," ","26","  32,2",
"11/07/2025  17:40:02,821","   549250000","OK TV-TEVECORP","27","  32,2",
"11/07/2025  17:40:02,821","   555250000"," ","28","  33,8",
"11/07/2025  17:40:02,821","   561250000"," ","29","  31,0",
"11/07/2025  17:40:02,821","   567250000"," ","30","  31,1",
"11/07/2025  17:40:02,821","   573250000","CANAL UNO no","31","  28,9",
"11/07/2025  17:40:02,821","   579250000"," ","32","  29,7",
"11/07/2025  17:40:02,821","   585250000","TELEATAHUALPA (RTU)","33","  32,2",
"11/07/2025  17:40:02,821","   591350000"," ","34","  29,0",
"11/07/2025  17:40:02,821","   597250000","TELEVICENTRO TVC","35","  81,0",
"11/07/2025  17:40:02,821","   603250000"," ","36","  29,2",
"11/07/2025  17:40:02,821","   615250000"," ","38","  39,0",
"11/07/2025  17:40:02,821","   621250000","UCSG TELEVISION","39","  30,4",
"11/07/2025  17:40:02,821","   627250000"," ","40","  28,7",
"11/07/2025  17:40:02,821","   633250000","OROMAR","41","  28,0",
"11/07/2025  17:40:02,821","   639250000"," ","42","  31,8",
"11/07/2025  17:40:02,821","   645250000"," ","43","  30,8",
"11/07/2025  17:40:02,821","   651250000"," ","44","  30,2",
"11/07/2025  17:40:02,821","   657250000"," ","45","  28,3",
"11/07/2025  17:40:02,821","   663250000"," ","46","  29,7",
"11/07/2025  17:40:02,821","   669250000"," ","47","  28,9",
"11/07/2025  17:40:02,821","   675250000"," ","48","  29,1",
"11/07/2025  17:40:02,821","   681250000"," ","49","  27,7",
"11/07/2025  17:40:02,821","   687250000"," ","50","  29,1",
"11/07/2025  17:40:02,821","   693250000"," ","51","  29,7",
"11/07/2025  17:40:48,692","    55250000"," ","2","  37,3",
"11/07/2025  17:40:48,692","    61250000","RED TELESISTEMA (R.T.S)","3","  63,7",
"11/07/2025  17:40:48,692","    67250000"," ","4","  40,5",
"11/07/2025  17:40:48,692","    77250000"," ","5","  44,1",
"11/07/2025  17:40:48,692","    83250000","TELERAMA","6","  35,1",
"11/07/2025  17:40:48,692","   175250000","ECUADOR TV","7","  43,5",
"11/07/2025  17:40:48,692","   181250000"," CORPORACIÓN ECUATORIANA ","8","  77,8",
"11/07/2025  17:40:48,692","   187250000","TELEVISION DEL PACIFICO","9","  40,4",
"11/07/2025  17:40:48,692","   193250000"," ","10","  48,1",
"11/07/2025  17:40:48,692","   199250000","TELEAMAZONAS","11","  78,8",
"11/07/2025  17:40:48,692","   205250000"," ","12","  39,2",
"11/07/2025  17:40:48,692","   211250000","CADENA ECUATORIANA DE TEL","13","  72,9",
"11/07/2025  17:40:48,692","   471250000"," ","14","  30,4",
"11/07/2025  17:40:48,692","   477250000"," ","15","  27,0",
"11/07/2025  17:40:48,692","   483250000"," ","16","  29,8",
"11/07/2025  17:40:48,692","   513250000"," ","21","  29,6",
"11/07/2025  17:40:48,692","   519250000"," ","22","  29,5",
"11/07/2025  17:40:48,692","   525250000"," ","23","  29,5",
"11/07/2025  17:40:48,692","   531250000"," ","24","  29,8",
"11/07/2025  17:40:48,692","   537250000"," ","25","  31,3",
"11/07/2025  17:40:48,692","   543250000"," ","26","  30,7",
"11/07/2025  17:40:48,692","   549250000","OK TV-TEVECORP","27","  30,7",
"11/07/2025  17:40:48,692","   555250000"," ","28","  33,3",
"11/07/2025  17:40:48,692","   561250000"," ","29","  30,4",
"11/07/2025  17:40:48,692","   567250000"," ","30","  29,8",
"11/07/2025  17:40:48,692","   573250000","CANAL UNO no","31","  29,4",
"11/07/2025  17:40:48,692","   579250000"," ","32","  30,8",
"11/07/2025  17:40:48,692","   585250000","TELEATAHUALPA (RTU)","33","  33,7",
"11/07/2025  17:40:48,692","   591350000"," ","34","  29,9",
"11/07/2025  17:40:48,692","   597250000","TELEVICENTRO TVC","35","  80,3",
"11/07/2025  17:40:48,692","   603250000"," ","36","  30,3",
"11/07/2025  17:40:48,692","   615250000"," ","38","  37,5",
"11/07/2025  17:40:48,692","   621250000","UCSG TELEVISION","39","  30,2",
"11/07/2025  17:40:48,692","   627250000"," ","40","  29,2",
"11/07/2025  17:40:48,692","   633250000","OROMAR","41","  29,1",
"11/07/2025  17:40:48,692","   639250000"," ","42","  29,7",
"11/07/2025  17:40:48,692","   645250000"," ","43","  31,2",
"11/07/2025  17:40:48,692","   651250000"," ","44","  31,6",
"11/07/2025  17:40:48,692","   657250000"," ","45","  28,6",
"11/07/2025  17:40:48,692","   663250000"," ","46","  31,3",
"11/07/2025  17:40:48,692","   669250000"," ","47","  30,9",
"11/07/2025  17:40:48,692","   675250000"," ","48","  29,6",
"11/07/2025  17:40:48,692","   681250000"," ","49","  28,3",
"11/07/2025  17:40:48,692","   687250000"," ","50","  31,9",
"11/07/2025  17:40:48,692","   693250000"," ","51","  28,4",
"11/07/2025  17:41:32,625","    55250000"," ","2","  47,1",
"11/07/2025  17:41:32,625","    61250000","RED TELESISTEMA (R.T.S)","3","  63,9",
"11/07/2025  17:41:32,625","    67250000"," ","4","  39,8",
"11/07/2025  17:41:32,625","    77250000"," ","5","  42,0",
"11/07/2025  17:41:32,625","    83250000","TELERAMA","6","  34,5",
"11/07/2025  17:41:32,625","   175250000","ECUADOR TV","7","  36,4",
"11/07/2025  17:41:32,625","   181250000"," CORPORACIÓN ECUATORIANA ","8","  77,5",
"11/07/2025  17:41:32,625","   187250000","TELEVISION DEL PACIFICO","9","  40,5",
"11/07/2025  17:41:32,625","   193250000"," ","10","  46,1",
"11/07/2025  17:41:32,625","   199250000","TELEAMAZONAS","11","  78,8",
"11/07/2025  17:41:32,625","   205250000"," ","12","  32,5",
"11/07/2025  17:41:32,625","   211250000","CADENA ECUATORIANA DE TEL","13","  72,8",
"11/07/2025  17:41:32,625","   471250000"," ","14","  29,7",
"11/07/2025  17:41:32,625","   477250000"," ","15","  28,6",
"11/07/2025  17:41:32,625","   483250000"," ","16","  28,4",
"11/07/2025  17:41:32,625","   513250000"," ","21","  28,3",
"11/07/2025  17:41:32,625","   519250000"," ","22","  28,0",
"11/07/2025  17:41:32,625","   525250000"," ","23","  29,5",
"11/07/2025  17:41:32,625","   531250000"," ","24","  30,8",
"11/07/2025  17:41:32,625","   537250000"," ","25","  30,8",
"11/07/2025  17:41:32,625","   543250000"," ","26","  33,5",
"11/07/2025  17:41:32,625","   549250000","OK TV-TEVECORP","27","  30,2",
"11/07/2025  17:41:32,625","   555250000"," ","28","  41,0",
"11/07/2025  17:41:32,625","   561250000"," ","29","  29,9",
"11/07/2025  17:41:32,625","   567250000"," ","30","  29,2",
"11/07/2025  17:41:32,625","   573250000","CANAL UNO no","31","  33,5",
"11/07/2025  17:41:32,625","   579250000"," ","32","  28,9",
"11/07/2025  17:41:32,625","   585250000","TELEATAHUALPA (RTU)","33","  44,1",
"11/07/2025  17:41:32,625","   591350000"," ","34","  29,5",
"11/07/2025  17:41:32,625","   597250000","TELEVICENTRO TVC","35","  79,0",
"11/07/2025  17:41:32,625","   603250000"," ","36","  30,7",
"11/07/2025  17:41:32,625","   615250000"," ","38","  37,7",
"11/07/2025  17:41:32,625","   621250000","UCSG TELEVISION","39","  31,7",
"11/07/2025  17:41:32,625","   627250000"," ","40","  29,8",
"11/07/2025  17:41:32,625","   633250000","OROMAR","41","  28,5",
"11/07/2025  17:41:32,625","   639250000"," ","42","  28,2",
"11/07/2025  17:41:32,625","   645250000"," ","43","  31,4",
"11/07/2025  17:41:32,625","   651250000"," ","44","  31,2",
"11/07/2025  17:41:32,625","   657250000"," ","45","  28,5",
"11/07/2025  17:41:32,625","   663250000"," ","46","  28,0",
"11/07/2025  17:41:32,625","   669250000"," ","47","  28,1",
"11/07/2025  17:41:32,625","   675250000"," ","48","  29,6",
"11/07/2025  17:41:32,625","   681250000"," ","49","  30,4",
"11/07/2025  17:41:32,625","   687250000"," ","50","  28,2",
"11/07/2025  17:41:32,625","   693250000"," ","51","  30,1",
"11/07/2025  17:42:18,486","    55250000"," ","2","  44,3",
"11/07/2025  17:42:18,486","    61250000","RED TELESISTEMA (R.T.S)","3","  63,8",
"11/07/2025  17:42:18,486","    67250000"," ","4","  40,4",
"11/07/2025  17:42:18,486","    77250000"," ","5","  47,7",
"11/07/2025  17:42:18,486","    83250000","TELERAMA","6","  36,2",
"11/07/2025  17:42:18,486","   175250000","ECUADOR TV","7","  46,2",
"11/07/2025  17:42:18,486","   181250000"," CORPORACIÓN ECUATORIANA ","8","  77,7",
"11/07/2025  17:42:18,486","   187250000","TELEVISION DEL PACIFICO","9","  39,8",
"11/07/2025  17:42:18,486","   193250000"," ","10","  47,7",
"11/07/2025  17:42:18,486","   199250000","TELEAMAZONAS","11","  78,9",
"11/07/2025  17:42:18,486","   205250000"," ","12","  44,8",
"11/07/2025  17:42:18,486","   211250000","CADENA ECUATORIANA DE TEL","13","  72,9",
"11/07/2025  17:42:18,486","   471250000"," ","14","  27,7",
"11/07/2025  17:42:18,486","   477250000"," ","15","  28,4",
"11/07/2025  17:42:18,486","   483250000"," ","16","  28,9",
"11/07/2025  17:42:18,486","   513250000"," ","21","  28,0",
"11/07/2025  17:42:18,486","   519250000"," ","22","  26,7",
"11/07/2025  17:42:18,486","   525250000"," ","23","  30,4",
"11/07/2025  17:42:18,486","   531250000"," ","24","  32,5",
"11/07/2025  17:42:18,486","   537250000"," ","25","  31,7",
"11/07/2025  17:42:18,486","   543250000"," ","26","  30,1",
"11/07/2025  17:42:18,486","   549250000","OK TV-TEVECORP","27","  31,1",
"11/07/2025  17:42:18,486","   555250000"," ","28","  35,6",
"11/07/2025  17:42:18,486","   561250000"," ","29","  29,8",
"11/07/2025  17:42:18,486","   567250000"," ","30","  29,0",
"11/07/2025  17:42:18,486","   573250000","CANAL UNO no","31","  29,1",
"11/07/2025  17:42:18,486","   579250000"," ","32","  30,2",
"11/07/2025  17:42:18,486","   585250000","TELEATAHUALPA (RTU)","33","  32,7",
"11/07/2025  17:42:18,486","   591350000"," ","34","  30,3",
"11/07/2025  17:42:18,486","   597250000","TELEVICENTRO TVC","35","  79,9",
"11/07/2025  17:42:18,486","   603250000"," ","36","  30,3",
"11/07/2025  17:42:18,486","   615250000"," ","38","  36,7",
"11/07/2025  17:42:18,486","   621250000","UCSG TELEVISION","39","  28,6",
"11/07/2025  17:42:18,486","   627250000"," ","40","  29,3",
"11/07/2025  17:42:18,486","   633250000","OROMAR","41","  29,2",
"11/07/2025  17:42:18,486","   639250000"," ","42","  29,1",
"11/07/2025  17:42:18,486","   645250000"," ","43","  31,1",
"11/07/2025  17:42:18,486","   651250000"," ","44","  30,9",
"11/07/2025  17:42:18,486","   657250000"," ","45","  30,1",
"11/07/2025  17:42:18,486","   663250000"," ","46","  28,0",
"11/07/2025  17:42:18,486","   669250000"," ","47","  28,5",
"11/07/2025  17:42:18,486","   675250000"," ","48","  28,8",
"11/07/2025  17:42:18,486","   681250000"," ","49","  28,7",
"11/07/2025  17:42:18,486","   687250000"," ","50","  28,2",
"11/07/2025  17:42:18,486","   693250000"," ","51","  28,8",
"12/07/2025  7:20:02,530","    55250000"," ","2","  36,6",
"12/07/2025  7:20:02,530","    61250000","RED TELESISTEMA (R.T.S)","3","  63,9",
"12/07/2025  7:20:02,530","    67250000"," ","4","  40,0",
"12/07/2025  7:20:02,530","    77250000"," ","5","  44,8",
"12/07/2025  7:20:02,530","    83250000","TELERAMA","6","  34,3",
"12/07/2025  7:20:02,530","   175250000","ECUADOR TV","7","  37,0",
"12/07/2025  7:20:02,530","   181250000"," CORPORACIÓN ECUATORIANA ","8","  77,9",
"12/07/2025  7:20:02,530","   187250000","TELEVISION DEL PACIFICO","9","  39,8",
"12/07/2025  7:20:02,530","   193250000"," ","10","  46,0",
"12/07/2025  7:20:02,530","   199250000","TELEAMAZONAS","11","  78,8",
"12/07/2025  7:20:02,530","   205250000"," ","12","  31,4",
"12/07/2025  7:20:02,530","   211250000","CADENA ECUATORIANA DE TEL","13","  72,6",
"12/07/2025  7:20:02,530","   471250000"," ","14","  29,1",
"12/07/2025  7:20:02,530","   477250000"," ","15","  29,8",
"12/07/2025  7:20:02,530","   483250000"," ","16","  28,5",
"12/07/2025  7:20:02,530","   513250000"," ","21","  26,4",
"12/07/2025  7:20:02,530","   519250000"," ","22","  27,8",
"12/07/2025  7:20:02,530","   525250000"," ","23","  29,3",
"12/07/2025  7:20:02,530","   531250000"," ","24","  29,8",
"12/07/2025  7:20:02,530","   537250000"," ","25","  31,6",
"12/07/2025  7:20:02,530","   543250000"," ","26","  37,3",
"12/07/2025  7:20:02,530","   549250000","OK TV-TEVECORP","27","  30,9",
"12/07/2025  7:20:02,530","   555250000"," ","28","  35,1",
"12/07/2025  7:20:02,530","   561250000"," ","29","  30,4",
"12/07/2025  7:20:02,530","   567250000"," ","30","  30,5",
"12/07/2025  7:20:02,530","   573250000","CANAL UNO no","31","  28,9",
"12/07/2025  7:20:02,530","   579250000"," ","32","  29,4",
"12/07/2025  7:20:02,530","   585250000","TELEATAHUALPA (RTU)","33","  31,9",
"12/07/2025  7:20:02,530","   591350000"," ","34","  30,0",
"12/07/2025  7:20:02,530","   597250000","TELEVICENTRO TVC","35","  79,9",
"12/07/2025  7:20:02,530","   603250000"," ","36","  30,7",
"12/07/2025  7:20:02,530","   615250000"," ","38","  33,6",
"12/07/2025  7:20:02,530","   621250000","UCSG TELEVISION","39","  31,2",
"12/07/2025  7:20:02,530","   627250000"," ","40","  29,4",
"12/07/2025  7:20:02,530","   633250000","OROMAR","41","  27,3",
"12/07/2025  7:20:02,530","   639250000"," ","42","  29,8",
"12/07/2025  7:20:02,530","   645250000"," ","43","  30,9",
"12/07/2025  7:20:02,530","   651250000"," ","44","  29,7",
"12/07/2025  7:20:02,530","   657250000"," ","45","  34,3",
"12/07/2025  7:20:02,530","   663250000"," ","46","  28,3",
"12/07/2025  7:20:02,530","   669250000"," ","47","  27,7",
"12/07/2025  7:20:02,530","   675250000"," ","48","  29,0",
"12/07/2025  7:20:02,530","   681250000"," ","49","  28,4",
"12/07/2025  7:20:02,530","   687250000"," ","50","  28,4",
"12/07/2025  7:20:02,530","   693250000"," ","51","  27,3",
"12/07/2025  7:20:48,400","    55250000"," ","2","  36,1",
"12/07/2025  7:20:48,400","    61250000","RED TELESISTEMA (R.T.S)","3","  63,7",
"12/07/2025  7:20:48,400","    67250000"," ","4","  40,8",
"12/07/2025  7:20:48,400","    77250000"," ","5","  39,9",
"12/07/2025  7:20:48,400","    83250000","TELERAMA","6","  36,8",
"12/07/2025  7:20:48,400","   175250000","ECUADOR TV","7","  46,4",
"12/07/2025  7:20:48,400","   181250000"," CORPORACIÓN ECUATORIANA ","8","  78,0",
"12/07/2025  7:20:48,400","   187250000","TELEVISION DEL PACIFICO","9","  39,6",
"12/07/2025  7:20:48,400","   193250000"," ","10","  45,6",
"12/07/2025  7:20:48,400","   199250000","TELEAMAZONAS","11","  78,9",
"12/07/2025  7:20:48,400","   205250000"," ","12","  34,4",
"12/07/2025  7:20:48,400","   211250000","CADENA ECUATORIANA DE TEL","13","  72,8",
"12/07/2025  7:20:48,400","   471250000"," ","14","  28,2",
"12/07/2025  7:20:48,400","   477250000"," ","15","  28,8",
"12/07/2025  7:20:48,400","   483250000"," ","16","  28,4",
"12/07/2025  7:20:48,400","   513250000"," ","21","  27,3",
"12/07/2025  7:20:48,400","   519250000"," ","22","  28,7",
"12/07/2025  7:20:48,400","   525250000"," ","23","  29,9",
"12/07/2025  7:20:48,400","   531250000"," ","24","  31,2",
"12/07/2025  7:20:48,400","   537250000"," ","25","  32,0",
"12/07/2025  7:20:48,400","   543250000"," ","26","  37,0",
"12/07/2025  7:20:48,400","   549250000","OK TV-TEVECORP","27","  30,2",
"12/07/2025  7:20:48,400","   555250000"," ","28","  31,8",
"12/07/2025  7:20:48,400","   561250000"," ","29","  30,6",
"12/07/2025  7:20:48,400","   567250000"," ","30","  31,5",
"12/07/2025  7:20:48,400","   573250000","CANAL UNO no","31","  30,7",
"12/07/2025  7:20:48,400","   579250000"," ","32","  30,1",
"12/07/2025  7:20:48,400","   585250000","TELEATAHUALPA (RTU)","33","  32,0",
"12/07/2025  7:20:48,400","   591350000"," ","34","  30,2",
"12/07/2025  7:20:48,400","   597250000","TELEVICENTRO TVC","35","  80,0",
"12/07/2025  7:20:48,400","   603250000"," ","36","  29,4",
"12/07/2025  7:20:48,400","   615250000"," ","38","  32,1",
"12/07/2025  7:20:48,400","   621250000","UCSG TELEVISION","39","  29,5",
"12/07/2025  7:20:48,400","   627250000"," ","40","  29,5",
"12/07/2025  7:20:48,400","   633250000","OROMAR","41","  29,2",
"12/07/2025  7:20:48,400","   639250000"," ","42","  29,5",
"12/07/2025  7:20:48,400","   645250000"," ","43","  31,1",
"12/07/2025  7:20:48,400","   651250000"," ","44","  28,8",
"12/07/2025  7:20:48,400","   657250000"," ","45","  39,5",
"12/07/2025  7:20:48,400","   663250000"," ","46","  29,3",
"12/07/2025  7:20:48,400","   669250000"," ","47","  28,0",
"12/07/2025  7:20:48,400","   675250000"," ","48","  28,3",
"12/07/2025  7:20:48,400","   681250000"," ","49","  27,1",
"12/07/2025  7:20:48,400","   687250000"," ","50","  28,7",
"12/07/2025  7:20:48,400","   693250000"," ","51","  26,9",
"12/07/2025  7:21:32,308","    55250000"," ","2","  38,7",
"12/07/2025  7:21:32,308","    61250000","RED TELESISTEMA (R.T.S)","3","  63,9",
"12/07/2025  7:21:32,308","    67250000"," ","4","  38,6",
"12/07/2025  7:21:32,308","    77250000"," ","5","  40,9",
"12/07/2025  7:21:32,308","    83250000","TELERAMA","6","  33,8",
"12/07/2025  7:21:32,308","   175250000","ECUADOR TV","7","  44,7",
"12/07/2025  7:21:32,308","   181250000"," CORPORACIÓN ECUATORIANA ","8","  77,8",
"12/07/2025  7:21:32,308","   187250000","TELEVISION DEL PACIFICO","9","  40,8",
"12/07/2025  7:21:32,308","   193250000"," ","10","  46,4",
"12/07/2025  7:21:32,308","   199250000","TELEAMAZONAS","11","  78,8",
"12/07/2025  7:21:32,308","   205250000"," ","12","  35,2",
"12/07/2025  7:21:32,308","   211250000","CADENA ECUATORIANA DE TEL","13","  72,6",
"12/07/2025  7:21:32,308","   471250000"," ","14","  28,3",
"12/07/2025  7:21:32,308","   477250000"," ","15","  28,5",
"12/07/2025  7:21:32,308","   483250000"," ","16","  29,3",
"12/07/2025  7:21:32,308","   513250000"," ","21","  30,7",
"12/07/2025  7:21:32,308","   519250000"," ","22","  28,8",
"12/07/2025  7:21:32,308","   525250000"," ","23","  29,7",
"12/07/2025  7:21:32,308","   531250000"," ","24","  28,6",
"12/07/2025  7:21:32,308","   537250000"," ","25","  31,3",
"12/07/2025  7:21:32,308","   543250000"," ","26","  37,0",
"12/07/2025  7:21:32,308","   549250000","OK TV-TEVECORP","27","  31,9",
"12/07/2025  7:21:32,308","   555250000"," ","28","  34,1",
"12/07/2025  7:21:32,308","   561250000"," ","29","  31,9",
"12/07/2025  7:21:32,308","   567250000"," ","30","  29,5",
"12/07/2025  7:21:32,308","   573250000","CANAL UNO no","31","  30,8",
"12/07/2025  7:21:32,308","   579250000"," ","32","  30,0",
"12/07/2025  7:21:32,308","   585250000","TELEATAHUALPA (RTU)","33","  31,6",
"12/07/2025  7:21:32,308","   591350000"," ","34","  29,4",
"12/07/2025  7:21:32,308","   597250000","TELEVICENTRO TVC","35","  79,6",
"12/07/2025  7:21:32,308","   603250000"," ","36","  30,8",
"12/07/2025  7:21:32,308","   615250000"," ","38","  34,1",
"12/07/2025  7:21:32,308","   621250000","UCSG TELEVISION","39","  29,2",
"12/07/2025  7:21:32,308","   627250000"," ","40","  29,4",
"12/07/2025  7:21:32,308","   633250000","OROMAR","41","  29,3",
"12/07/2025  7:21:32,308","   639250000"," ","42","  28,2",
"12/07/2025  7:21:32,308","   645250000"," ","43","  30,7",
"12/07/2025  7:21:32,308","   651250000"," ","44","  28,9",
"12/07/2025  7:21:32,308","   657250000"," ","45","  28,3",
"12/07/2025  7:21:32,308","   663250000"," ","46","  27,5",
"12/07/2025  7:21:32,308","   669250000"," ","47","  28,8",
"12/07/2025  7:21:32,308","   675250000"," ","48","  27,8",
"12/07/2025  7:21:32,308","   681250000"," ","49","  29,8",
"12/07/2025  7:21:32,308","   687250000"," ","50","  28,9",
"12/07/2025  7:21:32,308","   693250000"," ","51","  28,6",
"12/07/2025  7:22:18,166","    55250000"," ","2","  38,1",
"12/07/2025  7:22:18,166","    61250000","RED TELESISTEMA (R.T.S)","3","  63,8",
"12/07/2025  7:22:18,166","    67250000"," ","4","  39,9",
"12/07/2025  7:22:18,166","    77250000"," ","5","  41,9",
"12/07/2025  7:22:18,166","    83250000","TELERAMA","6","  32,3",
"12/07/2025  7:22:18,166","   175250000","ECUADOR TV","7","  34,3",
"12/07/2025  7:22:18,166","   181250000"," CORPORACIÓN ECUATORIANA ","8","  77,8",
"12/07/2025  7:22:18,166","   187250000","TELEVISION DEL PACIFICO","9","  40,1",
"12/07/2025  7:22:18,166","   193250000"," ","10","  46,6",
"12/07/2025  7:22:18,166","   199250000","TELEAMAZONAS","11","  78,7",
"12/07/2025  7:22:18,166","   205250000"," ","12","  38,4",
"12/07/2025  7:22:18,166","   211250000","CADENA ECUATORIANA DE TEL","13","  72,5",
"12/07/2025  7:22:18,166","   471250000"," ","14","  28,3",
"12/07/2025  7:22:18,166","   477250000"," ","15","  33,8",
"12/07/2025  7:22:18,166","   483250000"," ","16","  29,2",
"12/07/2025  7:22:18,166","   513250000"," ","21","  27,0",
"12/07/2025  7:22:18,166","   519250000"," ","22","  28,1",
"12/07/2025  7:22:18,166","   525250000"," ","23","  29,9",
"12/07/2025  7:22:18,166","   531250000"," ","24","  28,8",
"12/07/2025  7:22:18,166","   537250000"," ","25","  32,4",
"12/07/2025  7:22:18,166","   543250000"," ","26","  35,5",
"12/07/2025  7:22:18,166","   549250000","OK TV-TEVECORP","27","  31,0",
"12/07/2025  7:22:18,166","   555250000"," ","28","  31,9",
"12/07/2025  7:22:18,166","   561250000"," ","29","  30,0",
"12/07/2025  7:22:18,166","   567250000"," ","30","  29,7",
"12/07/2025  7:22:18,166","   573250000","CANAL UNO no","31","  30,0",
"12/07/2025  7:22:18,166","   579250000"," ","32","  30,1",
"12/07/2025  7:22:18,166","   585250000","TELEATAHUALPA (RTU)","33","  33,6",
"12/07/2025  7:22:18,166","   591350000"," ","34","  29,9",
"12/07/2025  7:22:18,166","   597250000","TELEVICENTRO TVC","35","  79,8",
"12/07/2025  7:22:18,166","   603250000"," ","36","  30,2",
"12/07/2025  7:22:18,166","   615250000"," ","38","  31,8",
"12/07/2025  7:22:18,166","   621250000","UCSG TELEVISION","39","  28,8",
"12/07/2025  7:22:18,166","   627250000"," ","40","  28,7",
"12/07/2025  7:22:18,166","   633250000","OROMAR","41","  29,0",
"12/07/2025  7:22:18,166","   639250000"," ","42","  30,2",
"12/07/2025  7:22:18,166","   645250000"," ","43","  32,1",
"12/07/2025  7:22:18,166","   651250000"," ","44","  30,7",
"12/07/2025  7:22:18,166","   657250000"," ","45","  28,7",
"12/07/2025  7:22:18,166","   663250000"," ","46","  28,0",
"12/07/2025  7:22:18,166","   669250000"," ","47","  27,7",
"12/07/2025  7:22:18,166","   675250000"," ","48","  29,6",
"12/07/2025  7:22:18,166","   681250000"," ","49","  29,3",
"12/07/2025  7:22:18,166","   687250000"," ","50","  29,2",
"12/07/2025  7:22:18,166","   693250000"," ","51","  28,6",
"12/07/2025  17:40:02,803","    55250000"," ","2","  44,9",
"12/07/2025  17:40:02,803","    61250000","RED TELESISTEMA (R.T.S)","3","  63,7",
"12/07/2025  17:40:02,803","    67250000"," ","4","  38,3",
"12/07/2025  17:40:02,803","    77250000"," ","5","  46,7",
"12/07/2025  17:40:02,803","    83250000","TELERAMA","6","  40,1",
"12/07/2025  17:40:02,803","   175250000","ECUADOR TV","7","  37,8",
"12/07/2025  17:40:02,803","   181250000"," CORPORACIÓN ECUATORIANA ","8","  77,5",
"12/07/2025  17:40:02,803","   187250000","TELEVISION DEL PACIFICO","9","  44,0",
"12/07/2025  17:40:02,803","   193250000"," ","10","  51,1",
"12/07/2025  17:40:02,803","   199250000","TELEAMAZONAS","11","  79,0",
"12/07/2025  17:40:02,803","   205250000"," ","12","  30,9",
"12/07/2025  17:40:02,803","   211250000","CADENA ECUATORIANA DE TEL","13","  72,9",
"12/07/2025  17:40:02,803","   471250000"," ","14","  28,1",
"12/07/2025  17:40:02,803","   477250000"," ","15","  31,3",
"12/07/2025  17:40:02,803","   483250000"," ","16","  28,0",
"12/07/2025  17:40:02,803","   513250000"," ","21","  29,9",
"12/07/2025  17:40:02,803","   519250000"," ","22","  33,4",
"12/07/2025  17:40:02,803","   525250000"," ","23","  30,4",
"12/07/2025  17:40:02,803","   531250000"," ","24","  28,3",
"12/07/2025  17:40:02,803","   537250000"," ","25","  37,1",
"12/07/2025  17:40:02,803","   543250000"," ","26","  33,7",
"12/07/2025  17:40:02,803","   549250000","OK TV-TEVECORP","27","  31,8",
"12/07/2025  17:40:02,803","   555250000"," ","28","  35,2",
"12/07/2025  17:40:02,803","   561250000"," ","29","  31,1",
"12/07/2025  17:40:02,803","   567250000"," ","30","  29,3",
"12/07/2025  17:40:02,803","   573250000","CANAL UNO no","31","  30,1",
"12/07/2025  17:40:02,803","   579250000"," ","32","  36,2",
"12/07/2025  17:40:02,803","   585250000","TELEATAHUALPA (RTU)","33","  32,9",
"12/07/2025  17:40:02,803","   591350000"," ","34","  29,4",
"12/07/2025  17:40:02,803","   597250000","TELEVICENTRO TVC","35","  30,6",
"12/07/2025  17:40:02,803","   603250000"," ","36","  30,1",
"12/07/2025  17:40:02,803","   615250000"," ","38","  37,5",
"12/07/2025  17:40:02,803","   621250000","UCSG TELEVISION","39","  29,7",
"12/07/2025  17:40:02,803","   627250000"," ","40","  29,9",
"12/07/2025  17:40:02,803","   633250000","OROMAR","41","  30,0",
"12/07/2025  17:40:02,803","   639250000"," ","42","  28,5",
"12/07/2025  17:40:02,803","   645250000"," ","43","  30,8",
"12/07/2025  17:40:02,803","   651250000"," ","44","  40,9",
"12/07/2025  17:40:02,803","   657250000"," ","45","  29,4",
"12/07/2025  17:40:02,803","   663250000"," ","46","  29,5",
"12/07/2025  17:40:02,803","   669250000"," ","47","  28,3",
"12/07/2025  17:40:02,803","   675250000"," ","48","  29,6",
"12/07/2025  17:40:02,803","   681250000"," ","49","  29,0",
"12/07/2025  17:40:02,803","   687250000"," ","50","  28,5",
"12/07/2025  17:40:02,803","   693250000"," ","51","  29,4",
"12/07/2025  17:40:48,685","    55250000"," ","2","  46,0",
"12/07/2025  17:40:48,685","    61250000","RED TELESISTEMA (R.T.S)","3","  63,3",
"12/07/2025  17:40:48,685","    67250000"," ","4","  39,2",
"12/07/2025  17:40:48,685","    77250000"," ","5","  40,8",
"12/07/2025  17:40:48,685","    83250000","TELERAMA","6","  39,2",
"12/07/2025  17:40:48,685","   175250000","ECUADOR TV","7","  42,0",
"12/07/2025  17:40:48,685","   181250000"," CORPORACIÓN ECUATORIANA ","8","  77,8",
"12/07/2025  17:40:48,685","   187250000","TELEVISION DEL PACIFICO","9","  42,2",
"12/07/2025  17:40:48,685","   193250000"," ","10","  45,8",
"12/07/2025  17:40:48,685","   199250000","TELEAMAZONAS","11","  79,1",
"12/07/2025  17:40:48,685","   205250000"," ","12","  32,2",
"12/07/2025  17:40:48,685","   211250000","CADENA ECUATORIANA DE TEL","13","  72,8",
"12/07/2025  17:40:48,685","   471250000"," ","14","  28,9",
"12/07/2025  17:40:48,685","   477250000"," ","15","  27,8",
"12/07/2025  17:40:48,685","   483250000"," ","16","  27,5",
"12/07/2025  17:40:48,685","   513250000"," ","21","  31,6",
"12/07/2025  17:40:48,685","   519250000"," ","22","  27,8",
"12/07/2025  17:40:48,685","   525250000"," ","23","  30,5",
"12/07/2025  17:40:48,685","   531250000"," ","24","  28,1",
"12/07/2025  17:40:48,685","   537250000"," ","25","  42,7",
"12/07/2025  17:40:48,685","   543250000"," ","26","  34,4",
"12/07/2025  17:40:48,685","   549250000","OK TV-TEVECORP","27","  31,9",
"12/07/2025  17:40:48,685","   555250000"," ","28","  35,3",
"12/07/2025  17:40:48,685","   561250000"," ","29","  31,4",
"12/07/2025  17:40:48,685","   567250000"," ","30","  30,3",
"12/07/2025  17:40:48,685","   573250000","CANAL UNO no","31","  30,1",
"12/07/2025  17:40:48,685","   579250000"," ","32","  30,3",
"12/07/2025  17:40:48,685","   585250000","TELEATAHUALPA (RTU)","33","  32,8",
"12/07/2025  17:40:48,685","   591350000"," ","34","  29,6",
"12/07/2025  17:40:48,685","   597250000","TELEVICENTRO TVC","35","  30,6",
"12/07/2025  17:40:48,685","   603250000"," ","36","  30,0",
"12/07/2025  17:40:48,685","   615250000"," ","38","  36,6",
"12/07/2025  17:40:48,685","   621250000","UCSG TELEVISION","39","  29,6",
"12/07/2025  17:40:48,685","   627250000"," ","40","  29,9",
"12/07/2025  17:40:48,685","   633250000","OROMAR","41","  29,0",
"12/07/2025  17:40:48,685","   639250000"," ","42","  30,0",
"12/07/2025  17:40:48,685","   645250000"," ","43","  31,0",
"12/07/2025  17:40:48,685","   651250000"," ","44","  31,4",
"12/07/2025  17:40:48,685","   657250000"," ","45","  27,6",
"12/07/2025  17:40:48,685","   663250000"," ","46","  28,8",
"12/07/2025  17:40:48,685","   669250000"," ","47","  29,2",
"12/07/2025  17:40:48,685","   675250000"," ","48","  30,1",
"12/07/2025  17:40:48,685","   681250000"," ","49","  27,8",
"12/07/2025  17:40:48,685","   687250000"," ","50","  30,1",
"12/07/2025  17:40:48,685","   693250000"," ","51","  30,5",
"12/07/2025  17:41:32,613","    55250000"," ","2","  46,2",
"12/07/2025  17:41:32,613","    61250000","RED TELESISTEMA (R.T.S)","3","  63,7",
"12/07/2025  17:41:32,613","    67250000"," ","4","  40,1",
"12/07/2025  17:41:32,613","    77250000"," ","5","  44,3",
"12/07/2025  17:41:32,613","    83250000","TELERAMA","6","  33,7",
"12/07/2025  17:41:32,613","   175250000","ECUADOR TV","7","  45,9",
"12/07/2025  17:41:32,613","   181250000"," CORPORACIÓN ECUATORIANA ","8","  77,7",
"12/07/2025  17:41:32,613","   187250000","TELEVISION DEL PACIFICO","9","  42,7",
"12/07/2025  17:41:32,613","   193250000"," ","10","  49,5",
"12/07/2025  17:41:32,613","   199250000","TELEAMAZONAS","11","  79,2",
"12/07/2025  17:41:32,613","   205250000"," ","12","  45,0",
"12/07/2025  17:41:32,613","   211250000","CADENA ECUATORIANA DE TEL","13","  73,1",
"12/07/2025  17:41:32,613","   471250000"," ","14","  27,7",
"12/07/2025  17:41:32,613","   477250000"," ","15","  29,8",
"12/07/2025  17:41:32,613","   483250000"," ","16","  30,6",
"12/07/2025  17:41:32,613","   513250000"," ","21","  31,2",
"12/07/2025  17:41:32,613","   519250000"," ","22","  26,7",
"12/07/2025  17:41:32,613","   525250000"," ","23","  30,5",
"12/07/2025  17:41:32,613","   531250000"," ","24","  29,5",
"12/07/2025  17:41:32,613","   537250000"," ","25","  43,5",
"12/07/2025  17:41:32,613","   543250000"," ","26","  34,7",
"12/07/2025  17:41:32,613","   549250000","OK TV-TEVECORP","27","  31,7",
"12/07/2025  17:41:32,613","   555250000"," ","28","  32,8",
"12/07/2025  17:41:32,613","   561250000"," ","29","  31,5",
"12/07/2025  17:41:32,613","   567250000"," ","30","  30,6",
"12/07/2025  17:41:32,613","   573250000","CANAL UNO no","31","  30,8",
"12/07/2025  17:41:32,613","   579250000"," ","32","  29,2",
"12/07/2025  17:41:32,613","   585250000","TELEATAHUALPA (RTU)","33","  31,7",
"12/07/2025  17:41:32,613","   591350000"," ","34","  28,6",
"12/07/2025  17:41:32,613","   597250000","TELEVICENTRO TVC","35","  31,6",
"12/07/2025  17:41:32,613","   603250000"," ","36","  30,5",
"12/07/2025  17:41:32,613","   615250000"," ","38","  38,6",
"12/07/2025  17:41:32,613","   621250000","UCSG TELEVISION","39","  29,5",
"12/07/2025  17:41:32,613","   627250000"," ","40","  29,5",
"12/07/2025  17:41:32,613","   633250000","OROMAR","41","  30,4",
"12/07/2025  17:41:32,613","   639250000"," ","42","  30,4",
"12/07/2025  17:41:32,613","   645250000"," ","43","  30,7",
"12/07/2025  17:41:32,613","   651250000"," ","44","  28,7",
"12/07/2025  17:41:32,613","   657250000"," ","45","  27,6",
"12/07/2025  17:41:32,613","   663250000"," ","46","  27,9",
"12/07/2025  17:41:32,613","   669250000"," ","47","  28,4",
"12/07/2025  17:41:32,613","   675250000"," ","48","  28,4",
"12/07/2025  17:41:32,613","   681250000"," ","49","  28,4",
"12/07/2025  17:41:32,613","   687250000"," ","50","  28,8",
"12/07/2025  17:41:32,613","   693250000"," ","51","  26,7",
"12/07/2025  17:42:18,473","    55250000"," ","2","  38,3",
"12/07/2025  17:42:18,473","    61250000","RED TELESISTEMA (R.T.S)","3","  63,5",
"12/07/2025  17:42:18,473","    67250000"," ","4","  39,1",
"12/07/2025  17:42:18,473","    77250000"," ","5","  46,8",
"12/07/2025  17:42:18,473","    83250000","TELERAMA","6","  37,7",
"12/07/2025  17:42:18,473","   175250000","ECUADOR TV","7","  35,8",
"12/07/2025  17:42:18,473","   181250000"," CORPORACIÓN ECUATORIANA ","8","  77,6",
"12/07/2025  17:42:18,473","   187250000","TELEVISION DEL PACIFICO","9","  42,5",
"12/07/2025  17:42:18,473","   193250000"," ","10","  51,9",
"12/07/2025  17:42:18,473","   199250000","TELEAMAZONAS","11","  79,1",
"12/07/2025  17:42:18,473","   205250000"," ","12","  32,5",
"12/07/2025  17:42:18,473","   211250000","CADENA ECUATORIANA DE TEL","13","  72,8",
"12/07/2025  17:42:18,473","   471250000"," ","14","  32,8",
"12/07/2025  17:42:18,473","   477250000"," ","15","  38,2",
"12/07/2025  17:42:18,473","   483250000"," ","16","  29,8",
"12/07/2025  17:42:18,473","   513250000"," ","21","  28,4",
"12/07/2025  17:42:18,473","   519250000"," ","22","  28,8",
"12/07/2025  17:42:18,473","   525250000"," ","23","  29,0",
"12/07/2025  17:42:18,473","   531250000"," ","24","  29,6",
"12/07/2025  17:42:18,473","   537250000"," ","25","  36,8",
"12/07/2025  17:42:18,473","   543250000"," ","26","  33,9",
"12/07/2025  17:42:18,473","   549250000","OK TV-TEVECORP","27","  31,0",
"12/07/2025  17:42:18,473","   555250000"," ","28","  33,8",
"12/07/2025  17:42:18,473","   561250000"," ","29","  31,0",
"12/07/2025  17:42:18,473","   567250000"," ","30","  35,4",
"12/07/2025  17:42:18,473","   573250000","CANAL UNO no","31","  29,6",
"12/07/2025  17:42:18,473","   579250000"," ","32","  29,7",
"12/07/2025  17:42:18,473","   585250000","TELEATAHUALPA (RTU)","33","  32,4",
"12/07/2025  17:42:18,473","   591350000"," ","34","  31,2",
"12/07/2025  17:42:18,473","   597250000","TELEVICENTRO TVC","35","  31,5",
"12/07/2025  17:42:18,473","   603250000"," ","36","  29,8",
"12/07/2025  17:42:18,473","   615250000"," ","38","  38,5",
"12/07/2025  17:42:18,473","   621250000","UCSG TELEVISION","39","  30,8",
"12/07/2025  17:42:18,473","   627250000"," ","40","  28,2",
"12/07/2025  17:42:18,473","   633250000","OROMAR","41","  28,1",
"12/07/2025  17:42:18,473","   639250000"," ","42","  29,7",
"12/07/2025  17:42:18,473","   645250000"," ","43","  31,0",
"12/07/2025  17:42:18,473","   651250000"," ","44","  29,5",
"12/07/2025  17:42:18,473","   657250000"," ","45","  29,2",
"12/07/2025  17:42:18,473","   663250000"," ","46","  28,7",
"12/07/2025  17:42:18,473","   669250000"," ","47","  29,0",
"12/07/2025  17:42:18,473","   675250000"," ","48","  29,6",
"12/07/2025  17:42:18,473","   681250000"," ","49","  27,6",
"12/07/2025  17:42:18,473","   687250000"," ","50","  28,0",
"12/07/2025  17:42:18,473","   693250000"," ","51","  28,3",
"13/07/2025  7:20:02,783","    55250000"," ","2","  46,2",
"13/07/2025  7:20:02,783","    61250000","RED TELESISTEMA (R.T.S)","3","  63,7",
"13/07/2025  7:20:02,783","    67250000"," ","4","  40,1",
"13/07/2025  7:20:02,783","    77250000"," ","5","  40,8",
"13/07/2025  7:20:02,783","    83250000","TELERAMA","6","  37,6",
"13/07/2025  7:20:02,783","   175250000","ECUADOR TV","7","  36,0",
"13/07/2025  7:20:02,783","   181250000"," CORPORACIÓN ECUATORIANA ","8","  77,7",
"13/07/2025  7:20:02,783","   187250000","TELEVISION DEL PACIFICO","9","  39,9",
"13/07/2025  7:20:02,783","   193250000"," ","10","  49,0",
"13/07/2025  7:20:02,783","   199250000","TELEAMAZONAS","11","  78,3",
"13/07/2025  7:20:02,783","   205250000"," ","12","  34,9",
"13/07/2025  7:20:02,783","   211250000","CADENA ECUATORIANA DE TEL","13","  71,6",
"13/07/2025  7:20:02,783","   471250000"," ","14","  28,4",
"13/07/2025  7:20:02,783","   477250000"," ","15","  29,5",
"13/07/2025  7:20:02,783","   483250000"," ","16","  27,7",
"13/07/2025  7:20:02,783","   513250000"," ","21","  28,4",
"13/07/2025  7:20:02,783","   519250000"," ","22","  27,3",
"13/07/2025  7:20:02,783","   525250000"," ","23","  37,9",
"13/07/2025  7:20:02,783","   531250000"," ","24","  29,9",
"13/07/2025  7:20:02,783","   537250000"," ","25","  32,4",
"13/07/2025  7:20:02,783","   543250000"," ","26","  35,3",
"13/07/2025  7:20:02,783","   549250000","OK TV-TEVECORP","27","  31,0",
"13/07/2025  7:20:02,783","   555250000"," ","28","  31,2",
"13/07/2025  7:20:02,783","   561250000"," ","29","  30,6",
"13/07/2025  7:20:02,783","   567250000"," ","30","  28,8",
"13/07/2025  7:20:02,783","   573250000","CANAL UNO no","31","  30,4",
"13/07/2025  7:20:02,783","   579250000"," ","32","  31,1",
"13/07/2025  7:20:02,783","   585250000","TELEATAHUALPA (RTU)","33","  32,0",
"13/07/2025  7:20:02,783","   591350000"," ","34","  29,8",
"13/07/2025  7:20:02,783","   597250000","TELEVICENTRO TVC","35","  79,5",
"13/07/2025  7:20:02,783","   603250000"," ","36","  38,9",
"13/07/2025  7:20:02,783","   615250000"," ","38","  31,7",
"13/07/2025  7:20:02,783","   621250000","UCSG TELEVISION","39","  30,3",
"13/07/2025  7:20:02,783","   627250000"," ","40","  47,0",
"13/07/2025  7:20:02,783","   633250000","OROMAR","41","  28,9",
"13/07/2025  7:20:02,783","   639250000"," ","42","  29,0",
"13/07/2025  7:20:02,783","   645250000"," ","43","  41,9",
"13/07/2025  7:20:02,783","   651250000"," ","44","  28,5",
"13/07/2025  7:20:02,783","   657250000"," ","45","  28,2",
"13/07/2025  7:20:02,783","   663250000"," ","46","  27,8",
"13/07/2025  7:20:02,783","   669250000"," ","47","  29,0",
"13/07/2025  7:20:02,783","   675250000"," ","48","  29,1",
"13/07/2025  7:20:02,783","   681250000"," ","49","  27,7",
"13/07/2025  7:20:02,783","   687250000"," ","50","  27,7",
"13/07/2025  7:20:02,783","   693250000"," ","51","  28,4",
"13/07/2025  7:20:48,669","    55250000"," ","2","  44,0",
"13/07/2025  7:20:48,669","    61250000","RED TELESISTEMA (R.T.S)","3","  63,9",
"13/07/2025  7:20:48,669","    67250000"," ","4","  39,7",
"13/07/2025  7:20:48,669","    77250000"," ","5","  39,7",
"13/07/2025  7:20:48,669","    83250000","TELERAMA","6","  34,4",
"13/07/2025  7:20:48,669","   175250000","ECUADOR TV","7","  36,8",
"13/07/2025  7:20:48,669","   181250000"," CORPORACIÓN ECUATORIANA ","8","  77,6",
"13/07/2025  7:20:48,669","   187250000","TELEVISION DEL PACIFICO","9","  40,3",
"13/07/2025  7:20:48,669","   193250000"," ","10","  48,0",
"13/07/2025  7:20:48,669","   199250000","TELEAMAZONAS","11","  77,9",
"13/07/2025  7:20:48,669","   205250000"," ","12","  39,1",
"13/07/2025  7:20:48,669","   211250000","CADENA ECUATORIANA DE TEL","13","  71,6",
"13/07/2025  7:20:48,669","   471250000"," ","14","  28,1",
"13/07/2025  7:20:48,669","   477250000"," ","15","  27,9",
"13/07/2025  7:20:48,669","   483250000"," ","16","  28,8",
"13/07/2025  7:20:48,669","   513250000"," ","21","  27,2",
"13/07/2025  7:20:48,669","   519250000"," ","22","  27,5",
"13/07/2025  7:20:48,669","   525250000"," ","23","  30,5",
"13/07/2025  7:20:48,669","   531250000"," ","24","  30,3",
"13/07/2025  7:20:48,669","   537250000"," ","25","  32,2",
"13/07/2025  7:20:48,669","   543250000"," ","26","  30,4",
"13/07/2025  7:20:48,669","   549250000","OK TV-TEVECORP","27","  32,8",
"13/07/2025  7:20:48,669","   555250000"," ","28","  32,6",
"13/07/2025  7:20:48,669","   561250000"," ","29","  30,1",
"13/07/2025  7:20:48,669","   567250000"," ","30","  29,4",
"13/07/2025  7:20:48,669","   573250000","CANAL UNO no","31","  29,8",
"13/07/2025  7:20:48,669","   579250000"," ","32","  29,3",
"13/07/2025  7:20:48,669","   585250000","TELEATAHUALPA (RTU)","33","  31,7",
"13/07/2025  7:20:48,669","   591350000"," ","34","  29,9",
"13/07/2025  7:20:48,669","   597250000","TELEVICENTRO TVC","35","  80,1",
"13/07/2025  7:20:48,669","   603250000"," ","36","  29,3",
"13/07/2025  7:20:48,669","   615250000"," ","38","  30,8",
"13/07/2025  7:20:48,669","   621250000","UCSG TELEVISION","39","  29,1",
"13/07/2025  7:20:48,669","   627250000"," ","40","  28,3",
"13/07/2025  7:20:48,669","   633250000","OROMAR","41","  29,9",
"13/07/2025  7:20:48,669","   639250000"," ","42","  28,2",
"13/07/2025  7:20:48,669","   645250000"," ","43","  30,9",
"13/07/2025  7:20:48,669","   651250000"," ","44","  28,7",
"13/07/2025  7:20:48,669","   657250000"," ","45","  27,8",
"13/07/2025  7:20:48,669","   663250000"," ","46","  30,4",
"13/07/2025  7:20:48,669","   669250000"," ","47","  28,0",
"13/07/2025  7:20:48,669","   675250000"," ","48","  30,6",
"13/07/2025  7:20:48,669","   681250000"," ","49","  36,3",
"13/07/2025  7:20:48,669","   687250000"," ","50","  29,2",
"13/07/2025  7:20:48,669","   693250000"," ","51","  28,0",
"13/07/2025  7:21:32,586","    55250000"," ","2","  44,1",
"13/07/2025  7:21:32,586","    61250000","RED TELESISTEMA (R.T.S)","3","  63,4",
"13/07/2025  7:21:32,586","    67250000"," ","4","  40,8",
"13/07/2025  7:21:32,586","    77250000"," ","5","  39,5",
"13/07/2025  7:21:32,586","    83250000","TELERAMA","6","  33,0",
"13/07/2025  7:21:32,586","   175250000","ECUADOR TV","7","  42,6",
"13/07/2025  7:21:32,586","   181250000"," CORPORACIÓN ECUATORIANA ","8","  77,3",
"13/07/2025  7:21:32,586","   187250000","TELEVISION DEL PACIFICO","9","  39,0",
"13/07/2025  7:21:32,586","   193250000"," ","10","  45,0",
"13/07/2025  7:21:32,586","   199250000","TELEAMAZONAS","11","  78,0",
"13/07/2025  7:21:32,586","   205250000"," ","12","  33,1",
"13/07/2025  7:21:32,586","   211250000","CADENA ECUATORIANA DE TEL","13","  71,6",
"13/07/2025  7:21:32,586","   471250000"," ","14","  27,5",
"13/07/2025  7:21:32,586","   477250000"," ","15","  27,5",
"13/07/2025  7:21:32,586","   483250000"," ","16","  28,4",
"13/07/2025  7:21:32,586","   513250000"," ","21","  30,7",
"13/07/2025  7:21:32,586","   519250000"," ","22","  35,2",
"13/07/2025  7:21:32,586","   525250000"," ","23","  29,9",
"13/07/2025  7:21:32,586","   531250000"," ","24","  30,1",
"13/07/2025  7:21:32,586","   537250000"," ","25","  31,3",
"13/07/2025  7:21:32,586","   543250000"," ","26","  32,6",
"13/07/2025  7:21:32,586","   549250000","OK TV-TEVECORP","27","  30,6",
"13/07/2025  7:21:32,586","   555250000"," ","28","  33,7",
"13/07/2025  7:21:32,586","   561250000"," ","29","  31,2",
"13/07/2025  7:21:32,586","   567250000"," ","30","  29,0",
"13/07/2025  7:21:32,586","   573250000","CANAL UNO no","31","  30,0",
"13/07/2025  7:21:32,586","   579250000"," ","32","  31,4",
"13/07/2025  7:21:32,586","   585250000","TELEATAHUALPA (RTU)","33","  33,6",
"13/07/2025  7:21:32,586","   591350000"," ","34","  29,9",
"13/07/2025  7:21:32,586","   597250000","TELEVICENTRO TVC","35","  80,1",
"13/07/2025  7:21:32,586","   603250000"," ","36","  29,4",
"13/07/2025  7:21:32,586","   615250000"," ","38","  34,9",
"13/07/2025  7:21:32,586","   621250000","UCSG TELEVISION","39","  52,5",
"13/07/2025  7:21:32,586","   627250000"," ","40","  27,5",
"13/07/2025  7:21:32,586","   633250000","OROMAR","41","  28,5",
"13/07/2025  7:21:32,586","   639250000"," ","42","  33,0",
"13/07/2025  7:21:32,586","   645250000"," ","43","  31,3",
"13/07/2025  7:21:32,586","   651250000"," ","44","  28,5",
"13/07/2025  7:21:32,586","   657250000"," ","45","  27,6",
"13/07/2025  7:21:32,586","   663250000"," ","46","  28,3",
"13/07/2025  7:21:32,586","   669250000"," ","47","  28,2",
"13/07/2025  7:21:32,586","   675250000"," ","48","  28,5",
"13/07/2025  7:21:32,586","   681250000"," ","49","  28,9",
"13/07/2025  7:21:32,586","   687250000"," ","50","  28,0",
"13/07/2025  7:21:32,586","   693250000"," ","51","  30,0",
"13/07/2025  7:22:18,443","    55250000"," ","2","  43,5",
"13/07/2025  7:22:18,443","    61250000","RED TELESISTEMA (R.T.S)","3","  63,5",
"13/07/2025  7:22:18,443","    67250000"," ","4","  38,5",
"13/07/2025  7:22:18,443","    77250000"," ","5","  41,3",
"13/07/2025  7:22:18,443","    83250000","TELERAMA","6","  49,3",
"13/07/2025  7:22:18,443","   175250000","ECUADOR TV","7","  35,9",
"13/07/2025  7:22:18,443","   181250000"," CORPORACIÓN ECUATORIANA ","8","  77,3",
"13/07/2025  7:22:18,443","   187250000","TELEVISION DEL PACIFICO","9","  39,3",
"13/07/2025  7:22:18,443","   193250000"," ","10","  45,7",
"13/07/2025  7:22:18,443","   199250000","TELEAMAZONAS","11","  78,1",
"13/07/2025  7:22:18,443","   205250000"," ","12","  37,2",
"13/07/2025  7:22:18,443","   211250000","CADENA ECUATORIANA DE TEL","13","  71,8",
"13/07/2025  7:22:18,443","   471250000"," ","14","  27,9",
"13/07/2025  7:22:18,443","   477250000"," ","15","  29,0",
"13/07/2025  7:22:18,443","   483250000"," ","16","  27,8",
"13/07/2025  7:22:18,443","   513250000"," ","21","  27,0",
"13/07/2025  7:22:18,443","   519250000"," ","22","  28,0",
"13/07/2025  7:22:18,443","   525250000"," ","23","  30,6",
"13/07/2025  7:22:18,443","   531250000"," ","24","  30,0",
"13/07/2025  7:22:18,443","   537250000"," ","25","  32,8",
"13/07/2025  7:22:18,443","   543250000"," ","26","  33,1",
"13/07/2025  7:22:18,443","   549250000","OK TV-TEVECORP","27","  32,8",
"13/07/2025  7:22:18,443","   555250000"," ","28","  31,1",
"13/07/2025  7:22:18,443","   561250000"," ","29","  32,9",
"13/07/2025  7:22:18,443","   567250000"," ","30","  29,9",
"13/07/2025  7:22:18,443","   573250000","CANAL UNO no","31","  29,6",
"13/07/2025  7:22:18,443","   579250000"," ","32","  29,5",
"13/07/2025  7:22:18,443","   585250000","TELEATAHUALPA (RTU)","33","  31,8",
"13/07/2025  7:22:18,443","   591350000"," ","34","  29,8",
"13/07/2025  7:22:18,443","   597250000","TELEVICENTRO TVC","35","  80,1",
"13/07/2025  7:22:18,443","   603250000"," ","36","  29,7",
"13/07/2025  7:22:18,443","   615250000"," ","38","  31,8",
"13/07/2025  7:22:18,443","   621250000","UCSG TELEVISION","39","  28,1",
"13/07/2025  7:22:18,443","   627250000"," ","40","  29,0",
"13/07/2025  7:22:18,443","   633250000","OROMAR","41","  28,9",
"13/07/2025  7:22:18,443","   639250000"," ","42","  31,6",
"13/07/2025  7:22:18,443","   645250000"," ","43","  31,5",
"13/07/2025  7:22:18,443","   651250000"," ","44","  30,3",
"13/07/2025  7:22:18,443","   657250000"," ","45","  28,9",
"13/07/2025  7:22:18,443","   663250000"," ","46","  29,0",
"13/07/2025  7:22:18,443","   669250000"," ","47","  29,1",
"13/07/2025  7:22:18,443","   675250000"," ","48","  30,4",
"13/07/2025  7:22:18,443","   681250000"," ","49","  29,0",
"13/07/2025  7:22:18,443","   687250000"," ","50","  28,8",
"13/07/2025  7:22:18,443","   693250000"," ","51","  28,1",
"13/07/2025  17:40:02,737","    55250000"," ","2","  44,9",
"13/07/2025  17:40:02,737","    61250000","RED TELESISTEMA (R.T.S)","3","  64,0",
"13/07/2025  17:40:02,737","    67250000"," ","4","  42,1",
"13/07/2025  17:40:02,737","    77250000"," ","5","  42,7",
"13/07/2025  17:40:02,737","    83250000","TELERAMA","6","  42,7",
"13/07/2025  17:40:02,737","   175250000","ECUADOR TV","7","  38,8",
"13/07/2025  17:40:02,737","   181250000"," CORPORACIÓN ECUATORIANA ","8","  76,8",
"13/07/2025  17:40:02,737","   187250000","TELEVISION DEL PACIFICO","9","  39,8",
"13/07/2025  17:40:02,737","   193250000"," ","10","  47,7",
"13/07/2025  17:40:02,737","   199250000","TELEAMAZONAS","11","  77,7",
"13/07/2025  17:40:02,737","   205250000"," ","12","  32,5",
"13/07/2025  17:40:02,737","   211250000","CADENA ECUATORIANA DE TEL","13","  71,3",
"13/07/2025  17:40:02,737","   471250000"," ","14","  42,3",
"13/07/2025  17:40:02,737","   477250000"," ","15","  27,8",
"13/07/2025  17:40:02,737","   483250000"," ","16","  28,4",
"13/07/2025  17:40:02,737","   513250000"," ","21","  29,9",
"13/07/2025  17:40:02,737","   519250000"," ","22","  27,6",
"13/07/2025  17:40:02,737","   525250000"," ","23","  42,3",
"13/07/2025  17:40:02,737","   531250000"," ","24","  32,3",
"13/07/2025  17:40:02,737","   537250000"," ","25","  31,5",
"13/07/2025  17:40:02,737","   543250000"," ","26","  39,1",
"13/07/2025  17:40:02,737","   549250000","OK TV-TEVECORP","27","  31,0",
"13/07/2025  17:40:02,737","   555250000"," ","28","  33,9",
"13/07/2025  17:40:02,737","   561250000"," ","29","  30,7",
"13/07/2025  17:40:02,737","   567250000"," ","30","  28,8",
"13/07/2025  17:40:02,737","   573250000","CANAL UNO no","31","  29,3",
"13/07/2025  17:40:02,737","   579250000"," ","32","  29,1",
"13/07/2025  17:40:02,737","   585250000","TELEATAHUALPA (RTU)","33","  33,4",
"13/07/2025  17:40:02,737","   591350000"," ","34","  30,0",
"13/07/2025  17:40:02,737","   597250000","TELEVICENTRO TVC","35","  79,6",
"13/07/2025  17:40:02,737","   603250000"," ","36","  30,8",
"13/07/2025  17:40:02,737","   615250000"," ","38","  36,6",
"13/07/2025  17:40:02,737","   621250000","UCSG TELEVISION","39","  28,2",
"13/07/2025  17:40:02,737","   627250000"," ","40","  29,1",
"13/07/2025  17:40:02,737","   633250000","OROMAR","41","  28,7",
"13/07/2025  17:40:02,737","   639250000"," ","42","  31,0",
"13/07/2025  17:40:02,737","   645250000"," ","43","  32,2",
"13/07/2025  17:40:02,737","   651250000"," ","44","  28,4",
"13/07/2025  17:40:02,737","   657250000"," ","45","  28,0",
"13/07/2025  17:40:02,737","   663250000"," ","46","  29,4",
"13/07/2025  17:40:02,737","   669250000"," ","47","  28,6",
"13/07/2025  17:40:02,737","   675250000"," ","48","  28,0",
"13/07/2025  17:40:02,737","   681250000"," ","49","  27,7",
"13/07/2025  17:40:02,737","   687250000"," ","50","  29,7",
"13/07/2025  17:40:02,737","   693250000"," ","51","  28,7",
"13/07/2025  17:40:48,610","    55250000"," ","2","  43,0",
"13/07/2025  17:40:48,610","    61250000","RED TELESISTEMA (R.T.S)","3","  64,1",
"13/07/2025  17:40:48,610","    67250000"," ","4","  41,3",
"13/07/2025  17:40:48,610","    77250000"," ","5","  40,0",
"13/07/2025  17:40:48,610","    83250000","TELERAMA","6","  36,2",
"13/07/2025  17:40:48,610","   175250000","ECUADOR TV","7","  35,7",
"13/07/2025  17:40:48,610","   181250000"," CORPORACIÓN ECUATORIANA ","8","  77,0",
"13/07/2025  17:40:48,610","   187250000","TELEVISION DEL PACIFICO","9","  40,4",
"13/07/2025  17:40:48,610","   193250000"," ","10","  47,7",
"13/07/2025  17:40:48,610","   199250000","TELEAMAZONAS","11","  77,8",
"13/07/2025  17:40:48,610","   205250000"," ","12","  39,3",
"13/07/2025  17:40:48,610","   211250000","CADENA ECUATORIANA DE TEL","13","  71,3",
"13/07/2025  17:40:48,610","   471250000"," ","14","  28,1",
"13/07/2025  17:40:48,610","   477250000"," ","15","  27,1",
"13/07/2025  17:40:48,610","   483250000"," ","16","  35,5",
"13/07/2025  17:40:48,610","   513250000"," ","21","  32,9",
"13/07/2025  17:40:48,610","   519250000"," ","22","  27,2",
"13/07/2025  17:40:48,610","   525250000"," ","23","  30,6",
"13/07/2025  17:40:48,610","   531250000"," ","24","  29,9",
"13/07/2025  17:40:48,610","   537250000"," ","25","  33,2",
"13/07/2025  17:40:48,610","   543250000"," ","26","  38,6",
"13/07/2025  17:40:48,610","   549250000","OK TV-TEVECORP","27","  31,4",
"13/07/2025  17:40:48,610","   555250000"," ","28","  33,9",
"13/07/2025  17:40:48,610","   561250000"," ","29","  31,0",
"13/07/2025  17:40:48,610","   567250000"," ","30","  29,1",
"13/07/2025  17:40:48,610","   573250000","CANAL UNO no","31","  29,0",
"13/07/2025  17:40:48,610","   579250000"," ","32","  30,9",
"13/07/2025  17:40:48,610","   585250000","TELEATAHUALPA (RTU)","33","  33,6",
"13/07/2025  17:40:48,610","   591350000"," ","34","  29,5",
"13/07/2025  17:40:48,610","   597250000","TELEVICENTRO TVC","35","  79,7",
"13/07/2025  17:40:48,610","   603250000"," ","36","  31,4",
"13/07/2025  17:40:48,610","   615250000"," ","38","  35,0",
"13/07/2025  17:40:48,610","   621250000","UCSG TELEVISION","39","  29,4",
"13/07/2025  17:40:48,610","   627250000"," ","40","  28,7",
"13/07/2025  17:40:48,610","   633250000","OROMAR","41","  29,9",
"13/07/2025  17:40:48,610","   639250000"," ","42","  31,0",
"13/07/2025  17:40:48,610","   645250000"," ","43","  32,8",
"13/07/2025  17:40:48,610","   651250000"," ","44","  27,5",
"13/07/2025  17:40:48,610","   657250000"," ","45","  29,0",
"13/07/2025  17:40:48,610","   663250000"," ","46","  28,4",
"13/07/2025  17:40:48,610","   669250000"," ","47","  29,0",
"13/07/2025  17:40:48,610","   675250000"," ","48","  29,4",
"13/07/2025  17:40:48,610","   681250000"," ","49","  27,8",
"13/07/2025  17:40:48,610","   687250000"," ","50","  28,3",
"13/07/2025  17:40:48,610","   693250000"," ","51","  28,0",
"13/07/2025  17:41:32,540","    55250000"," ","2","  37,5",
"13/07/2025  17:41:32,540","    61250000","RED TELESISTEMA (R.T.S)","3","  64,1",
"13/07/2025  17:41:32,540","    67250000"," ","4","  40,0",
"13/07/2025  17:41:32,540","    77250000"," ","5","  43,5",
"13/07/2025  17:41:32,540","    83250000","TELERAMA","6","  36,6",
"13/07/2025  17:41:32,540","   175250000","ECUADOR TV","7","  46,2",
"13/07/2025  17:41:32,540","   181250000"," CORPORACIÓN ECUATORIANA ","8","  77,0",
"13/07/2025  17:41:32,540","   187250000","TELEVISION DEL PACIFICO","9","  41,9",
"13/07/2025  17:41:32,540","   193250000"," ","10","  45,1",
"13/07/2025  17:41:32,540","   199250000","TELEAMAZONAS","11","  77,9",
"13/07/2025  17:41:32,540","   205250000"," ","12","  31,4",
"13/07/2025  17:41:32,540","   211250000","CADENA ECUATORIANA DE TEL","13","  71,4",
"13/07/2025  17:41:32,540","   471250000"," ","14","  42,4",
"13/07/2025  17:41:32,540","   477250000"," ","15","  28,6",
"13/07/2025  17:41:32,540","   483250000"," ","16","  34,3",
"13/07/2025  17:41:32,540","   513250000"," ","21","  33,6",
"13/07/2025  17:41:32,540","   519250000"," ","22","  27,5",
"13/07/2025  17:41:32,540","   525250000"," ","23","  29,9",
"13/07/2025  17:41:32,540","   531250000"," ","24","  29,0",
"13/07/2025  17:41:32,540","   537250000"," ","25","  32,8",
"13/07/2025  17:41:32,540","   543250000"," ","26","  39,7",
"13/07/2025  17:41:32,540","   549250000","OK TV-TEVECORP","27","  31,5",
"13/07/2025  17:41:32,540","   555250000"," ","28","  33,1",
"13/07/2025  17:41:32,540","   561250000"," ","29","  30,8",
"13/07/2025  17:41:32,540","   567250000"," ","30","  29,0",
"13/07/2025  17:41:32,540","   573250000","CANAL UNO no","31","  29,1",
"13/07/2025  17:41:32,540","   579250000"," ","32","  31,1",
"13/07/2025  17:41:32,540","   585250000","TELEATAHUALPA (RTU)","33","  32,9",
"13/07/2025  17:41:32,540","   591350000"," ","34","  31,0",
"13/07/2025  17:41:32,540","   597250000","TELEVICENTRO TVC","35","  80,3",
"13/07/2025  17:41:32,540","   603250000"," ","36","  30,2",
"13/07/2025  17:41:32,540","   615250000"," ","38","  36,6",
"13/07/2025  17:41:32,540","   621250000","UCSG TELEVISION","39","  28,8",
"13/07/2025  17:41:32,540","   627250000"," ","40","  29,5",
"13/07/2025  17:41:32,540","   633250000","OROMAR","41","  28,5",
"13/07/2025  17:41:32,540","   639250000"," ","42","  31,6",
"13/07/2025  17:41:32,540","   645250000"," ","43","  29,6",
"13/07/2025  17:41:32,540","   651250000"," ","44","  29,3",
"13/07/2025  17:41:32,540","   657250000"," ","45","  27,7",
"13/07/2025  17:41:32,540","   663250000"," ","46","  28,6",
"13/07/2025  17:41:32,540","   669250000"," ","47","  28,2",
"13/07/2025  17:41:32,540","   675250000"," ","48","  29,6",
"13/07/2025  17:41:32,540","   681250000"," ","49","  28,1",
"13/07/2025  17:41:32,540","   687250000"," ","50","  38,0",
"13/07/2025  17:41:32,540","   693250000"," ","51","  29,0",
"13/07/2025  17:42:18,416","    55250000"," ","2","  40,3",
"13/07/2025  17:42:18,416","    61250000","RED TELESISTEMA (R.T.S)","3","  63,8",
"13/07/2025  17:42:18,416","    67250000"," ","4","  41,3",
"13/07/2025  17:42:18,416","    77250000"," ","5","  41,0",
"13/07/2025  17:42:18,416","    83250000","TELERAMA","6","  36,0",
"13/07/2025  17:42:18,416","   175250000","ECUADOR TV","7","  36,9",
"13/07/2025  17:42:18,416","   181250000"," CORPORACIÓN ECUATORIANA ","8","  77,1",
"13/07/2025  17:42:18,416","   187250000","TELEVISION DEL PACIFICO","9","  40,0",
"13/07/2025  17:42:18,416","   193250000"," ","10","  46,2",
"13/07/2025  17:42:18,416","   199250000","TELEAMAZONAS","11","  78,1",
"13/07/2025  17:42:18,416","   205250000"," ","12","  38,5",
"13/07/2025  17:42:18,416","   211250000","CADENA ECUATORIANA DE TEL","13","  71,7",
"13/07/2025  17:42:18,416","   471250000"," ","14","  28,4",
"13/07/2025  17:42:18,416","   477250000"," ","15","  29,5",
"13/07/2025  17:42:18,416","   483250000"," ","16","  28,0",
"13/07/2025  17:42:18,416","   513250000"," ","21","  29,9",
"13/07/2025  17:42:18,416","   519250000"," ","22","  27,6",
"13/07/2025  17:42:18,416","   525250000"," ","23","  29,6",
"13/07/2025  17:42:18,416","   531250000"," ","24","  30,8",
"13/07/2025  17:42:18,416","   537250000"," ","25","  32,9",
"13/07/2025  17:42:18,416","   543250000"," ","26","  39,1",
"13/07/2025  17:42:18,416","   549250000","OK TV-TEVECORP","27","  31,6",
"13/07/2025  17:42:18,416","   555250000"," ","28","  31,5",
"13/07/2025  17:42:18,416","   561250000"," ","29","  32,0",
"13/07/2025  17:42:18,416","   567250000"," ","30","  29,1",
"13/07/2025  17:42:18,416","   573250000","CANAL UNO no","31","  29,3",
"13/07/2025  17:42:18,416","   579250000"," ","32","  28,9",
"13/07/2025  17:42:18,416","   585250000","TELEATAHUALPA (RTU)","33","  33,2",
"13/07/2025  17:42:18,416","   591350000"," ","34","  29,7",
"13/07/2025  17:42:18,416","   597250000","TELEVICENTRO TVC","35","  79,4",
"13/07/2025  17:42:18,416","   603250000"," ","36","  30,0",
"13/07/2025  17:42:18,416","   615250000"," ","38","  35,4",
"13/07/2025  17:42:18,416","   621250000","UCSG TELEVISION","39","  30,2",
"13/07/2025  17:42:18,416","   627250000"," ","40","  30,4",
"13/07/2025  17:42:18,416","   633250000","OROMAR","41","  28,9",
"13/07/2025  17:42:18,416","   639250000"," ","42","  31,3",
"13/07/2025  17:42:18,416","   645250000"," ","43","  30,0",
"13/07/2025  17:42:18,416","   651250000"," ","44","  30,3",
"13/07/2025  17:42:18,416","   657250000"," ","45","  28,8",
"13/07/2025  17:42:18,416","   663250000"," ","46","  27,8",
"13/07/2025  17:42:18,416","   669250000"," ","47","  29,1",
"13/07/2025  17:42:18,416","   675250000"," ","48","  28,3",
"13/07/2025  17:42:18,416","   681250000"," ","49","  29,3",
"13/07/2025  17:42:18,416","   687250000"," ","50","  28,4",
"13/07/2025  17:42:18,416","   693250000"," ","51","  29,3",
"14/07/2025  7:20:02,686","    55250000"," ","2","  36,7",
"14/07/2025  7:20:02,686","    61250000","RED TELESISTEMA (R.T.S)","3","  64,3",
"14/07/2025  7:20:02,686","    67250000"," ","4","  39,8",
"14/07/2025  7:20:02,686","    77250000"," ","5","  41,7",
"14/07/2025  7:20:02,686","    83250000","TELERAMA","6","  34,8",
"14/07/2025  7:20:02,686","   175250000","ECUADOR TV","7","  38,8",
"14/07/2025  7:20:02,686","   181250000"," CORPORACIÓN ECUATORIANA ","8","  77,7",
"14/07/2025  7:20:02,686","   187250000","TELEVISION DEL PACIFICO","9","  39,6",
"14/07/2025  7:20:02,686","   193250000"," ","10","  49,0",
"14/07/2025  7:20:02,686","   199250000","TELEAMAZONAS","11","  78,6",
"14/07/2025  7:20:02,686","   205250000"," ","12","  32,1",
"14/07/2025  7:20:02,686","   211250000","CADENA ECUATORIANA DE TEL","13","  72,4",
"14/07/2025  7:20:02,686","   471250000"," ","14","  41,9",
"14/07/2025  7:20:02,686","   477250000"," ","15","  28,4",
"14/07/2025  7:20:02,686","   483250000"," ","16","  28,7",
"14/07/2025  7:20:02,686","   513250000"," ","21","  29,5",
"14/07/2025  7:20:02,686","   519250000"," ","22","  27,8",
"14/07/2025  7:20:02,686","   525250000"," ","23","  31,1",
"14/07/2025  7:20:02,686","   531250000"," ","24","  32,6",
"14/07/2025  7:20:02,686","   537250000"," ","25","  33,0",
"14/07/2025  7:20:02,686","   543250000"," ","26","  35,7",
"14/07/2025  7:20:02,686","   549250000","OK TV-TEVECORP","27","  31,4",
"14/07/2025  7:20:02,686","   555250000"," ","28","  32,5",
"14/07/2025  7:20:02,686","   561250000"," ","29","  31,6",
"14/07/2025  7:20:02,686","   567250000"," ","30","  28,6",
"14/07/2025  7:20:02,686","   573250000","CANAL UNO no","31","  29,1",
"14/07/2025  7:20:02,686","   579250000"," ","32","  30,1",
"14/07/2025  7:20:02,686","   585250000","TELEATAHUALPA (RTU)","33","  31,9",
"14/07/2025  7:20:02,686","   591350000"," ","34","  29,0",
"14/07/2025  7:20:02,686","   597250000","TELEVICENTRO TVC","35","  79,7",
"14/07/2025  7:20:02,686","   603250000"," ","36","  29,6",
"14/07/2025  7:20:02,686","   615250000"," ","38","  36,9",
"14/07/2025  7:20:02,686","   621250000","UCSG TELEVISION","39","  31,0",
"14/07/2025  7:20:02,686","   627250000"," ","40","  35,2",
"14/07/2025  7:20:02,686","   633250000","OROMAR","41","  29,6",
"14/07/2025  7:20:02,686","   639250000"," ","42","  29,8",
"14/07/2025  7:20:02,686","   645250000"," ","43","  30,3",
"14/07/2025  7:20:02,686","   651250000"," ","44","  28,1",
"14/07/2025  7:20:02,686","   657250000"," ","45","  34,8",
"14/07/2025  7:20:02,686","   663250000"," ","46","  42,1",
"14/07/2025  7:20:02,686","   669250000"," ","47","  29,3",
"14/07/2025  7:20:02,686","   675250000"," ","48","  30,0",
"14/07/2025  7:20:02,686","   681250000"," ","49","  28,4",
"14/07/2025  7:20:02,686","   687250000"," ","50","  29,9",
"14/07/2025  7:20:02,686","   693250000"," ","51","  28,2",
"14/07/2025  7:20:48,574","    55250000"," ","2","  44,5",
"14/07/2025  7:20:48,574","    61250000","RED TELESISTEMA (R.T.S)","3","  64,0",
"14/07/2025  7:20:48,574","    67250000"," ","4","  39,6",
"14/07/2025  7:20:48,574","    77250000"," ","5","  40,9",
"14/07/2025  7:20:48,574","    83250000","TELERAMA","6","  33,0",
"14/07/2025  7:20:48,574","   175250000","ECUADOR TV","7","  35,8",
"14/07/2025  7:20:48,574","   181250000"," CORPORACIÓN ECUATORIANA ","8","  77,7",
"14/07/2025  7:20:48,574","   187250000","TELEVISION DEL PACIFICO","9","  39,9",
"14/07/2025  7:20:48,574","   193250000"," ","10","  46,9",
"14/07/2025  7:20:48,574","   199250000","TELEAMAZONAS","11","  78,5",
"14/07/2025  7:20:48,574","   205250000"," ","12","  38,5",
"14/07/2025  7:20:48,574","   211250000","CADENA ECUATORIANA DE TEL","13","  72,4",
"14/07/2025  7:20:48,574","   471250000"," ","14","  41,7",
"14/07/2025  7:20:48,574","   477250000"," ","15","  28,6",
"14/07/2025  7:20:48,574","   483250000"," ","16","  28,3",
"14/07/2025  7:20:48,574","   513250000"," ","21","  29,2",
"14/07/2025  7:20:48,574","   519250000"," ","22","  28,5",
"14/07/2025  7:20:48,574","   525250000"," ","23","  32,0",
"14/07/2025  7:20:48,574","   531250000"," ","24","  30,0",
"14/07/2025  7:20:48,574","   537250000"," ","25","  32,2",
"14/07/2025  7:20:48,574","   543250000"," ","26","  35,7",
"14/07/2025  7:20:48,574","   549250000","OK TV-TEVECORP","27","  31,8",
"14/07/2025  7:20:48,574","   555250000"," ","28","  32,3",
"14/07/2025  7:20:48,574","   561250000"," ","29","  31,3",
"14/07/2025  7:20:48,574","   567250000"," ","30","  32,9",
"14/07/2025  7:20:48,574","   573250000","CANAL UNO no","31","  31,2",
"14/07/2025  7:20:48,574","   579250000"," ","32","  29,8",
"14/07/2025  7:20:48,574","   585250000","TELEATAHUALPA (RTU)","33","  39,8",
"14/07/2025  7:20:48,574","   591350000"," ","34","  35,3",
"14/07/2025  7:20:48,574","   597250000","TELEVICENTRO TVC","35","  79,7",
"14/07/2025  7:20:48,574","   603250000"," ","36","  33,9",
"14/07/2025  7:20:48,574","   615250000"," ","38","  33,1",
"14/07/2025  7:20:48,574","   621250000","UCSG TELEVISION","39","  30,4",
"14/07/2025  7:20:48,574","   627250000"," ","40","  30,1",
"14/07/2025  7:20:48,574","   633250000","OROMAR","41","  28,3",
"14/07/2025  7:20:48,574","   639250000"," ","42","  30,6",
"14/07/2025  7:20:48,574","   645250000"," ","43","  31,8",
"14/07/2025  7:20:48,574","   651250000"," ","44","  28,7",
"14/07/2025  7:20:48,574","   657250000"," ","45","  28,7",
"14/07/2025  7:20:48,574","   663250000"," ","46","  28,8",
"14/07/2025  7:20:48,574","   669250000"," ","47","  28,7",
"14/07/2025  7:20:48,574","   675250000"," ","48","  27,3",
"14/07/2025  7:20:48,574","   681250000"," ","49","  28,6",
"14/07/2025  7:20:48,574","   687250000"," ","50","  27,9",
"14/07/2025  7:20:48,574","   693250000"," ","51","  28,1",
"14/07/2025  7:21:32,505","    55250000"," ","2","  44,8",
"14/07/2025  7:21:32,505","    61250000","RED TELESISTEMA (R.T.S)","3","  64,4",
"14/07/2025  7:21:32,505","    67250000"," ","4","  40,2",
"14/07/2025  7:21:32,505","    77250000"," ","5","  40,9",
"14/07/2025  7:21:32,505","    83250000","TELERAMA","6","  38,4",
"14/07/2025  7:21:32,505","   175250000","ECUADOR TV","7","  36,0",
"14/07/2025  7:21:32,505","   181250000"," CORPORACIÓN ECUATORIANA ","8","  77,4",
"14/07/2025  7:21:32,505","   187250000","TELEVISION DEL PACIFICO","9","  40,5",
"14/07/2025  7:21:32,505","   193250000"," ","10","  47,9",
"14/07/2025  7:21:32,505","   199250000","TELEAMAZONAS","11","  78,4",
"14/07/2025  7:21:32,505","   205250000"," ","12","  44,2",
"14/07/2025  7:21:32,505","   211250000","CADENA ECUATORIANA DE TEL","13","  72,5",
"14/07/2025  7:21:32,505","   471250000"," ","14","  42,8",
"14/07/2025  7:21:32,505","   477250000"," ","15","  27,8",
"14/07/2025  7:21:32,505","   483250000"," ","16","  28,4",
"14/07/2025  7:21:32,505","   513250000"," ","21","  29,0",
"14/07/2025  7:21:32,505","   519250000"," ","22","  27,8",
"14/07/2025  7:21:32,505","   525250000"," ","23","  29,4",
"14/07/2025  7:21:32,505","   531250000"," ","24","  31,1",
"14/07/2025  7:21:32,505","   537250000"," ","25","  32,5",
"14/07/2025  7:21:32,505","   543250000"," ","26","  36,7",
"14/07/2025  7:21:32,505","   549250000","OK TV-TEVECORP","27","  31,7",
"14/07/2025  7:21:32,505","   555250000"," ","28","  33,5",
"14/07/2025  7:21:32,505","   561250000"," ","29","  30,7",
"14/07/2025  7:21:32,505","   567250000"," ","30","  29,5",
"14/07/2025  7:21:32,505","   573250000","CANAL UNO no","31","  31,1",
"14/07/2025  7:21:32,505","   579250000"," ","32","  29,2",
"14/07/2025  7:21:32,505","   585250000","TELEATAHUALPA (RTU)","33","  32,3",
"14/07/2025  7:21:32,505","   591350000"," ","34","  30,1",
"14/07/2025  7:21:32,505","   597250000","TELEVICENTRO TVC","35","  79,1",
"14/07/2025  7:21:32,505","   603250000"," ","36","  29,4",
"14/07/2025  7:21:32,505","   615250000"," ","38","  34,5",
"14/07/2025  7:21:32,505","   621250000","UCSG TELEVISION","39","  29,3",
"14/07/2025  7:21:32,505","   627250000"," ","40","  28,8",
"14/07/2025  7:21:32,505","   633250000","OROMAR","41","  28,0",
"14/07/2025  7:21:32,505","   639250000"," ","42","  30,0",
"14/07/2025  7:21:32,505","   645250000"," ","43","  31,3",
"14/07/2025  7:21:32,505","   651250000"," ","44","  29,5",
"14/07/2025  7:21:32,505","   657250000"," ","45","  28,5",
"14/07/2025  7:21:32,505","   663250000"," ","46","  27,6",
"14/07/2025  7:21:32,505","   669250000"," ","47","  28,7",
"14/07/2025  7:21:32,505","   675250000"," ","48","  28,8",
"14/07/2025  7:21:32,505","   681250000"," ","49","  28,9",
"14/07/2025  7:21:32,505","   687250000"," ","50","  28,8",
"14/07/2025  7:21:32,505","   693250000"," ","51","  28,5",
"14/07/2025  7:22:18,382","    55250000"," ","2","  38,3",
"14/07/2025  7:22:18,382","    61250000","RED TELESISTEMA (R.T.S)","3","  64,2",
"14/07/2025  7:22:18,382","    67250000"," ","4","  40,7",
"14/07/2025  7:22:18,382","    77250000"," ","5","  44,6",
"14/07/2025  7:22:18,382","    83250000","TELERAMA","6","  33,2",
"14/07/2025  7:22:18,382","   175250000","ECUADOR TV","7","  36,2",
"14/07/2025  7:22:18,382","   181250000"," CORPORACIÓN ECUATORIANA ","8","  77,3",
"14/07/2025  7:22:18,382","   187250000","TELEVISION DEL PACIFICO","9","  40,3",
"14/07/2025  7:22:18,382","   193250000"," ","10","  47,6",
"14/07/2025  7:22:18,382","   199250000","TELEAMAZONAS","11","  78,7",
"14/07/2025  7:22:18,382","   205250000"," ","12","  34,5",
"14/07/2025  7:22:18,382","   211250000","CADENA ECUATORIANA DE TEL","13","  72,3",
"14/07/2025  7:22:18,382","   471250000"," ","14","  42,2",
"14/07/2025  7:22:18,382","   477250000"," ","15","  39,9",
"14/07/2025  7:22:18,382","   483250000"," ","16","  28,8",
"14/07/2025  7:22:18,382","   513250000"," ","21","  28,3",
"14/07/2025  7:22:18,382","   519250000"," ","22","  28,8",
"14/07/2025  7:22:18,382","   525250000"," ","23","  30,4",
"14/07/2025  7:22:18,382","   531250000"," ","24","  30,9",
"14/07/2025  7:22:18,382","   537250000"," ","25","  32,0",
"14/07/2025  7:22:18,382","   543250000"," ","26","  36,8",
"14/07/2025  7:22:18,382","   549250000","OK TV-TEVECORP","27","  31,7",
"14/07/2025  7:22:18,382","   555250000"," ","28","  33,6",
"14/07/2025  7:22:18,382","   561250000"," ","29","  31,9",
"14/07/2025  7:22:18,382","   567250000"," ","30","  32,1",
"14/07/2025  7:22:18,382","   573250000","CANAL UNO no","31","  30,3",
"14/07/2025  7:22:18,382","   579250000"," ","32","  29,9",
"14/07/2025  7:22:18,382","   585250000","TELEATAHUALPA (RTU)","33","  40,6",
"14/07/2025  7:22:18,382","   591350000"," ","34","  32,0",
"14/07/2025  7:22:18,382","   597250000","TELEVICENTRO TVC","35","  79,2",
"14/07/2025  7:22:18,382","   603250000"," ","36","  30,4",
"14/07/2025  7:22:18,382","   615250000"," ","38","  33,0",
"14/07/2025  7:22:18,382","   621250000","UCSG TELEVISION","39","  29,6",
"14/07/2025  7:22:18,382","   627250000"," ","40","  28,7",
"14/07/2025  7:22:18,382","   633250000","OROMAR","41","  29,4",
"14/07/2025  7:22:18,382","   639250000"," ","42","  29,5",
"14/07/2025  7:22:18,382","   645250000"," ","43","  37,7",
"14/07/2025  7:22:18,382","   651250000"," ","44","  29,7",
"14/07/2025  7:22:18,382","   657250000"," ","45","  29,9",
"14/07/2025  7:22:18,382","   663250000"," ","46","  29,4",
"14/07/2025  7:22:18,382","   669250000"," ","47","  29,1",
"14/07/2025  7:22:18,382","   675250000"," ","48","  27,8",
"14/07/2025  7:22:18,382","   681250000"," ","49","  28,2",
"14/07/2025  7:22:18,382","   687250000"," ","50","  27,8",
"14/07/2025  7:22:18,382","   693250000"," ","51","  29,2",
"14/07/2025  17:40:02,658","    55250000"," ","2","  45,9",
"14/07/2025  17:40:02,658","    61250000","RED TELESISTEMA (R.T.S)","3","  64,3",
"14/07/2025  17:40:02,658","    67250000"," ","4","  39,3",
"14/07/2025  17:40:02,658","    77250000"," ","5","  41,6",
"14/07/2025  17:40:02,658","    83250000","TELERAMA","6","  38,3",
"14/07/2025  17:40:02,658","   175250000","ECUADOR TV","7","  36,7",
"14/07/2025  17:40:02,658","   181250000"," CORPORACIÓN ECUATORIANA ","8","  77,6",
"14/07/2025  17:40:02,658","   187250000","TELEVISION DEL PACIFICO","9","  39,7",
"14/07/2025  17:40:02,658","   193250000"," ","10","  50,2",
"14/07/2025  17:40:02,658","   199250000","TELEAMAZONAS","11","  78,6",
"14/07/2025  17:40:02,658","   205250000"," ","12","  41,2",
"14/07/2025  17:40:02,658","   211250000","CADENA ECUATORIANA DE TEL","13","  72,5",
"14/07/2025  17:40:02,658","   471250000"," ","14","  28,0",
"14/07/2025  17:40:02,658","   477250000"," ","15","  30,0",
"14/07/2025  17:40:02,658","   483250000"," ","16","  33,5",
"14/07/2025  17:40:02,658","   513250000"," ","21","  30,2",
"14/07/2025  17:40:02,658","   519250000"," ","22","  27,4",
"14/07/2025  17:40:02,658","   525250000"," ","23","  30,0",
"14/07/2025  17:40:02,658","   531250000"," ","24","  33,0",
"14/07/2025  17:40:02,658","   537250000"," ","25","  31,5",
"14/07/2025  17:40:02,658","   543250000"," ","26","  32,4",
"14/07/2025  17:40:02,658","   549250000","OK TV-TEVECORP","27","  31,3",
"14/07/2025  17:40:02,658","   555250000"," ","28","  33,1",
"14/07/2025  17:40:02,658","   561250000"," ","29","  31,4",
"14/07/2025  17:40:02,658","   567250000"," ","30","  29,4",
"14/07/2025  17:40:02,658","   573250000","CANAL UNO no","31","  28,8",
"14/07/2025  17:40:02,658","   579250000"," ","32","  29,8",
"14/07/2025  17:40:02,658","   585250000","TELEATAHUALPA (RTU)","33","  32,6",
"14/07/2025  17:40:02,658","   591350000"," ","34","  30,0",
"14/07/2025  17:40:02,658","   597250000","TELEVICENTRO TVC","35","  79,9",
"14/07/2025  17:40:02,658","   603250000"," ","36","  32,3",
"14/07/2025  17:40:02,658","   615250000"," ","38","  38,3",
"14/07/2025  17:40:02,658","   621250000","UCSG TELEVISION","39","  30,7",
"14/07/2025  17:40:02,658","   627250000"," ","40","  29,3",
"14/07/2025  17:40:02,658","   633250000","OROMAR","41","  29,4",
"14/07/2025  17:40:02,658","   639250000"," ","42","  31,1",
"14/07/2025  17:40:02,658","   645250000"," ","43","  30,6",
"14/07/2025  17:40:02,658","   651250000"," ","44","  28,4",
"14/07/2025  17:40:02,658","   657250000"," ","45","  27,6",
"14/07/2025  17:40:02,658","   663250000"," ","46","  28,5",
"14/07/2025  17:40:02,658","   669250000"," ","47","  30,8",
"14/07/2025  17:40:02,658","   675250000"," ","48","  28,9",
"14/07/2025  17:40:02,658","   681250000"," ","49","  29,1",
"14/07/2025  17:40:02,658","   687250000"," ","50","  29,0",
"14/07/2025  17:40:02,658","   693250000"," ","51","  29,2",
"14/07/2025  17:40:48,529","    55250000"," ","2","  36,9",
"14/07/2025  17:40:48,529","    61250000","RED TELESISTEMA (R.T.S)","3","  64,3",
"14/07/2025  17:40:48,529","    67250000"," ","4","  38,0",
"14/07/2025  17:40:48,529","    77250000"," ","5","  45,4",
"14/07/2025  17:40:48,529","    83250000","TELERAMA","6","  43,0",
"14/07/2025  17:40:48,529","   175250000","ECUADOR TV","7","  36,0",
"14/07/2025  17:40:48,529","   181250000"," CORPORACIÓN ECUATORIANA ","8","  77,3",
"14/07/2025  17:40:48,529","   187250000","TELEVISION DEL PACIFICO","9","  39,9",
"14/07/2025  17:40:48,529","   193250000"," ","10","  46,0",
"14/07/2025  17:40:48,529","   199250000","TELEAMAZONAS","11","  78,3",
"14/07/2025  17:40:48,529","   205250000"," ","12","  43,7",
"14/07/2025  17:40:48,529","   211250000","CADENA ECUATORIANA DE TEL","13","  72,3",
"14/07/2025  17:40:48,529","   471250000"," ","14","  31,2",
"14/07/2025  17:40:48,529","   477250000"," ","15","  28,5",
"14/07/2025  17:40:48,529","   483250000"," ","16","  28,3",
"14/07/2025  17:40:48,529","   513250000"," ","21","  28,7",
"14/07/2025  17:40:48,529","   519250000"," ","22","  28,4",
"14/07/2025  17:40:48,529","   525250000"," ","23","  31,4",
"14/07/2025  17:40:48,529","   531250000"," ","24","  33,6",
"14/07/2025  17:40:48,529","   537250000"," ","25","  32,4",
"14/07/2025  17:40:48,529","   543250000"," ","26","  33,4",
"14/07/2025  17:40:48,529","   549250000","OK TV-TEVECORP","27","  32,7",
"14/07/2025  17:40:48,529","   555250000"," ","28","  35,2",
"14/07/2025  17:40:48,529","   561250000"," ","29","  32,4",
"14/07/2025  17:40:48,529","   567250000"," ","30","  31,0",
"14/07/2025  17:40:48,529","   573250000","CANAL UNO no","31","  30,5",
"14/07/2025  17:40:48,529","   579250000"," ","32","  29,8",
"14/07/2025  17:40:48,529","   585250000","TELEATAHUALPA (RTU)","33","  32,6",
"14/07/2025  17:40:48,529","   591350000"," ","34","  30,0",
"14/07/2025  17:40:48,529","   597250000","TELEVICENTRO TVC","35","  80,8",
"14/07/2025  17:40:48,529","   603250000"," ","36","  30,0",
"14/07/2025  17:40:48,529","   615250000"," ","38","  35,0",
"14/07/2025  17:40:48,529","   621250000","UCSG TELEVISION","39","  29,8",
"14/07/2025  17:40:48,529","   627250000"," ","40","  29,7",
"14/07/2025  17:40:48,529","   633250000","OROMAR","41","  31,4",
"14/07/2025  17:40:48,529","   639250000"," ","42","  29,4",
"14/07/2025  17:40:48,529","   645250000"," ","43","  30,4",
"14/07/2025  17:40:48,529","   651250000"," ","44","  28,7",
"14/07/2025  17:40:48,529","   657250000"," ","45","  29,7",
"14/07/2025  17:40:48,529","   663250000"," ","46","  28,2",
"14/07/2025  17:40:48,529","   669250000"," ","47","  28,2",
"14/07/2025  17:40:48,529","   675250000"," ","48","  27,6",
"14/07/2025  17:40:48,529","   681250000"," ","49","  27,5",
"14/07/2025  17:40:48,529","   687250000"," ","50","  29,4",
"14/07/2025  17:40:48,529","   693250000"," ","51","  29,7",
"14/07/2025  17:41:32,438","    55250000"," ","2","  43,5",
"14/07/2025  17:41:32,438","    61250000","RED TELESISTEMA (R.T.S)","3","  64,4",
"14/07/2025  17:41:32,438","    67250000"," ","4","  38,3",
"14/07/2025  17:41:32,438","    77250000"," ","5","  45,3",
"14/07/2025  17:41:32,438","    83250000","TELERAMA","6","  38,7",
"14/07/2025  17:41:32,438","   175250000","ECUADOR TV","7","  43,3",
"14/07/2025  17:41:32,438","   181250000"," CORPORACIÓN ECUATORIANA ","8","  77,2",
"14/07/2025  17:41:32,438","   187250000","TELEVISION DEL PACIFICO","9","  41,1",
"14/07/2025  17:41:32,438","   193250000"," ","10","  45,7",
"14/07/2025  17:41:32,438","   199250000","TELEAMAZONAS","11","  78,1",
"14/07/2025  17:41:32,438","   205250000"," ","12","  43,7",
"14/07/2025  17:41:32,438","   211250000","CADENA ECUATORIANA DE TEL","13","  72,1",
"14/07/2025  17:41:32,438","   471250000"," ","14","  29,4",
"14/07/2025  17:41:32,438","   477250000"," ","15","  29,7",
"14/07/2025  17:41:32,438","   483250000"," ","16","  28,1",
"14/07/2025  17:41:32,438","   513250000"," ","21","  28,0",
"14/07/2025  17:41:32,438","   519250000"," ","22","  27,9",
"14/07/2025  17:41:32,438","   525250000"," ","23","  29,0",
"14/07/2025  17:41:32,438","   531250000"," ","24","  35,3",
"14/07/2025  17:41:32,438","   537250000"," ","25","  32,5",
"14/07/2025  17:41:32,438","   543250000"," ","26","  31,8",
"14/07/2025  17:41:32,438","   549250000","OK TV-TEVECORP","27","  32,8",
"14/07/2025  17:41:32,438","   555250000"," ","28","  35,8",
"14/07/2025  17:41:32,438","   561250000"," ","29","  29,9",
"14/07/2025  17:41:32,438","   567250000"," ","30","  29,7",
"14/07/2025  17:41:32,438","   573250000","CANAL UNO no","31","  29,6",
"14/07/2025  17:41:32,438","   579250000"," ","32","  31,9",
"14/07/2025  17:41:32,438","   585250000","TELEATAHUALPA (RTU)","33","  31,7",
"14/07/2025  17:41:32,438","   591350000"," ","34","  47,4",
"14/07/2025  17:41:32,438","   597250000","TELEVICENTRO TVC","35","  79,5",
"14/07/2025  17:41:32,438","   603250000"," ","36","  30,6",
"14/07/2025  17:41:32,438","   615250000"," ","38","  36,9",
"14/07/2025  17:41:32,438","   621250000","UCSG TELEVISION","39","  32,7",
"14/07/2025  17:41:32,438","   627250000"," ","40","  28,8",
"14/07/2025  17:41:32,438","   633250000","OROMAR","41","  29,6",
"14/07/2025  17:41:32,438","   639250000"," ","42","  29,4",
"14/07/2025  17:41:32,438","   645250000"," ","43","  31,0",
"14/07/2025  17:41:32,438","   651250000"," ","44","  29,0",
"14/07/2025  17:41:32,438","   657250000"," ","45","  29,9",
"14/07/2025  17:41:32,438","   663250000"," ","46","  29,4",
"14/07/2025  17:41:32,438","   669250000"," ","47","  28,0",
"14/07/2025  17:41:32,438","   675250000"," ","48","  28,0",
"14/07/2025  17:41:32,438","   681250000"," ","49","  28,4",
"14/07/2025  17:41:32,438","   687250000"," ","50","  29,2",
"14/07/2025  17:41:32,438","   693250000"," ","51","  28,8",
"14/07/2025  17:42:18,302","    55250000"," ","2","  45,6",
"14/07/2025  17:42:18,302","    61250000","RED TELESISTEMA (R.T.S)","3","  64,2",
"14/07/2025  17:42:18,302","    67250000"," ","4","  40,2",
"14/07/2025  17:42:18,302","    77250000"," ","5","  47,2",
"14/07/2025  17:42:18,302","    83250000","TELERAMA","6","  39,0",
"14/07/2025  17:42:18,302","   175250000","ECUADOR TV","7","  39,5",
"14/07/2025  17:42:18,302","   181250000"," CORPORACIÓN ECUATORIANA ","8","  77,4",
"14/07/2025  17:42:18,302","   187250000","TELEVISION DEL PACIFICO","9","  43,3",
"14/07/2025  17:42:18,302","   193250000"," ","10","  49,5",
"14/07/2025  17:42:18,302","   199250000","TELEAMAZONAS","11","  78,0",
"14/07/2025  17:42:18,302","   205250000"," ","12","  40,3",
"14/07/2025  17:42:18,302","   211250000","CADENA ECUATORIANA DE TEL","13","  72,4",
"14/07/2025  17:42:18,302","   471250000"," ","14","  40,9",
"14/07/2025  17:42:18,302","   477250000"," ","15","  27,6",
"14/07/2025  17:42:18,302","   483250000"," ","16","  29,5",
"14/07/2025  17:42:18,302","   513250000"," ","21","  27,7",
"14/07/2025  17:42:18,302","   519250000"," ","22","  27,2",
"14/07/2025  17:42:18,302","   525250000"," ","23","  29,1",
"14/07/2025  17:42:18,302","   531250000"," ","24","  31,5",
"14/07/2025  17:42:18,302","   537250000"," ","25","  31,3",
"14/07/2025  17:42:18,302","   543250000"," ","26","  31,8",
"14/07/2025  17:42:18,302","   549250000","OK TV-TEVECORP","27","  31,8",
"14/07/2025  17:42:18,302","   555250000"," ","28","  34,1",
"14/07/2025  17:42:18,302","   561250000"," ","29","  34,9",
"14/07/2025  17:42:18,302","   567250000"," ","30","  29,2",
"14/07/2025  17:42:18,302","   573250000","CANAL UNO no","31","  30,3",
"14/07/2025  17:42:18,302","   579250000"," ","32","  34,3",
"14/07/2025  17:42:18,302","   585250000","TELEATAHUALPA (RTU)","33","  32,4",
"14/07/2025  17:42:18,302","   591350000"," ","34","  30,6",
"14/07/2025  17:42:18,302","   597250000","TELEVICENTRO TVC","35","  80,3",
"14/07/2025  17:42:18,302","   603250000"," ","36","  30,7",
"14/07/2025  17:42:18,302","   615250000"," ","38","  34,8",
"14/07/2025  17:42:18,302","   621250000","UCSG TELEVISION","39","  28,6",
"14/07/2025  17:42:18,302","   627250000"," ","40","  29,5",
"14/07/2025  17:42:18,302","   633250000","OROMAR","41","  29,3",
"14/07/2025  17:42:18,302","   639250000"," ","42","  29,8",
"14/07/2025  17:42:18,302","   645250000"," ","43","  31,7",
"14/07/2025  17:42:18,302","   651250000"," ","44","  28,6",
"14/07/2025  17:42:18,302","   657250000"," ","45","  29,2",
"14/07/2025  17:42:18,302","   663250000"," ","46","  28,4",
"14/07/2025  17:42:18,302","   669250000"," ","47","  29,2",
"14/07/2025  17:42:18,302","   675250000"," ","48","  29,4",
"14/07/2025  17:42:18,302","   681250000"," ","49","  28,9",
"14/07/2025  17:42:18,302","   687250000"," ","50","  29,3",
"14/07/2025  17:42:18,302","   693250000"," ","51","  28,3",
"15/07/2025  7:20:02,685","    55250000"," ","2","  35,5",
"15/07/2025  7:20:02,685","    61250000","RED TELESISTEMA (R.T.S)","3","  64,5",
"15/07/2025  7:20:02,685","    67250000"," ","4","  40,8",
"15/07/2025  7:20:02,685","    77250000"," ","5","  41,2",
"15/07/2025  7:20:02,685","    83250000","TELERAMA","6","  42,2",
"15/07/2025  7:20:02,685","   175250000","ECUADOR TV","7","  35,9",
"15/07/2025  7:20:02,685","   181250000"," CORPORACIÓN ECUATORIANA ","8","  77,9",
"15/07/2025  7:20:02,685","   187250000","TELEVISION DEL PACIFICO","9","  40,2",
"15/07/2025  7:20:02,685","   193250000"," ","10","  43,9",
"15/07/2025  7:20:02,685","   199250000","TELEAMAZONAS","11","  78,5",
"15/07/2025  7:20:02,685","   205250000"," ","12","  43,3",
"15/07/2025  7:20:02,685","   211250000","CADENA ECUATORIANA DE TEL","13","  72,8",
"15/07/2025  7:20:02,685","   471250000"," ","14","  28,2",
"15/07/2025  7:20:02,685","   477250000"," ","15","  34,7",
"15/07/2025  7:20:02,685","   483250000"," ","16","  29,0",
"15/07/2025  7:20:02,685","   513250000"," ","21","  29,5",
"15/07/2025  7:20:02,685","   519250000"," ","22","  27,8",
"15/07/2025  7:20:02,685","   525250000"," ","23","  30,5",
"15/07/2025  7:20:02,685","   531250000"," ","24","  31,2",
"15/07/2025  7:20:02,685","   537250000"," ","25","  31,7",
"15/07/2025  7:20:02,685","   543250000"," ","26","  34,8",
"15/07/2025  7:20:02,685","   549250000","OK TV-TEVECORP","27","  32,5",
"15/07/2025  7:20:02,685","   555250000"," ","28","  34,8",
"15/07/2025  7:20:02,685","   561250000"," ","29","  30,4",
"15/07/2025  7:20:02,685","   567250000"," ","30","  28,7",
"15/07/2025  7:20:02,685","   573250000","CANAL UNO no","31","  29,0",
"15/07/2025  7:20:02,685","   579250000"," ","32","  29,6",
"15/07/2025  7:20:02,685","   585250000","TELEATAHUALPA (RTU)","33","  33,6",
"15/07/2025  7:20:02,685","   591350000"," ","34","  30,4",
"15/07/2025  7:20:02,685","   597250000","TELEVICENTRO TVC","35","  80,5",
"15/07/2025  7:20:02,685","   603250000"," ","36","  29,9",
"15/07/2025  7:20:02,685","   615250000"," ","38","  37,0",
"15/07/2025  7:20:02,685","   621250000","UCSG TELEVISION","39","  30,0",
"15/07/2025  7:20:02,685","   627250000"," ","40","  29,4",
"15/07/2025  7:20:02,685","   633250000","OROMAR","41","  29,2",
"15/07/2025  7:20:02,685","   639250000"," ","42","  29,7",
"15/07/2025  7:20:02,685","   645250000"," ","43","  31,4",
"15/07/2025  7:20:02,685","   651250000"," ","44","  28,6",
"15/07/2025  7:20:02,685","   657250000"," ","45","  28,6",
"15/07/2025  7:20:02,685","   663250000"," ","46","  28,1",
"15/07/2025  7:20:02,685","   669250000"," ","47","  28,1",
"15/07/2025  7:20:02,685","   675250000"," ","48","  29,1",
"15/07/2025  7:20:02,685","   681250000"," ","49","  30,3",
"15/07/2025  7:20:02,685","   687250000"," ","50","  27,9",
"15/07/2025  7:20:02,685","   693250000"," ","51","  28,3",
"15/07/2025  7:20:48,554","    55250000"," ","2","  35,8",
"15/07/2025  7:20:48,554","    61250000","RED TELESISTEMA (R.T.S)","3","  64,7",
"15/07/2025  7:20:48,554","    67250000"," ","4","  41,9",
"15/07/2025  7:20:48,554","    77250000"," ","5","  43,4",
"15/07/2025  7:20:48,554","    83250000","TELERAMA","6","  36,1",
"15/07/2025  7:20:48,554","   175250000","ECUADOR TV","7","  37,1",
"15/07/2025  7:20:48,554","   181250000"," CORPORACIÓN ECUATORIANA ","8","  77,9",
"15/07/2025  7:20:48,554","   187250000","TELEVISION DEL PACIFICO","9","  39,6",
"15/07/2025  7:20:48,554","   193250000"," ","10","  45,0",
"15/07/2025  7:20:48,554","   199250000","TELEAMAZONAS","11","  78,5",
"15/07/2025  7:20:48,554","   205250000"," ","12","  33,5",
"15/07/2025  7:20:48,554","   211250000","CADENA ECUATORIANA DE TEL","13","  72,7",
"15/07/2025  7:20:48,554","   471250000"," ","14","  27,8",
"15/07/2025  7:20:48,554","   477250000"," ","15","  38,0",
"15/07/2025  7:20:48,554","   483250000"," ","16","  28,5",
"15/07/2025  7:20:48,554","   513250000"," ","21","  28,1",
"15/07/2025  7:20:48,554","   519250000"," ","22","  27,6",
"15/07/2025  7:20:48,554","   525250000"," ","23","  29,3",
"15/07/2025  7:20:48,554","   531250000"," ","24","  31,2",
"15/07/2025  7:20:48,554","   537250000"," ","25","  30,8",
"15/07/2025  7:20:48,554","   543250000"," ","26","  35,0",
"15/07/2025  7:20:48,554","   549250000","OK TV-TEVECORP","27","  32,3",
"15/07/2025  7:20:48,554","   555250000"," ","28","  32,9",
"15/07/2025  7:20:48,554","   561250000"," ","29","  31,1",
"15/07/2025  7:20:48,554","   567250000"," ","30","  29,8",
"15/07/2025  7:20:48,554","   573250000","CANAL UNO no","31","  30,2",
"15/07/2025  7:20:48,554","   579250000"," ","32","  28,4",
"15/07/2025  7:20:48,554","   585250000","TELEATAHUALPA (RTU)","33","  31,9",
"15/07/2025  7:20:48,554","   591350000"," ","34","  30,0",
"15/07/2025  7:20:48,554","   597250000","TELEVICENTRO TVC","35","  81,4",
"15/07/2025  7:20:48,554","   603250000"," ","36","  30,4",
"15/07/2025  7:20:48,554","   615250000"," ","38","  35,6",
"15/07/2025  7:20:48,554","   621250000","UCSG TELEVISION","39","  29,4",
"15/07/2025  7:20:48,554","   627250000"," ","40","  28,8",
"15/07/2025  7:20:48,554","   633250000","OROMAR","41","  29,6",
"15/07/2025  7:20:48,554","   639250000"," ","42","  30,4",
"15/07/2025  7:20:48,554","   645250000"," ","43","  31,0",
"15/07/2025  7:20:48,554","   651250000"," ","44","  30,2",
"15/07/2025  7:20:48,554","   657250000"," ","45","  28,1",
"15/07/2025  7:20:48,554","   663250000"," ","46","  28,8",
"15/07/2025  7:20:48,554","   669250000"," ","47","  30,0",
"15/07/2025  7:20:48,554","   675250000"," ","48","  29,2",
"15/07/2025  7:20:48,554","   681250000"," ","49","  29,0",
"15/07/2025  7:20:48,554","   687250000"," ","50","  28,8",
"15/07/2025  7:20:48,554","   693250000"," ","51","  29,2",
"15/07/2025  7:21:32,467","    55250000"," ","2","  37,1",
"15/07/2025  7:21:32,467","    61250000","RED TELESISTEMA (R.T.S)","3","  64,7",
"15/07/2025  7:21:32,467","    67250000"," ","4","  40,7",
"15/07/2025  7:21:32,467","    77250000"," ","5","  43,0",
"15/07/2025  7:21:32,467","    83250000","TELERAMA","6","  35,4",
"15/07/2025  7:21:32,467","   175250000","ECUADOR TV","7","  36,1",
"15/07/2025  7:21:32,467","   181250000"," CORPORACIÓN ECUATORIANA ","8","  78,3",
"15/07/2025  7:21:32,467","   187250000","TELEVISION DEL PACIFICO","9","  40,7",
"15/07/2025  7:21:32,467","   193250000"," ","10","  44,4",
"15/07/2025  7:21:32,467","   199250000","TELEAMAZONAS","11","  78,9",
"15/07/2025  7:21:32,467","   205250000"," ","12","  42,9",
"15/07/2025  7:21:32,467","   211250000","CADENA ECUATORIANA DE TEL","13","  72,8",
"15/07/2025  7:21:32,467","   471250000"," ","14","  27,5",
"15/07/2025  7:21:32,467","   477250000"," ","15","  38,6",
"15/07/2025  7:21:32,467","   483250000"," ","16","  26,3",
"15/07/2025  7:21:32,467","   513250000"," ","21","  28,7",
"15/07/2025  7:21:32,467","   519250000"," ","22","  28,1",
"15/07/2025  7:21:32,467","   525250000"," ","23","  30,4",
"15/07/2025  7:21:32,467","   531250000"," ","24","  32,3",
"15/07/2025  7:21:32,467","   537250000"," ","25","  31,3",
"15/07/2025  7:21:32,467","   543250000"," ","26","  33,4",
"15/07/2025  7:21:32,467","   549250000","OK TV-TEVECORP","27","  32,0",
"15/07/2025  7:21:32,467","   555250000"," ","28","  33,9",
"15/07/2025  7:21:32,467","   561250000"," ","29","  30,5",
"15/07/2025  7:21:32,467","   567250000"," ","30","  29,3",
"15/07/2025  7:21:32,467","   573250000","CANAL UNO no","31","  30,2",
"15/07/2025  7:21:32,467","   579250000"," ","32","  28,4",
"15/07/2025  7:21:32,467","   585250000","TELEATAHUALPA (RTU)","33","  32,8",
"15/07/2025  7:21:32,467","   591350000"," ","34","  31,1",
"15/07/2025  7:21:32,467","   597250000","TELEVICENTRO TVC","35","  80,4",
"15/07/2025  7:21:32,467","   603250000"," ","36","  29,2",
"15/07/2025  7:21:32,467","   615250000"," ","38","  38,0",
"15/07/2025  7:21:32,467","   621250000","UCSG TELEVISION","39","  30,7",
"15/07/2025  7:21:32,467","   627250000"," ","40","  29,7",
"15/07/2025  7:21:32,467","   633250000","OROMAR","41","  29,5",
"15/07/2025  7:21:32,467","   639250000"," ","42","  31,3",
"15/07/2025  7:21:32,467","   645250000"," ","43","  31,1",
"15/07/2025  7:21:32,467","   651250000"," ","44","  29,4",
"15/07/2025  7:21:32,467","   657250000"," ","45","  27,5",
"15/07/2025  7:21:32,467","   663250000"," ","46","  29,8",
"15/07/2025  7:21:32,467","   669250000"," ","47","  29,8",
"15/07/2025  7:21:32,467","   675250000"," ","48","  29,5",
"15/07/2025  7:21:32,467","   681250000"," ","49","  29,9",
"15/07/2025  7:21:32,467","   687250000"," ","50","  28,9",
"15/07/2025  7:21:32,467","   693250000"," ","51","  27,4",
"15/07/2025  7:22:18,325","    55250000"," ","2","  43,0",
"15/07/2025  7:22:18,325","    61250000","RED TELESISTEMA (R.T.S)","3","  64,6",
"15/07/2025  7:22:18,325","    67250000"," ","4","  41,4",
"15/07/2025  7:22:18,325","    77250000"," ","5","  41,4",
"15/07/2025  7:22:18,325","    83250000","TELERAMA","6","  37,6",
"15/07/2025  7:22:18,325","   175250000","ECUADOR TV","7","  44,0",
"15/07/2025  7:22:18,325","   181250000"," CORPORACIÓN ECUATORIANA ","8","  78,2",
"15/07/2025  7:22:18,325","   187250000","TELEVISION DEL PACIFICO","9","  40,5",
"15/07/2025  7:22:18,325","   193250000"," ","10","  44,6",
"15/07/2025  7:22:18,325","   199250000","TELEAMAZONAS","11","  78,7",
"15/07/2025  7:22:18,325","   205250000"," ","12","  36,6",
"15/07/2025  7:22:18,325","   211250000","CADENA ECUATORIANA DE TEL","13","  73,0",
"15/07/2025  7:22:18,325","   471250000"," ","14","  28,5",
"15/07/2025  7:22:18,325","   477250000"," ","15","  29,7",
"15/07/2025  7:22:18,325","   483250000"," ","16","  29,0",
"15/07/2025  7:22:18,325","   513250000"," ","21","  27,9",
"15/07/2025  7:22:18,325","   519250000"," ","22","  28,8",
"15/07/2025  7:22:18,325","   525250000"," ","23","  31,4",
"15/07/2025  7:22:18,325","   531250000"," ","24","  32,1",
"15/07/2025  7:22:18,325","   537250000"," ","25","  33,8",
"15/07/2025  7:22:18,325","   543250000"," ","26","  35,0",
"15/07/2025  7:22:18,325","   549250000","OK TV-TEVECORP","27","  30,9",
"15/07/2025  7:22:18,325","   555250000"," ","28","  32,9",
"15/07/2025  7:22:18,325","   561250000"," ","29","  30,5",
"15/07/2025  7:22:18,325","   567250000"," ","30","  29,8",
"15/07/2025  7:22:18,325","   573250000","CANAL UNO no","31","  30,3",
"15/07/2025  7:22:18,325","   579250000"," ","32","  29,0",
"15/07/2025  7:22:18,325","   585250000","TELEATAHUALPA (RTU)","33","  32,8",
"15/07/2025  7:22:18,325","   591350000"," ","34","  30,4",
"15/07/2025  7:22:18,325","   597250000","TELEVICENTRO TVC","35","  80,2",
"15/07/2025  7:22:18,325","   603250000"," ","36","  30,4",
"15/07/2025  7:22:18,325","   615250000"," ","38","  36,2",
"15/07/2025  7:22:18,325","   621250000","UCSG TELEVISION","39","  29,8",
"15/07/2025  7:22:18,325","   627250000"," ","40","  28,2",
"15/07/2025  7:22:18,325","   633250000","OROMAR","41","  29,9",
"15/07/2025  7:22:18,325","   639250000"," ","42","  30,1",
"15/07/2025  7:22:18,325","   645250000"," ","43","  31,1",
"15/07/2025  7:22:18,325","   651250000"," ","44","  29,4",
"15/07/2025  7:22:18,325","   657250000"," ","45","  43,1",
"15/07/2025  7:22:18,325","   663250000"," ","46","  27,3",
"15/07/2025  7:22:18,325","   669250000"," ","47","  29,4",
"15/07/2025  7:22:18,325","   675250000"," ","48","  29,0",
"15/07/2025  7:22:18,325","   681250000"," ","49","  29,6",
"15/07/2025  7:22:18,325","   687250000"," ","50","  30,2",
"15/07/2025  7:22:18,325","   693250000"," ","51","  31,1",
"15/07/2025  17:40:02,781","    55250000"," ","2","  46,6",
"15/07/2025  17:40:02,781","    61250000","RED TELESISTEMA (R.T.S)","3","  64,3",
"15/07/2025  17:40:02,781","    67250000"," ","4","  39,0",
"15/07/2025  17:40:02,781","    77250000"," ","5","  46,5",
"15/07/2025  17:40:02,781","    83250000","TELERAMA","6","  35,5",
"15/07/2025  17:40:02,781","   175250000","ECUADOR TV","7","  37,3",
"15/07/2025  17:40:02,781","   181250000"," CORPORACIÓN ECUATORIANA ","8","  77,3",
"15/07/2025  17:40:02,781","   187250000","TELEVISION DEL PACIFICO","9","  40,5",
"15/07/2025  17:40:02,781","   193250000"," ","10","  49,5",
"15/07/2025  17:40:02,781","   199250000","TELEAMAZONAS","11","  78,0",
"15/07/2025  17:40:02,781","   205250000"," ","12","  37,0",
"15/07/2025  17:40:02,781","   211250000","CADENA ECUATORIANA DE TEL","13","  72,3",
"15/07/2025  17:40:02,781","   471250000"," ","14","  29,2",
"15/07/2025  17:40:02,781","   477250000"," ","15","  27,9",
"15/07/2025  17:40:02,781","   483250000"," ","16","  32,2",
"15/07/2025  17:40:02,781","   513250000"," ","21","  28,3",
"15/07/2025  17:40:02,781","   519250000"," ","22","  27,0",
"15/07/2025  17:40:02,781","   525250000"," ","23","  29,5",
"15/07/2025  17:40:02,781","   531250000"," ","24","  33,1",
"15/07/2025  17:40:02,781","   537250000"," ","25","  35,3",
"15/07/2025  17:40:02,781","   543250000"," ","26","  32,9",
"15/07/2025  17:40:02,781","   549250000","OK TV-TEVECORP","27","  31,5",
"15/07/2025  17:40:02,781","   555250000"," ","28","  33,6",
"15/07/2025  17:40:02,781","   561250000"," ","29","  32,0",
"15/07/2025  17:40:02,781","   567250000"," ","30","  28,6",
"15/07/2025  17:40:02,781","   573250000","CANAL UNO no","31","  31,0",
"15/07/2025  17:40:02,781","   579250000"," ","32","  45,8",
"15/07/2025  17:40:02,781","   585250000","TELEATAHUALPA (RTU)","33","  32,6",
"15/07/2025  17:40:02,781","   591350000"," ","34","  31,4",
"15/07/2025  17:40:02,781","   597250000","TELEVICENTRO TVC","35","  79,5",
"15/07/2025  17:40:02,781","   603250000"," ","36","  31,8",
"15/07/2025  17:40:02,781","   615250000"," ","38","  38,2",
"15/07/2025  17:40:02,781","   621250000","UCSG TELEVISION","39","  30,2",
"15/07/2025  17:40:02,781","   627250000"," ","40","  30,6",
"15/07/2025  17:40:02,781","   633250000","OROMAR","41","  28,9",
"15/07/2025  17:40:02,781","   639250000"," ","42","  30,5",
"15/07/2025  17:40:02,781","   645250000"," ","43","  41,6",
"15/07/2025  17:40:02,781","   651250000"," ","44","  28,9",
"15/07/2025  17:40:02,781","   657250000"," ","45","  28,5",
"15/07/2025  17:40:02,781","   663250000"," ","46","  27,3",
"15/07/2025  17:40:02,781","   669250000"," ","47","  30,0",
"15/07/2025  17:40:02,781","   675250000"," ","48","  29,2",
"15/07/2025  17:40:02,781","   681250000"," ","49","  29,7",
"15/07/2025  17:40:02,781","   687250000"," ","50","  29,8",
"15/07/2025  17:40:02,781","   693250000"," ","51","  28,1",
"15/07/2025  17:40:48,664","    55250000"," ","2","  44,3",
"15/07/2025  17:40:48,664","    61250000","RED TELESISTEMA (R.T.S)","3","  64,1",
"15/07/2025  17:40:48,664","    67250000"," ","4","  40,1",
"15/07/2025  17:40:48,664","    77250000"," ","5","  45,8",
"15/07/2025  17:40:48,664","    83250000","TELERAMA","6","  35,1",
"15/07/2025  17:40:48,664","   175250000","ECUADOR TV","7","  36,5",
"15/07/2025  17:40:48,664","   181250000"," CORPORACIÓN ECUATORIANA ","8","  77,1",
"15/07/2025  17:40:48,664","   187250000","TELEVISION DEL PACIFICO","9","  39,8",
"15/07/2025  17:40:48,664","   193250000"," ","10","  46,2",
"15/07/2025  17:40:48,664","   199250000","TELEAMAZONAS","11","  78,3",
"15/07/2025  17:40:48,664","   205250000"," ","12","  42,8",
"15/07/2025  17:40:48,664","   211250000","CADENA ECUATORIANA DE TEL","13","  72,5",
"15/07/2025  17:40:48,664","   471250000"," ","14","  39,8",
"15/07/2025  17:40:48,664","   477250000"," ","15","  28,2",
"15/07/2025  17:40:48,664","   483250000"," ","16","  28,0",
"15/07/2025  17:40:48,664","   513250000"," ","21","  29,2",
"15/07/2025  17:40:48,664","   519250000"," ","22","  27,8",
"15/07/2025  17:40:48,664","   525250000"," ","23","  30,8",
"15/07/2025  17:40:48,664","   531250000"," ","24","  30,4",
"15/07/2025  17:40:48,664","   537250000"," ","25","  32,6",
"15/07/2025  17:40:48,664","   543250000"," ","26","  31,5",
"15/07/2025  17:40:48,664","   549250000","OK TV-TEVECORP","27","  31,3",
"15/07/2025  17:40:48,664","   555250000"," ","28","  35,9",
"15/07/2025  17:40:48,664","   561250000"," ","29","  32,0",
"15/07/2025  17:40:48,664","   567250000"," ","30","  29,1",
"15/07/2025  17:40:48,664","   573250000","CANAL UNO no","31","  38,0",
"15/07/2025  17:40:48,664","   579250000"," ","32","  29,5",
"15/07/2025  17:40:48,664","   585250000","TELEATAHUALPA (RTU)","33","  33,1",
"15/07/2025  17:40:48,664","   591350000"," ","34","  30,1",
"15/07/2025  17:40:48,664","   597250000","TELEVICENTRO TVC","35","  80,0",
"15/07/2025  17:40:48,664","   603250000"," ","36","  29,5",
"15/07/2025  17:40:48,664","   615250000"," ","38","  40,9",
"15/07/2025  17:40:48,664","   621250000","UCSG TELEVISION","39","  29,9",
"15/07/2025  17:40:48,664","   627250000"," ","40","  29,1",
"15/07/2025  17:40:48,664","   633250000","OROMAR","41","  29,9",
"15/07/2025  17:40:48,664","   639250000"," ","42","  28,6",
"15/07/2025  17:40:48,664","   645250000"," ","43","  30,6",
"15/07/2025  17:40:48,664","   651250000"," ","44","  27,9",
"15/07/2025  17:40:48,664","   657250000"," ","45","  27,6",
"15/07/2025  17:40:48,664","   663250000"," ","46","  29,8",
"15/07/2025  17:40:48,664","   669250000"," ","47","  29,2",
"15/07/2025  17:40:48,664","   675250000"," ","48","  27,7",
"15/07/2025  17:40:48,664","   681250000"," ","49","  29,0",
"15/07/2025  17:40:48,664","   687250000"," ","50","  28,3",
"15/07/2025  17:40:48,664","   693250000"," ","51","  29,1",
"15/07/2025  17:41:32,579","    55250000"," ","2","  44,6",
"15/07/2025  17:41:32,579","    61250000","RED TELESISTEMA (R.T.S)","3","  64,1",
"15/07/2025  17:41:32,579","    67250000"," ","4","  40,5",
"15/07/2025  17:41:32,579","    77250000"," ","5","  44,3",
"15/07/2025  17:41:32,579","    83250000","TELERAMA","6","  37,4",
"15/07/2025  17:41:32,579","   175250000","ECUADOR TV","7","  38,7",
"15/07/2025  17:41:32,579","   181250000"," CORPORACIÓN ECUATORIANA ","8","  77,5",
"15/07/2025  17:41:32,579","   187250000","TELEVISION DEL PACIFICO","9","  41,3",
"15/07/2025  17:41:32,579","   193250000"," ","10","  44,5",
"15/07/2025  17:41:32,579","   199250000","TELEAMAZONAS","11","  78,5",
"15/07/2025  17:41:32,579","   205250000"," ","12","  40,0",
"15/07/2025  17:41:32,579","   211250000","CADENA ECUATORIANA DE TEL","13","  72,6",
"15/07/2025  17:41:32,579","   471250000"," ","14","  28,1",
"15/07/2025  17:41:32,579","   477250000"," ","15","  27,6",
"15/07/2025  17:41:32,579","   483250000"," ","16","  28,1",
"15/07/2025  17:41:32,579","   513250000"," ","21","  29,3",
"15/07/2025  17:41:32,579","   519250000"," ","22","  28,1",
"15/07/2025  17:41:32,579","   525250000"," ","23","  30,5",
"15/07/2025  17:41:32,579","   531250000"," ","24","  29,9",
"15/07/2025  17:41:32,579","   537250000"," ","25","  34,8",
"15/07/2025  17:41:32,579","   543250000"," ","26","  36,3",
"15/07/2025  17:41:32,579","   549250000","OK TV-TEVECORP","27","  31,4",
"15/07/2025  17:41:32,579","   555250000"," ","28","  34,6",
"15/07/2025  17:41:32,579","   561250000"," ","29","  32,4",
"15/07/2025  17:41:32,579","   567250000"," ","30","  28,3",
"15/07/2025  17:41:32,579","   573250000","CANAL UNO no","31","  29,7",
"15/07/2025  17:41:32,579","   579250000"," ","32","  30,1",
"15/07/2025  17:41:32,579","   585250000","TELEATAHUALPA (RTU)","33","  32,1",
"15/07/2025  17:41:32,579","   591350000"," ","34","  28,7",
"15/07/2025  17:41:32,579","   597250000","TELEVICENTRO TVC","35","  80,1",
"15/07/2025  17:41:32,579","   603250000"," ","36","  30,0",
"15/07/2025  17:41:32,579","   615250000"," ","38","  38,0",
"15/07/2025  17:41:32,579","   621250000","UCSG TELEVISION","39","  31,3",
"15/07/2025  17:41:32,579","   627250000"," ","40","  28,7",
"15/07/2025  17:41:32,579","   633250000","OROMAR","41","  28,5",
"15/07/2025  17:41:32,579","   639250000"," ","42","  29,0",
"15/07/2025  17:41:32,579","   645250000"," ","43","  31,7",
"15/07/2025  17:41:32,579","   651250000"," ","44","  30,0",
"15/07/2025  17:41:32,579","   657250000"," ","45","  27,7",
"15/07/2025  17:41:32,579","   663250000"," ","46","  27,5",
"15/07/2025  17:41:32,579","   669250000"," ","47","  28,0",
"15/07/2025  17:41:32,579","   675250000"," ","48","  29,6",
"15/07/2025  17:41:32,579","   681250000"," ","49","  29,1",
"15/07/2025  17:41:32,579","   687250000"," ","50","  29,8",
"15/07/2025  17:41:32,579","   693250000"," ","51","  29,2",
"15/07/2025  17:42:18,439","    55250000"," ","2","  36,0",
"15/07/2025  17:42:18,439","    61250000","RED TELESISTEMA (R.T.S)","3","  64,2",
"15/07/2025  17:42:18,439","    67250000"," ","4","  40,4",
"15/07/2025  17:42:18,439","    77250000"," ","5","  43,0",
"15/07/2025  17:42:18,439","    83250000","TELERAMA","6","  37,9",
"15/07/2025  17:42:18,439","   175250000","ECUADOR TV","7","  36,7",
"15/07/2025  17:42:18,439","   181250000"," CORPORACIÓN ECUATORIANA ","8","  77,6",
"15/07/2025  17:42:18,439","   187250000","TELEVISION DEL PACIFICO","9","  41,2",
"15/07/2025  17:42:18,439","   193250000"," ","10","  47,2",
"15/07/2025  17:42:18,439","   199250000","TELEAMAZONAS","11","  78,3",
"15/07/2025  17:42:18,439","   205250000"," ","12","  40,5",
"15/07/2025  17:42:18,439","   211250000","CADENA ECUATORIANA DE TEL","13","  72,5",
"15/07/2025  17:42:18,439","   471250000"," ","14","  28,8",
"15/07/2025  17:42:18,439","   477250000"," ","15","  30,6",
"15/07/2025  17:42:18,439","   483250000"," ","16","  28,9",
"15/07/2025  17:42:18,439","   513250000"," ","21","  29,8",
"15/07/2025  17:42:18,439","   519250000"," ","22","  27,0",
"15/07/2025  17:42:18,439","   525250000"," ","23","  31,4",
"15/07/2025  17:42:18,439","   531250000"," ","24","  29,4",
"15/07/2025  17:42:18,439","   537250000"," ","25","  33,2",
"15/07/2025  17:42:18,439","   543250000"," ","26","  37,1",
"15/07/2025  17:42:18,439","   549250000","OK TV-TEVECORP","27","  30,3",
"15/07/2025  17:42:18,439","   555250000"," ","28","  32,9",
"15/07/2025  17:42:18,439","   561250000"," ","29","  31,2",
"15/07/2025  17:42:18,439","   567250000"," ","30","  29,9",
"15/07/2025  17:42:18,439","   573250000","CANAL UNO no","31","  30,0",
"15/07/2025  17:42:18,439","   579250000"," ","32","  29,5",
"15/07/2025  17:42:18,439","   585250000","TELEATAHUALPA (RTU)","33","  31,6",
"15/07/2025  17:42:18,439","   591350000"," ","34","  31,7",
"15/07/2025  17:42:18,439","   597250000","TELEVICENTRO TVC","35","  80,2",
"15/07/2025  17:42:18,439","   603250000"," ","36","  30,4",
"15/07/2025  17:42:18,439","   615250000"," ","38","  40,1",
"15/07/2025  17:42:18,439","   621250000","UCSG TELEVISION","39","  30,8",
"15/07/2025  17:42:18,439","   627250000"," ","40","  30,5",
"15/07/2025  17:42:18,439","   633250000","OROMAR","41","  28,8",
"15/07/2025  17:42:18,439","   639250000"," ","42","  28,9",
"15/07/2025  17:42:18,439","   645250000"," ","43","  30,5",
"15/07/2025  17:42:18,439","   651250000"," ","44","  29,0",
"15/07/2025  17:42:18,439","   657250000"," ","45","  28,2",
"15/07/2025  17:42:18,439","   663250000"," ","46","  28,9",
"15/07/2025  17:42:18,439","   669250000"," ","47","  34,2",
"15/07/2025  17:42:18,439","   675250000"," ","48","  33,8",
"15/07/2025  17:42:18,439","   681250000"," ","49","  28,4",
"15/07/2025  17:42:18,439","   687250000"," ","50","  28,9",
"15/07/2025  17:42:18,439","   693250000"," ","51","  28,2",
"16/07/2025  7:20:02,719","    55250000"," ","2","  37,0",
"16/07/2025  7:20:02,719","    61250000","RED TELESISTEMA (R.T.S)","3","  63,9",
"16/07/2025  7:20:02,719","    67250000"," ","4","  37,9",
"16/07/2025  7:20:02,719","    77250000"," ","5","  40,8",
"16/07/2025  7:20:02,719","    83250000","TELERAMA","6","  34,8",
"16/07/2025  7:20:02,719","   175250000","ECUADOR TV","7","  38,3",
"16/07/2025  7:20:02,719","   181250000"," CORPORACIÓN ECUATORIANA ","8","  77,5",
"16/07/2025  7:20:02,719","   187250000","TELEVISION DEL PACIFICO","9","  42,8",
"16/07/2025  7:20:02,719","   193250000"," ","10","  46,0",
"16/07/2025  7:20:02,719","   199250000","TELEAMAZONAS","11","  78,3",
"16/07/2025  7:20:02,719","   205250000"," ","12","  33,2",
"16/07/2025  7:20:02,719","   211250000","CADENA ECUATORIANA DE TEL","13","  72,6",
"16/07/2025  7:20:02,719","   471250000"," ","14","  28,7",
"16/07/2025  7:20:02,719","   477250000"," ","15","  29,9",
"16/07/2025  7:20:02,719","   483250000"," ","16","  29,7",
"16/07/2025  7:20:02,719","   513250000"," ","21","  28,1",
"16/07/2025  7:20:02,719","   519250000"," ","22","  27,2",
"16/07/2025  7:20:02,719","   525250000"," ","23","  31,2",
"16/07/2025  7:20:02,719","   531250000"," ","24","  29,0",
"16/07/2025  7:20:02,719","   537250000"," ","25","  30,4",
"16/07/2025  7:20:02,719","   543250000"," ","26","  32,6",
"16/07/2025  7:20:02,719","   549250000","OK TV-TEVECORP","27","  30,9",
"16/07/2025  7:20:02,719","   555250000"," ","28","  33,4",
"16/07/2025  7:20:02,719","   561250000"," ","29","  31,4",
"16/07/2025  7:20:02,719","   567250000"," ","30","  32,2",
"16/07/2025  7:20:02,719","   573250000","CANAL UNO no","31","  29,8",
"16/07/2025  7:20:02,719","   579250000"," ","32","  30,3",
"16/07/2025  7:20:02,719","   585250000","TELEATAHUALPA (RTU)","33","  32,2",
"16/07/2025  7:20:02,719","   591350000"," ","34","  30,3",
"16/07/2025  7:20:02,719","   597250000","TELEVICENTRO TVC","35","  80,1",
"16/07/2025  7:20:02,719","   603250000"," ","36","  31,1",
"16/07/2025  7:20:02,719","   615250000"," ","38","  36,6",
"16/07/2025  7:20:02,719","   621250000","UCSG TELEVISION","39","  29,2",
"16/07/2025  7:20:02,719","   627250000"," ","40","  29,7",
"16/07/2025  7:20:02,719","   633250000","OROMAR","41","  29,3",
"16/07/2025  7:20:02,719","   639250000"," ","42","  28,8",
"16/07/2025  7:20:02,719","   645250000"," ","43","  31,4",
"16/07/2025  7:20:02,719","   651250000"," ","44","  28,8",
"16/07/2025  7:20:02,719","   657250000"," ","45","  27,8",
"16/07/2025  7:20:02,719","   663250000"," ","46","  27,5",
"16/07/2025  7:20:02,719","   669250000"," ","47","  28,0",
"16/07/2025  7:20:02,719","   675250000"," ","48","  29,0",
"16/07/2025  7:20:02,719","   681250000"," ","49","  28,4",
"16/07/2025  7:20:02,719","   687250000"," ","50","  29,0",
"16/07/2025  7:20:02,719","   693250000"," ","51","  28,3",
"16/07/2025  7:20:48,623","    55250000"," ","2","  36,0",
"16/07/2025  7:20:48,623","    61250000","RED TELESISTEMA (R.T.S)","3","  63,7",
"16/07/2025  7:20:48,623","    67250000"," ","4","  38,4",
"16/07/2025  7:20:48,623","    77250000"," ","5","  40,6",
"16/07/2025  7:20:48,623","    83250000","TELERAMA","6","  34,4",
"16/07/2025  7:20:48,623","   175250000","ECUADOR TV","7","  36,0",
"16/07/2025  7:20:48,623","   181250000"," CORPORACIÓN ECUATORIANA ","8","  77,2",
"16/07/2025  7:20:48,623","   187250000","TELEVISION DEL PACIFICO","9","  41,0",
"16/07/2025  7:20:48,623","   193250000"," ","10","  46,1",
"16/07/2025  7:20:48,623","   199250000","TELEAMAZONAS","11","  78,0",
"16/07/2025  7:20:48,623","   205250000"," ","12","  33,5",
"16/07/2025  7:20:48,623","   211250000","CADENA ECUATORIANA DE TEL","13","  72,2",
"16/07/2025  7:20:48,623","   471250000"," ","14","  28,4",
"16/07/2025  7:20:48,623","   477250000"," ","15","  32,3",
"16/07/2025  7:20:48,623","   483250000"," ","16","  28,3",
"16/07/2025  7:20:48,623","   513250000"," ","21","  30,6",
"16/07/2025  7:20:48,623","   519250000"," ","22","  27,7",
"16/07/2025  7:20:48,623","   525250000"," ","23","  32,2",
"16/07/2025  7:20:48,623","   531250000"," ","24","  29,0",
"16/07/2025  7:20:48,623","   537250000"," ","25","  30,7",
"16/07/2025  7:20:48,623","   543250000"," ","26","  35,7",
"16/07/2025  7:20:48,623","   549250000","OK TV-TEVECORP","27","  31,3",
"16/07/2025  7:20:48,623","   555250000"," ","28","  32,6",
"16/07/2025  7:20:48,623","   561250000"," ","29","  30,6",
"16/07/2025  7:20:48,623","   567250000"," ","30","  28,3",
"16/07/2025  7:20:48,623","   573250000","CANAL UNO no","31","  29,6",
"16/07/2025  7:20:48,623","   579250000"," ","32","  29,6",
"16/07/2025  7:20:48,623","   585250000","TELEATAHUALPA (RTU)","33","  32,7",
"16/07/2025  7:20:48,623","   591350000"," ","34","  30,4",
"16/07/2025  7:20:48,623","   597250000","TELEVICENTRO TVC","35","  80,2",
"16/07/2025  7:20:48,623","   603250000"," ","36","  31,6",
"16/07/2025  7:20:48,623","   615250000"," ","38","  38,8",
"16/07/2025  7:20:48,623","   621250000","UCSG TELEVISION","39","  29,1",
"16/07/2025  7:20:48,623","   627250000"," ","40","  29,9",
"16/07/2025  7:20:48,623","   633250000","OROMAR","41","  28,5",
"16/07/2025  7:20:48,623","   639250000"," ","42","  29,3",
"16/07/2025  7:20:48,623","   645250000"," ","43","  30,5",
"16/07/2025  7:20:48,623","   651250000"," ","44","  28,0",
"16/07/2025  7:20:48,623","   657250000"," ","45","  28,2",
"16/07/2025  7:20:48,623","   663250000"," ","46","  29,8",
"16/07/2025  7:20:48,623","   669250000"," ","47","  27,7",
"16/07/2025  7:20:48,623","   675250000"," ","48","  29,1",
"16/07/2025  7:20:48,623","   681250000"," ","49","  28,7",
"16/07/2025  7:20:48,623","   687250000"," ","50","  28,4",
"16/07/2025  7:20:48,623","   693250000"," ","51","  29,2",
"16/07/2025  7:21:32,586","    55250000"," ","2","  36,4",
"16/07/2025  7:21:32,586","    61250000","RED TELESISTEMA (R.T.S)","3","  63,7",
"16/07/2025  7:21:32,586","    67250000"," ","4","  39,0",
"16/07/2025  7:21:32,586","    77250000"," ","5","  43,6",
"16/07/2025  7:21:32,586","    83250000","TELERAMA","6","  40,8",
"16/07/2025  7:21:32,586","   175250000","ECUADOR TV","7","  35,3",
"16/07/2025  7:21:32,586","   181250000"," CORPORACIÓN ECUATORIANA ","8","  77,2",
"16/07/2025  7:21:32,586","   187250000","TELEVISION DEL PACIFICO","9","  41,1",
"16/07/2025  7:21:32,586","   193250000"," ","10","  46,9",
"16/07/2025  7:21:32,586","   199250000","TELEAMAZONAS","11","  78,3",
"16/07/2025  7:21:32,586","   205250000"," ","12","  32,3",
"16/07/2025  7:21:32,586","   211250000","CADENA ECUATORIANA DE TEL","13","  72,5",
"16/07/2025  7:21:32,586","   471250000"," ","14","  41,3",
"16/07/2025  7:21:32,586","   477250000"," ","15","  31,7",
"16/07/2025  7:21:32,586","   483250000"," ","16","  28,7",
"16/07/2025  7:21:32,586","   513250000"," ","21","  28,9",
"16/07/2025  7:21:32,586","   519250000"," ","22","  27,1",
"16/07/2025  7:21:32,586","   525250000"," ","23","  30,4",
"16/07/2025  7:21:32,586","   531250000"," ","24","  30,1",
"16/07/2025  7:21:32,586","   537250000"," ","25","  33,1",
"16/07/2025  7:21:32,586","   543250000"," ","26","  35,4",
"16/07/2025  7:21:32,586","   549250000","OK TV-TEVECORP","27","  30,8",
"16/07/2025  7:21:32,586","   555250000"," ","28","  33,4",
"16/07/2025  7:21:32,586","   561250000"," ","29","  31,3",
"16/07/2025  7:21:32,586","   567250000"," ","30","  29,8",
"16/07/2025  7:21:32,586","   573250000","CANAL UNO no","31","  29,5",
"16/07/2025  7:21:32,586","   579250000"," ","32","  31,4",
"16/07/2025  7:21:32,586","   585250000","TELEATAHUALPA (RTU)","33","  32,9",
"16/07/2025  7:21:32,586","   591350000"," ","34","  29,5",
"16/07/2025  7:21:32,586","   597250000","TELEVICENTRO TVC","35","  79,7",
"16/07/2025  7:21:32,586","   603250000"," ","36","  30,1",
"16/07/2025  7:21:32,586","   615250000"," ","38","  36,8",
"16/07/2025  7:21:32,586","   621250000","UCSG TELEVISION","39","  28,9",
"16/07/2025  7:21:32,586","   627250000"," ","40","  28,6",
"16/07/2025  7:21:32,586","   633250000","OROMAR","41","  27,9",
"16/07/2025  7:21:32,586","   639250000"," ","42","  29,3",
"16/07/2025  7:21:32,586","   645250000"," ","43","  31,0",
"16/07/2025  7:21:32,586","   651250000"," ","44","  28,9",
"16/07/2025  7:21:32,586","   657250000"," ","45","  27,9",
"16/07/2025  7:21:32,586","   663250000"," ","46","  29,3",
"16/07/2025  7:21:32,586","   669250000"," ","47","  29,3",
"16/07/2025  7:21:32,586","   675250000"," ","48","  28,5",
"16/07/2025  7:21:32,586","   681250000"," ","49","  29,7",
"16/07/2025  7:21:32,586","   687250000"," ","50","  27,3",
"16/07/2025  7:21:32,586","   693250000"," ","51","  28,6",
"16/07/2025  7:22:18,476","    55250000"," ","2","  35,7",
"16/07/2025  7:22:18,476","    61250000","RED TELESISTEMA (R.T.S)","3","  63,9",
"16/07/2025  7:22:18,476","    67250000"," ","4","  39,9",
"16/07/2025  7:22:18,476","    77250000"," ","5","  44,9",
"16/07/2025  7:22:18,476","    83250000","TELERAMA","6","  37,3",
"16/07/2025  7:22:18,476","   175250000","ECUADOR TV","7","  35,9",
"16/07/2025  7:22:18,476","   181250000"," CORPORACIÓN ECUATORIANA ","8","  77,5",
"16/07/2025  7:22:18,476","   187250000","TELEVISION DEL PACIFICO","9","  40,1",
"16/07/2025  7:22:18,476","   193250000"," ","10","  45,0",
"16/07/2025  7:22:18,476","   199250000","TELEAMAZONAS","11","  78,5",
"16/07/2025  7:22:18,476","   205250000"," ","12","  31,5",
"16/07/2025  7:22:18,476","   211250000","CADENA ECUATORIANA DE TEL","13","  72,6",
"16/07/2025  7:22:18,476","   471250000"," ","14","  32,6",
"16/07/2025  7:22:18,476","   477250000"," ","15","  38,7",
"16/07/2025  7:22:18,476","   483250000"," ","16","  28,7",
"16/07/2025  7:22:18,476","   513250000"," ","21","  30,8",
"16/07/2025  7:22:18,476","   519250000"," ","22","  28,1",
"16/07/2025  7:22:18,476","   525250000"," ","23","  31,0",
"16/07/2025  7:22:18,476","   531250000"," ","24","  30,0",
"16/07/2025  7:22:18,476","   537250000"," ","25","  31,9",
"16/07/2025  7:22:18,476","   543250000"," ","26","  36,0",
"16/07/2025  7:22:18,476","   549250000","OK TV-TEVECORP","27","  32,3",
"16/07/2025  7:22:18,476","   555250000"," ","28","  33,3",
"16/07/2025  7:22:18,476","   561250000"," ","29","  31,1",
"16/07/2025  7:22:18,476","   567250000"," ","30","  28,8",
"16/07/2025  7:22:18,476","   573250000","CANAL UNO no","31","  29,7",
"16/07/2025  7:22:18,476","   579250000"," ","32","  30,3",
"16/07/2025  7:22:18,476","   585250000","TELEATAHUALPA (RTU)","33","  32,1",
"16/07/2025  7:22:18,476","   591350000"," ","34","  31,1",
"16/07/2025  7:22:18,476","   597250000","TELEVICENTRO TVC","35","  80,1",
"16/07/2025  7:22:18,476","   603250000"," ","36","  31,1",
"16/07/2025  7:22:18,476","   615250000"," ","38","  36,8",
"16/07/2025  7:22:18,476","   621250000","UCSG TELEVISION","39","  29,6",
"16/07/2025  7:22:18,476","   627250000"," ","40","  28,6",
"16/07/2025  7:22:18,476","   633250000","OROMAR","41","  29,6",
"16/07/2025  7:22:18,476","   639250000"," ","42","  29,9",
"16/07/2025  7:22:18,476","   645250000"," ","43","  31,6",
"16/07/2025  7:22:18,476","   651250000"," ","44","  29,7",
"16/07/2025  7:22:18,476","   657250000"," ","45","  28,4",
"16/07/2025  7:22:18,476","   663250000"," ","46","  28,9",
"16/07/2025  7:22:18,476","   669250000"," ","47","  28,6",
"16/07/2025  7:22:18,476","   675250000"," ","48","  30,2",
"16/07/2025  7:22:18,476","   681250000"," ","49","  28,6",
"16/07/2025  7:22:18,476","   687250000"," ","50","  27,7",
"16/07/2025  7:22:18,476","   693250000"," ","51","  27,9",
"16/07/2025  17:40:02,658","    55250000"," ","2","  37,0",
"16/07/2025  17:40:02,658","    61250000","RED TELESISTEMA (R.T.S)","3","  64,2",
"16/07/2025  17:40:02,658","    67250000"," ","4","  41,0",
"16/07/2025  17:40:02,658","    77250000"," ","5","  48,3",
"16/07/2025  17:40:02,658","    83250000","TELERAMA","6","  35,5",
"16/07/2025  17:40:02,658","   175250000","ECUADOR TV","7","  34,7",
"16/07/2025  17:40:02,658","   181250000"," CORPORACIÓN ECUATORIANA ","8","  77,7",
"16/07/2025  17:40:02,658","   187250000","TELEVISION DEL PACIFICO","9","  41,4",
"16/07/2025  17:40:02,658","   193250000"," ","10","  45,8",
"16/07/2025  17:40:02,658","   199250000","TELEAMAZONAS","11","  78,2",
"16/07/2025  17:40:02,658","   205250000"," ","12","  33,8",
"16/07/2025  17:40:02,658","   211250000","CADENA ECUATORIANA DE TEL","13","  72,4",
"16/07/2025  17:40:02,658","   471250000"," ","14","  28,6",
"16/07/2025  17:40:02,658","   477250000"," ","15","  28,0",
"16/07/2025  17:40:02,658","   483250000"," ","16","  28,7",
"16/07/2025  17:40:02,658","   513250000"," ","21","  27,9",
"16/07/2025  17:40:02,658","   519250000"," ","22","  27,5",
"16/07/2025  17:40:02,658","   525250000"," ","23","  30,2",
"16/07/2025  17:40:02,658","   531250000"," ","24","  31,2",
"16/07/2025  17:40:02,658","   537250000"," ","25","  34,7",
"16/07/2025  17:40:02,658","   543250000"," ","26","  36,5",
"16/07/2025  17:40:02,658","   549250000","OK TV-TEVECORP","27","  31,7",
"16/07/2025  17:40:02,658","   555250000"," ","28","  35,0",
"16/07/2025  17:40:02,658","   561250000"," ","29","  30,2",
"16/07/2025  17:40:02,658","   567250000"," ","30","  29,2",
"16/07/2025  17:40:02,658","   573250000","CANAL UNO no","31","  29,8",
"16/07/2025  17:40:02,658","   579250000"," ","32","  28,9",
"16/07/2025  17:40:02,658","   585250000","TELEATAHUALPA (RTU)","33","  32,3",
"16/07/2025  17:40:02,658","   591350000"," ","34","  30,0",
"16/07/2025  17:40:02,658","   597250000","TELEVICENTRO TVC","35","  80,0",
"16/07/2025  17:40:02,658","   603250000"," ","36","  31,2",
"16/07/2025  17:40:02,658","   615250000"," ","38","  35,3",
"16/07/2025  17:40:02,658","   621250000","UCSG TELEVISION","39","  30,6",
"16/07/2025  17:40:02,658","   627250000"," ","40","  29,6",
"16/07/2025  17:40:02,658","   633250000","OROMAR","41","  29,9",
"16/07/2025  17:40:02,658","   639250000"," ","42","  29,4",
"16/07/2025  17:40:02,658","   645250000"," ","43","  30,5",
"16/07/2025  17:40:02,658","   651250000"," ","44","  29,3",
"16/07/2025  17:40:02,658","   657250000"," ","45","  28,0",
"16/07/2025  17:40:02,658","   663250000"," ","46","  28,3",
"16/07/2025  17:40:02,658","   669250000"," ","47","  26,5",
"16/07/2025  17:40:02,658","   675250000"," ","48","  28,3",
"16/07/2025  17:40:02,658","   681250000"," ","49","  27,6",
"16/07/2025  17:40:02,658","   687250000"," ","50","  28,2",
"16/07/2025  17:40:02,658","   693250000"," ","51","  30,3",
"16/07/2025  17:40:48,533","    55250000"," ","2","  36,7",
"16/07/2025  17:40:48,533","    61250000","RED TELESISTEMA (R.T.S)","3","  64,2",
"16/07/2025  17:40:48,533","    67250000"," ","4","  41,7",
"16/07/2025  17:40:48,533","    77250000"," ","5","  46,7",
"16/07/2025  17:40:48,533","    83250000","TELERAMA","6","  44,7",
"16/07/2025  17:40:48,533","   175250000","ECUADOR TV","7","  35,7",
"16/07/2025  17:40:48,533","   181250000"," CORPORACIÓN ECUATORIANA ","8","  77,4",
"16/07/2025  17:40:48,533","   187250000","TELEVISION DEL PACIFICO","9","  42,2",
"16/07/2025  17:40:48,533","   193250000"," ","10","  39,6",
"16/07/2025  17:40:48,533","   199250000","TELEAMAZONAS","11","  78,0",
"16/07/2025  17:40:48,533","   205250000"," ","12","  36,2",
"16/07/2025  17:40:48,533","   211250000","CADENA ECUATORIANA DE TEL","13","  72,4",
"16/07/2025  17:40:48,533","   471250000"," ","14","  30,1",
"16/07/2025  17:40:48,533","   477250000"," ","15","  41,9",
"16/07/2025  17:40:48,533","   483250000"," ","16","  27,1",
"16/07/2025  17:40:48,533","   513250000"," ","21","  29,5",
"16/07/2025  17:40:48,533","   519250000"," ","22","  27,4",
"16/07/2025  17:40:48,533","   525250000"," ","23","  30,3",
"16/07/2025  17:40:48,533","   531250000"," ","24","  38,2",
"16/07/2025  17:40:48,533","   537250000"," ","25","  31,7",
"16/07/2025  17:40:48,533","   543250000"," ","26","  37,5",
"16/07/2025  17:40:48,533","   549250000","OK TV-TEVECORP","27","  30,6",
"16/07/2025  17:40:48,533","   555250000"," ","28","  33,8",
"16/07/2025  17:40:48,533","   561250000"," ","29","  31,5",
"16/07/2025  17:40:48,533","   567250000"," ","30","  30,0",
"16/07/2025  17:40:48,533","   573250000","CANAL UNO no","31","  29,6",
"16/07/2025  17:40:48,533","   579250000"," ","32","  30,4",
"16/07/2025  17:40:48,533","   585250000","TELEATAHUALPA (RTU)","33","  32,2",
"16/07/2025  17:40:48,533","   591350000"," ","34","  29,3",
"16/07/2025  17:40:48,533","   597250000","TELEVICENTRO TVC","35","  80,3",
"16/07/2025  17:40:48,533","   603250000"," ","36","  29,9",
"16/07/2025  17:40:48,533","   615250000"," ","38","  36,3",
"16/07/2025  17:40:48,533","   621250000","UCSG TELEVISION","39","  28,8",
"16/07/2025  17:40:48,533","   627250000"," ","40","  28,8",
"16/07/2025  17:40:48,533","   633250000","OROMAR","41","  28,4",
"16/07/2025  17:40:48,533","   639250000"," ","42","  30,1",
"16/07/2025  17:40:48,533","   645250000"," ","43","  31,5",
"16/07/2025  17:40:48,533","   651250000"," ","44","  31,0",
"16/07/2025  17:40:48,533","   657250000"," ","45","  29,3",
"16/07/2025  17:40:48,533","   663250000"," ","46","  30,6",
"16/07/2025  17:40:48,533","   669250000"," ","47","  28,9",
"16/07/2025  17:40:48,533","   675250000"," ","48","  29,9",
"16/07/2025  17:40:48,533","   681250000"," ","49","  28,6",
"16/07/2025  17:40:48,533","   687250000"," ","50","  29,4",
"16/07/2025  17:40:48,533","   693250000"," ","51","  30,0",
"16/07/2025  17:41:32,445","    55250000"," ","2","  36,9",
"16/07/2025  17:41:32,445","    61250000","RED TELESISTEMA (R.T.S)","3","  63,9",
"16/07/2025  17:41:32,445","    67250000"," ","4","  41,0",
"16/07/2025  17:41:32,445","    77250000"," ","5","  42,5",
"16/07/2025  17:41:32,445","    83250000","TELERAMA","6","  36,2",
"16/07/2025  17:41:32,445","   175250000","ECUADOR TV","7","  44,9",
"16/07/2025  17:41:32,445","   181250000"," CORPORACIÓN ECUATORIANA ","8","  77,1",
"16/07/2025  17:41:32,445","   187250000","TELEVISION DEL PACIFICO","9","  41,6",
"16/07/2025  17:41:32,445","   193250000"," ","10","  44,4",
"16/07/2025  17:41:32,445","   199250000","TELEAMAZONAS","11","  77,8",
"16/07/2025  17:41:32,445","   205250000"," ","12","  32,4",
"16/07/2025  17:41:32,445","   211250000","CADENA ECUATORIANA DE TEL","13","  72,1",
"16/07/2025  17:41:32,445","   471250000"," ","14","  28,7",
"16/07/2025  17:41:32,445","   477250000"," ","15","  38,6",
"16/07/2025  17:41:32,445","   483250000"," ","16","  27,6",
"16/07/2025  17:41:32,445","   513250000"," ","21","  28,5",
"16/07/2025  17:41:32,445","   519250000"," ","22","  26,8",
"16/07/2025  17:41:32,445","   525250000"," ","23","  29,4",
"16/07/2025  17:41:32,445","   531250000"," ","24","  31,8",
"16/07/2025  17:41:32,445","   537250000"," ","25","  33,8",
"16/07/2025  17:41:32,445","   543250000"," ","26","  35,8",
"16/07/2025  17:41:32,445","   549250000","OK TV-TEVECORP","27","  31,4",
"16/07/2025  17:41:32,445","   555250000"," ","28","  33,8",
"16/07/2025  17:41:32,445","   561250000"," ","29","  31,3",
"16/07/2025  17:41:32,445","   567250000"," ","30","  29,5",
"16/07/2025  17:41:32,445","   573250000","CANAL UNO no","31","  31,4",
"16/07/2025  17:41:32,445","   579250000"," ","32","  29,3",
"16/07/2025  17:41:32,445","   585250000","TELEATAHUALPA (RTU)","33","  31,6",
"16/07/2025  17:41:32,445","   591350000"," ","34","  31,6",
"16/07/2025  17:41:32,445","   597250000","TELEVICENTRO TVC","35","  79,8",
"16/07/2025  17:41:32,445","   603250000"," ","36","  30,6",
"16/07/2025  17:41:32,445","   615250000"," ","38","  33,6",
"16/07/2025  17:41:32,445","   621250000","UCSG TELEVISION","39","  30,4",
"16/07/2025  17:41:32,445","   627250000"," ","40","  29,0",
"16/07/2025  17:41:32,445","   633250000","OROMAR","41","  36,3",
"16/07/2025  17:41:32,445","   639250000"," ","42","  31,6",
"16/07/2025  17:41:32,445","   645250000"," ","43","  30,7",
"16/07/2025  17:41:32,445","   651250000"," ","44","  28,7",
"16/07/2025  17:41:32,445","   657250000"," ","45","  28,4",
"16/07/2025  17:41:32,445","   663250000"," ","46","  28,6",
"16/07/2025  17:41:32,445","   669250000"," ","47","  27,0",
"16/07/2025  17:41:32,445","   675250000"," ","48","  29,5",
"16/07/2025  17:41:32,445","   681250000"," ","49","  27,4",
"16/07/2025  17:41:32,445","   687250000"," ","50","  27,7",
"16/07/2025  17:41:32,445","   693250000"," ","51","  29,5",
"16/07/2025  17:42:18,304","    55250000"," ","2","  42,8",
"16/07/2025  17:42:18,304","    61250000","RED TELESISTEMA (R.T.S)","3","  64,0",
"16/07/2025  17:42:18,304","    67250000"," ","4","  39,8",
"16/07/2025  17:42:18,304","    77250000"," ","5","  42,6",
"16/07/2025  17:42:18,304","    83250000","TELERAMA","6","  34,6",
"16/07/2025  17:42:18,304","   175250000","ECUADOR TV","7","  34,6",
"16/07/2025  17:42:18,304","   181250000"," CORPORACIÓN ECUATORIANA ","8","  77,1",
"16/07/2025  17:42:18,304","   187250000","TELEVISION DEL PACIFICO","9","  40,8",
"16/07/2025  17:42:18,304","   193250000"," ","10","  38,8",
"16/07/2025  17:42:18,304","   199250000","TELEAMAZONAS","11","  77,9",
"16/07/2025  17:42:18,304","   205250000"," ","12","  37,4",
"16/07/2025  17:42:18,304","   211250000","CADENA ECUATORIANA DE TEL","13","  72,2",
"16/07/2025  17:42:18,304","   471250000"," ","14","  37,6",
"16/07/2025  17:42:18,304","   477250000"," ","15","  28,1",
"16/07/2025  17:42:18,304","   483250000"," ","16","  27,3",
"16/07/2025  17:42:18,304","   513250000"," ","21","  32,2",
"16/07/2025  17:42:18,304","   519250000"," ","22","  27,9",
"16/07/2025  17:42:18,304","   525250000"," ","23","  30,8",
"16/07/2025  17:42:18,304","   531250000"," ","24","  35,7",
"16/07/2025  17:42:18,304","   537250000"," ","25","  30,2",
"16/07/2025  17:42:18,304","   543250000"," ","26","  35,5",
"16/07/2025  17:42:18,304","   549250000","OK TV-TEVECORP","27","  30,8",
"16/07/2025  17:42:18,304","   555250000"," ","28","  34,9",
"16/07/2025  17:42:18,304","   561250000"," ","29","  31,7",
"16/07/2025  17:42:18,304","   567250000"," ","30","  31,7",
"16/07/2025  17:42:18,304","   573250000","CANAL UNO no","31","  29,2",
"16/07/2025  17:42:18,304","   579250000"," ","32","  30,4",
"16/07/2025  17:42:18,304","   585250000","TELEATAHUALPA (RTU)","33","  35,5",
"16/07/2025  17:42:18,304","   591350000"," ","34","  30,0",
"16/07/2025  17:42:18,304","   597250000","TELEVICENTRO TVC","35","  79,5",
"16/07/2025  17:42:18,304","   603250000"," ","36","  30,4",
"16/07/2025  17:42:18,304","   615250000"," ","38","  37,1",
"16/07/2025  17:42:18,304","   621250000","UCSG TELEVISION","39","  29,6",
"16/07/2025  17:42:18,304","   627250000"," ","40","  30,4",
"16/07/2025  17:42:18,304","   633250000","OROMAR","41","  27,8",
"16/07/2025  17:42:18,304","   639250000"," ","42","  32,5",
"16/07/2025  17:42:18,304","   645250000"," ","43","  31,0",
"16/07/2025  17:42:18,304","   651250000"," ","44","  28,4",
"16/07/2025  17:42:18,304","   657250000"," ","45","  28,3",
"16/07/2025  17:42:18,304","   663250000"," ","46","  28,7",
"16/07/2025  17:42:18,304","   669250000"," ","47","  28,4",
"16/07/2025  17:42:18,304","   675250000"," ","48","  28,9",
"16/07/2025  17:42:18,304","   681250000"," ","49","  29,0",
"16/07/2025  17:42:18,304","   687250000"," ","50","  29,4",
"16/07/2025  17:42:18,304","   693250000"," ","51","  29,5",
"17/07/2025  7:20:02,702","    55250000"," ","2","  37,0",
"17/07/2025  7:20:02,702","    61250000","RED TELESISTEMA (R.T.S)","3","  64,3",
"17/07/2025  7:20:02,702","    67250000"," ","4","  39,4",
"17/07/2025  7:20:02,702","    77250000"," ","5","  46,8",
"17/07/2025  7:20:02,702","    83250000","TELERAMA","6","  39,1",
"17/07/2025  7:20:02,702","   175250000","ECUADOR TV","7","  38,7",
"17/07/2025  7:20:02,702","   181250000"," CORPORACIÓN ECUATORIANA ","8","  77,6",
"17/07/2025  7:20:02,702","   187250000","TELEVISION DEL PACIFICO","9","  41,2",
"17/07/2025  7:20:02,702","   193250000"," ","10","  36,0",
"17/07/2025  7:20:02,702","   199250000","TELEAMAZONAS","11","  78,0",
"17/07/2025  7:20:02,702","   205250000"," ","12","  30,0",
"17/07/2025  7:20:02,702","   211250000","CADENA ECUATORIANA DE TEL","13","  72,3",
"17/07/2025  7:20:02,702","   471250000"," ","14","  27,9",
"17/07/2025  7:20:02,702","   477250000"," ","15","  27,5",
"17/07/2025  7:20:02,702","   483250000"," ","16","  27,4",
"17/07/2025  7:20:02,702","   513250000"," ","21","  28,5",
"17/07/2025  7:20:02,702","   519250000"," ","22","  28,9",
"17/07/2025  7:20:02,702","   525250000"," ","23","  30,4",
"17/07/2025  7:20:02,702","   531250000"," ","24","  30,2",
"17/07/2025  7:20:02,702","   537250000"," ","25","  31,4",
"17/07/2025  7:20:02,702","   543250000"," ","26","  38,0",
"17/07/2025  7:20:02,702","   549250000","OK TV-TEVECORP","27","  31,6",
"17/07/2025  7:20:02,702","   555250000"," ","28","  34,4",
"17/07/2025  7:20:02,702","   561250000"," ","29","  31,1",
"17/07/2025  7:20:02,702","   567250000"," ","30","  31,2",
"17/07/2025  7:20:02,702","   573250000","CANAL UNO no","31","  29,6",
"17/07/2025  7:20:02,702","   579250000"," ","32","  30,0",
"17/07/2025  7:20:02,702","   585250000","TELEATAHUALPA (RTU)","33","  32,1",
"17/07/2025  7:20:02,702","   591350000"," ","34","  38,4",
"17/07/2025  7:20:02,702","   597250000","TELEVICENTRO TVC","35","  79,4",
"17/07/2025  7:20:02,702","   603250000"," ","36","  30,5",
"17/07/2025  7:20:02,702","   615250000"," ","38","  39,3",
"17/07/2025  7:20:02,702","   621250000","UCSG TELEVISION","39","  29,8",
"17/07/2025  7:20:02,702","   627250000"," ","40","  28,7",
"17/07/2025  7:20:02,702","   633250000","OROMAR","41","  29,0",
"17/07/2025  7:20:02,702","   639250000"," ","42","  29,6",
"17/07/2025  7:20:02,702","   645250000"," ","43","  31,3",
"17/07/2025  7:20:02,702","   651250000"," ","44","  28,7",
"17/07/2025  7:20:02,702","   657250000"," ","45","  29,6",
"17/07/2025  7:20:02,702","   663250000"," ","46","  29,0",
"17/07/2025  7:20:02,702","   669250000"," ","47","  29,5",
"17/07/2025  7:20:02,702","   675250000"," ","48","  27,3",
"17/07/2025  7:20:02,702","   681250000"," ","49","  28,0",
"17/07/2025  7:20:02,702","   687250000"," ","50","  28,3",
"17/07/2025  7:20:02,702","   693250000"," ","51","  28,1",
"17/07/2025  7:20:48,572","    55250000"," ","2","  36,3",
"17/07/2025  7:20:48,572","    61250000","RED TELESISTEMA (R.T.S)","3","  64,3",
"17/07/2025  7:20:48,572","    67250000"," ","4","  41,7",
"17/07/2025  7:20:48,572","    77250000"," ","5","  44,3",
"17/07/2025  7:20:48,572","    83250000","TELERAMA","6","  36,1",
"17/07/2025  7:20:48,572","   175250000","ECUADOR TV","7","  36,5",
"17/07/2025  7:20:48,572","   181250000"," CORPORACIÓN ECUATORIANA ","8","  77,3",
"17/07/2025  7:20:48,572","   187250000","TELEVISION DEL PACIFICO","9","  41,6",
"17/07/2025  7:20:48,572","   193250000"," ","10","  37,8",
"17/07/2025  7:20:48,572","   199250000","TELEAMAZONAS","11","  78,0",
"17/07/2025  7:20:48,572","   205250000"," ","12","  31,0",
"17/07/2025  7:20:48,572","   211250000","CADENA ECUATORIANA DE TEL","13","  72,4",
"17/07/2025  7:20:48,572","   471250000"," ","14","  27,5",
"17/07/2025  7:20:48,572","   477250000"," ","15","  30,0",
"17/07/2025  7:20:48,572","   483250000"," ","16","  27,8",
"17/07/2025  7:20:48,572","   513250000"," ","21","  27,4",
"17/07/2025  7:20:48,572","   519250000"," ","22","  31,9",
"17/07/2025  7:20:48,572","   525250000"," ","23","  30,8",
"17/07/2025  7:20:48,572","   531250000"," ","24","  32,3",
"17/07/2025  7:20:48,572","   537250000"," ","25","  29,6",
"17/07/2025  7:20:48,572","   543250000"," ","26","  39,2",
"17/07/2025  7:20:48,572","   549250000","OK TV-TEVECORP","27","  31,1",
"17/07/2025  7:20:48,572","   555250000"," ","28","  34,4",
"17/07/2025  7:20:48,572","   561250000"," ","29","  31,0",
"17/07/2025  7:20:48,572","   567250000"," ","30","  30,3",
"17/07/2025  7:20:48,572","   573250000","CANAL UNO no","31","  31,8",
"17/07/2025  7:20:48,572","   579250000"," ","32","  29,3",
"17/07/2025  7:20:48,572","   585250000","TELEATAHUALPA (RTU)","33","  31,2",
"17/07/2025  7:20:48,572","   591350000"," ","34","  29,8",
"17/07/2025  7:20:48,572","   597250000","TELEVICENTRO TVC","35","  79,6",
"17/07/2025  7:20:48,572","   603250000"," ","36","  30,3",
"17/07/2025  7:20:48,572","   615250000"," ","38","  39,7",
"17/07/2025  7:20:48,572","   621250000","UCSG TELEVISION","39","  28,0",
"17/07/2025  7:20:48,572","   627250000"," ","40","  29,0",
"17/07/2025  7:20:48,572","   633250000","OROMAR","41","  30,8",
"17/07/2025  7:20:48,572","   639250000"," ","42","  29,0",
"17/07/2025  7:20:48,572","   645250000"," ","43","  31,6",
"17/07/2025  7:20:48,572","   651250000"," ","44","  29,7",
"17/07/2025  7:20:48,572","   657250000"," ","45","  27,8",
"17/07/2025  7:20:48,572","   663250000"," ","46","  28,5",
"17/07/2025  7:20:48,572","   669250000"," ","47","  28,3",
"17/07/2025  7:20:48,572","   675250000"," ","48","  28,8",
"17/07/2025  7:20:48,572","   681250000"," ","49","  28,1",
"17/07/2025  7:20:48,572","   687250000"," ","50","  29,0",
"17/07/2025  7:20:48,572","   693250000"," ","51","  28,4",
"17/07/2025  7:21:32,482","    55250000"," ","2","  35,4",
"17/07/2025  7:21:32,482","    61250000","RED TELESISTEMA (R.T.S)","3","  64,2",
"17/07/2025  7:21:32,482","    67250000"," ","4","  38,5",
"17/07/2025  7:21:32,482","    77250000"," ","5","  43,8",
"17/07/2025  7:21:32,482","    83250000","TELERAMA","6","  37,5",
"17/07/2025  7:21:32,482","   175250000","ECUADOR TV","7","  36,4",
"17/07/2025  7:21:32,482","   181250000"," CORPORACIÓN ECUATORIANA ","8","  77,3",
"17/07/2025  7:21:32,482","   187250000","TELEVISION DEL PACIFICO","9","  41,9",
"17/07/2025  7:21:32,482","   193250000"," ","10","  37,1",
"17/07/2025  7:21:32,482","   199250000","TELEAMAZONAS","11","  78,0",
"17/07/2025  7:21:32,482","   205250000"," ","12","  31,7",
"17/07/2025  7:21:32,482","   211250000","CADENA ECUATORIANA DE TEL","13","  72,2",
"17/07/2025  7:21:32,482","   471250000"," ","14","  33,0",
"17/07/2025  7:21:32,482","   477250000"," ","15","  28,3",
"17/07/2025  7:21:32,482","   483250000"," ","16","  28,0",
"17/07/2025  7:21:32,482","   513250000"," ","21","  27,0",
"17/07/2025  7:21:32,482","   519250000"," ","22","  27,7",
"17/07/2025  7:21:32,482","   525250000"," ","23","  29,6",
"17/07/2025  7:21:32,482","   531250000"," ","24","  31,5",
"17/07/2025  7:21:32,482","   537250000"," ","25","  31,2",
"17/07/2025  7:21:32,482","   543250000"," ","26","  38,0",
"17/07/2025  7:21:32,482","   549250000","OK TV-TEVECORP","27","  31,8",
"17/07/2025  7:21:32,482","   555250000"," ","28","  35,1",
"17/07/2025  7:21:32,482","   561250000"," ","29","  30,6",
"17/07/2025  7:21:32,482","   567250000"," ","30","  29,5",
"17/07/2025  7:21:32,482","   573250000","CANAL UNO no","31","  29,7",
"17/07/2025  7:21:32,482","   579250000"," ","32","  29,8",
"17/07/2025  7:21:32,482","   585250000","TELEATAHUALPA (RTU)","33","  32,5",
"17/07/2025  7:21:32,482","   591350000"," ","34","  30,7",
"17/07/2025  7:21:32,482","   597250000","TELEVICENTRO TVC","35","  79,9",
"17/07/2025  7:21:32,482","   603250000"," ","36","  29,8",
"17/07/2025  7:21:32,482","   615250000"," ","38","  37,7",
"17/07/2025  7:21:32,482","   621250000","UCSG TELEVISION","39","  30,2",
"17/07/2025  7:21:32,482","   627250000"," ","40","  29,2",
"17/07/2025  7:21:32,482","   633250000","OROMAR","41","  29,1",
"17/07/2025  7:21:32,482","   639250000"," ","42","  30,1",
"17/07/2025  7:21:32,482","   645250000"," ","43","  30,9",
"17/07/2025  7:21:32,482","   651250000"," ","44","  29,9",
"17/07/2025  7:21:32,482","   657250000"," ","45","  29,2",
"17/07/2025  7:21:32,482","   663250000"," ","46","  27,2",
"17/07/2025  7:21:32,482","   669250000"," ","47","  29,2",
"17/07/2025  7:21:32,482","   675250000"," ","48","  28,5",
"17/07/2025  7:21:32,482","   681250000"," ","49","  28,1",
"17/07/2025  7:21:32,482","   687250000"," ","50","  29,4",
"17/07/2025  7:21:32,482","   693250000"," ","51","  28,8",
"17/07/2025  7:22:18,340","    55250000"," ","2","  35,4",
"17/07/2025  7:22:18,340","    61250000","RED TELESISTEMA (R.T.S)","3","  64,3",
"17/07/2025  7:22:18,340","    67250000"," ","4","  39,9",
"17/07/2025  7:22:18,340","    77250000"," ","5","  43,0",
"17/07/2025  7:22:18,340","    83250000","TELERAMA","6","  37,2",
"17/07/2025  7:22:18,340","   175250000","ECUADOR TV","7","  37,9",
"17/07/2025  7:22:18,340","   181250000"," CORPORACIÓN ECUATORIANA ","8","  77,5",
"17/07/2025  7:22:18,340","   187250000","TELEVISION DEL PACIFICO","9","  41,4",
"17/07/2025  7:22:18,340","   193250000"," ","10","  35,9",
"17/07/2025  7:22:18,340","   199250000","TELEAMAZONAS","11","  78,0",
"17/07/2025  7:22:18,340","   205250000"," ","12","  40,5",
"17/07/2025  7:22:18,340","   211250000","CADENA ECUATORIANA DE TEL","13","  72,0",
"17/07/2025  7:22:18,340","   471250000"," ","14","  28,6",
"17/07/2025  7:22:18,340","   477250000"," ","15","  28,8",
"17/07/2025  7:22:18,340","   483250000"," ","16","  28,6",
"17/07/2025  7:22:18,340","   513250000"," ","21","  29,0",
"17/07/2025  7:22:18,340","   519250000"," ","22","  29,7",
"17/07/2025  7:22:18,340","   525250000"," ","23","  30,8",
"17/07/2025  7:22:18,340","   531250000"," ","24","  30,9",
"17/07/2025  7:22:18,340","   537250000"," ","25","  31,4",
"17/07/2025  7:22:18,340","   543250000"," ","26","  36,5",
"17/07/2025  7:22:18,340","   549250000","OK TV-TEVECORP","27","  31,6",
"17/07/2025  7:22:18,340","   555250000"," ","28","  34,4",
"17/07/2025  7:22:18,340","   561250000"," ","29","  32,4",
"17/07/2025  7:22:18,340","   567250000"," ","30","  28,4",
"17/07/2025  7:22:18,340","   573250000","CANAL UNO no","31","  29,0",
"17/07/2025  7:22:18,340","   579250000"," ","32","  30,3",
"17/07/2025  7:22:18,340","   585250000","TELEATAHUALPA (RTU)","33","  32,0",
"17/07/2025  7:22:18,340","   591350000"," ","34","  30,4",
"17/07/2025  7:22:18,340","   597250000","TELEVICENTRO TVC","35","  79,4",
"17/07/2025  7:22:18,340","   603250000"," ","36","  30,7",
"17/07/2025  7:22:18,340","   615250000"," ","38","  38,9",
"17/07/2025  7:22:18,340","   621250000","UCSG TELEVISION","39","  35,7",
"17/07/2025  7:22:18,340","   627250000"," ","40","  28,2",
"17/07/2025  7:22:18,340","   633250000","OROMAR","41","  28,4",
"17/07/2025  7:22:18,340","   639250000"," ","42","  30,3",
"17/07/2025  7:22:18,340","   645250000"," ","43","  30,9",
"17/07/2025  7:22:18,340","   651250000"," ","44","  28,6",
"17/07/2025  7:22:18,340","   657250000"," ","45","  28,7",
"17/07/2025  7:22:18,340","   663250000"," ","46","  28,2",
"17/07/2025  7:22:18,340","   669250000"," ","47","  27,4",
"17/07/2025  7:22:18,340","   675250000"," ","48","  28,2",
"17/07/2025  7:22:18,340","   681250000"," ","49","  28,2",
"17/07/2025  7:22:18,340","   687250000"," ","50","  28,2",
"17/07/2025  7:22:18,340","   693250000"," ","51","  28,5",
"17/07/2025  17:40:02,738","    55250000"," ","2","  38,7",
"17/07/2025  17:40:02,738","    61250000","RED TELESISTEMA (R.T.S)","3","  61,8",
"17/07/2025  17:40:02,738","    67250000"," ","4","  40,7",
"17/07/2025  17:40:02,738","    77250000"," ","5","  48,9",
"17/07/2025  17:40:02,738","    83250000","TELERAMA","6","  43,3",
"17/07/2025  17:40:02,738","   175250000","ECUADOR TV","7","  40,6",
"17/07/2025  17:40:02,738","   181250000"," CORPORACIÓN ECUATORIANA ","8","  77,2",
"17/07/2025  17:40:02,738","   187250000","TELEVISION DEL PACIFICO","9","  40,8",
"17/07/2025  17:40:02,738","   193250000"," ","10","  36,7",
"17/07/2025  17:40:02,738","   199250000","TELEAMAZONAS","11","  77,8",
"17/07/2025  17:40:02,738","   205250000"," ","12","  41,9",
"17/07/2025  17:40:02,738","   211250000","CADENA ECUATORIANA DE TEL","13","  72,0",
"17/07/2025  17:40:02,738","   471250000"," ","14","  27,3",
"17/07/2025  17:40:02,738","   477250000"," ","15","  28,7",
"17/07/2025  17:40:02,738","   483250000"," ","16","  28,7",
"17/07/2025  17:40:02,738","   513250000"," ","21","  29,2",
"17/07/2025  17:40:02,738","   519250000"," ","22","  28,8",
"17/07/2025  17:40:02,738","   525250000"," ","23","  30,5",
"17/07/2025  17:40:02,738","   531250000"," ","24","  32,1",
"17/07/2025  17:40:02,738","   537250000"," ","25","  31,3",
"17/07/2025  17:40:02,738","   543250000"," ","26","  35,5",
"17/07/2025  17:40:02,738","   549250000","OK TV-TEVECORP","27","  30,5",
"17/07/2025  17:40:02,738","   555250000"," ","28","  34,2",
"17/07/2025  17:40:02,738","   561250000"," ","29","  32,0",
"17/07/2025  17:40:02,738","   567250000"," ","30","  30,5",
"17/07/2025  17:40:02,738","   573250000","CANAL UNO no","31","  30,3",
"17/07/2025  17:40:02,738","   579250000"," ","32","  29,7",
"17/07/2025  17:40:02,738","   585250000","TELEATAHUALPA (RTU)","33","  32,8",
"17/07/2025  17:40:02,738","   591350000"," ","34","  31,2",
"17/07/2025  17:40:02,738","   597250000","TELEVICENTRO TVC","35","  78,5",
"17/07/2025  17:40:02,738","   603250000"," ","36","  31,0",
"17/07/2025  17:40:02,738","   615250000"," ","38","  32,1",
"17/07/2025  17:40:02,738","   621250000","UCSG TELEVISION","39","  29,3",
"17/07/2025  17:40:02,738","   627250000"," ","40","  29,4",
"17/07/2025  17:40:02,738","   633250000","OROMAR","41","  29,4",
"17/07/2025  17:40:02,738","   639250000"," ","42","  32,3",
"17/07/2025  17:40:02,738","   645250000"," ","43","  31,0",
"17/07/2025  17:40:02,738","   651250000"," ","44","  28,2",
"17/07/2025  17:40:02,738","   657250000"," ","45","  27,8",
"17/07/2025  17:40:02,738","   663250000"," ","46","  30,9",
"17/07/2025  17:40:02,738","   669250000"," ","47","  31,9",
"17/07/2025  17:40:02,738","   675250000"," ","48","  27,7",
"17/07/2025  17:40:02,738","   681250000"," ","49","  28,8",
"17/07/2025  17:40:02,738","   687250000"," ","50","  29,6",
"17/07/2025  17:40:02,738","   693250000"," ","51","  29,3",
"17/07/2025  17:40:48,608","    55250000"," ","2","  39,2",
"17/07/2025  17:40:48,608","    61250000","RED TELESISTEMA (R.T.S)","3","  61,4",
"17/07/2025  17:40:48,608","    67250000"," ","4","  39,1",
"17/07/2025  17:40:48,608","    77250000"," ","5","  42,7",
"17/07/2025  17:40:48,608","    83250000","TELERAMA","6","  37,9",
"17/07/2025  17:40:48,608","   175250000","ECUADOR TV","7","  36,3",
"17/07/2025  17:40:48,608","   181250000"," CORPORACIÓN ECUATORIANA ","8","  77,0",
"17/07/2025  17:40:48,608","   187250000","TELEVISION DEL PACIFICO","9","  40,1",
"17/07/2025  17:40:48,608","   193250000"," ","10","  37,8",
"17/07/2025  17:40:48,608","   199250000","TELEAMAZONAS","11","  77,8",
"17/07/2025  17:40:48,608","   205250000"," ","12","  36,6",
"17/07/2025  17:40:48,608","   211250000","CADENA ECUATORIANA DE TEL","13","  72,2",
"17/07/2025  17:40:48,608","   471250000"," ","14","  28,3",
"17/07/2025  17:40:48,608","   477250000"," ","15","  36,0",
"17/07/2025  17:40:48,608","   483250000"," ","16","  30,4",
"17/07/2025  17:40:48,608","   513250000"," ","21","  33,9",
"17/07/2025  17:40:48,608","   519250000"," ","22","  27,5",
"17/07/2025  17:40:48,608","   525250000"," ","23","  30,6",
"17/07/2025  17:40:48,608","   531250000"," ","24","  31,7",
"17/07/2025  17:40:48,608","   537250000"," ","25","  31,9",
"17/07/2025  17:40:48,608","   543250000"," ","26","  34,1",
"17/07/2025  17:40:48,608","   549250000","OK TV-TEVECORP","27","  32,0",
"17/07/2025  17:40:48,608","   555250000"," ","28","  35,2",
"17/07/2025  17:40:48,608","   561250000"," ","29","  31,3",
"17/07/2025  17:40:48,608","   567250000"," ","30","  29,4",
"17/07/2025  17:40:48,608","   573250000","CANAL UNO no","31","  29,9",
"17/07/2025  17:40:48,608","   579250000"," ","32","  28,0",
"17/07/2025  17:40:48,608","   585250000","TELEATAHUALPA (RTU)","33","  32,9",
"17/07/2025  17:40:48,608","   591350000"," ","34","  32,0",
"17/07/2025  17:40:48,608","   597250000","TELEVICENTRO TVC","35","  78,8",
"17/07/2025  17:40:48,608","   603250000"," ","36","  30,4",
"17/07/2025  17:40:48,608","   615250000"," ","38","  30,8",
"17/07/2025  17:40:48,608","   621250000","UCSG TELEVISION","39","  29,9",
"17/07/2025  17:40:48,608","   627250000"," ","40","  30,1",
"17/07/2025  17:40:48,608","   633250000","OROMAR","41","  29,1",
"17/07/2025  17:40:48,608","   639250000"," ","42","  29,2",
"17/07/2025  17:40:48,608","   645250000"," ","43","  31,5",
"17/07/2025  17:40:48,608","   651250000"," ","44","  28,7",
"17/07/2025  17:40:48,608","   657250000"," ","45","  28,1",
"17/07/2025  17:40:48,608","   663250000"," ","46","  29,4",
"17/07/2025  17:40:48,608","   669250000"," ","47","  29,0",
"17/07/2025  17:40:48,608","   675250000"," ","48","  28,4",
"17/07/2025  17:40:48,608","   681250000"," ","49","  29,7",
"17/07/2025  17:40:48,608","   687250000"," ","50","  29,5",
"17/07/2025  17:40:48,608","   693250000"," ","51","  28,4",
"17/07/2025  17:41:32,525","    55250000"," ","2","  40,3",
"17/07/2025  17:41:32,525","    61250000","RED TELESISTEMA (R.T.S)","3","  61,6",
"17/07/2025  17:41:32,525","    67250000"," ","4","  38,3",
"17/07/2025  17:41:32,525","    77250000"," ","5","  43,4",
"17/07/2025  17:41:32,525","    83250000","TELERAMA","6","  41,5",
"17/07/2025  17:41:32,525","   175250000","ECUADOR TV","7","  39,4",
"17/07/2025  17:41:32,525","   181250000"," CORPORACIÓN ECUATORIANA ","8","  76,7",
"17/07/2025  17:41:32,525","   187250000","TELEVISION DEL PACIFICO","9","  40,7",
"17/07/2025  17:41:32,525","   193250000"," ","10","  38,0",
"17/07/2025  17:41:32,525","   199250000","TELEAMAZONAS","11","  77,5",
"17/07/2025  17:41:32,525","   205250000"," ","12","  42,3",
"17/07/2025  17:41:32,525","   211250000","CADENA ECUATORIANA DE TEL","13","  71,9",
"17/07/2025  17:41:32,525","   471250000"," ","14","  28,6",
"17/07/2025  17:41:32,525","   477250000"," ","15","  28,4",
"17/07/2025  17:41:32,525","   483250000"," ","16","  28,0",
"17/07/2025  17:41:32,525","   513250000"," ","21","  29,6",
"17/07/2025  17:41:32,525","   519250000"," ","22","  28,1",
"17/07/2025  17:41:32,525","   525250000"," ","23","  29,8",
"17/07/2025  17:41:32,525","   531250000"," ","24","  31,5",
"17/07/2025  17:41:32,525","   537250000"," ","25","  33,1",
"17/07/2025  17:41:32,525","   543250000"," ","26","  34,9",
"17/07/2025  17:41:32,525","   549250000","OK TV-TEVECORP","27","  32,1",
"17/07/2025  17:41:32,525","   555250000"," ","28","  33,1",
"17/07/2025  17:41:32,525","   561250000"," ","29","  31,6",
"17/07/2025  17:41:32,525","   567250000"," ","30","  30,5",
"17/07/2025  17:41:32,525","   573250000","CANAL UNO no","31","  31,2",
"17/07/2025  17:41:32,525","   579250000"," ","32","  30,1",
"17/07/2025  17:41:32,525","   585250000","TELEATAHUALPA (RTU)","33","  31,8",
"17/07/2025  17:41:32,525","   591350000"," ","34","  30,4",
"17/07/2025  17:41:32,525","   597250000","TELEVICENTRO TVC","35","  79,1",
"17/07/2025  17:41:32,525","   603250000"," ","36","  31,4",
"17/07/2025  17:41:32,525","   615250000"," ","38","  33,3",
"17/07/2025  17:41:32,525","   621250000","UCSG TELEVISION","39","  28,6",
"17/07/2025  17:41:32,525","   627250000"," ","40","  30,1",
"17/07/2025  17:41:32,525","   633250000","OROMAR","41","  31,2",
"17/07/2025  17:41:32,525","   639250000"," ","42","  28,8",
"17/07/2025  17:41:32,525","   645250000"," ","43","  30,7",
"17/07/2025  17:41:32,525","   651250000"," ","44","  30,0",
"17/07/2025  17:41:32,525","   657250000"," ","45","  29,2",
"17/07/2025  17:41:32,525","   663250000"," ","46","  28,5",
"17/07/2025  17:41:32,525","   669250000"," ","47","  28,0",
"17/07/2025  17:41:32,525","   675250000"," ","48","  29,2",
"17/07/2025  17:41:32,525","   681250000"," ","49","  27,4",
"17/07/2025  17:41:32,525","   687250000"," ","50","  28,0",
"17/07/2025  17:41:32,525","   693250000"," ","51","  29,2",
"17/07/2025  17:42:18,384","    55250000"," ","2","  36,2",
"17/07/2025  17:42:18,384","    61250000","RED TELESISTEMA (R.T.S)","3","  61,8",
"17/07/2025  17:42:18,384","    67250000"," ","4","  42,0",
"17/07/2025  17:42:18,384","    77250000"," ","5","  46,3",
"17/07/2025  17:42:18,384","    83250000","TELERAMA","6","  38,6",
"17/07/2025  17:42:18,384","   175250000","ECUADOR TV","7","  41,0",
"17/07/2025  17:42:18,384","   181250000"," CORPORACIÓN ECUATORIANA ","8","  76,9",
"17/07/2025  17:42:18,384","   187250000","TELEVISION DEL PACIFICO","9","  41,5",
"17/07/2025  17:42:18,384","   193250000"," ","10","  40,0",
"17/07/2025  17:42:18,384","   199250000","TELEAMAZONAS","11","  77,5",
"17/07/2025  17:42:18,384","   205250000"," ","12","  40,5",
"17/07/2025  17:42:18,384","   211250000","CADENA ECUATORIANA DE TEL","13","  72,0",
"17/07/2025  17:42:18,384","   471250000"," ","14","  28,5",
"17/07/2025  17:42:18,384","   477250000"," ","15","  37,9",
"17/07/2025  17:42:18,384","   483250000"," ","16","  28,4",
"17/07/2025  17:42:18,384","   513250000"," ","21","  28,7",
"17/07/2025  17:42:18,384","   519250000"," ","22","  27,6",
"17/07/2025  17:42:18,384","   525250000"," ","23","  30,1",
"17/07/2025  17:42:18,384","   531250000"," ","24","  34,0",
"17/07/2025  17:42:18,384","   537250000"," ","25","  33,5",
"17/07/2025  17:42:18,384","   543250000"," ","26","  35,1",
"17/07/2025  17:42:18,384","   549250000","OK TV-TEVECORP","27","  32,3",
"17/07/2025  17:42:18,384","   555250000"," ","28","  33,2",
"17/07/2025  17:42:18,384","   561250000"," ","29","  31,9",
"17/07/2025  17:42:18,384","   567250000"," ","30","  32,2",
"17/07/2025  17:42:18,384","   573250000","CANAL UNO no","31","  31,2",
"17/07/2025  17:42:18,384","   579250000"," ","32","  30,9",
"17/07/2025  17:42:18,384","   585250000","TELEATAHUALPA (RTU)","33","  33,3",
"17/07/2025  17:42:18,384","   591350000"," ","34","  30,1",
"17/07/2025  17:42:18,384","   597250000","TELEVICENTRO TVC","35","  80,0",
"17/07/2025  17:42:18,384","   603250000"," ","36","  39,0",
"17/07/2025  17:42:18,384","   615250000"," ","38","  33,0",
"17/07/2025  17:42:18,384","   621250000","UCSG TELEVISION","39","  30,6",
"17/07/2025  17:42:18,384","   627250000"," ","40","  27,7",
"17/07/2025  17:42:18,384","   633250000","OROMAR","41","  29,0",
"17/07/2025  17:42:18,384","   639250000"," ","42","  29,0",
"17/07/2025  17:42:18,384","   645250000"," ","43","  31,2",
"17/07/2025  17:42:18,384","   651250000"," ","44","  28,7",
"17/07/2025  17:42:18,384","   657250000"," ","45","  28,5",
"17/07/2025  17:42:18,384","   663250000"," ","46","  27,8",
"17/07/2025  17:42:18,384","   669250000"," ","47","  29,0",
"17/07/2025  17:42:18,384","   675250000"," ","48","  27,8",
"17/07/2025  17:42:18,384","   681250000"," ","49","  28,2",
"17/07/2025  17:42:18,384","   687250000"," ","50","  28,3",
"17/07/2025  17:42:18,384","   693250000"," ","51","  28,9",
"18/07/2025  7:20:02,667","    55250000"," ","2","  36,2",
"18/07/2025  7:20:02,667","    61250000","RED TELESISTEMA (R.T.S)","3","  64,1",
"18/07/2025  7:20:02,667","    67250000"," ","4","  39,3",
"18/07/2025  7:20:02,667","    77250000"," ","5","  43,5",
"18/07/2025  7:20:02,667","    83250000","TELERAMA","6","  38,9",
"18/07/2025  7:20:02,667","   175250000","ECUADOR TV","7","  35,9",
"18/07/2025  7:20:02,667","   181250000"," CORPORACIÓN ECUATORIANA ","8","  78,0",
"18/07/2025  7:20:02,667","   187250000","TELEVISION DEL PACIFICO","9","  40,6",
"18/07/2025  7:20:02,667","   193250000"," ","10","  47,0",
"18/07/2025  7:20:02,667","   199250000","TELEAMAZONAS","11","  78,6",
"18/07/2025  7:20:02,667","   205250000"," ","12","  31,7",
"18/07/2025  7:20:02,667","   211250000","CADENA ECUATORIANA DE TEL","13","  73,1",
"18/07/2025  7:20:02,667","   471250000"," ","14","  28,2",
"18/07/2025  7:20:02,667","   477250000"," ","15","  38,8",
"18/07/2025  7:20:02,667","   483250000"," ","16","  27,9",
"18/07/2025  7:20:02,667","   513250000"," ","21","  28,7",
"18/07/2025  7:20:02,667","   519250000"," ","22","  30,1",
"18/07/2025  7:20:02,667","   525250000"," ","23","  31,9",
"18/07/2025  7:20:02,667","   531250000"," ","24","  33,6",
"18/07/2025  7:20:02,667","   537250000"," ","25","  34,2",
"18/07/2025  7:20:02,667","   543250000"," ","26","  40,4",
"18/07/2025  7:20:02,667","   549250000","OK TV-TEVECORP","27","  31,7",
"18/07/2025  7:20:02,667","   555250000"," ","28","  32,4",
"18/07/2025  7:20:02,667","   561250000"," ","29","  32,2",
"18/07/2025  7:20:02,667","   567250000"," ","30","  32,8",
"18/07/2025  7:20:02,667","   573250000","CANAL UNO no","31","  29,4",
"18/07/2025  7:20:02,667","   579250000"," ","32","  29,7",
"18/07/2025  7:20:02,667","   585250000","TELEATAHUALPA (RTU)","33","  32,8",
"18/07/2025  7:20:02,667","   591350000"," ","34","  31,6",
"18/07/2025  7:20:02,667","   597250000","TELEVICENTRO TVC","35","  79,7",
"18/07/2025  7:20:02,667","   603250000"," ","36","  30,0",
"18/07/2025  7:20:02,667","   615250000"," ","38","  35,2",
"18/07/2025  7:20:02,667","   621250000","UCSG TELEVISION","39","  29,4",
"18/07/2025  7:20:02,667","   627250000"," ","40","  28,3",
"18/07/2025  7:20:02,667","   633250000","OROMAR","41","  29,9",
"18/07/2025  7:20:02,667","   639250000"," ","42","  30,9",
"18/07/2025  7:20:02,667","   645250000"," ","43","  32,3",
"18/07/2025  7:20:02,667","   651250000"," ","44","  28,7",
"18/07/2025  7:20:02,667","   657250000"," ","45","  28,1",
"18/07/2025  7:20:02,667","   663250000"," ","46","  28,3",
"18/07/2025  7:20:02,667","   669250000"," ","47","  28,5",
"18/07/2025  7:20:02,667","   675250000"," ","48","  29,7",
"18/07/2025  7:20:02,667","   681250000"," ","49","  30,1",
"18/07/2025  7:20:02,667","   687250000"," ","50","  27,6",
"18/07/2025  7:20:02,667","   693250000"," ","51","  28,6",
"18/07/2025  7:20:48,554","    55250000"," ","2","  36,5",
"18/07/2025  7:20:48,554","    61250000","RED TELESISTEMA (R.T.S)","3","  64,0",
"18/07/2025  7:20:48,554","    67250000"," ","4","  39,3",
"18/07/2025  7:20:48,554","    77250000"," ","5","  43,8",
"18/07/2025  7:20:48,554","    83250000","TELERAMA","6","  35,4",
"18/07/2025  7:20:48,554","   175250000","ECUADOR TV","7","  37,9",
"18/07/2025  7:20:48,554","   181250000"," CORPORACIÓN ECUATORIANA ","8","  77,9",
"18/07/2025  7:20:48,554","   187250000","TELEVISION DEL PACIFICO","9","  40,9",
"18/07/2025  7:20:48,554","   193250000"," ","10","  45,5",
"18/07/2025  7:20:48,554","   199250000","TELEAMAZONAS","11","  78,5",
"18/07/2025  7:20:48,554","   205250000"," ","12","  33,0",
"18/07/2025  7:20:48,554","   211250000","CADENA ECUATORIANA DE TEL","13","  73,3",
"18/07/2025  7:20:48,554","   471250000"," ","14","  28,9",
"18/07/2025  7:20:48,554","   477250000"," ","15","  34,2",
"18/07/2025  7:20:48,554","   483250000"," ","16","  27,4",
"18/07/2025  7:20:48,554","   513250000"," ","21","  28,3",
"18/07/2025  7:20:48,554","   519250000"," ","22","  31,3",
"18/07/2025  7:20:48,554","   525250000"," ","23","  31,6",
"18/07/2025  7:20:48,554","   531250000"," ","24","  31,3",
"18/07/2025  7:20:48,554","   537250000"," ","25","  35,1",
"18/07/2025  7:20:48,554","   543250000"," ","26","  39,0",
"18/07/2025  7:20:48,554","   549250000","OK TV-TEVECORP","27","  30,7",
"18/07/2025  7:20:48,554","   555250000"," ","28","  32,6",
"18/07/2025  7:20:48,554","   561250000"," ","29","  30,8",
"18/07/2025  7:20:48,554","   567250000"," ","30","  29,5",
"18/07/2025  7:20:48,554","   573250000","CANAL UNO no","31","  30,1",
"18/07/2025  7:20:48,554","   579250000"," ","32","  29,5",
"18/07/2025  7:20:48,554","   585250000","TELEATAHUALPA (RTU)","33","  31,5",
"18/07/2025  7:20:48,554","   591350000"," ","34","  30,1",
"18/07/2025  7:20:48,554","   597250000","TELEVICENTRO TVC","35","  79,2",
"18/07/2025  7:20:48,554","   603250000"," ","36","  32,8",
"18/07/2025  7:20:48,554","   615250000"," ","38","  33,6",
"18/07/2025  7:20:48,554","   621250000","UCSG TELEVISION","39","  29,5",
"18/07/2025  7:20:48,554","   627250000"," ","40","  28,6",
"18/07/2025  7:20:48,554","   633250000","OROMAR","41","  28,6",
"18/07/2025  7:20:48,554","   639250000"," ","42","  30,0",
"18/07/2025  7:20:48,554","   645250000"," ","43","  30,7",
"18/07/2025  7:20:48,554","   651250000"," ","44","  29,4",
"18/07/2025  7:20:48,554","   657250000"," ","45","  28,1",
"18/07/2025  7:20:48,554","   663250000"," ","46","  27,6",
"18/07/2025  7:20:48,554","   669250000"," ","47","  27,4",
"18/07/2025  7:20:48,554","   675250000"," ","48","  30,1",
"18/07/2025  7:20:48,554","   681250000"," ","49","  28,6",
"18/07/2025  7:20:48,554","   687250000"," ","50","  27,9",
"18/07/2025  7:20:48,554","   693250000"," ","51","  29,0",
"18/07/2025  7:21:32,480","    55250000"," ","2","  40,9",
"18/07/2025  7:21:32,480","    61250000","RED TELESISTEMA (R.T.S)","3","  64,0",
"18/07/2025  7:21:32,480","    67250000"," ","4","  39,5",
"18/07/2025  7:21:32,480","    77250000"," ","5","  43,1",
"18/07/2025  7:21:32,480","    83250000","TELERAMA","6","  39,0",
"18/07/2025  7:21:32,480","   175250000","ECUADOR TV","7","  35,0",
"18/07/2025  7:21:32,480","   181250000"," CORPORACIÓN ECUATORIANA ","8","  77,8",
"18/07/2025  7:21:32,480","   187250000","TELEVISION DEL PACIFICO","9","  39,7",
"18/07/2025  7:21:32,480","   193250000"," ","10","  45,1",
"18/07/2025  7:21:32,480","   199250000","TELEAMAZONAS","11","  78,3",
"18/07/2025  7:21:32,480","   205250000"," ","12","  36,0",
"18/07/2025  7:21:32,480","   211250000","CADENA ECUATORIANA DE TEL","13","  73,2",
"18/07/2025  7:21:32,480","   471250000"," ","14","  27,1",
"18/07/2025  7:21:32,480","   477250000"," ","15","  32,8",
"18/07/2025  7:21:32,480","   483250000"," ","16","  27,8",
"18/07/2025  7:21:32,480","   513250000"," ","21","  27,3",
"18/07/2025  7:21:32,480","   519250000"," ","22","  27,9",
"18/07/2025  7:21:32,480","   525250000"," ","23","  28,9",
"18/07/2025  7:21:32,480","   531250000"," ","24","  35,6",
"18/07/2025  7:21:32,480","   537250000"," ","25","  32,3",
"18/07/2025  7:21:32,480","   543250000"," ","26","  40,0",
"18/07/2025  7:21:32,480","   549250000","OK TV-TEVECORP","27","  31,0",
"18/07/2025  7:21:32,480","   555250000"," ","28","  31,8",
"18/07/2025  7:21:32,480","   561250000"," ","29","  31,0",
"18/07/2025  7:21:32,480","   567250000"," ","30","  28,6",
"18/07/2025  7:21:32,480","   573250000","CANAL UNO no","31","  29,1",
"18/07/2025  7:21:32,480","   579250000"," ","32","  28,3",
"18/07/2025  7:21:32,480","   585250000","TELEATAHUALPA (RTU)","33","  33,0",
"18/07/2025  7:21:32,480","   591350000"," ","34","  30,5",
"18/07/2025  7:21:32,480","   597250000","TELEVICENTRO TVC","35","  79,2",
"18/07/2025  7:21:32,480","   603250000"," ","36","  29,2",
"18/07/2025  7:21:32,480","   615250000"," ","38","  33,0",
"18/07/2025  7:21:32,480","   621250000","UCSG TELEVISION","39","  29,4",
"18/07/2025  7:21:32,480","   627250000"," ","40","  28,9",
"18/07/2025  7:21:32,480","   633250000","OROMAR","41","  28,3",
"18/07/2025  7:21:32,480","   639250000"," ","42","  28,8",
"18/07/2025  7:21:32,480","   645250000"," ","43","  30,7",
"18/07/2025  7:21:32,480","   651250000"," ","44","  28,1",
"18/07/2025  7:21:32,480","   657250000"," ","45","  27,7",
"18/07/2025  7:21:32,480","   663250000"," ","46","  27,7",
"18/07/2025  7:21:32,480","   669250000"," ","47","  29,0",
"18/07/2025  7:21:32,480","   675250000"," ","48","  30,3",
"18/07/2025  7:21:32,480","   681250000"," ","49","  27,4",
"18/07/2025  7:21:32,480","   687250000"," ","50","  27,7",
"18/07/2025  7:21:32,480","   693250000"," ","51","  29,8",
"18/07/2025  7:22:18,339","    55250000"," ","2","  35,5",
"18/07/2025  7:22:18,339","    61250000","RED TELESISTEMA (R.T.S)","3","  63,9",
"18/07/2025  7:22:18,339","    67250000"," ","4","  38,5",
"18/07/2025  7:22:18,339","    77250000"," ","5","  46,2",
"18/07/2025  7:22:18,339","    83250000","TELERAMA","6","  38,1",
"18/07/2025  7:22:18,339","   175250000","ECUADOR TV","7","  35,4",
"18/07/2025  7:22:18,339","   181250000"," CORPORACIÓN ECUATORIANA ","8","  78,0",
"18/07/2025  7:22:18,339","   187250000","TELEVISION DEL PACIFICO","9","  40,6",
"18/07/2025  7:22:18,339","   193250000"," ","10","  44,2",
"18/07/2025  7:22:18,339","   199250000","TELEAMAZONAS","11","  78,3",
"18/07/2025  7:22:18,339","   205250000"," ","12","  33,4",
"18/07/2025  7:22:18,339","   211250000","CADENA ECUATORIANA DE TEL","13","  73,1",
"18/07/2025  7:22:18,339","   471250000"," ","14","  28,2",
"18/07/2025  7:22:18,339","   477250000"," ","15","  35,1",
"18/07/2025  7:22:18,339","   483250000"," ","16","  28,1",
"18/07/2025  7:22:18,339","   513250000"," ","21","  28,4",
"18/07/2025  7:22:18,339","   519250000"," ","22","  27,6",
"18/07/2025  7:22:18,339","   525250000"," ","23","  33,4",
"18/07/2025  7:22:18,339","   531250000"," ","24","  30,9",
"18/07/2025  7:22:18,339","   537250000"," ","25","  30,9",
"18/07/2025  7:22:18,339","   543250000"," ","26","  39,0",
"18/07/2025  7:22:18,339","   549250000","OK TV-TEVECORP","27","  32,2",
"18/07/2025  7:22:18,339","   555250000"," ","28","  32,1",
"18/07/2025  7:22:18,339","   561250000"," ","29","  31,5",
"18/07/2025  7:22:18,339","   567250000"," ","30","  33,0",
"18/07/2025  7:22:18,339","   573250000","CANAL UNO no","31","  28,9",
"18/07/2025  7:22:18,339","   579250000"," ","32","  28,8",
"18/07/2025  7:22:18,339","   585250000","TELEATAHUALPA (RTU)","33","  32,6",
"18/07/2025  7:22:18,339","   591350000"," ","34","  29,6",
"18/07/2025  7:22:18,339","   597250000","TELEVICENTRO TVC","35","  79,4",
"18/07/2025  7:22:18,339","   603250000"," ","36","  30,2",
"18/07/2025  7:22:18,339","   615250000"," ","38","  32,8",
"18/07/2025  7:22:18,339","   621250000","UCSG TELEVISION","39","  29,6",
"18/07/2025  7:22:18,339","   627250000"," ","40","  27,0",
"18/07/2025  7:22:18,339","   633250000","OROMAR","41","  30,8",
"18/07/2025  7:22:18,339","   639250000"," ","42","  29,4",
"18/07/2025  7:22:18,339","   645250000"," ","43","  31,0",
"18/07/2025  7:22:18,339","   651250000"," ","44","  30,0",
"18/07/2025  7:22:18,339","   657250000"," ","45","  28,1",
"18/07/2025  7:22:18,339","   663250000"," ","46","  28,8",
"18/07/2025  7:22:18,339","   669250000"," ","47","  28,6",
"18/07/2025  7:22:18,339","   675250000"," ","48","  28,5",
"18/07/2025  7:22:18,339","   681250000"," ","49","  29,6",
"18/07/2025  7:22:18,339","   687250000"," ","50","  27,2",
"18/07/2025  7:22:18,339","   693250000"," ","51","  28,3",
"18/07/2025  17:40:02,723","    55250000"," ","2","  36,1",
"18/07/2025  17:40:02,723","    61250000","RED TELESISTEMA (R.T.S)","3","  61,6",
"18/07/2025  17:40:02,723","    67250000"," ","4","  39,8",
"18/07/2025  17:40:02,723","    77250000"," ","5","  42,7",
"18/07/2025  17:40:02,723","    83250000","TELERAMA","6","  40,7",
"18/07/2025  17:40:02,723","   175250000","ECUADOR TV","7","  37,8",
"18/07/2025  17:40:02,723","   181250000"," CORPORACIÓN ECUATORIANA ","8","  77,4",
"18/07/2025  17:40:02,723","   187250000","TELEVISION DEL PACIFICO","9","  37,8",
"18/07/2025  17:40:02,723","   193250000"," ","10","  46,2",
"18/07/2025  17:40:02,723","   199250000","TELEAMAZONAS","11","  78,5",
"18/07/2025  17:40:02,723","   205250000"," ","12","  31,5",
"18/07/2025  17:40:02,723","   211250000","CADENA ECUATORIANA DE TEL","13","  72,5",
"18/07/2025  17:40:02,723","   471250000"," ","14","  41,6",
"18/07/2025  17:40:02,723","   477250000"," ","15","  28,7",
"18/07/2025  17:40:02,723","   483250000"," ","16","  29,0",
"18/07/2025  17:40:02,723","   513250000"," ","21","  28,5",
"18/07/2025  17:40:02,723","   519250000"," ","22","  26,9",
"18/07/2025  17:40:02,723","   525250000"," ","23","  29,2",
"18/07/2025  17:40:02,723","   531250000"," ","24","  30,3",
"18/07/2025  17:40:02,723","   537250000"," ","25","  31,3",
"18/07/2025  17:40:02,723","   543250000"," ","26","  32,7",
"18/07/2025  17:40:02,723","   549250000","OK TV-TEVECORP","27","  32,0",
"18/07/2025  17:40:02,723","   555250000"," ","28","  34,1",
"18/07/2025  17:40:02,723","   561250000"," ","29","  34,2",
"18/07/2025  17:40:02,723","   567250000"," ","30","  31,7",
"18/07/2025  17:40:02,723","   573250000","CANAL UNO no","31","  29,4",
"18/07/2025  17:40:02,723","   579250000"," ","32","  29,3",
"18/07/2025  17:40:02,723","   585250000","TELEATAHUALPA (RTU)","33","  32,4",
"18/07/2025  17:40:02,723","   591350000"," ","34","  31,1",
"18/07/2025  17:40:02,723","   597250000","TELEVICENTRO TVC","35","  77,9",
"18/07/2025  17:40:02,723","   603250000"," ","36","  35,8",
"18/07/2025  17:40:02,723","   615250000"," ","38","  38,0",
"18/07/2025  17:40:02,723","   621250000","UCSG TELEVISION","39","  29,8",
"18/07/2025  17:40:02,723","   627250000"," ","40","  30,1",
"18/07/2025  17:40:02,723","   633250000","OROMAR","41","  29,8",
"18/07/2025  17:40:02,723","   639250000"," ","42","  30,2",
"18/07/2025  17:40:02,723","   645250000"," ","43","  30,7",
"18/07/2025  17:40:02,723","   651250000"," ","44","  29,2",
"18/07/2025  17:40:02,723","   657250000"," ","45","  28,1",
"18/07/2025  17:40:02,723","   663250000"," ","46","  28,1",
"18/07/2025  17:40:02,723","   669250000"," ","47","  29,5",
"18/07/2025  17:40:02,723","   675250000"," ","48","  28,4",
"18/07/2025  17:40:02,723","   681250000"," ","49","  29,3",
"18/07/2025  17:40:02,723","   687250000"," ","50","  27,8",
"18/07/2025  17:40:02,723","   693250000"," ","51","  29,2",
"18/07/2025  17:40:48,610","    55250000"," ","2","  36,6",
"18/07/2025  17:40:48,610","    61250000","RED TELESISTEMA (R.T.S)","3","  61,9",
"18/07/2025  17:40:48,610","    67250000"," ","4","  40,7",
"18/07/2025  17:40:48,610","    77250000"," ","5","  44,4",
"18/07/2025  17:40:48,610","    83250000","TELERAMA","6","  38,3",
"18/07/2025  17:40:48,610","   175250000","ECUADOR TV","7","  37,0",
"18/07/2025  17:40:48,610","   181250000"," CORPORACIÓN ECUATORIANA ","8","  77,3",
"18/07/2025  17:40:48,610","   187250000","TELEVISION DEL PACIFICO","9","  37,9",
"18/07/2025  17:40:48,610","   193250000"," ","10","  44,2",
"18/07/2025  17:40:48,610","   199250000","TELEAMAZONAS","11","  78,5",
"18/07/2025  17:40:48,610","   205250000"," ","12","  40,4",
"18/07/2025  17:40:48,610","   211250000","CADENA ECUATORIANA DE TEL","13","  72,6",
"18/07/2025  17:40:48,610","   471250000"," ","14","  27,9",
"18/07/2025  17:40:48,610","   477250000"," ","15","  29,1",
"18/07/2025  17:40:48,610","   483250000"," ","16","  28,1",
"18/07/2025  17:40:48,610","   513250000"," ","21","  28,2",
"18/07/2025  17:40:48,610","   519250000"," ","22","  27,1",
"18/07/2025  17:40:48,610","   525250000"," ","23","  31,6",
"18/07/2025  17:40:48,610","   531250000"," ","24","  30,6",
"18/07/2025  17:40:48,610","   537250000"," ","25","  31,6",
"18/07/2025  17:40:48,610","   543250000"," ","26","  33,1",
"18/07/2025  17:40:48,610","   549250000","OK TV-TEVECORP","27","  32,0",
"18/07/2025  17:40:48,610","   555250000"," ","28","  34,4",
"18/07/2025  17:40:48,610","   561250000"," ","29","  31,4",
"18/07/2025  17:40:48,610","   567250000"," ","30","  30,4",
"18/07/2025  17:40:48,610","   573250000","CANAL UNO no","31","  29,5",
"18/07/2025  17:40:48,610","   579250000"," ","32","  30,1",
"18/07/2025  17:40:48,610","   585250000","TELEATAHUALPA (RTU)","33","  32,2",
"18/07/2025  17:40:48,610","   591350000"," ","34","  29,6",
"18/07/2025  17:40:48,610","   597250000","TELEVICENTRO TVC","35","  78,3",
"18/07/2025  17:40:48,610","   603250000"," ","36","  29,7",
"18/07/2025  17:40:48,610","   615250000"," ","38","  37,0",
"18/07/2025  17:40:48,610","   621250000","UCSG TELEVISION","39","  28,9",
"18/07/2025  17:40:48,610","   627250000"," ","40","  28,7",
"18/07/2025  17:40:48,610","   633250000","OROMAR","41","  28,9",
"18/07/2025  17:40:48,610","   639250000"," ","42","  29,9",
"18/07/2025  17:40:48,610","   645250000"," ","43","  31,7",
"18/07/2025  17:40:48,610","   651250000"," ","44","  30,4",
"18/07/2025  17:40:48,610","   657250000"," ","45","  30,6",
"18/07/2025  17:40:48,610","   663250000"," ","46","  29,3",
"18/07/2025  17:40:48,610","   669250000"," ","47","  28,7",
"18/07/2025  17:40:48,610","   675250000"," ","48","  29,4",
"18/07/2025  17:40:48,610","   681250000"," ","49","  29,3",
"18/07/2025  17:40:48,610","   687250000"," ","50","  29,2",
"18/07/2025  17:40:48,610","   693250000"," ","51","  28,5",
"18/07/2025  17:41:32,519","    55250000"," ","2","  41,4",
"18/07/2025  17:41:32,519","    61250000","RED TELESISTEMA (R.T.S)","3","  61,9",
"18/07/2025  17:41:32,519","    67250000"," ","4","  39,1",
"18/07/2025  17:41:32,519","    77250000"," ","5","  47,6",
"18/07/2025  17:41:32,519","    83250000","TELERAMA","6","  36,3",
"18/07/2025  17:41:32,519","   175250000","ECUADOR TV","7","  36,4",
"18/07/2025  17:41:32,519","   181250000"," CORPORACIÓN ECUATORIANA ","8","  77,4",
"18/07/2025  17:41:32,519","   187250000","TELEVISION DEL PACIFICO","9","  39,2",
"18/07/2025  17:41:32,519","   193250000"," ","10","  47,1",
"18/07/2025  17:41:32,519","   199250000","TELEAMAZONAS","11","  78,5",
"18/07/2025  17:41:32,519","   205250000"," ","12","  32,7",
"18/07/2025  17:41:32,519","   211250000","CADENA ECUATORIANA DE TEL","13","  72,6",
"18/07/2025  17:41:32,519","   471250000"," ","14","  28,6",
"18/07/2025  17:41:32,519","   477250000"," ","15","  28,3",
"18/07/2025  17:41:32,519","   483250000"," ","16","  28,9",
"18/07/2025  17:41:32,519","   513250000"," ","21","  29,6",
"18/07/2025  17:41:32,519","   519250000"," ","22","  28,2",
"18/07/2025  17:41:32,519","   525250000"," ","23","  30,8",
"18/07/2025  17:41:32,519","   531250000"," ","24","  29,8",
"18/07/2025  17:41:32,519","   537250000"," ","25","  32,8",
"18/07/2025  17:41:32,519","   543250000"," ","26","  35,3",
"18/07/2025  17:41:32,519","   549250000","OK TV-TEVECORP","27","  30,9",
"18/07/2025  17:41:32,519","   555250000"," ","28","  33,0",
"18/07/2025  17:41:32,519","   561250000"," ","29","  31,9",
"18/07/2025  17:41:32,519","   567250000"," ","30","  30,6",
"18/07/2025  17:41:32,519","   573250000","CANAL UNO no","31","  29,4",
"18/07/2025  17:41:32,519","   579250000"," ","32","  30,5",
"18/07/2025  17:41:32,519","   585250000","TELEATAHUALPA (RTU)","33","  32,0",
"18/07/2025  17:41:32,519","   591350000"," ","34","  29,9",
"18/07/2025  17:41:32,519","   597250000","TELEVICENTRO TVC","35","  79,0",
"18/07/2025  17:41:32,519","   603250000"," ","36","  30,4",
"18/07/2025  17:41:32,519","   615250000"," ","38","  38,0",
"18/07/2025  17:41:32,519","   621250000","UCSG TELEVISION","39","  30,6",
"18/07/2025  17:41:32,519","   627250000"," ","40","  28,8",
"18/07/2025  17:41:32,519","   633250000","OROMAR","41","  30,1",
"18/07/2025  17:41:32,519","   639250000"," ","42","  30,7",
"18/07/2025  17:41:32,519","   645250000"," ","43","  30,8",
"18/07/2025  17:41:32,519","   651250000"," ","44","  29,1",
"18/07/2025  17:41:32,519","   657250000"," ","45","  28,5",
"18/07/2025  17:41:32,519","   663250000"," ","46","  28,2",
"18/07/2025  17:41:32,519","   669250000"," ","47","  28,9",
"18/07/2025  17:41:32,519","   675250000"," ","48","  27,1",
"18/07/2025  17:41:32,519","   681250000"," ","49","  27,3",
"18/07/2025  17:41:32,519","   687250000"," ","50","  28,7",
"18/07/2025  17:41:32,519","   693250000"," ","51","  29,8",
"18/07/2025  17:42:18,380","    55250000"," ","2","  40,6",
"18/07/2025  17:42:18,380","    61250000","RED TELESISTEMA (R.T.S)","3","  61,6",
"18/07/2025  17:42:18,380","    67250000"," ","4","  39,2",
"18/07/2025  17:42:18,380","    77250000"," ","5","  43,2",
"18/07/2025  17:42:18,380","    83250000","TELERAMA","6","  37,3",
"18/07/2025  17:42:18,380","   175250000","ECUADOR TV","7","  38,0",
"18/07/2025  17:42:18,380","   181250000"," CORPORACIÓN ECUATORIANA ","8","  77,5",
"18/07/2025  17:42:18,380","   187250000","TELEVISION DEL PACIFICO","9","  38,6",
"18/07/2025  17:42:18,380","   193250000"," ","10","  45,7",
"18/07/2025  17:42:18,380","   199250000","TELEAMAZONAS","11","  78,6",
"18/07/2025  17:42:18,380","   205250000"," ","12","  42,9",
"18/07/2025  17:42:18,380","   211250000","CADENA ECUATORIANA DE TEL","13","  73,1",
"18/07/2025  17:42:18,380","   471250000"," ","14","  28,8",
"18/07/2025  17:42:18,380","   477250000"," ","15","  29,2",
"18/07/2025  17:42:18,380","   483250000"," ","16","  27,5",
"18/07/2025  17:42:18,380","   513250000"," ","21","  29,1",
"18/07/2025  17:42:18,380","   519250000"," ","22","  27,2",
"18/07/2025  17:42:18,380","   525250000"," ","23","  29,7",
"18/07/2025  17:42:18,380","   531250000"," ","24","  30,1",
"18/07/2025  17:42:18,380","   537250000"," ","25","  33,5",
"18/07/2025  17:42:18,380","   543250000"," ","26","  32,8",
"18/07/2025  17:42:18,380","   549250000","OK TV-TEVECORP","27","  32,5",
"18/07/2025  17:42:18,380","   555250000"," ","28","  33,3",
"18/07/2025  17:42:18,380","   561250000"," ","29","  30,8",
"18/07/2025  17:42:18,380","   567250000"," ","30","  29,2",
"18/07/2025  17:42:18,380","   573250000","CANAL UNO no","31","  29,7",
"18/07/2025  17:42:18,380","   579250000"," ","32","  29,2",
"18/07/2025  17:42:18,380","   585250000","TELEATAHUALPA (RTU)","33","  32,4",
"18/07/2025  17:42:18,380","   591350000"," ","34","  29,7",
"18/07/2025  17:42:18,380","   597250000","TELEVICENTRO TVC","35","  78,3",
"18/07/2025  17:42:18,380","   603250000"," ","36","  31,0",
"18/07/2025  17:42:18,380","   615250000"," ","38","  38,3",
"18/07/2025  17:42:18,380","   621250000","UCSG TELEVISION","39","  30,6",
"18/07/2025  17:42:18,380","   627250000"," ","40","  29,5",
"18/07/2025  17:42:18,380","   633250000","OROMAR","41","  28,6",
"18/07/2025  17:42:18,380","   639250000"," ","42","  30,5",
"18/07/2025  17:42:18,380","   645250000"," ","43","  31,9",
"18/07/2025  17:42:18,380","   651250000"," ","44","  29,2",
"18/07/2025  17:42:18,380","   657250000"," ","45","  27,3",
"18/07/2025  17:42:18,380","   663250000"," ","46","  28,5",
"18/07/2025  17:42:18,380","   669250000"," ","47","  28,8",
"18/07/2025  17:42:18,380","   675250000"," ","48","  30,1",
"18/07/2025  17:42:18,380","   681250000"," ","49","  28,4",
"18/07/2025  17:42:18,380","   687250000"," ","50","  29,3",
"18/07/2025  17:42:18,380","   693250000"," ","51","  28,6",
"19/07/2025  7:20:02,687","    55250000"," ","2","  35,9",
"19/07/2025  7:20:02,687","    61250000","RED TELESISTEMA (R.T.S)","3","  63,9",
"19/07/2025  7:20:02,687","    67250000"," ","4","  40,2",
"19/07/2025  7:20:02,687","    77250000"," ","5","  43,5",
"19/07/2025  7:20:02,687","    83250000","TELERAMA","6","  35,7",
"19/07/2025  7:20:02,687","   175250000","ECUADOR TV","7","  36,1",
"19/07/2025  7:20:02,687","   181250000"," CORPORACIÓN ECUATORIANA ","8","  77,7",
"19/07/2025  7:20:02,687","   187250000","TELEVISION DEL PACIFICO","9","  38,6",
"19/07/2025  7:20:02,687","   193250000"," ","10","  47,1",
"19/07/2025  7:20:02,687","   199250000","TELEAMAZONAS","11","  78,5",
"19/07/2025  7:20:02,687","   205250000"," ","12","  33,9",
"19/07/2025  7:20:02,687","   211250000","CADENA ECUATORIANA DE TEL","13","  73,0",
"19/07/2025  7:20:02,687","   471250000"," ","14","  28,0",
"19/07/2025  7:20:02,687","   477250000"," ","15","  29,0",
"19/07/2025  7:20:02,687","   483250000"," ","16","  27,2",
"19/07/2025  7:20:02,687","   513250000"," ","21","  28,7",
"19/07/2025  7:20:02,687","   519250000"," ","22","  28,7",
"19/07/2025  7:20:02,687","   525250000"," ","23","  29,2",
"19/07/2025  7:20:02,687","   531250000"," ","24","  32,2",
"19/07/2025  7:20:02,687","   537250000"," ","25","  31,6",
"19/07/2025  7:20:02,687","   543250000"," ","26","  35,0",
"19/07/2025  7:20:02,687","   549250000","OK TV-TEVECORP","27","  31,5",
"19/07/2025  7:20:02,687","   555250000"," ","28","  35,9",
"19/07/2025  7:20:02,687","   561250000"," ","29","  31,9",
"19/07/2025  7:20:02,687","   567250000"," ","30","  29,1",
"19/07/2025  7:20:02,687","   573250000","CANAL UNO no","31","  30,3",
"19/07/2025  7:20:02,687","   579250000"," ","32","  28,7",
"19/07/2025  7:20:02,687","   585250000","TELEATAHUALPA (RTU)","33","  32,4",
"19/07/2025  7:20:02,687","   591350000"," ","34","  29,7",
"19/07/2025  7:20:02,687","   597250000","TELEVICENTRO TVC","35","  79,4",
"19/07/2025  7:20:02,687","   603250000"," ","36","  31,0",
"19/07/2025  7:20:02,687","   615250000"," ","38","  36,7",
"19/07/2025  7:20:02,687","   621250000","UCSG TELEVISION","39","  30,7",
"19/07/2025  7:20:02,687","   627250000"," ","40","  28,6",
"19/07/2025  7:20:02,687","   633250000","OROMAR","41","  29,0",
"19/07/2025  7:20:02,687","   639250000"," ","42","  30,4",
"19/07/2025  7:20:02,687","   645250000"," ","43","  30,1",
"19/07/2025  7:20:02,687","   651250000"," ","44","  29,7",
"19/07/2025  7:20:02,687","   657250000"," ","45","  28,9",
"19/07/2025  7:20:02,687","   663250000"," ","46","  28,4",
"19/07/2025  7:20:02,687","   669250000"," ","47","  27,8",
"19/07/2025  7:20:02,687","   675250000"," ","48","  29,3",
"19/07/2025  7:20:02,687","   681250000"," ","49","  28,6",
"19/07/2025  7:20:02,687","   687250000"," ","50","  27,9",
"19/07/2025  7:20:02,687","   693250000"," ","51","  28,5",
"19/07/2025  7:20:48,557","    55250000"," ","2","  37,0",
"19/07/2025  7:20:48,557","    61250000","RED TELESISTEMA (R.T.S)","3","  63,9",
"19/07/2025  7:20:48,557","    67250000"," ","4","  39,4",
"19/07/2025  7:20:48,557","    77250000"," ","5","  43,1",
"19/07/2025  7:20:48,557","    83250000","TELERAMA","6","  36,9",
"19/07/2025  7:20:48,557","   175250000","ECUADOR TV","7","  35,4",
"19/07/2025  7:20:48,557","   181250000"," CORPORACIÓN ECUATORIANA ","8","  77,7",
"19/07/2025  7:20:48,557","   187250000","TELEVISION DEL PACIFICO","9","  38,6",
"19/07/2025  7:20:48,557","   193250000"," ","10","  45,7",
"19/07/2025  7:20:48,557","   199250000","TELEAMAZONAS","11","  78,4",
"19/07/2025  7:20:48,557","   205250000"," ","12","  33,2",
"19/07/2025  7:20:48,557","   211250000","CADENA ECUATORIANA DE TEL","13","  72,8",
"19/07/2025  7:20:48,557","   471250000"," ","14","  28,2",
"19/07/2025  7:20:48,557","   477250000"," ","15","  29,4",
"19/07/2025  7:20:48,557","   483250000"," ","16","  28,3",
"19/07/2025  7:20:48,557","   513250000"," ","21","  27,6",
"19/07/2025  7:20:48,557","   519250000"," ","22","  28,1",
"19/07/2025  7:20:48,557","   525250000"," ","23","  31,5",
"19/07/2025  7:20:48,557","   531250000"," ","24","  30,6",
"19/07/2025  7:20:48,557","   537250000"," ","25","  32,1",
"19/07/2025  7:20:48,557","   543250000"," ","26","  35,3",
"19/07/2025  7:20:48,557","   549250000","OK TV-TEVECORP","27","  32,2",
"19/07/2025  7:20:48,557","   555250000"," ","28","  35,0",
"19/07/2025  7:20:48,557","   561250000"," ","29","  32,3",
"19/07/2025  7:20:48,557","   567250000"," ","30","  29,4",
"19/07/2025  7:20:48,557","   573250000","CANAL UNO no","31","  30,4",
"19/07/2025  7:20:48,557","   579250000"," ","32","  29,4",
"19/07/2025  7:20:48,557","   585250000","TELEATAHUALPA (RTU)","33","  31,1",
"19/07/2025  7:20:48,557","   591350000"," ","34","  55,1",
"19/07/2025  7:20:48,557","   597250000","TELEVICENTRO TVC","35","  79,1",
"19/07/2025  7:20:48,557","   603250000"," ","36","  30,7",
"19/07/2025  7:20:48,557","   615250000"," ","38","  35,2",
"19/07/2025  7:20:48,557","   621250000","UCSG TELEVISION","39","  29,1",
"19/07/2025  7:20:48,557","   627250000"," ","40","  49,4",
"19/07/2025  7:20:48,557","   633250000","OROMAR","41","  30,5",
"19/07/2025  7:20:48,557","   639250000"," ","42","  30,7",
"19/07/2025  7:20:48,557","   645250000"," ","43","  31,4",
"19/07/2025  7:20:48,557","   651250000"," ","44","  28,8",
"19/07/2025  7:20:48,557","   657250000"," ","45","  28,7",
"19/07/2025  7:20:48,557","   663250000"," ","46","  28,0",
"19/07/2025  7:20:48,557","   669250000"," ","47","  27,5",
"19/07/2025  7:20:48,557","   675250000"," ","48","  28,3",
"19/07/2025  7:20:48,557","   681250000"," ","49","  28,8",
"19/07/2025  7:20:48,557","   687250000"," ","50","  30,0",
"19/07/2025  7:20:48,557","   693250000"," ","51","  29,3",
"19/07/2025  7:21:32,481","    55250000"," ","2","  36,0",
"19/07/2025  7:21:32,481","    61250000","RED TELESISTEMA (R.T.S)","3","  63,9",
"19/07/2025  7:21:32,481","    67250000"," ","4","  40,1",
"19/07/2025  7:21:32,481","    77250000"," ","5","  43,7",
"19/07/2025  7:21:32,481","    83250000","TELERAMA","6","  37,6",
"19/07/2025  7:21:32,481","   175250000","ECUADOR TV","7","  35,3",
"19/07/2025  7:21:32,481","   181250000"," CORPORACIÓN ECUATORIANA ","8","  77,5",
"19/07/2025  7:21:32,481","   187250000","TELEVISION DEL PACIFICO","9","  39,1",
"19/07/2025  7:21:32,481","   193250000"," ","10","  45,6",
"19/07/2025  7:21:32,481","   199250000","TELEAMAZONAS","11","  78,4",
"19/07/2025  7:21:32,481","   205250000"," ","12","  35,0",
"19/07/2025  7:21:32,481","   211250000","CADENA ECUATORIANA DE TEL","13","  72,9",
"19/07/2025  7:21:32,481","   471250000"," ","14","  41,8",
"19/07/2025  7:21:32,481","   477250000"," ","15","  29,1",
"19/07/2025  7:21:32,481","   483250000"," ","16","  29,1",
"19/07/2025  7:21:32,481","   513250000"," ","21","  27,5",
"19/07/2025  7:21:32,481","   519250000"," ","22","  27,8",
"19/07/2025  7:21:32,481","   525250000"," ","23","  30,3",
"19/07/2025  7:21:32,481","   531250000"," ","24","  30,2",
"19/07/2025  7:21:32,481","   537250000"," ","25","  32,1",
"19/07/2025  7:21:32,481","   543250000"," ","26","  36,7",
"19/07/2025  7:21:32,481","   549250000","OK TV-TEVECORP","27","  31,2",
"19/07/2025  7:21:32,481","   555250000"," ","28","  37,5",
"19/07/2025  7:21:32,481","   561250000"," ","29","  33,7",
"19/07/2025  7:21:32,481","   567250000"," ","30","  30,1",
"19/07/2025  7:21:32,481","   573250000","CANAL UNO no","31","  28,8",
"19/07/2025  7:21:32,481","   579250000"," ","32","  29,5",
"19/07/2025  7:21:32,481","   585250000","TELEATAHUALPA (RTU)","33","  32,8",
"19/07/2025  7:21:32,481","   591350000"," ","34","  31,4",
"19/07/2025  7:21:32,481","   597250000","TELEVICENTRO TVC","35","  79,4",
"19/07/2025  7:21:32,481","   603250000"," ","36","  30,5",
"19/07/2025  7:21:32,481","   615250000"," ","38","  38,0",
"19/07/2025  7:21:32,481","   621250000","UCSG TELEVISION","39","  30,2",
"19/07/2025  7:21:32,481","   627250000"," ","40","  29,4",
"19/07/2025  7:21:32,481","   633250000","OROMAR","41","  29,8",
"19/07/2025  7:21:32,481","   639250000"," ","42","  31,0",
"19/07/2025  7:21:32,481","   645250000"," ","43","  29,6",
"19/07/2025  7:21:32,481","   651250000"," ","44","  29,0",
"19/07/2025  7:21:32,481","   657250000"," ","45","  29,1",
"19/07/2025  7:21:32,481","   663250000"," ","46","  28,7",
"19/07/2025  7:21:32,481","   669250000"," ","47","  29,1",
"19/07/2025  7:21:32,481","   675250000"," ","48","  28,3",
"19/07/2025  7:21:32,481","   681250000"," ","49","  27,5",
"19/07/2025  7:21:32,481","   687250000"," ","50","  28,5",
"19/07/2025  7:21:32,481","   693250000"," ","51","  28,7",
"19/07/2025  7:22:18,351","    55250000"," ","2","  36,4",
"19/07/2025  7:22:18,351","    61250000","RED TELESISTEMA (R.T.S)","3","  63,9",
"19/07/2025  7:22:18,351","    67250000"," ","4","  38,7",
"19/07/2025  7:22:18,351","    77250000"," ","5","  42,0",
"19/07/2025  7:22:18,351","    83250000","TELERAMA","6","  34,4",
"19/07/2025  7:22:18,351","   175250000","ECUADOR TV","7","  36,4",
"19/07/2025  7:22:18,351","   181250000"," CORPORACIÓN ECUATORIANA ","8","  78,0",
"19/07/2025  7:22:18,351","   187250000","TELEVISION DEL PACIFICO","9","  39,9",
"19/07/2025  7:22:18,351","   193250000"," ","10","  46,5",
"19/07/2025  7:22:18,351","   199250000","TELEAMAZONAS","11","  78,5",
"19/07/2025  7:22:18,351","   205250000"," ","12","  31,2",
"19/07/2025  7:22:18,351","   211250000","CADENA ECUATORIANA DE TEL","13","  72,9",
"19/07/2025  7:22:18,351","   471250000"," ","14","  29,7",
"19/07/2025  7:22:18,351","   477250000"," ","15","  30,0",
"19/07/2025  7:22:18,351","   483250000"," ","16","  27,5",
"19/07/2025  7:22:18,351","   513250000"," ","21","  28,9",
"19/07/2025  7:22:18,351","   519250000"," ","22","  26,9",
"19/07/2025  7:22:18,351","   525250000"," ","23","  31,9",
"19/07/2025  7:22:18,351","   531250000"," ","24","  30,5",
"19/07/2025  7:22:18,351","   537250000"," ","25","  31,7",
"19/07/2025  7:22:18,351","   543250000"," ","26","  34,5",
"19/07/2025  7:22:18,351","   549250000","OK TV-TEVECORP","27","  32,1",
"19/07/2025  7:22:18,351","   555250000"," ","28","  33,7",
"19/07/2025  7:22:18,351","   561250000"," ","29","  33,2",
"19/07/2025  7:22:18,351","   567250000"," ","30","  29,1",
"19/07/2025  7:22:18,351","   573250000","CANAL UNO no","31","  29,9",
"19/07/2025  7:22:18,351","   579250000"," ","32","  31,1",
"19/07/2025  7:22:18,351","   585250000","TELEATAHUALPA (RTU)","33","  31,8",
"19/07/2025  7:22:18,351","   591350000"," ","34","  31,2",
"19/07/2025  7:22:18,351","   597250000","TELEVICENTRO TVC","35","  79,2",
"19/07/2025  7:22:18,351","   603250000"," ","36","  30,6",
"19/07/2025  7:22:18,351","   615250000"," ","38","  35,5",
"19/07/2025  7:22:18,351","   621250000","UCSG TELEVISION","39","  30,3",
"19/07/2025  7:22:18,351","   627250000"," ","40","  28,8",
"19/07/2025  7:22:18,351","   633250000","OROMAR","41","  29,2",
"19/07/2025  7:22:18,351","   639250000"," ","42","  31,2",
"19/07/2025  7:22:18,351","   645250000"," ","43","  32,1",
"19/07/2025  7:22:18,351","   651250000"," ","44","  28,8",
"19/07/2025  7:22:18,351","   657250000"," ","45","  28,0",
"19/07/2025  7:22:18,351","   663250000"," ","46","  28,6",
"19/07/2025  7:22:18,351","   669250000"," ","47","  27,9",
"19/07/2025  7:22:18,351","   675250000"," ","48","  28,8",
"19/07/2025  7:22:18,351","   681250000"," ","49","  28,4",
"19/07/2025  7:22:18,351","   687250000"," ","50","  28,1",
"19/07/2025  7:22:18,351","   693250000"," ","51","  28,8",
"19/07/2025  17:40:02,753","    55250000"," ","2","  44,1",
"19/07/2025  17:40:02,753","    61250000","RED TELESISTEMA (R.T.S)","3","  61,6",
"19/07/2025  17:40:02,753","    67250000"," ","4","  41,2",
"19/07/2025  17:40:02,753","    77250000"," ","5","  47,5",
"19/07/2025  17:40:02,753","    83250000","TELERAMA","6","  34,4",
"19/07/2025  17:40:02,753","   175250000","ECUADOR TV","7","  36,7",
"19/07/2025  17:40:02,753","   181250000"," CORPORACIÓN ECUATORIANA ","8","  77,7",
"19/07/2025  17:40:02,753","   187250000","TELEVISION DEL PACIFICO","9","  39,2",
"19/07/2025  17:40:02,753","   193250000"," ","10","  46,4",
"19/07/2025  17:40:02,753","   199250000","TELEAMAZONAS","11","  78,4",
"19/07/2025  17:40:02,753","   205250000"," ","12","  33,8",
"19/07/2025  17:40:02,753","   211250000","CADENA ECUATORIANA DE TEL","13","  72,8",
"19/07/2025  17:40:02,753","   471250000"," ","14","  41,5",
"19/07/2025  17:40:02,753","   477250000"," ","15","  29,8",
"19/07/2025  17:40:02,753","   483250000"," ","16","  27,3",
"19/07/2025  17:40:02,753","   513250000"," ","21","  27,2",
"19/07/2025  17:40:02,753","   519250000"," ","22","  27,1",
"19/07/2025  17:40:02,753","   525250000"," ","23","  29,2",
"19/07/2025  17:40:02,753","   531250000"," ","24","  28,7",
"19/07/2025  17:40:02,753","   537250000"," ","25","  32,7",
"19/07/2025  17:40:02,753","   543250000"," ","26","  33,5",
"19/07/2025  17:40:02,753","   549250000","OK TV-TEVECORP","27","  31,3",
"19/07/2025  17:40:02,753","   555250000"," ","28","  31,2",
"19/07/2025  17:40:02,753","   561250000"," ","29","  31,9",
"19/07/2025  17:40:02,753","   567250000"," ","30","  29,2",
"19/07/2025  17:40:02,753","   573250000","CANAL UNO no","31","  28,4",
"19/07/2025  17:40:02,753","   579250000"," ","32","  30,7",
"19/07/2025  17:40:02,753","   585250000","TELEATAHUALPA (RTU)","33","  31,9",
"19/07/2025  17:40:02,753","   591350000"," ","34","  29,8",
"19/07/2025  17:40:02,753","   597250000","TELEVICENTRO TVC","35","  78,0",
"19/07/2025  17:40:02,753","   603250000"," ","36","  30,2",
"19/07/2025  17:40:02,753","   615250000"," ","38","  37,5",
"19/07/2025  17:40:02,753","   621250000","UCSG TELEVISION","39","  29,9",
"19/07/2025  17:40:02,753","   627250000"," ","40","  29,1",
"19/07/2025  17:40:02,753","   633250000","OROMAR","41","  31,1",
"19/07/2025  17:40:02,753","   639250000"," ","42","  30,2",
"19/07/2025  17:40:02,753","   645250000"," ","43","  31,2",
"19/07/2025  17:40:02,753","   651250000"," ","44","  28,3",
"19/07/2025  17:40:02,753","   657250000"," ","45","  27,8",
"19/07/2025  17:40:02,753","   663250000"," ","46","  27,3",
"19/07/2025  17:40:02,753","   669250000"," ","47","  29,3",
"19/07/2025  17:40:02,753","   675250000"," ","48","  28,0",
"19/07/2025  17:40:02,753","   681250000"," ","49","  28,2",
"19/07/2025  17:40:02,753","   687250000"," ","50","  28,0",
"19/07/2025  17:40:02,753","   693250000"," ","51","  28,7",
"19/07/2025  17:40:48,624","    55250000"," ","2","  46,9",
"19/07/2025  17:40:48,624","    61250000","RED TELESISTEMA (R.T.S)","3","  61,6",
"19/07/2025  17:40:48,624","    67250000"," ","4","  40,0",
"19/07/2025  17:40:48,624","    77250000"," ","5","  47,8",
"19/07/2025  17:40:48,624","    83250000","TELERAMA","6","  42,1",
"19/07/2025  17:40:48,624","   175250000","ECUADOR TV","7","  38,6",
"19/07/2025  17:40:48,624","   181250000"," CORPORACIÓN ECUATORIANA ","8","  77,5",
"19/07/2025  17:40:48,624","   187250000","TELEVISION DEL PACIFICO","9","  39,2",
"19/07/2025  17:40:48,624","   193250000"," ","10","  48,0",
"19/07/2025  17:40:48,624","   199250000","TELEAMAZONAS","11","  78,4",
"19/07/2025  17:40:48,624","   205250000"," ","12","  33,5",
"19/07/2025  17:40:48,624","   211250000","CADENA ECUATORIANA DE TEL","13","  72,9",
"19/07/2025  17:40:48,624","   471250000"," ","14","  41,1",
"19/07/2025  17:40:48,624","   477250000"," ","15","  29,0",
"19/07/2025  17:40:48,624","   483250000"," ","16","  29,3",
"19/07/2025  17:40:48,624","   513250000"," ","21","  28,0",
"19/07/2025  17:40:48,624","   519250000"," ","22","  39,4",
"19/07/2025  17:40:48,624","   525250000"," ","23","  30,5",
"19/07/2025  17:40:48,624","   531250000"," ","24","  30,1",
"19/07/2025  17:40:48,624","   537250000"," ","25","  33,3",
"19/07/2025  17:40:48,624","   543250000"," ","26","  34,9",
"19/07/2025  17:40:48,624","   549250000","OK TV-TEVECORP","27","  31,7",
"19/07/2025  17:40:48,624","   555250000"," ","28","  31,5",
"19/07/2025  17:40:48,624","   561250000"," ","29","  32,1",
"19/07/2025  17:40:48,624","   567250000"," ","30","  33,9",
"19/07/2025  17:40:48,624","   573250000","CANAL UNO no","31","  30,2",
"19/07/2025  17:40:48,624","   579250000"," ","32","  29,9",
"19/07/2025  17:40:48,624","   585250000","TELEATAHUALPA (RTU)","33","  34,3",
"19/07/2025  17:40:48,624","   591350000"," ","34","  30,0",
"19/07/2025  17:40:48,624","   597250000","TELEVICENTRO TVC","35","  79,0",
"19/07/2025  17:40:48,624","   603250000"," ","36","  30,5",
"19/07/2025  17:40:48,624","   615250000"," ","38","  35,6",
"19/07/2025  17:40:48,624","   621250000","UCSG TELEVISION","39","  28,7",
"19/07/2025  17:40:48,624","   627250000"," ","40","  28,7",
"19/07/2025  17:40:48,624","   633250000","OROMAR","41","  30,2",
"19/07/2025  17:40:48,624","   639250000"," ","42","  29,8",
"19/07/2025  17:40:48,624","   645250000"," ","43","  31,8",
"19/07/2025  17:40:48,624","   651250000"," ","44","  29,4",
"19/07/2025  17:40:48,624","   657250000"," ","45","  28,8",
"19/07/2025  17:40:48,624","   663250000"," ","46","  27,6",
"19/07/2025  17:40:48,624","   669250000"," ","47","  46,7",
"19/07/2025  17:40:48,624","   675250000"," ","48","  28,9",
"19/07/2025  17:40:48,624","   681250000"," ","49","  29,0",
"19/07/2025  17:40:48,624","   687250000"," ","50","  29,8",
"19/07/2025  17:40:48,624","   693250000"," ","51","  28,3",
"19/07/2025  17:41:32,551","    55250000"," ","2","  45,5",
"19/07/2025  17:41:32,551","    61250000","RED TELESISTEMA (R.T.S)","3","  61,7",
"19/07/2025  17:41:32,551","    67250000"," ","4","  41,2",
"19/07/2025  17:41:32,551","    77250000"," ","5","  46,1",
"19/07/2025  17:41:32,551","    83250000","TELERAMA","6","  39,0",
"19/07/2025  17:41:32,551","   175250000","ECUADOR TV","7","  40,1",
"19/07/2025  17:41:32,551","   181250000"," CORPORACIÓN ECUATORIANA ","8","  77,5",
"19/07/2025  17:41:32,551","   187250000","TELEVISION DEL PACIFICO","9","  39,2",
"19/07/2025  17:41:32,551","   193250000"," ","10","  48,0",
"19/07/2025  17:41:32,551","   199250000","TELEAMAZONAS","11","  78,4",
"19/07/2025  17:41:32,551","   205250000"," ","12","  36,5",
"19/07/2025  17:41:32,551","   211250000","CADENA ECUATORIANA DE TEL","13","  72,8",
"19/07/2025  17:41:32,551","   471250000"," ","14","  28,4",
"19/07/2025  17:41:32,551","   477250000"," ","15","  28,6",
"19/07/2025  17:41:32,551","   483250000"," ","16","  32,4",
"19/07/2025  17:41:32,551","   513250000"," ","21","  28,6",
"19/07/2025  17:41:32,551","   519250000"," ","22","  28,3",
"19/07/2025  17:41:32,551","   525250000"," ","23","  30,5",
"19/07/2025  17:41:32,551","   531250000"," ","24","  31,5",
"19/07/2025  17:41:32,551","   537250000"," ","25","  33,2",
"19/07/2025  17:41:32,551","   543250000"," ","26","  38,3",
"19/07/2025  17:41:32,551","   549250000","OK TV-TEVECORP","27","  31,3",
"19/07/2025  17:41:32,551","   555250000"," ","28","  31,0",
"19/07/2025  17:41:32,551","   561250000"," ","29","  30,6",
"19/07/2025  17:41:32,551","   567250000"," ","30","  31,6",
"19/07/2025  17:41:32,551","   573250000","CANAL UNO no","31","  30,1",
"19/07/2025  17:41:32,551","   579250000"," ","32","  30,5",
"19/07/2025  17:41:32,551","   585250000","TELEATAHUALPA (RTU)","33","  32,1",
"19/07/2025  17:41:32,551","   591350000"," ","34","  30,4",
"19/07/2025  17:41:32,551","   597250000","TELEVICENTRO TVC","35","  79,0",
"19/07/2025  17:41:32,551","   603250000"," ","36","  30,7",
"19/07/2025  17:41:32,551","   615250000"," ","38","  36,7",
"19/07/2025  17:41:32,551","   621250000","UCSG TELEVISION","39","  29,3",
"19/07/2025  17:41:32,551","   627250000"," ","40","  27,9",
"19/07/2025  17:41:32,551","   633250000","OROMAR","41","  28,9",
"19/07/2025  17:41:32,551","   639250000"," ","42","  29,4",
"19/07/2025  17:41:32,551","   645250000"," ","43","  30,4",
"19/07/2025  17:41:32,551","   651250000"," ","44","  27,9",
"19/07/2025  17:41:32,551","   657250000"," ","45","  28,0",
"19/07/2025  17:41:32,551","   663250000"," ","46","  28,6",
"19/07/2025  17:41:32,551","   669250000"," ","47","  29,7",
"19/07/2025  17:41:32,551","   675250000"," ","48","  27,9",
"19/07/2025  17:41:32,551","   681250000"," ","49","  28,6",
"19/07/2025  17:41:32,551","   687250000"," ","50","  29,0",
"19/07/2025  17:41:32,551","   693250000"," ","51","  28,9",
"19/07/2025  17:42:18,411","    55250000"," ","2","  38,1",
"19/07/2025  17:42:18,411","    61250000","RED TELESISTEMA (R.T.S)","3","  61,1",
"19/07/2025  17:42:18,411","    67250000"," ","4","  41,7",
"19/07/2025  17:42:18,411","    77250000"," ","5","  50,6",
"19/07/2025  17:42:18,411","    83250000","TELERAMA","6","  39,9",
"19/07/2025  17:42:18,411","   175250000","ECUADOR TV","7","  36,4",
"19/07/2025  17:42:18,411","   181250000"," CORPORACIÓN ECUATORIANA ","8","  77,4",
"19/07/2025  17:42:18,411","   187250000","TELEVISION DEL PACIFICO","9","  39,2",
"19/07/2025  17:42:18,411","   193250000"," ","10","  50,4",
"19/07/2025  17:42:18,411","   199250000","TELEAMAZONAS","11","  77,9",
"19/07/2025  17:42:18,411","   205250000"," ","12","  32,7",
"19/07/2025  17:42:18,411","   211250000","CADENA ECUATORIANA DE TEL","13","  72,4",
"19/07/2025  17:42:18,411","   471250000"," ","14","  28,6",
"19/07/2025  17:42:18,411","   477250000"," ","15","  27,9",
"19/07/2025  17:42:18,411","   483250000"," ","16","  28,3",
"19/07/2025  17:42:18,411","   513250000"," ","21","  27,8",
"19/07/2025  17:42:18,411","   519250000"," ","22","  28,7",
"19/07/2025  17:42:18,411","   525250000"," ","23","  31,2",
"19/07/2025  17:42:18,411","   531250000"," ","24","  30,7",
"19/07/2025  17:42:18,411","   537250000"," ","25","  32,4",
"19/07/2025  17:42:18,411","   543250000"," ","26","  35,4",
"19/07/2025  17:42:18,411","   549250000","OK TV-TEVECORP","27","  32,7",
"19/07/2025  17:42:18,411","   555250000"," ","28","  29,6",
"19/07/2025  17:42:18,411","   561250000"," ","29","  31,0",
"19/07/2025  17:42:18,411","   567250000"," ","30","  29,0",
"19/07/2025  17:42:18,411","   573250000","CANAL UNO no","31","  29,3",
"19/07/2025  17:42:18,411","   579250000"," ","32","  30,9",
"19/07/2025  17:42:18,411","   585250000","TELEATAHUALPA (RTU)","33","  31,9",
"19/07/2025  17:42:18,411","   591350000"," ","34","  33,7",
"19/07/2025  17:42:18,411","   597250000","TELEVICENTRO TVC","35","  79,5",
"19/07/2025  17:42:18,411","   603250000"," ","36","  31,6",
"19/07/2025  17:42:18,411","   615250000"," ","38","  38,7",
"19/07/2025  17:42:18,411","   621250000","UCSG TELEVISION","39","  44,9",
"19/07/2025  17:42:18,411","   627250000"," ","40","  29,5",
"19/07/2025  17:42:18,411","   633250000","OROMAR","41","  29,5",
"19/07/2025  17:42:18,411","   639250000"," ","42","  30,2",
"19/07/2025  17:42:18,411","   645250000"," ","43","  31,6",
"19/07/2025  17:42:18,411","   651250000"," ","44","  30,0",
"19/07/2025  17:42:18,411","   657250000"," ","45","  28,1",
"19/07/2025  17:42:18,411","   663250000"," ","46","  29,0",
"19/07/2025  17:42:18,411","   669250000"," ","47","  27,1",
"19/07/2025  17:42:18,411","   675250000"," ","48","  28,6",
"19/07/2025  17:42:18,411","   681250000"," ","49","  28,1",
"19/07/2025  17:42:18,411","   687250000"," ","50","  28,4",
"19/07/2025  17:42:18,411","   693250000"," ","51","  28,7",
"20/07/2025  7:20:02,636","    55250000"," ","2","  37,0",
"20/07/2025  7:20:02,636","    61250000","RED TELESISTEMA (R.T.S)","3","  63,8",
"20/07/2025  7:20:02,636","    67250000"," ","4","  39,2",
"20/07/2025  7:20:02,636","    77250000"," ","5","  48,5",
"20/07/2025  7:20:02,636","    83250000","TELERAMA","6","  36,7",
"20/07/2025  7:20:02,636","   175250000","ECUADOR TV","7","  35,6",
"20/07/2025  7:20:02,636","   181250000"," CORPORACIÓN ECUATORIANA ","8","  78,0",
"20/07/2025  7:20:02,636","   187250000","TELEVISION DEL PACIFICO","9","  39,1",
"20/07/2025  7:20:02,636","   193250000"," ","10","  47,9",
"20/07/2025  7:20:02,636","   199250000","TELEAMAZONAS","11","  78,6",
"20/07/2025  7:20:02,636","   205250000"," ","12","  33,6",
"20/07/2025  7:20:02,636","   211250000","CADENA ECUATORIANA DE TEL","13","  73,2",
"20/07/2025  7:20:02,636","   471250000"," ","14","  27,6",
"20/07/2025  7:20:02,636","   477250000"," ","15","  29,5",
"20/07/2025  7:20:02,636","   483250000"," ","16","  28,1",
"20/07/2025  7:20:02,636","   513250000"," ","21","  27,5",
"20/07/2025  7:20:02,636","   519250000"," ","22","  27,2",
"20/07/2025  7:20:02,636","   525250000"," ","23","  30,7",
"20/07/2025  7:20:02,636","   531250000"," ","24","  30,0",
"20/07/2025  7:20:02,636","   537250000"," ","25","  32,6",
"20/07/2025  7:20:02,636","   543250000"," ","26","  32,3",
"20/07/2025  7:20:02,636","   549250000","OK TV-TEVECORP","27","  31,5",
"20/07/2025  7:20:02,636","   555250000"," ","28","  37,8",
"20/07/2025  7:20:02,636","   561250000"," ","29","  31,3",
"20/07/2025  7:20:02,636","   567250000"," ","30","  29,4",
"20/07/2025  7:20:02,636","   573250000","CANAL UNO no","31","  29,7",
"20/07/2025  7:20:02,636","   579250000"," ","32","  29,3",
"20/07/2025  7:20:02,636","   585250000","TELEATAHUALPA (RTU)","33","  31,0",
"20/07/2025  7:20:02,636","   591350000"," ","34","  29,4",
"20/07/2025  7:20:02,636","   597250000","TELEVICENTRO TVC","35","  79,9",
"20/07/2025  7:20:02,636","   603250000"," ","36","  30,0",
"20/07/2025  7:20:02,636","   615250000"," ","38","  35,2",
"20/07/2025  7:20:02,636","   621250000","UCSG TELEVISION","39","  29,7",
"20/07/2025  7:20:02,636","   627250000"," ","40","  28,0",
"20/07/2025  7:20:02,636","   633250000","OROMAR","41","  28,5",
"20/07/2025  7:20:02,636","   639250000"," ","42","  29,6",
"20/07/2025  7:20:02,636","   645250000"," ","43","  30,4",
"20/07/2025  7:20:02,636","   651250000"," ","44","  30,7",
"20/07/2025  7:20:02,636","   657250000"," ","45","  28,0",
"20/07/2025  7:20:02,636","   663250000"," ","46","  27,6",
"20/07/2025  7:20:02,636","   669250000"," ","47","  48,3",
"20/07/2025  7:20:02,636","   675250000"," ","48","  29,4",
"20/07/2025  7:20:02,636","   681250000"," ","49","  27,3",
"20/07/2025  7:20:02,636","   687250000"," ","50","  29,5",
"20/07/2025  7:20:02,636","   693250000"," ","51","  29,4",
"20/07/2025  7:20:48,506","    55250000"," ","2","  36,8",
"20/07/2025  7:20:48,506","    61250000","RED TELESISTEMA (R.T.S)","3","  64,0",
"20/07/2025  7:20:48,506","    67250000"," ","4","  39,9",
"20/07/2025  7:20:48,506","    77250000"," ","5","  43,1",
"20/07/2025  7:20:48,506","    83250000","TELERAMA","6","  34,7",
"20/07/2025  7:20:48,506","   175250000","ECUADOR TV","7","  35,9",
"20/07/2025  7:20:48,506","   181250000"," CORPORACIÓN ECUATORIANA ","8","  78,0",
"20/07/2025  7:20:48,506","   187250000","TELEVISION DEL PACIFICO","9","  40,7",
"20/07/2025  7:20:48,506","   193250000"," ","10","  47,0",
"20/07/2025  7:20:48,506","   199250000","TELEAMAZONAS","11","  78,6",
"20/07/2025  7:20:48,506","   205250000"," ","12","  31,8",
"20/07/2025  7:20:48,506","   211250000","CADENA ECUATORIANA DE TEL","13","  73,1",
"20/07/2025  7:20:48,506","   471250000"," ","14","  28,0",
"20/07/2025  7:20:48,506","   477250000"," ","15","  27,7",
"20/07/2025  7:20:48,506","   483250000"," ","16","  30,7",
"20/07/2025  7:20:48,506","   513250000"," ","21","  27,1",
"20/07/2025  7:20:48,506","   519250000"," ","22","  29,4",
"20/07/2025  7:20:48,506","   525250000"," ","23","  29,5",
"20/07/2025  7:20:48,506","   531250000"," ","24","  31,2",
"20/07/2025  7:20:48,506","   537250000"," ","25","  32,2",
"20/07/2025  7:20:48,506","   543250000"," ","26","  31,0",
"20/07/2025  7:20:48,506","   549250000","OK TV-TEVECORP","27","  32,1",
"20/07/2025  7:20:48,506","   555250000"," ","28","  35,4",
"20/07/2025  7:20:48,506","   561250000"," ","29","  32,0",
"20/07/2025  7:20:48,506","   567250000"," ","30","  30,1",
"20/07/2025  7:20:48,506","   573250000","CANAL UNO no","31","  29,7",
"20/07/2025  7:20:48,506","   579250000"," ","32","  31,6",
"20/07/2025  7:20:48,506","   585250000","TELEATAHUALPA (RTU)","33","  33,0",
"20/07/2025  7:20:48,506","   591350000"," ","34","  30,2",
"20/07/2025  7:20:48,506","   597250000","TELEVICENTRO TVC","35","  79,9",
"20/07/2025  7:20:48,506","   603250000"," ","36","  31,5",
"20/07/2025  7:20:48,506","   615250000"," ","38","  35,7",
"20/07/2025  7:20:48,506","   621250000","UCSG TELEVISION","39","  29,6",
"20/07/2025  7:20:48,506","   627250000"," ","40","  30,3",
"20/07/2025  7:20:48,506","   633250000","OROMAR","41","  28,3",
"20/07/2025  7:20:48,506","   639250000"," ","42","  29,8",
"20/07/2025  7:20:48,506","   645250000"," ","43","  30,1",
"20/07/2025  7:20:48,506","   651250000"," ","44","  29,9",
"20/07/2025  7:20:48,506","   657250000"," ","45","  28,8",
"20/07/2025  7:20:48,506","   663250000"," ","46","  28,4",
"20/07/2025  7:20:48,506","   669250000"," ","47","  28,7",
"20/07/2025  7:20:48,506","   675250000"," ","48","  29,1",
"20/07/2025  7:20:48,506","   681250000"," ","49","  27,6",
"20/07/2025  7:20:48,506","   687250000"," ","50","  28,7",
"20/07/2025  7:20:48,506","   693250000"," ","51","  28,5",
"20/07/2025  7:21:32,455","    55250000"," ","2","  35,6",
"20/07/2025  7:21:32,455","    61250000","RED TELESISTEMA (R.T.S)","3","  64,1",
"20/07/2025  7:21:32,455","    67250000"," ","4","  39,9",
"20/07/2025  7:21:32,455","    77250000"," ","5","  43,7",
"20/07/2025  7:21:32,455","    83250000","TELERAMA","6","  36,6",
"20/07/2025  7:21:32,455","   175250000","ECUADOR TV","7","  34,8",
"20/07/2025  7:21:32,455","   181250000"," CORPORACIÓN ECUATORIANA ","8","  78,0",
"20/07/2025  7:21:32,455","   187250000","TELEVISION DEL PACIFICO","9","  39,2",
"20/07/2025  7:21:32,455","   193250000"," ","10","  47,0",
"20/07/2025  7:21:32,455","   199250000","TELEAMAZONAS","11","  78,7",
"20/07/2025  7:21:32,455","   205250000"," ","12","  33,2",
"20/07/2025  7:21:32,455","   211250000","CADENA ECUATORIANA DE TEL","13","  72,9",
"20/07/2025  7:21:32,455","   471250000"," ","14","  29,2",
"20/07/2025  7:21:32,455","   477250000"," ","15","  27,7",
"20/07/2025  7:21:32,455","   483250000"," ","16","  27,8",
"20/07/2025  7:21:32,455","   513250000"," ","21","  29,1",
"20/07/2025  7:21:32,455","   519250000"," ","22","  27,2",
"20/07/2025  7:21:32,455","   525250000"," ","23","  30,0",
"20/07/2025  7:21:32,455","   531250000"," ","24","  31,6",
"20/07/2025  7:21:32,455","   537250000"," ","25","  32,2",
"20/07/2025  7:21:32,455","   543250000"," ","26","  38,3",
"20/07/2025  7:21:32,455","   549250000","OK TV-TEVECORP","27","  31,1",
"20/07/2025  7:21:32,455","   555250000"," ","28","  38,3",
"20/07/2025  7:21:32,455","   561250000"," ","29","  31,5",
"20/07/2025  7:21:32,455","   567250000"," ","30","  29,0",
"20/07/2025  7:21:32,455","   573250000","CANAL UNO no","31","  29,4",
"20/07/2025  7:21:32,455","   579250000"," ","32","  31,1",
"20/07/2025  7:21:32,455","   585250000","TELEATAHUALPA (RTU)","33","  31,0",
"20/07/2025  7:21:32,455","   591350000"," ","34","  30,7",
"20/07/2025  7:21:32,455","   597250000","TELEVICENTRO TVC","35","  80,3",
"20/07/2025  7:21:32,455","   603250000"," ","36","  29,6",
"20/07/2025  7:21:32,455","   615250000"," ","38","  34,1",
"20/07/2025  7:21:32,455","   621250000","UCSG TELEVISION","39","  29,7",
"20/07/2025  7:21:32,455","   627250000"," ","40","  29,0",
"20/07/2025  7:21:32,455","   633250000","OROMAR","41","  28,6",
"20/07/2025  7:21:32,455","   639250000"," ","42","  28,6",
"20/07/2025  7:21:32,455","   645250000"," ","43","  32,7",
"20/07/2025  7:21:32,455","   651250000"," ","44","  29,2",
"20/07/2025  7:21:32,455","   657250000"," ","45","  29,1",
"20/07/2025  7:21:32,455","   663250000"," ","46","  29,8",
"20/07/2025  7:21:32,455","   669250000"," ","47","  29,4",
"20/07/2025  7:21:32,455","   675250000"," ","48","  28,1",
"20/07/2025  7:21:32,455","   681250000"," ","49","  28,1",
"20/07/2025  7:21:32,455","   687250000"," ","50","  29,9",
"20/07/2025  7:21:32,455","   693250000"," ","51","  28,5",
"20/07/2025  7:22:18,322","    55250000"," ","2","  37,0",
"20/07/2025  7:22:18,322","    61250000","RED TELESISTEMA (R.T.S)","3","  64,0",
"20/07/2025  7:22:18,322","    67250000"," ","4","  37,8",
"20/07/2025  7:22:18,322","    77250000"," ","5","  42,9",
"20/07/2025  7:22:18,322","    83250000","TELERAMA","6","  37,8",
"20/07/2025  7:22:18,322","   175250000","ECUADOR TV","7","  41,5",
"20/07/2025  7:22:18,322","   181250000"," CORPORACIÓN ECUATORIANA ","8","  77,9",
"20/07/2025  7:22:18,322","   187250000","TELEVISION DEL PACIFICO","9","  40,2",
"20/07/2025  7:22:18,322","   193250000"," ","10","  47,6",
"20/07/2025  7:22:18,322","   199250000","TELEAMAZONAS","11","  78,7",
"20/07/2025  7:22:18,322","   205250000"," ","12","  32,0",
"20/07/2025  7:22:18,322","   211250000","CADENA ECUATORIANA DE TEL","13","  72,9",
"20/07/2025  7:22:18,322","   471250000"," ","14","  28,0",
"20/07/2025  7:22:18,322","   477250000"," ","15","  30,4",
"20/07/2025  7:22:18,322","   483250000"," ","16","  29,6",
"20/07/2025  7:22:18,322","   513250000"," ","21","  28,2",
"20/07/2025  7:22:18,322","   519250000"," ","22","  26,4",
"20/07/2025  7:22:18,322","   525250000"," ","23","  31,0",
"20/07/2025  7:22:18,322","   531250000"," ","24","  31,7",
"20/07/2025  7:22:18,322","   537250000"," ","25","  31,5",
"20/07/2025  7:22:18,322","   543250000"," ","26","  31,6",
"20/07/2025  7:22:18,322","   549250000","OK TV-TEVECORP","27","  31,2",
"20/07/2025  7:22:18,322","   555250000"," ","28","  38,0",
"20/07/2025  7:22:18,322","   561250000"," ","29","  30,7",
"20/07/2025  7:22:18,322","   567250000"," ","30","  29,1",
"20/07/2025  7:22:18,322","   573250000","CANAL UNO no","31","  31,8",
"20/07/2025  7:22:18,322","   579250000"," ","32","  29,2",
"20/07/2025  7:22:18,322","   585250000","TELEATAHUALPA (RTU)","33","  31,6",
"20/07/2025  7:22:18,322","   591350000"," ","34","  29,9",
"20/07/2025  7:22:18,322","   597250000","TELEVICENTRO TVC","35","  80,5",
"20/07/2025  7:22:18,322","   603250000"," ","36","  30,6",
"20/07/2025  7:22:18,322","   615250000"," ","38","  32,9",
"20/07/2025  7:22:18,322","   621250000","UCSG TELEVISION","39","  29,3",
"20/07/2025  7:22:18,322","   627250000"," ","40","  42,0",
"20/07/2025  7:22:18,322","   633250000","OROMAR","41","  38,9",
"20/07/2025  7:22:18,322","   639250000"," ","42","  29,5",
"20/07/2025  7:22:18,322","   645250000"," ","43","  30,8",
"20/07/2025  7:22:18,322","   651250000"," ","44","  31,0",
"20/07/2025  7:22:18,322","   657250000"," ","45","  27,7",
"20/07/2025  7:22:18,322","   663250000"," ","46","  29,6",
"20/07/2025  7:22:18,322","   669250000"," ","47","  27,7",
"20/07/2025  7:22:18,322","   675250000"," ","48","  27,5",
"20/07/2025  7:22:18,322","   681250000"," ","49","  28,7",
"20/07/2025  7:22:18,322","   687250000"," ","50","  29,9",
"20/07/2025  7:22:18,322","   693250000"," ","51","  27,9",
"20/07/2025  17:40:03,029","    55250000"," ","2","  41,1",
"20/07/2025  17:40:03,029","    61250000","RED TELESISTEMA (R.T.S)","3","  61,6",
"20/07/2025  17:40:03,029","    67250000"," ","4","  36,7",
"20/07/2025  17:40:03,029","    77250000"," ","5","  43,4",
"20/07/2025  17:40:03,029","    83250000","TELERAMA","6","  38,1",
"20/07/2025  17:40:03,029","   175250000","ECUADOR TV","7","  37,1",
"20/07/2025  17:40:03,029","   181250000"," CORPORACIÓN ECUATORIANA ","8","  77,0",
"20/07/2025  17:40:03,029","   187250000","TELEVISION DEL PACIFICO","9","  40,3",
"20/07/2025  17:40:03,029","   193250000"," ","10","  41,1",
"20/07/2025  17:40:03,029","   199250000","TELEAMAZONAS","11","  78,0",
"20/07/2025  17:40:03,029","   205250000"," ","12","  32,8",
"20/07/2025  17:40:03,029","   211250000","CADENA ECUATORIANA DE TEL","13","  72,0",
"20/07/2025  17:40:03,029","   471250000"," ","14","  40,8",
"20/07/2025  17:40:03,029","   477250000"," ","15","  31,9",
"20/07/2025  17:40:03,029","   483250000"," ","16","  29,4",
"20/07/2025  17:40:03,029","   513250000"," ","21","  31,0",
"20/07/2025  17:40:03,029","   519250000"," ","22","  27,9",
"20/07/2025  17:40:03,029","   525250000"," ","23","  31,1",
"20/07/2025  17:40:03,029","   531250000"," ","24","  30,7",
"20/07/2025  17:40:03,029","   537250000"," ","25","  32,5",
"20/07/2025  17:40:03,029","   543250000"," ","26","  34,6",
"20/07/2025  17:40:03,029","   549250000","OK TV-TEVECORP","27","  32,1",
"20/07/2025  17:40:03,029","   555250000"," ","28","  31,9",
"20/07/2025  17:40:03,029","   561250000"," ","29","  31,1",
"20/07/2025  17:40:03,029","   567250000"," ","30","  30,5",
"20/07/2025  17:40:03,029","   573250000","CANAL UNO no","31","  29,1",
"20/07/2025  17:40:03,029","   579250000"," ","32","  31,9",
"20/07/2025  17:40:03,029","   585250000","TELEATAHUALPA (RTU)","33","  32,5",
"20/07/2025  17:40:03,029","   591350000"," ","34","  30,4",
"20/07/2025  17:40:03,029","   597250000","TELEVICENTRO TVC","35","  79,4",
"20/07/2025  17:40:03,029","   603250000"," ","36","  30,2",
"20/07/2025  17:40:03,029","   615250000"," ","38","  40,7",
"20/07/2025  17:40:03,029","   621250000","UCSG TELEVISION","39","  28,5",
"20/07/2025  17:40:03,029","   627250000"," ","40","  28,4",
"20/07/2025  17:40:03,029","   633250000","OROMAR","41","  29,0",
"20/07/2025  17:40:03,029","   639250000"," ","42","  29,2",
"20/07/2025  17:40:03,029","   645250000"," ","43","  30,3",
"20/07/2025  17:40:03,029","   651250000"," ","44","  28,9",
"20/07/2025  17:40:03,029","   657250000"," ","45","  27,6",
"20/07/2025  17:40:03,029","   663250000"," ","46","  28,9",
"20/07/2025  17:40:03,029","   669250000"," ","47","  29,9",
"20/07/2025  17:40:03,029","   675250000"," ","48","  33,1",
"20/07/2025  17:40:03,029","   681250000"," ","49","  27,3",
"20/07/2025  17:40:03,029","   687250000"," ","50","  37,7",
"20/07/2025  17:40:03,029","   693250000"," ","51","  29,9",
"20/07/2025  17:40:47,662","    55250000"," ","2","  36,8",
"20/07/2025  17:40:47,662","    61250000","RED TELESISTEMA (R.T.S)","3","  61,5",
"20/07/2025  17:40:47,662","    67250000"," ","4","  38,2",
"20/07/2025  17:40:47,662","    77250000"," ","5","  42,3",
"20/07/2025  17:40:47,662","    83250000","TELERAMA","6","  34,6",
"20/07/2025  17:40:47,662","   175250000","ECUADOR TV","7","  38,0",
"20/07/2025  17:40:47,662","   181250000"," CORPORACIÓN ECUATORIANA ","8","  76,8",
"20/07/2025  17:40:47,662","   187250000","TELEVISION DEL PACIFICO","9","  40,7",
"20/07/2025  17:40:47,662","   193250000"," ","10","  43,7",
"20/07/2025  17:40:47,662","   199250000","TELEAMAZONAS","11","  78,4",
"20/07/2025  17:40:47,662","   205250000"," ","12","  44,0",
"20/07/2025  17:40:47,662","   211250000","CADENA ECUATORIANA DE TEL","13","  72,0",
"20/07/2025  17:40:47,662","   471250000"," ","14","  27,0",
"20/07/2025  17:40:47,662","   477250000"," ","15","  27,4",
"20/07/2025  17:40:47,662","   483250000"," ","16","  27,7",
"20/07/2025  17:40:47,662","   513250000"," ","21","  28,7",
"20/07/2025  17:40:47,662","   519250000"," ","22","  28,2",
"20/07/2025  17:40:47,662","   525250000"," ","23","  30,6",
"20/07/2025  17:40:47,662","   531250000"," ","24","  29,1",
"20/07/2025  17:40:47,662","   537250000"," ","25","  32,8",
"20/07/2025  17:40:47,662","   543250000"," ","26","  38,3",
"20/07/2025  17:40:47,662","   549250000","OK TV-TEVECORP","27","  31,1",
"20/07/2025  17:40:47,662","   555250000"," ","28","  31,8",
"20/07/2025  17:40:47,662","   561250000"," ","29","  31,2",
"20/07/2025  17:40:47,662","   567250000"," ","30","  29,6",
"20/07/2025  17:40:47,662","   573250000","CANAL UNO no","31","  28,9",
"20/07/2025  17:40:47,662","   579250000"," ","32","  29,8",
"20/07/2025  17:40:47,662","   585250000","TELEATAHUALPA (RTU)","33","  32,1",
"20/07/2025  17:40:47,662","   591350000"," ","34","  30,4",
"20/07/2025  17:40:47,662","   597250000","TELEVICENTRO TVC","35","  79,3",
"20/07/2025  17:40:47,662","   603250000"," ","36","  30,2",
"20/07/2025  17:40:47,662","   615250000"," ","38","  35,3",
"20/07/2025  17:40:47,662","   621250000","UCSG TELEVISION","39","  29,3",
"20/07/2025  17:40:47,662","   627250000"," ","40","  30,4",
"20/07/2025  17:40:47,662","   633250000","OROMAR","41","  28,5",
"20/07/2025  17:40:47,662","   639250000"," ","42","  31,6",
"20/07/2025  17:40:47,662","   645250000"," ","43","  31,8",
"20/07/2025  17:40:47,662","   651250000"," ","44","  29,0",
"20/07/2025  17:40:47,662","   657250000"," ","45","  27,7",
"20/07/2025  17:40:47,662","   663250000"," ","46","  28,2",
"20/07/2025  17:40:47,662","   669250000"," ","47","  27,8",
"20/07/2025  17:40:47,662","   675250000"," ","48","  26,8",
"20/07/2025  17:40:47,662","   681250000"," ","49","  29,4",
"20/07/2025  17:40:47,662","   687250000"," ","50","  28,4",
"20/07/2025  17:40:47,662","   693250000"," ","51","  28,5",
"20/07/2025  17:41:32,595","    55250000"," ","2","  42,7",
"20/07/2025  17:41:32,595","    61250000","RED TELESISTEMA (R.T.S)","3","  62,0",
"20/07/2025  17:41:32,595","    67250000"," ","4","  40,9",
"20/07/2025  17:41:32,595","    77250000"," ","5","  46,0",
"20/07/2025  17:41:32,595","    83250000","TELERAMA","6","  36,2",
"20/07/2025  17:41:32,595","   175250000","ECUADOR TV","7","  38,5",
"20/07/2025  17:41:32,595","   181250000"," CORPORACIÓN ECUATORIANA ","8","  76,9",
"20/07/2025  17:41:32,595","   187250000","TELEVISION DEL PACIFICO","9","  42,6",
"20/07/2025  17:41:32,595","   193250000"," ","10","  45,5",
"20/07/2025  17:41:32,595","   199250000","TELEAMAZONAS","11","  78,2",
"20/07/2025  17:41:32,595","   205250000"," ","12","  33,7",
"20/07/2025  17:41:32,595","   211250000","CADENA ECUATORIANA DE TEL","13","  72,2",
"20/07/2025  17:41:32,595","   471250000"," ","14","  28,7",
"20/07/2025  17:41:32,595","   477250000"," ","15","  27,8",
"20/07/2025  17:41:32,595","   483250000"," ","16","  26,7",
"20/07/2025  17:41:32,595","   513250000"," ","21","  30,4",
"20/07/2025  17:41:32,595","   519250000"," ","22","  29,7",
"20/07/2025  17:41:32,595","   525250000"," ","23","  29,1",
"20/07/2025  17:41:32,595","   531250000"," ","24","  30,0",
"20/07/2025  17:41:32,595","   537250000"," ","25","  31,6",
"20/07/2025  17:41:32,595","   543250000"," ","26","  36,1",
"20/07/2025  17:41:32,595","   549250000","OK TV-TEVECORP","27","  33,1",
"20/07/2025  17:41:32,595","   555250000"," ","28","  35,0",
"20/07/2025  17:41:32,595","   561250000"," ","29","  32,0",
"20/07/2025  17:41:32,595","   567250000"," ","30","  29,6",
"20/07/2025  17:41:32,595","   573250000","CANAL UNO no","31","  29,2",
"20/07/2025  17:41:32,595","   579250000"," ","32","  30,3",
"20/07/2025  17:41:32,595","   585250000","TELEATAHUALPA (RTU)","33","  32,2",
"20/07/2025  17:41:32,595","   591350000"," ","34","  29,7",
"20/07/2025  17:41:32,595","   597250000","TELEVICENTRO TVC","35","  79,5",
"20/07/2025  17:41:32,595","   603250000"," ","36","  29,8",
"20/07/2025  17:41:32,595","   615250000"," ","38","  36,0",
"20/07/2025  17:41:32,595","   621250000","UCSG TELEVISION","39","  28,1",
"20/07/2025  17:41:32,595","   627250000"," ","40","  29,1",
"20/07/2025  17:41:32,595","   633250000","OROMAR","41","  29,1",
"20/07/2025  17:41:32,595","   639250000"," ","42","  28,7",
"20/07/2025  17:41:32,595","   645250000"," ","43","  32,0",
"20/07/2025  17:41:32,595","   651250000"," ","44","  27,4",
"20/07/2025  17:41:32,595","   657250000"," ","45","  28,7",
"20/07/2025  17:41:32,595","   663250000"," ","46","  27,9",
"20/07/2025  17:41:32,595","   669250000"," ","47","  29,8",
"20/07/2025  17:41:32,595","   675250000"," ","48","  29,3",
"20/07/2025  17:41:32,595","   681250000"," ","49","  28,9",
"20/07/2025  17:41:32,595","   687250000"," ","50","  29,1",
"20/07/2025  17:41:32,595","   693250000"," ","51","  28,4",
"20/07/2025  17:42:18,468","    55250000"," ","2","  38,0",
"20/07/2025  17:42:18,468","    61250000","RED TELESISTEMA (R.T.S)","3","  61,7",
"20/07/2025  17:42:18,468","    67250000"," ","4","  40,2",
"20/07/2025  17:42:18,468","    77250000"," ","5","  42,6",
"20/07/2025  17:42:18,468","    83250000","TELERAMA","6","  35,3",
"20/07/2025  17:42:18,468","   175250000","ECUADOR TV","7","  39,3",
"20/07/2025  17:42:18,468","   181250000"," CORPORACIÓN ECUATORIANA ","8","  76,6",
"20/07/2025  17:42:18,468","   187250000","TELEVISION DEL PACIFICO","9","  41,0",
"20/07/2025  17:42:18,468","   193250000"," ","10","  44,7",
"20/07/2025  17:42:18,468","   199250000","TELEAMAZONAS","11","  77,9",
"20/07/2025  17:42:18,468","   205250000"," ","12","  33,9",
"20/07/2025  17:42:18,468","   211250000","CADENA ECUATORIANA DE TEL","13","  72,2",
"20/07/2025  17:42:18,468","   471250000"," ","14","  27,8",
"20/07/2025  17:42:18,468","   477250000"," ","15","  36,6",
"20/07/2025  17:42:18,468","   483250000"," ","16","  27,2",
"20/07/2025  17:42:18,468","   513250000"," ","21","  28,4",
"20/07/2025  17:42:18,468","   519250000"," ","22","  28,3",
"20/07/2025  17:42:18,468","   525250000"," ","23","  30,7",
"20/07/2025  17:42:18,468","   531250000"," ","24","  30,2",
"20/07/2025  17:42:18,468","   537250000"," ","25","  33,8",
"20/07/2025  17:42:18,468","   543250000"," ","26","  36,8",
"20/07/2025  17:42:18,468","   549250000","OK TV-TEVECORP","27","  33,9",
"20/07/2025  17:42:18,468","   555250000"," ","28","  33,8",
"20/07/2025  17:42:18,468","   561250000"," ","29","  32,1",
"20/07/2025  17:42:18,468","   567250000"," ","30","  29,7",
"20/07/2025  17:42:18,468","   573250000","CANAL UNO no","31","  29,8",
"20/07/2025  17:42:18,468","   579250000"," ","32","  29,8",
"20/07/2025  17:42:18,468","   585250000","TELEATAHUALPA (RTU)","33","  32,6",
"20/07/2025  17:42:18,468","   591350000"," ","34","  31,3",
"20/07/2025  17:42:18,468","   597250000","TELEVICENTRO TVC","35","  79,9",
"20/07/2025  17:42:18,468","   603250000"," ","36","  30,4",
"20/07/2025  17:42:18,468","   615250000"," ","38","  37,7",
"20/07/2025  17:42:18,468","   621250000","UCSG TELEVISION","39","  30,1",
"20/07/2025  17:42:18,468","   627250000"," ","40","  28,0",
"20/07/2025  17:42:18,468","   633250000","OROMAR","41","  27,9",
"20/07/2025  17:42:18,468","   639250000"," ","42","  31,9",
"20/07/2025  17:42:18,468","   645250000"," ","43","  32,8",
"20/07/2025  17:42:18,468","   651250000"," ","44","  28,8",
"20/07/2025  17:42:18,468","   657250000"," ","45","  29,9",
"20/07/2025  17:42:18,468","   663250000"," ","46","  30,3",
"20/07/2025  17:42:18,468","   669250000"," ","47","  29,0",
"20/07/2025  17:42:18,468","   675250000"," ","48","  29,4",
"20/07/2025  17:42:18,468","   681250000"," ","49","  28,9",
"20/07/2025  17:42:18,468","   687250000"," ","50","  29,0",
"20/07/2025  17:42:18,468","   693250000"," ","51","  29,5",
"21/07/2025  7:20:02,660","    55250000"," ","2","  37,1",
"21/07/2025  7:20:02,660","    61250000","RED TELESISTEMA (R.T.S)","3","  64,1",
"21/07/2025  7:20:02,660","    67250000"," ","4","  38,9",
"21/07/2025  7:20:02,660","    77250000"," ","5","  41,4",
"21/07/2025  7:20:02,660","    83250000","TELERAMA","6","  35,6",
"21/07/2025  7:20:02,660","   175250000","ECUADOR TV","7","  37,4",
"21/07/2025  7:20:02,660","   181250000"," CORPORACIÓN ECUATORIANA ","8","  76,9",
"21/07/2025  7:20:02,660","   187250000","TELEVISION DEL PACIFICO","9","  40,1",
"21/07/2025  7:20:02,660","   193250000"," ","10","  46,6",
"21/07/2025  7:20:02,660","   199250000","TELEAMAZONAS","11","  78,4",
"21/07/2025  7:20:02,660","   205250000"," ","12","  43,5",
"21/07/2025  7:20:02,660","   211250000","CADENA ECUATORIANA DE TEL","13","  72,2",
"21/07/2025  7:20:02,660","   471250000"," ","14","  28,5",
"21/07/2025  7:20:02,660","   477250000"," ","15","  38,6",
"21/07/2025  7:20:02,660","   483250000"," ","16","  27,5",
"21/07/2025  7:20:02,660","   513250000"," ","21","  29,6",
"21/07/2025  7:20:02,660","   519250000"," ","22","  27,3",
"21/07/2025  7:20:02,660","   525250000"," ","23","  29,4",
"21/07/2025  7:20:02,660","   531250000"," ","24","  30,2",
"21/07/2025  7:20:02,660","   537250000"," ","25","  33,4",
"21/07/2025  7:20:02,660","   543250000"," ","26","  39,7",
"21/07/2025  7:20:02,660","   549250000","OK TV-TEVECORP","27","  32,3",
"21/07/2025  7:20:02,660","   555250000"," ","28","  32,5",
"21/07/2025  7:20:02,660","   561250000"," ","29","  31,1",
"21/07/2025  7:20:02,660","   567250000"," ","30","  31,3",
"21/07/2025  7:20:02,660","   573250000","CANAL UNO no","31","  29,5",
"21/07/2025  7:20:02,660","   579250000"," ","32","  30,0",
"21/07/2025  7:20:02,660","   585250000","TELEATAHUALPA (RTU)","33","  32,2",
"21/07/2025  7:20:02,660","   591350000"," ","34","  30,5",
"21/07/2025  7:20:02,660","   597250000","TELEVICENTRO TVC","35","  79,4",
"21/07/2025  7:20:02,660","   603250000"," ","36","  31,0",
"21/07/2025  7:20:02,660","   615250000"," ","38","  36,4",
"21/07/2025  7:20:02,660","   621250000","UCSG TELEVISION","39","  29,9",
"21/07/2025  7:20:02,660","   627250000"," ","40","  29,7",
"21/07/2025  7:20:02,660","   633250000","OROMAR","41","  30,4",
"21/07/2025  7:20:02,660","   639250000"," ","42","  29,8",
"21/07/2025  7:20:02,660","   645250000"," ","43","  30,8",
"21/07/2025  7:20:02,660","   651250000"," ","44","  28,8",
"21/07/2025  7:20:02,660","   657250000"," ","45","  29,5",
"21/07/2025  7:20:02,660","   663250000"," ","46","  27,6",
"21/07/2025  7:20:02,660","   669250000"," ","47","  29,0",
"21/07/2025  7:20:02,660","   675250000"," ","48","  33,7",
"21/07/2025  7:20:02,660","   681250000"," ","49","  28,5",
"21/07/2025  7:20:02,660","   687250000"," ","50","  27,9",
"21/07/2025  7:20:02,660","   693250000"," ","51","  28,3",
"21/07/2025  7:20:48,550","    55250000"," ","2","  45,6",
"21/07/2025  7:20:48,550","    61250000","RED TELESISTEMA (R.T.S)","3","  64,0",
"21/07/2025  7:20:48,550","    67250000"," ","4","  38,4",
"21/07/2025  7:20:48,550","    77250000"," ","5","  44,9",
"21/07/2025  7:20:48,550","    83250000","TELERAMA","6","  37,6",
"21/07/2025  7:20:48,550","   175250000","ECUADOR TV","7","  37,8",
"21/07/2025  7:20:48,550","   181250000"," CORPORACIÓN ECUATORIANA ","8","  77,6",
"21/07/2025  7:20:48,550","   187250000","TELEVISION DEL PACIFICO","9","  40,9",
"21/07/2025  7:20:48,550","   193250000"," ","10","  45,9",
"21/07/2025  7:20:48,550","   199250000","TELEAMAZONAS","11","  78,5",
"21/07/2025  7:20:48,550","   205250000"," ","12","  33,3",
"21/07/2025  7:20:48,550","   211250000","CADENA ECUATORIANA DE TEL","13","  72,2",
"21/07/2025  7:20:48,550","   471250000"," ","14","  27,9",
"21/07/2025  7:20:48,550","   477250000"," ","15","  38,3",
"21/07/2025  7:20:48,550","   483250000"," ","16","  27,7",
"21/07/2025  7:20:48,550","   513250000"," ","21","  28,8",
"21/07/2025  7:20:48,550","   519250000"," ","22","  40,1",
"21/07/2025  7:20:48,550","   525250000"," ","23","  29,6",
"21/07/2025  7:20:48,550","   531250000"," ","24","  27,5",
"21/07/2025  7:20:48,550","   537250000"," ","25","  31,3",
"21/07/2025  7:20:48,550","   543250000"," ","26","  39,5",
"21/07/2025  7:20:48,550","   549250000","OK TV-TEVECORP","27","  31,6",
"21/07/2025  7:20:48,550","   555250000"," ","28","  30,2",
"21/07/2025  7:20:48,550","   561250000"," ","29","  30,4",
"21/07/2025  7:20:48,550","   567250000"," ","30","  30,0",
"21/07/2025  7:20:48,550","   573250000","CANAL UNO no","31","  29,9",
"21/07/2025  7:20:48,550","   579250000"," ","32","  33,0",
"21/07/2025  7:20:48,550","   585250000","TELEATAHUALPA (RTU)","33","  33,8",
"21/07/2025  7:20:48,550","   591350000"," ","34","  29,9",
"21/07/2025  7:20:48,550","   597250000","TELEVICENTRO TVC","35","  79,5",
"21/07/2025  7:20:48,550","   603250000"," ","36","  32,2",
"21/07/2025  7:20:48,550","   615250000"," ","38","  37,6",
"21/07/2025  7:20:48,550","   621250000","UCSG TELEVISION","39","  29,7",
"21/07/2025  7:20:48,550","   627250000"," ","40","  35,2",
"21/07/2025  7:20:48,550","   633250000","OROMAR","41","  29,0",
"21/07/2025  7:20:48,550","   639250000"," ","42","  29,8",
"21/07/2025  7:20:48,550","   645250000"," ","43","  41,3",
"21/07/2025  7:20:48,550","   651250000"," ","44","  30,1",
"21/07/2025  7:20:48,550","   657250000"," ","45","  29,0",
"21/07/2025  7:20:48,550","   663250000"," ","46","  29,1",
"21/07/2025  7:20:48,550","   669250000"," ","47","  28,5",
"21/07/2025  7:20:48,550","   675250000"," ","48","  29,4",
"21/07/2025  7:20:48,550","   681250000"," ","49","  29,1",
"21/07/2025  7:20:48,550","   687250000"," ","50","  27,6",
"21/07/2025  7:20:48,550","   693250000"," ","51","  27,4",
"21/07/2025  7:21:33,416","    55250000"," ","2","  38,4",
"21/07/2025  7:21:33,416","    61250000","RED TELESISTEMA (R.T.S)","3","  63,9",
"21/07/2025  7:21:33,416","    67250000"," ","4","  37,9",
"21/07/2025  7:21:33,416","    77250000"," ","5","  44,8",
"21/07/2025  7:21:33,416","    83250000","TELERAMA","6","  36,7",
"21/07/2025  7:21:33,416","   175250000","ECUADOR TV","7","  40,8",
"21/07/2025  7:21:33,416","   181250000"," CORPORACIÓN ECUATORIANA ","8","  77,3",
"21/07/2025  7:21:33,416","   187250000","TELEVISION DEL PACIFICO","9","  38,9",
"21/07/2025  7:21:33,416","   193250000"," ","10","  45,3",
"21/07/2025  7:21:33,416","   199250000","TELEAMAZONAS","11","  78,2",
"21/07/2025  7:21:33,416","   205250000"," ","12","  45,1",
"21/07/2025  7:21:33,416","   211250000","CADENA ECUATORIANA DE TEL","13","  72,2",
"21/07/2025  7:21:33,416","   471250000"," ","14","  27,2",
"21/07/2025  7:21:33,416","   477250000"," ","15","  28,7",
"21/07/2025  7:21:33,416","   483250000"," ","16","  28,4",
"21/07/2025  7:21:33,416","   513250000"," ","21","  27,9",
"21/07/2025  7:21:33,416","   519250000"," ","22","  38,1",
"21/07/2025  7:21:33,416","   525250000"," ","23","  30,2",
"21/07/2025  7:21:33,416","   531250000"," ","24","  29,7",
"21/07/2025  7:21:33,416","   537250000"," ","25","  31,9",
"21/07/2025  7:21:33,416","   543250000"," ","26","  38,7",
"21/07/2025  7:21:33,416","   549250000","OK TV-TEVECORP","27","  35,7",
"21/07/2025  7:21:33,416","   555250000"," ","28","  31,6",
"21/07/2025  7:21:33,416","   561250000"," ","29","  31,4",
"21/07/2025  7:21:33,416","   567250000"," ","30","  28,6",
"21/07/2025  7:21:33,416","   573250000","CANAL UNO no","31","  29,2",
"21/07/2025  7:21:33,416","   579250000"," ","32","  30,0",
"21/07/2025  7:21:33,416","   585250000","TELEATAHUALPA (RTU)","33","  31,5",
"21/07/2025  7:21:33,416","   591350000"," ","34","  29,9",
"21/07/2025  7:21:33,416","   597250000","TELEVICENTRO TVC","35","  79,7",
"21/07/2025  7:21:33,416","   603250000"," ","36","  30,8",
"21/07/2025  7:21:33,416","   615250000"," ","38","  37,2",
"21/07/2025  7:21:33,416","   621250000","UCSG TELEVISION","39","  29,9",
"21/07/2025  7:21:33,416","   627250000"," ","40","  30,5",
"21/07/2025  7:21:33,416","   633250000","OROMAR","41","  28,8",
"21/07/2025  7:21:33,416","   639250000"," ","42","  28,8",
"21/07/2025  7:21:33,416","   645250000"," ","43","  31,5",
"21/07/2025  7:21:33,416","   651250000"," ","44","  28,9",
"21/07/2025  7:21:33,416","   657250000"," ","45","  28,7",
"21/07/2025  7:21:33,416","   663250000"," ","46","  27,8",
"21/07/2025  7:21:33,416","   669250000"," ","47","  28,2",
"21/07/2025  7:21:33,416","   675250000"," ","48","  29,0",
"21/07/2025  7:21:33,416","   681250000"," ","49","  29,6",
"21/07/2025  7:21:33,416","   687250000"," ","50","  28,7",
"21/07/2025  7:21:33,416","   693250000"," ","51","  29,5",
"21/07/2025  17:40:02,770","    55250000"," ","2","  36,7",
"21/07/2025  17:40:02,770","    61250000","RED TELESISTEMA (R.T.S)","3","  61,7",
"21/07/2025  17:40:02,770","    67250000"," ","4","  40,0",
"21/07/2025  17:40:02,770","    77250000"," ","5","  42,8",
"21/07/2025  17:40:02,770","    83250000","TELERAMA","6","  37,4",
"21/07/2025  17:40:02,770","   175250000","ECUADOR TV","7","  35,7",
"21/07/2025  17:40:02,770","   181250000"," CORPORACIÓN ECUATORIANA ","8","  77,0",
"21/07/2025  17:40:02,770","   187250000","TELEVISION DEL PACIFICO","9","  41,7",
"21/07/2025  17:40:02,770","   193250000"," ","10","  46,8",
"21/07/2025  17:40:02,770","   199250000","TELEAMAZONAS","11","  78,4",
"21/07/2025  17:40:02,770","   205250000"," ","12","  38,2",
"21/07/2025  17:40:02,770","   211250000","CADENA ECUATORIANA DE TEL","13","  72,5",
"21/07/2025  17:40:02,770","   471250000"," ","14","  27,5",
"21/07/2025  17:40:02,770","   477250000"," ","15","  39,5",
"21/07/2025  17:40:02,770","   483250000"," ","16","  28,0",
"21/07/2025  17:40:02,770","   513250000"," ","21","  28,7",
"21/07/2025  17:40:02,770","   519250000"," ","22","  28,9",
"21/07/2025  17:40:02,770","   525250000"," ","23","  34,4",
"21/07/2025  17:40:02,770","   531250000"," ","24","  31,9",
"21/07/2025  17:40:02,770","   537250000"," ","25","  32,9",
"21/07/2025  17:40:02,770","   543250000"," ","26","  33,5",
"21/07/2025  17:40:02,770","   549250000","OK TV-TEVECORP","27","  31,8",
"21/07/2025  17:40:02,770","   555250000"," ","28","  34,3",
"21/07/2025  17:40:02,770","   561250000"," ","29","  31,9",
"21/07/2025  17:40:02,770","   567250000"," ","30","  30,2",
"21/07/2025  17:40:02,770","   573250000","CANAL UNO no","31","  29,8",
"21/07/2025  17:40:02,770","   579250000"," ","32","  29,7",
"21/07/2025  17:40:02,770","   585250000","TELEATAHUALPA (RTU)","33","  31,8",
"21/07/2025  17:40:02,770","   591350000"," ","34","  31,7",
"21/07/2025  17:40:02,770","   597250000","TELEVICENTRO TVC","35","  79,4",
"21/07/2025  17:40:02,770","   603250000"," ","36","  30,7",
"21/07/2025  17:40:02,770","   615250000"," ","38","  34,9",
"21/07/2025  17:40:02,770","   621250000","UCSG TELEVISION","39","  29,1",
"21/07/2025  17:40:02,770","   627250000"," ","40","  30,3",
"21/07/2025  17:40:02,770","   633250000","OROMAR","41","  27,4",
"21/07/2025  17:40:02,770","   639250000"," ","42","  31,4",
"21/07/2025  17:40:02,770","   645250000"," ","43","  31,4",
"21/07/2025  17:40:02,770","   651250000"," ","44","  30,5",
"21/07/2025  17:40:02,770","   657250000"," ","45","  27,9",
"21/07/2025  17:40:02,770","   663250000"," ","46","  27,7",
"21/07/2025  17:40:02,770","   669250000"," ","47","  29,1",
"21/07/2025  17:40:02,770","   675250000"," ","48","  28,3",
"21/07/2025  17:40:02,770","   681250000"," ","49","  27,9",
"21/07/2025  17:40:02,770","   687250000"," ","50","  31,9",
"21/07/2025  17:40:02,770","   693250000"," ","51","  31,1",
"21/07/2025  17:40:47,689","    55250000"," ","2","  37,8",
"21/07/2025  17:40:47,689","    61250000","RED TELESISTEMA (R.T.S)","3","  61,4",
"21/07/2025  17:40:47,689","    67250000"," ","4","  39,0",
"21/07/2025  17:40:47,689","    77250000"," ","5","  41,7",
"21/07/2025  17:40:47,689","    83250000","TELERAMA","6","  35,3",
"21/07/2025  17:40:47,689","   175250000","ECUADOR TV","7","  40,6",
"21/07/2025  17:40:47,689","   181250000"," CORPORACIÓN ECUATORIANA ","8","  76,8",
"21/07/2025  17:40:47,689","   187250000","TELEVISION DEL PACIFICO","9","  40,8",
"21/07/2025  17:40:47,689","   193250000"," ","10","  44,9",
"21/07/2025  17:40:47,689","   199250000","TELEAMAZONAS","11","  78,1",
"21/07/2025  17:40:47,689","   205250000"," ","12","  41,7",
"21/07/2025  17:40:47,689","   211250000","CADENA ECUATORIANA DE TEL","13","  72,3",
"21/07/2025  17:40:47,689","   471250000"," ","14","  27,4",
"21/07/2025  17:40:47,689","   477250000"," ","15","  31,0",
"21/07/2025  17:40:47,689","   483250000"," ","16","  27,3",
"21/07/2025  17:40:47,689","   513250000"," ","21","  28,9",
"21/07/2025  17:40:47,689","   519250000"," ","22","  27,8",
"21/07/2025  17:40:47,689","   525250000"," ","23","  29,5",
"21/07/2025  17:40:47,689","   531250000"," ","24","  29,9",
"21/07/2025  17:40:47,689","   537250000"," ","25","  30,1",
"21/07/2025  17:40:47,689","   543250000"," ","26","  35,3",
"21/07/2025  17:40:47,689","   549250000","OK TV-TEVECORP","27","  32,7",
"21/07/2025  17:40:47,689","   555250000"," ","28","  36,0",
"21/07/2025  17:40:47,689","   561250000"," ","29","  31,9",
"21/07/2025  17:40:47,689","   567250000"," ","30","  28,9",
"21/07/2025  17:40:47,689","   573250000","CANAL UNO no","31","  30,3",
"21/07/2025  17:40:47,689","   579250000"," ","32","  29,7",
"21/07/2025  17:40:47,689","   585250000","TELEATAHUALPA (RTU)","33","  32,3",
"21/07/2025  17:40:47,689","   591350000"," ","34","  30,8",
"21/07/2025  17:40:47,689","   597250000","TELEVICENTRO TVC","35","  79,5",
"21/07/2025  17:40:47,689","   603250000"," ","36","  30,4",
"21/07/2025  17:40:47,689","   615250000"," ","38","  34,1",
"21/07/2025  17:40:47,689","   621250000","UCSG TELEVISION","39","  29,8",
"21/07/2025  17:40:47,689","   627250000"," ","40","  29,4",
"21/07/2025  17:40:47,689","   633250000","OROMAR","41","  28,8",
"21/07/2025  17:40:47,689","   639250000"," ","42","  29,1",
"21/07/2025  17:40:47,689","   645250000"," ","43","  31,6",
"21/07/2025  17:40:47,689","   651250000"," ","44","  29,3",
"21/07/2025  17:40:47,689","   657250000"," ","45","  28,7",
"21/07/2025  17:40:47,689","   663250000"," ","46","  30,1",
"21/07/2025  17:40:47,689","   669250000"," ","47","  29,8",
"21/07/2025  17:40:47,689","   675250000"," ","48","  29,6",
"21/07/2025  17:40:47,689","   681250000"," ","49","  29,3",
"21/07/2025  17:40:47,689","   687250000"," ","50","  29,7",
"21/07/2025  17:40:47,689","   693250000"," ","51","  28,5",
"21/07/2025  17:41:32,668","    55250000"," ","2","  37,7",
"21/07/2025  17:41:32,668","    61250000","RED TELESISTEMA (R.T.S)","3","  61,9",
"21/07/2025  17:41:32,668","    67250000"," ","4","  37,4",
"21/07/2025  17:41:32,668","    77250000"," ","5","  51,1",
"21/07/2025  17:41:32,668","    83250000","TELERAMA","6","  39,7",
"21/07/2025  17:41:32,668","   175250000","ECUADOR TV","7","  35,1",
"21/07/2025  17:41:32,668","   181250000"," CORPORACIÓN ECUATORIANA ","8","  77,1",
"21/07/2025  17:41:32,668","   187250000","TELEVISION DEL PACIFICO","9","  39,9",
"21/07/2025  17:41:32,668","   193250000"," ","10","  46,4",
"21/07/2025  17:41:32,668","   199250000","TELEAMAZONAS","11","  78,3",
"21/07/2025  17:41:32,668","   205250000"," ","12","  41,9",
"21/07/2025  17:41:32,668","   211250000","CADENA ECUATORIANA DE TEL","13","  72,4",
"21/07/2025  17:41:32,668","   471250000"," ","14","  28,3",
"21/07/2025  17:41:32,668","   477250000"," ","15","  29,2",
"21/07/2025  17:41:32,668","   483250000"," ","16","  28,4",
"21/07/2025  17:41:32,668","   513250000"," ","21","  29,4",
"21/07/2025  17:41:32,668","   519250000"," ","22","  27,6",
"21/07/2025  17:41:32,668","   525250000"," ","23","  30,1",
"21/07/2025  17:41:32,668","   531250000"," ","24","  31,1",
"21/07/2025  17:41:32,668","   537250000"," ","25","  30,7",
"21/07/2025  17:41:32,668","   543250000"," ","26","  35,4",
"21/07/2025  17:41:32,668","   549250000","OK TV-TEVECORP","27","  29,8",
"21/07/2025  17:41:32,668","   555250000"," ","28","  32,5",
"21/07/2025  17:41:32,668","   561250000"," ","29","  32,6",
"21/07/2025  17:41:32,668","   567250000"," ","30","  31,6",
"21/07/2025  17:41:32,668","   573250000","CANAL UNO no","31","  30,0",
"21/07/2025  17:41:32,668","   579250000"," ","32","  30,6",
"21/07/2025  17:41:32,668","   585250000","TELEATAHUALPA (RTU)","33","  33,1",
"21/07/2025  17:41:32,668","   591350000"," ","34","  29,2",
"21/07/2025  17:41:32,668","   597250000","TELEVICENTRO TVC","35","  79,2",
"21/07/2025  17:41:32,668","   603250000"," ","36","  30,4",
"21/07/2025  17:41:32,668","   615250000"," ","38","  34,6",
"21/07/2025  17:41:32,668","   621250000","UCSG TELEVISION","39","  29,3",
"21/07/2025  17:41:32,668","   627250000"," ","40","  30,0",
"21/07/2025  17:41:32,668","   633250000","OROMAR","41","  28,9",
"21/07/2025  17:41:32,668","   639250000"," ","42","  37,0",
"21/07/2025  17:41:32,668","   645250000"," ","43","  31,1",
"21/07/2025  17:41:32,668","   651250000"," ","44","  29,0",
"21/07/2025  17:41:32,668","   657250000"," ","45","  28,4",
"21/07/2025  17:41:32,668","   663250000"," ","46","  28,3",
"21/07/2025  17:41:32,668","   669250000"," ","47","  27,6",
"21/07/2025  17:41:32,668","   675250000"," ","48","  33,6",
"21/07/2025  17:41:32,668","   681250000"," ","49","  27,7",
"21/07/2025  17:41:32,668","   687250000"," ","50","  29,2",
"21/07/2025  17:41:32,668","   693250000"," ","51","  28,8",
"21/07/2025  17:42:18,527","    55250000"," ","2","  40,6",
"21/07/2025  17:42:18,527","    61250000","RED TELESISTEMA (R.T.S)","3","  61,8",
"21/07/2025  17:42:18,527","    67250000"," ","4","  42,6",
"21/07/2025  17:42:18,527","    77250000"," ","5","  44,5",
"21/07/2025  17:42:18,527","    83250000","TELERAMA","6","  36,0",
"21/07/2025  17:42:18,527","   175250000","ECUADOR TV","7","  35,0",
"21/07/2025  17:42:18,527","   181250000"," CORPORACIÓN ECUATORIANA ","8","  77,1",
"21/07/2025  17:42:18,527","   187250000","TELEVISION DEL PACIFICO","9","  40,8",
"21/07/2025  17:42:18,527","   193250000"," ","10","  45,9",
"21/07/2025  17:42:18,527","   199250000","TELEAMAZONAS","11","  78,3",
"21/07/2025  17:42:18,527","   205250000"," ","12","  40,9",
"21/07/2025  17:42:18,527","   211250000","CADENA ECUATORIANA DE TEL","13","  72,1",
"21/07/2025  17:42:18,527","   471250000"," ","14","  28,5",
"21/07/2025  17:42:18,527","   477250000"," ","15","  29,9",
"21/07/2025  17:42:18,527","   483250000"," ","16","  27,7",
"21/07/2025  17:42:18,527","   513250000"," ","21","  28,6",
"21/07/2025  17:42:18,527","   519250000"," ","22","  28,7",
"21/07/2025  17:42:18,527","   525250000"," ","23","  30,4",
"21/07/2025  17:42:18,527","   531250000"," ","24","  37,0",
"21/07/2025  17:42:18,527","   537250000"," ","25","  31,3",
"21/07/2025  17:42:18,527","   543250000"," ","26","  35,1",
"21/07/2025  17:42:18,527","   549250000","OK TV-TEVECORP","27","  30,7",
"21/07/2025  17:42:18,527","   555250000"," ","28","  32,3",
"21/07/2025  17:42:18,527","   561250000"," ","29","  32,2",
"21/07/2025  17:42:18,527","   567250000"," ","30","  28,8",
"21/07/2025  17:42:18,527","   573250000","CANAL UNO no","31","  29,4",
"21/07/2025  17:42:18,527","   579250000"," ","32","  28,8",
"21/07/2025  17:42:18,527","   585250000","TELEATAHUALPA (RTU)","33","  32,5",
"21/07/2025  17:42:18,527","   591350000"," ","34","  38,4",
"21/07/2025  17:42:18,527","   597250000","TELEVICENTRO TVC","35","  78,5",
"21/07/2025  17:42:18,527","   603250000"," ","36","  41,6",
"21/07/2025  17:42:18,527","   615250000"," ","38","  33,1",
"21/07/2025  17:42:18,527","   621250000","UCSG TELEVISION","39","  31,1",
"21/07/2025  17:42:18,527","   627250000"," ","40","  31,4",
"21/07/2025  17:42:18,527","   633250000","OROMAR","41","  30,8",
"21/07/2025  17:42:18,527","   639250000"," ","42","  30,6",
"21/07/2025  17:42:18,527","   645250000"," ","43","  31,9",
"21/07/2025  17:42:18,527","   651250000"," ","44","  33,5",
"21/07/2025  17:42:18,527","   657250000"," ","45","  32,4",
"21/07/2025  17:42:18,527","   663250000"," ","46","  28,6",
"21/07/2025  17:42:18,527","   669250000"," ","47","  30,3",
"21/07/2025  17:42:18,527","   675250000"," ","48","  29,0",
"21/07/2025  17:42:18,527","   681250000"," ","49","  28,3",
"21/07/2025  17:42:18,527","   687250000"," ","50","  38,6",
"21/07/2025  17:42:18,527","   693250000"," ","51","  29,2",
"22/07/2025  7:20:02,683","    55250000"," ","2","  35,7",
"22/07/2025  7:20:02,683","    61250000","RED TELESISTEMA (R.T.S)","3","  63,8",
"22/07/2025  7:20:02,683","    67250000"," ","4","  38,6",
"22/07/2025  7:20:02,683","    77250000"," ","5","  40,4",
"22/07/2025  7:20:02,683","    83250000","TELERAMA","6","  35,7",
"22/07/2025  7:20:02,683","   175250000","ECUADOR TV","7","  36,4",
"22/07/2025  7:20:02,683","   181250000"," CORPORACIÓN ECUATORIANA ","8","  77,4",
"22/07/2025  7:20:02,683","   187250000","TELEVISION DEL PACIFICO","9","  40,3",
"22/07/2025  7:20:02,683","   193250000"," ","10","  46,5",
"22/07/2025  7:20:02,683","   199250000","TELEAMAZONAS","11","  78,3",
"22/07/2025  7:20:02,683","   205250000"," ","12","  33,3",
"22/07/2025  7:20:02,683","   211250000","CADENA ECUATORIANA DE TEL","13","  72,2",
"22/07/2025  7:20:02,683","   471250000"," ","14","  41,5",
"22/07/2025  7:20:02,683","   477250000"," ","15","  38,8",
"22/07/2025  7:20:02,683","   483250000"," ","16","  27,6",
"22/07/2025  7:20:02,683","   513250000"," ","21","  27,6",
"22/07/2025  7:20:02,683","   519250000"," ","22","  28,1",
"22/07/2025  7:20:02,683","   525250000"," ","23","  30,0",
"22/07/2025  7:20:02,683","   531250000"," ","24","  28,6",
"22/07/2025  7:20:02,683","   537250000"," ","25","  31,6",
"22/07/2025  7:20:02,683","   543250000"," ","26","  34,0",
"22/07/2025  7:20:02,683","   549250000","OK TV-TEVECORP","27","  32,8",
"22/07/2025  7:20:02,683","   555250000"," ","28","  36,1",
"22/07/2025  7:20:02,683","   561250000"," ","29","  31,6",
"22/07/2025  7:20:02,683","   567250000"," ","30","  28,5",
"22/07/2025  7:20:02,683","   573250000","CANAL UNO no","31","  30,1",
"22/07/2025  7:20:02,683","   579250000"," ","32","  28,8",
"22/07/2025  7:20:02,683","   585250000","TELEATAHUALPA (RTU)","33","  31,9",
"22/07/2025  7:20:02,683","   591350000"," ","34","  30,7",
"22/07/2025  7:20:02,683","   597250000","TELEVICENTRO TVC","35","  80,0",
"22/07/2025  7:20:02,683","   603250000"," ","36","  30,4",
"22/07/2025  7:20:02,683","   615250000"," ","38","  40,4",
"22/07/2025  7:20:02,683","   621250000","UCSG TELEVISION","39","  29,4",
"22/07/2025  7:20:02,683","   627250000"," ","40","  29,2",
"22/07/2025  7:20:02,683","   633250000","OROMAR","41","  28,6",
"22/07/2025  7:20:02,683","   639250000"," ","42","  29,0",
"22/07/2025  7:20:02,683","   645250000"," ","43","  31,7",
"22/07/2025  7:20:02,683","   651250000"," ","44","  30,2",
"22/07/2025  7:20:02,683","   657250000"," ","45","  28,9",
"22/07/2025  7:20:02,683","   663250000"," ","46","  28,8",
"22/07/2025  7:20:02,683","   669250000"," ","47","  29,2",
"22/07/2025  7:20:02,683","   675250000"," ","48","  31,2",
"22/07/2025  7:20:02,683","   681250000"," ","49","  28,7",
"22/07/2025  7:20:02,683","   687250000"," ","50","  28,2",
"22/07/2025  7:20:02,683","   693250000"," ","51","  29,0",
"22/07/2025  7:20:48,554","    55250000"," ","2","  45,0",
"22/07/2025  7:20:48,554","    61250000","RED TELESISTEMA (R.T.S)","3","  63,9",
"22/07/2025  7:20:48,554","    67250000"," ","4","  40,7",
"22/07/2025  7:20:48,554","    77250000"," ","5","  41,8",
"22/07/2025  7:20:48,554","    83250000","TELERAMA","6","  36,3",
"22/07/2025  7:20:48,554","   175250000","ECUADOR TV","7","  43,8",
"22/07/2025  7:20:48,554","   181250000"," CORPORACIÓN ECUATORIANA ","8","  77,2",
"22/07/2025  7:20:48,554","   187250000","TELEVISION DEL PACIFICO","9","  39,8",
"22/07/2025  7:20:48,554","   193250000"," ","10","  45,1",
"22/07/2025  7:20:48,554","   199250000","TELEAMAZONAS","11","  78,4",
"22/07/2025  7:20:48,554","   205250000"," ","12","  42,5",
"22/07/2025  7:20:48,554","   211250000","CADENA ECUATORIANA DE TEL","13","  72,4",
"22/07/2025  7:20:48,554","   471250000"," ","14","  41,5",
"22/07/2025  7:20:48,554","   477250000"," ","15","  37,7",
"22/07/2025  7:20:48,554","   483250000"," ","16","  28,1",
"22/07/2025  7:20:48,554","   513250000"," ","21","  28,4",
"22/07/2025  7:20:48,554","   519250000"," ","22","  27,4",
"22/07/2025  7:20:48,554","   525250000"," ","23","  31,5",
"22/07/2025  7:20:48,554","   531250000"," ","24","  29,7",
"22/07/2025  7:20:48,554","   537250000"," ","25","  32,4",
"22/07/2025  7:20:48,554","   543250000"," ","26","  33,9",
"22/07/2025  7:20:48,554","   549250000","OK TV-TEVECORP","27","  31,6",
"22/07/2025  7:20:48,554","   555250000"," ","28","  34,6",
"22/07/2025  7:20:48,554","   561250000"," ","29","  32,1",
"22/07/2025  7:20:48,554","   567250000"," ","30","  28,8",
"22/07/2025  7:20:48,554","   573250000","CANAL UNO no","31","  29,9",
"22/07/2025  7:20:48,554","   579250000"," ","32","  30,7",
"22/07/2025  7:20:48,554","   585250000","TELEATAHUALPA (RTU)","33","  31,5",
"22/07/2025  7:20:48,554","   591350000"," ","34","  35,9",
"22/07/2025  7:20:48,554","   597250000","TELEVICENTRO TVC","35","  79,9",
"22/07/2025  7:20:48,554","   603250000"," ","36","  31,2",
"22/07/2025  7:20:48,554","   615250000"," ","38","  39,1",
"22/07/2025  7:20:48,554","   621250000","UCSG TELEVISION","39","  29,6",
"22/07/2025  7:20:48,554","   627250000"," ","40","  29,8",
"22/07/2025  7:20:48,554","   633250000","OROMAR","41","  30,3",
"22/07/2025  7:20:48,554","   639250000"," ","42","  30,2",
"22/07/2025  7:20:48,554","   645250000"," ","43","  30,9",
"22/07/2025  7:20:48,554","   651250000"," ","44","  28,7",
"22/07/2025  7:20:48,554","   657250000"," ","45","  28,8",
"22/07/2025  7:20:48,554","   663250000"," ","46","  29,0",
"22/07/2025  7:20:48,554","   669250000"," ","47","  28,7",
"22/07/2025  7:20:48,554","   675250000"," ","48","  28,2",
"22/07/2025  7:20:48,554","   681250000"," ","49","  28,9",
"22/07/2025  7:20:48,554","   687250000"," ","50","  28,8",
"22/07/2025  7:20:48,554","   693250000"," ","51","  28,2",
"22/07/2025  7:21:32,489","    55250000"," ","2","  44,4",
"22/07/2025  7:21:32,489","    61250000","RED TELESISTEMA (R.T.S)","3","  63,7",
"22/07/2025  7:21:32,489","    67250000"," ","4","  38,6",
"22/07/2025  7:21:32,489","    77250000"," ","5","  42,2",
"22/07/2025  7:21:32,489","    83250000","TELERAMA","6","  37,3",
"22/07/2025  7:21:32,489","   175250000","ECUADOR TV","7","  48,1",
"22/07/2025  7:21:32,489","   181250000"," CORPORACIÓN ECUATORIANA ","8","  77,5",
"22/07/2025  7:21:32,489","   187250000","TELEVISION DEL PACIFICO","9","  39,7",
"22/07/2025  7:21:32,489","   193250000"," ","10","  50,4",
"22/07/2025  7:21:32,489","   199250000","TELEAMAZONAS","11","  78,2",
"22/07/2025  7:21:32,489","   205250000"," ","12","  33,7",
"22/07/2025  7:21:32,489","   211250000","CADENA ECUATORIANA DE TEL","13","  72,2",
"22/07/2025  7:21:32,489","   471250000"," ","14","  41,9",
"22/07/2025  7:21:32,489","   477250000"," ","15","  28,7",
"22/07/2025  7:21:32,489","   483250000"," ","16","  27,6",
"22/07/2025  7:21:32,489","   513250000"," ","21","  29,7",
"22/07/2025  7:21:32,489","   519250000"," ","22","  28,2",
"22/07/2025  7:21:32,489","   525250000"," ","23","  31,1",
"22/07/2025  7:21:32,489","   531250000"," ","24","  29,4",
"22/07/2025  7:21:32,489","   537250000"," ","25","  32,7",
"22/07/2025  7:21:32,489","   543250000"," ","26","  33,5",
"22/07/2025  7:21:32,489","   549250000","OK TV-TEVECORP","27","  31,6",
"22/07/2025  7:21:32,489","   555250000"," ","28","  34,9",
"22/07/2025  7:21:32,489","   561250000"," ","29","  31,2",
"22/07/2025  7:21:32,489","   567250000"," ","30","  29,1",
"22/07/2025  7:21:32,489","   573250000","CANAL UNO no","31","  29,3",
"22/07/2025  7:21:32,489","   579250000"," ","32","  29,1",
"22/07/2025  7:21:32,489","   585250000","TELEATAHUALPA (RTU)","33","  32,1",
"22/07/2025  7:21:32,489","   591350000"," ","34","  29,8",
"22/07/2025  7:21:32,489","   597250000","TELEVICENTRO TVC","35","  79,7",
"22/07/2025  7:21:32,489","   603250000"," ","36","  29,8",
"22/07/2025  7:21:32,489","   615250000"," ","38","  41,6",
"22/07/2025  7:21:32,489","   621250000","UCSG TELEVISION","39","  29,5",
"22/07/2025  7:21:32,489","   627250000"," ","40","  29,3",
"22/07/2025  7:21:32,489","   633250000","OROMAR","41","  29,5",
"22/07/2025  7:21:32,489","   639250000"," ","42","  30,2",
"22/07/2025  7:21:32,489","   645250000"," ","43","  30,9",
"22/07/2025  7:21:32,489","   651250000"," ","44","  29,6",
"22/07/2025  7:21:32,489","   657250000"," ","45","  29,3",
"22/07/2025  7:21:32,489","   663250000"," ","46","  30,3",
"22/07/2025  7:21:32,489","   669250000"," ","47","  28,1",
"22/07/2025  7:21:32,489","   675250000"," ","48","  28,3",
"22/07/2025  7:21:32,489","   681250000"," ","49","  31,2",
"22/07/2025  7:21:32,489","   687250000"," ","50","  30,6",
"22/07/2025  7:21:32,489","   693250000"," ","51","  28,4",
"22/07/2025  7:22:18,350","    55250000"," ","2","  40,6",
"22/07/2025  7:22:18,350","    61250000","RED TELESISTEMA (R.T.S)","3","  63,7",
"22/07/2025  7:22:18,350","    67250000"," ","4","  40,5",
"22/07/2025  7:22:18,350","    77250000"," ","5","  41,8",
"22/07/2025  7:22:18,350","    83250000","TELERAMA","6","  34,1",
"22/07/2025  7:22:18,350","   175250000","ECUADOR TV","7","  36,9",
"22/07/2025  7:22:18,350","   181250000"," CORPORACIÓN ECUATORIANA ","8","  77,4",
"22/07/2025  7:22:18,350","   187250000","TELEVISION DEL PACIFICO","9","  43,0",
"22/07/2025  7:22:18,350","   193250000"," ","10","  46,9",
"22/07/2025  7:22:18,350","   199250000","TELEAMAZONAS","11","  78,3",
"22/07/2025  7:22:18,350","   205250000"," ","12","  31,9",
"22/07/2025  7:22:18,350","   211250000","CADENA ECUATORIANA DE TEL","13","  72,4",
"22/07/2025  7:22:18,350","   471250000"," ","14","  26,5",
"22/07/2025  7:22:18,350","   477250000"," ","15","  27,9",
"22/07/2025  7:22:18,350","   483250000"," ","16","  28,7",
"22/07/2025  7:22:18,350","   513250000"," ","21","  29,7",
"22/07/2025  7:22:18,350","   519250000"," ","22","  29,6",
"22/07/2025  7:22:18,350","   525250000"," ","23","  37,4",
"22/07/2025  7:22:18,350","   531250000"," ","24","  30,6",
"22/07/2025  7:22:18,350","   537250000"," ","25","  31,7",
"22/07/2025  7:22:18,350","   543250000"," ","26","  30,3",
"22/07/2025  7:22:18,350","   549250000","OK TV-TEVECORP","27","  31,3",
"22/07/2025  7:22:18,350","   555250000"," ","28","  33,3",
"22/07/2025  7:22:18,350","   561250000"," ","29","  45,8",
"22/07/2025  7:22:18,350","   567250000"," ","30","  29,4",
"22/07/2025  7:22:18,350","   573250000","CANAL UNO no","31","  29,4",
"22/07/2025  7:22:18,350","   579250000"," ","32","  30,5",
"22/07/2025  7:22:18,350","   585250000","TELEATAHUALPA (RTU)","33","  31,6",
"22/07/2025  7:22:18,350","   591350000"," ","34","  30,1",
"22/07/2025  7:22:18,350","   597250000","TELEVICENTRO TVC","35","  80,2",
"22/07/2025  7:22:18,350","   603250000"," ","36","  30,6",
"22/07/2025  7:22:18,350","   615250000"," ","38","  39,4",
"22/07/2025  7:22:18,350","   621250000","UCSG TELEVISION","39","  33,7",
"22/07/2025  7:22:18,350","   627250000"," ","40","  28,7",
"22/07/2025  7:22:18,350","   633250000","OROMAR","41","  29,0",
"22/07/2025  7:22:18,350","   639250000"," ","42","  29,3",
"22/07/2025  7:22:18,350","   645250000"," ","43","  31,3",
"22/07/2025  7:22:18,350","   651250000"," ","44","  28,7",
"22/07/2025  7:22:18,350","   657250000"," ","45","  32,8",
"22/07/2025  7:22:18,350","   663250000"," ","46","  28,5",
"22/07/2025  7:22:18,350","   669250000"," ","47","  29,5",
"22/07/2025  7:22:18,350","   675250000"," ","48","  28,7",
"22/07/2025  7:22:18,350","   681250000"," ","49","  28,8",
"22/07/2025  7:22:18,350","   687250000"," ","50","  28,1",
"22/07/2025  7:22:18,350","   693250000"," ","51","  28,2",
"22/07/2025  17:40:02,677","    55250000"," ","2","  37,9",
"22/07/2025  17:40:02,677","    61250000","RED TELESISTEMA (R.T.S)","3","  61,4",
"22/07/2025  17:40:02,677","    67250000"," ","4","  38,8",
"22/07/2025  17:40:02,677","    77250000"," ","5","  43,8",
"22/07/2025  17:40:02,677","    83250000","TELERAMA","6","  35,7",
"22/07/2025  17:40:02,677","   175250000","ECUADOR TV","7","  45,8",
"22/07/2025  17:40:02,677","   181250000"," CORPORACIÓN ECUATORIANA ","8","  76,4",
"22/07/2025  17:40:02,677","   187250000","TELEVISION DEL PACIFICO","9","  39,6",
"22/07/2025  17:40:02,677","   193250000"," ","10","  50,8",
"22/07/2025  17:40:02,677","   199250000","TELEAMAZONAS","11","  77,3",
"22/07/2025  17:40:02,677","   205250000"," ","12","  33,0",
"22/07/2025  17:40:02,677","   211250000","CADENA ECUATORIANA DE TEL","13","  71,7",
"22/07/2025  17:40:02,677","   471250000"," ","14","  41,3",
"22/07/2025  17:40:02,677","   477250000"," ","15","  30,9",
"22/07/2025  17:40:02,677","   483250000"," ","16","  32,5",
"22/07/2025  17:40:02,677","   513250000"," ","21","  32,9",
"22/07/2025  17:40:02,677","   519250000"," ","22","  28,7",
"22/07/2025  17:40:02,677","   525250000"," ","23","  30,1",
"22/07/2025  17:40:02,677","   531250000"," ","24","  28,3",
"22/07/2025  17:40:02,677","   537250000"," ","25","  33,1",
"22/07/2025  17:40:02,677","   543250000"," ","26","  32,5",
"22/07/2025  17:40:02,677","   549250000","OK TV-TEVECORP","27","  32,5",
"22/07/2025  17:40:02,677","   555250000"," ","28","  35,0",
"22/07/2025  17:40:02,677","   561250000"," ","29","  31,2",
"22/07/2025  17:40:02,677","   567250000"," ","30","  29,5",
"22/07/2025  17:40:02,677","   573250000","CANAL UNO no","31","  42,8",
"22/07/2025  17:40:02,677","   579250000"," ","32","  40,0",
"22/07/2025  17:40:02,677","   585250000","TELEATAHUALPA (RTU)","33","  30,7",
"22/07/2025  17:40:02,677","   591350000"," ","34","  30,4",
"22/07/2025  17:40:02,677","   597250000","TELEVICENTRO TVC","35","  80,0",
"22/07/2025  17:40:02,677","   603250000"," ","36","  30,4",
"22/07/2025  17:40:02,677","   615250000"," ","38","  35,4",
"22/07/2025  17:40:02,677","   621250000","UCSG TELEVISION","39","  29,8",
"22/07/2025  17:40:02,677","   627250000"," ","40","  28,7",
"22/07/2025  17:40:02,677","   633250000","OROMAR","41","  30,0",
"22/07/2025  17:40:02,677","   639250000"," ","42","  30,1",
"22/07/2025  17:40:02,677","   645250000"," ","43","  31,9",
"22/07/2025  17:40:02,677","   651250000"," ","44","  30,0",
"22/07/2025  17:40:02,677","   657250000"," ","45","  28,6",
"22/07/2025  17:40:02,677","   663250000"," ","46","  28,9",
"22/07/2025  17:40:02,677","   669250000"," ","47","  28,7",
"22/07/2025  17:40:02,677","   675250000"," ","48","  29,2",
"22/07/2025  17:40:02,677","   681250000"," ","49","  28,6",
"22/07/2025  17:40:02,677","   687250000"," ","50","  31,2",
"22/07/2025  17:40:02,677","   693250000"," ","51","  29,7",
"22/07/2025  17:40:48,547","    55250000"," ","2","  39,5",
"22/07/2025  17:40:48,547","    61250000","RED TELESISTEMA (R.T.S)","3","  61,5",
"22/07/2025  17:40:48,547","    67250000"," ","4","  38,2",
"22/07/2025  17:40:48,547","    77250000"," ","5","  41,2",
"22/07/2025  17:40:48,547","    83250000","TELERAMA","6","  37,8",
"22/07/2025  17:40:48,547","   175250000","ECUADOR TV","7","  42,5",
"22/07/2025  17:40:48,547","   181250000"," CORPORACIÓN ECUATORIANA ","8","  76,4",
"22/07/2025  17:40:48,547","   187250000","TELEVISION DEL PACIFICO","9","  39,0",
"22/07/2025  17:40:48,547","   193250000"," ","10","  44,3",
"22/07/2025  17:40:48,547","   199250000","TELEAMAZONAS","11","  77,3",
"22/07/2025  17:40:48,547","   205250000"," ","12","  40,2",
"22/07/2025  17:40:48,547","   211250000","CADENA ECUATORIANA DE TEL","13","  71,7",
"22/07/2025  17:40:48,547","   471250000"," ","14","  41,6",
"22/07/2025  17:40:48,547","   477250000"," ","15","  27,7",
"22/07/2025  17:40:48,547","   483250000"," ","16","  33,2",
"22/07/2025  17:40:48,547","   513250000"," ","21","  33,2",
"22/07/2025  17:40:48,547","   519250000"," ","22","  27,7",
"22/07/2025  17:40:48,547","   525250000"," ","23","  31,0",
"22/07/2025  17:40:48,547","   531250000"," ","24","  28,6",
"22/07/2025  17:40:48,547","   537250000"," ","25","  34,9",
"22/07/2025  17:40:48,547","   543250000"," ","26","  32,2",
"22/07/2025  17:40:48,547","   549250000","OK TV-TEVECORP","27","  32,2",
"22/07/2025  17:40:48,547","   555250000"," ","28","  35,6",
"22/07/2025  17:40:48,547","   561250000"," ","29","  32,1",
"22/07/2025  17:40:48,547","   567250000"," ","30","  28,8",
"22/07/2025  17:40:48,547","   573250000","CANAL UNO no","31","  30,0",
"22/07/2025  17:40:48,547","   579250000"," ","32","  30,3",
"22/07/2025  17:40:48,547","   585250000","TELEATAHUALPA (RTU)","33","  32,2",
"22/07/2025  17:40:48,547","   591350000"," ","34","  32,4",
"22/07/2025  17:40:48,547","   597250000","TELEVICENTRO TVC","35","  80,5",
"22/07/2025  17:40:48,547","   603250000"," ","36","  30,7",
"22/07/2025  17:40:48,547","   615250000"," ","38","  38,5",
"22/07/2025  17:40:48,547","   621250000","UCSG TELEVISION","39","  31,5",
"22/07/2025  17:40:48,547","   627250000"," ","40","  28,4",
"22/07/2025  17:40:48,547","   633250000","OROMAR","41","  29,2",
"22/07/2025  17:40:48,547","   639250000"," ","42","  30,7",
"22/07/2025  17:40:48,547","   645250000"," ","43","  30,3",
"22/07/2025  17:40:48,547","   651250000"," ","44","  29,6",
"22/07/2025  17:40:48,547","   657250000"," ","45","  27,4",
"22/07/2025  17:40:48,547","   663250000"," ","46","  27,8",
"22/07/2025  17:40:48,547","   669250000"," ","47","  27,8",
"22/07/2025  17:40:48,547","   675250000"," ","48","  28,4",
"22/07/2025  17:40:48,547","   681250000"," ","49","  26,9",
"22/07/2025  17:40:48,547","   687250000"," ","50","  29,0",
"22/07/2025  17:40:48,547","   693250000"," ","51","  28,2",
"22/07/2025  17:41:32,479","    55250000"," ","2","  35,4",
"22/07/2025  17:41:32,479","    61250000","RED TELESISTEMA (R.T.S)","3","  61,1",
"22/07/2025  17:41:32,479","    67250000"," ","4","  40,1",
"22/07/2025  17:41:32,479","    77250000"," ","5","  49,8",
"22/07/2025  17:41:32,479","    83250000","TELERAMA","6","  39,1",
"22/07/2025  17:41:32,479","   175250000","ECUADOR TV","7","  35,7",
"22/07/2025  17:41:32,479","   181250000"," CORPORACIÓN ECUATORIANA ","8","  76,2",
"22/07/2025  17:41:32,479","   187250000","TELEVISION DEL PACIFICO","9","  39,7",
"22/07/2025  17:41:32,479","   193250000"," ","10","  45,1",
"22/07/2025  17:41:32,479","   199250000","TELEAMAZONAS","11","  77,4",
"22/07/2025  17:41:32,479","   205250000"," ","12","  42,3",
"22/07/2025  17:41:32,479","   211250000","CADENA ECUATORIANA DE TEL","13","  71,8",
"22/07/2025  17:41:32,479","   471250000"," ","14","  28,2",
"22/07/2025  17:41:32,479","   477250000"," ","15","  42,1",
"22/07/2025  17:41:32,479","   483250000"," ","16","  40,4",
"22/07/2025  17:41:32,479","   513250000"," ","21","  34,0",
"22/07/2025  17:41:32,479","   519250000"," ","22","  28,8",
"22/07/2025  17:41:32,479","   525250000"," ","23","  30,4",
"22/07/2025  17:41:32,479","   531250000"," ","24","  28,2",
"22/07/2025  17:41:32,479","   537250000"," ","25","  31,6",
"22/07/2025  17:41:32,479","   543250000"," ","26","  32,6",
"22/07/2025  17:41:32,479","   549250000","OK TV-TEVECORP","27","  32,1",
"22/07/2025  17:41:32,479","   555250000"," ","28","  36,2",
"22/07/2025  17:41:32,479","   561250000"," ","29","  31,0",
"22/07/2025  17:41:32,479","   567250000"," ","30","  30,5",
"22/07/2025  17:41:32,479","   573250000","CANAL UNO no","31","  29,1",
"22/07/2025  17:41:32,479","   579250000"," ","32","  29,0",
"22/07/2025  17:41:32,479","   585250000","TELEATAHUALPA (RTU)","33","  32,1",
"22/07/2025  17:41:32,479","   591350000"," ","34","  30,4",
"22/07/2025  17:41:32,479","   597250000","TELEVICENTRO TVC","35","  79,9",
"22/07/2025  17:41:32,479","   603250000"," ","36","  30,1",
"22/07/2025  17:41:32,479","   615250000"," ","38","  36,5",
"22/07/2025  17:41:32,479","   621250000","UCSG TELEVISION","39","  29,0",
"22/07/2025  17:41:32,479","   627250000"," ","40","  27,8",
"22/07/2025  17:41:32,479","   633250000","OROMAR","41","  28,8",
"22/07/2025  17:41:32,479","   639250000"," ","42","  28,5",
"22/07/2025  17:41:32,479","   645250000"," ","43","  30,8",
"22/07/2025  17:41:32,479","   651250000"," ","44","  28,9",
"22/07/2025  17:41:32,479","   657250000"," ","45","  27,4",
"22/07/2025  17:41:32,479","   663250000"," ","46","  28,9",
"22/07/2025  17:41:32,479","   669250000"," ","47","  27,7",
"22/07/2025  17:41:32,479","   675250000"," ","48","  28,6",
"22/07/2025  17:41:32,479","   681250000"," ","49","  27,8",
"22/07/2025  17:41:32,479","   687250000"," ","50","  28,8",
"22/07/2025  17:41:32,479","   693250000"," ","51","  28,5",
"22/07/2025  17:42:18,354","    55250000"," ","2","  35,7",
"22/07/2025  17:42:18,354","    61250000","RED TELESISTEMA (R.T.S)","3","  61,0",
"22/07/2025  17:42:18,354","    67250000"," ","4","  39,9",
"22/07/2025  17:42:18,354","    77250000"," ","5","  42,5",
"22/07/2025  17:42:18,354","    83250000","TELERAMA","6","  39,4",
"22/07/2025  17:42:18,354","   175250000","ECUADOR TV","7","  35,5",
"22/07/2025  17:42:18,354","   181250000"," CORPORACIÓN ECUATORIANA ","8","  76,0",
"22/07/2025  17:42:18,354","   187250000","TELEVISION DEL PACIFICO","9","  39,8",
"22/07/2025  17:42:18,354","   193250000"," ","10","  44,4",
"22/07/2025  17:42:18,354","   199250000","TELEAMAZONAS","11","  77,4",
"22/07/2025  17:42:18,354","   205250000"," ","12","  41,6",
"22/07/2025  17:42:18,354","   211250000","CADENA ECUATORIANA DE TEL","13","  71,8",
"22/07/2025  17:42:18,354","   471250000"," ","14","  41,7",
"22/07/2025  17:42:18,354","   477250000"," ","15","  28,3",
"22/07/2025  17:42:18,354","   483250000"," ","16","  27,8",
"22/07/2025  17:42:18,354","   513250000"," ","21","  28,8",
"22/07/2025  17:42:18,354","   519250000"," ","22","  28,4",
"22/07/2025  17:42:18,354","   525250000"," ","23","  30,0",
"22/07/2025  17:42:18,354","   531250000"," ","24","  30,1",
"22/07/2025  17:42:18,354","   537250000"," ","25","  31,5",
"22/07/2025  17:42:18,354","   543250000"," ","26","  35,4",
"22/07/2025  17:42:18,354","   549250000","OK TV-TEVECORP","27","  33,3",
"22/07/2025  17:42:18,354","   555250000"," ","28","  34,9",
"22/07/2025  17:42:18,354","   561250000"," ","29","  32,5",
"22/07/2025  17:42:18,354","   567250000"," ","30","  29,9",
"22/07/2025  17:42:18,354","   573250000","CANAL UNO no","31","  30,1",
"22/07/2025  17:42:18,354","   579250000"," ","32","  29,3",
"22/07/2025  17:42:18,354","   585250000","TELEATAHUALPA (RTU)","33","  33,0",
"22/07/2025  17:42:18,354","   591350000"," ","34","  30,7",
"22/07/2025  17:42:18,354","   597250000","TELEVICENTRO TVC","35","  80,0",
"22/07/2025  17:42:18,354","   603250000"," ","36","  30,8",
"22/07/2025  17:42:18,354","   615250000"," ","38","  36,0",
"22/07/2025  17:42:18,354","   621250000","UCSG TELEVISION","39","  29,2",
"22/07/2025  17:42:18,354","   627250000"," ","40","  29,9",
"22/07/2025  17:42:18,354","   633250000","OROMAR","41","  28,9",
"22/07/2025  17:42:18,354","   639250000"," ","42","  29,6",
"22/07/2025  17:42:18,354","   645250000"," ","43","  30,1",
"22/07/2025  17:42:18,354","   651250000"," ","44","  29,1",
"22/07/2025  17:42:18,354","   657250000"," ","45","  27,6",
"22/07/2025  17:42:18,354","   663250000"," ","46","  28,8",
"22/07/2025  17:42:18,354","   669250000"," ","47","  28,1",
"22/07/2025  17:42:18,354","   675250000"," ","48","  28,4",
"22/07/2025  17:42:18,354","   681250000"," ","49","  29,4",
"22/07/2025  17:42:18,354","   687250000"," ","50","  29,9",
"22/07/2025  17:42:18,354","   693250000"," ","51","  29,0",
"23/07/2025  7:20:02,699","    55250000"," ","2","  40,3",
"23/07/2025  7:20:02,699","    61250000","RED TELESISTEMA (R.T.S)","3","  64,0",
"23/07/2025  7:20:02,699","    67250000"," ","4","  39,7",
"23/07/2025  7:20:02,699","    77250000"," ","5","  47,6",
"23/07/2025  7:20:02,699","    83250000","TELERAMA","6","  35,6",
"23/07/2025  7:20:02,699","   175250000","ECUADOR TV","7","  41,9",
"23/07/2025  7:20:02,699","   181250000"," CORPORACIÓN ECUATORIANA ","8","  77,7",
"23/07/2025  7:20:02,699","   187250000","TELEVISION DEL PACIFICO","9","  39,5",
"23/07/2025  7:20:02,699","   193250000"," ","10","  48,4",
"23/07/2025  7:20:02,699","   199250000","TELEAMAZONAS","11","  78,6",
"23/07/2025  7:20:02,699","   205250000"," ","12","  31,6",
"23/07/2025  7:20:02,699","   211250000","CADENA ECUATORIANA DE TEL","13","  72,8",
"23/07/2025  7:20:02,699","   471250000"," ","14","  27,6",
"23/07/2025  7:20:02,699","   477250000"," ","15","  29,1",
"23/07/2025  7:20:02,699","   483250000"," ","16","  28,0",
"23/07/2025  7:20:02,699","   513250000"," ","21","  27,7",
"23/07/2025  7:20:02,699","   519250000"," ","22","  28,4",
"23/07/2025  7:20:02,699","   525250000"," ","23","  30,6",
"23/07/2025  7:20:02,699","   531250000"," ","24","  32,2",
"23/07/2025  7:20:02,699","   537250000"," ","25","  31,7",
"23/07/2025  7:20:02,699","   543250000"," ","26","  36,5",
"23/07/2025  7:20:02,699","   549250000","OK TV-TEVECORP","27","  30,9",
"23/07/2025  7:20:02,699","   555250000"," ","28","  32,1",
"23/07/2025  7:20:02,699","   561250000"," ","29","  31,2",
"23/07/2025  7:20:02,699","   567250000"," ","30","  31,0",
"23/07/2025  7:20:02,699","   573250000","CANAL UNO no","31","  29,3",
"23/07/2025  7:20:02,699","   579250000"," ","32","  29,3",
"23/07/2025  7:20:02,699","   585250000","TELEATAHUALPA (RTU)","33","  32,8",
"23/07/2025  7:20:02,699","   591350000"," ","34","  29,9",
"23/07/2025  7:20:02,699","   597250000","TELEVICENTRO TVC","35","  79,9",
"23/07/2025  7:20:02,699","   603250000"," ","36","  30,3",
"23/07/2025  7:20:02,699","   615250000"," ","38","  36,8",
"23/07/2025  7:20:02,699","   621250000","UCSG TELEVISION","39","  30,0",
"23/07/2025  7:20:02,699","   627250000"," ","40","  28,2",
"23/07/2025  7:20:02,699","   633250000","OROMAR","41","  29,1",
"23/07/2025  7:20:02,699","   639250000"," ","42","  29,8",
"23/07/2025  7:20:02,699","   645250000"," ","43","  30,9",
"23/07/2025  7:20:02,699","   651250000"," ","44","  31,0",
"23/07/2025  7:20:02,699","   657250000"," ","45","  28,5",
"23/07/2025  7:20:02,699","   663250000"," ","46","  29,9",
"23/07/2025  7:20:02,699","   669250000"," ","47","  29,4",
"23/07/2025  7:20:02,699","   675250000"," ","48","  29,2",
"23/07/2025  7:20:02,699","   681250000"," ","49","  27,2",
"23/07/2025  7:20:02,699","   687250000"," ","50","  30,4",
"23/07/2025  7:20:02,699","   693250000"," ","51","  27,9",
"23/07/2025  7:20:48,572","    55250000"," ","2","  37,0",
"23/07/2025  7:20:48,572","    61250000","RED TELESISTEMA (R.T.S)","3","  64,3",
"23/07/2025  7:20:48,572","    67250000"," ","4","  39,4",
"23/07/2025  7:20:48,572","    77250000"," ","5","  43,1",
"23/07/2025  7:20:48,572","    83250000","TELERAMA","6","  34,4",
"23/07/2025  7:20:48,572","   175250000","ECUADOR TV","7","  44,8",
"23/07/2025  7:20:48,572","   181250000"," CORPORACIÓN ECUATORIANA ","8","  77,5",
"23/07/2025  7:20:48,572","   187250000","TELEVISION DEL PACIFICO","9","  39,9",
"23/07/2025  7:20:48,572","   193250000"," ","10","  46,2",
"23/07/2025  7:20:48,572","   199250000","TELEAMAZONAS","11","  78,5",
"23/07/2025  7:20:48,572","   205250000"," ","12","  34,1",
"23/07/2025  7:20:48,572","   211250000","CADENA ECUATORIANA DE TEL","13","  72,9",
"23/07/2025  7:20:48,572","   471250000"," ","14","  29,0",
"23/07/2025  7:20:48,572","   477250000"," ","15","  29,3",
"23/07/2025  7:20:48,572","   483250000"," ","16","  29,2",
"23/07/2025  7:20:48,572","   513250000"," ","21","  29,5",
"23/07/2025  7:20:48,572","   519250000"," ","22","  27,6",
"23/07/2025  7:20:48,572","   525250000"," ","23","  29,6",
"23/07/2025  7:20:48,572","   531250000"," ","24","  30,3",
"23/07/2025  7:20:48,572","   537250000"," ","25","  30,6",
"23/07/2025  7:20:48,572","   543250000"," ","26","  37,2",
"23/07/2025  7:20:48,572","   549250000","OK TV-TEVECORP","27","  31,1",
"23/07/2025  7:20:48,572","   555250000"," ","28","  30,3",
"23/07/2025  7:20:48,572","   561250000"," ","29","  30,0",
"23/07/2025  7:20:48,572","   567250000"," ","30","  29,4",
"23/07/2025  7:20:48,572","   573250000","CANAL UNO no","31","  30,4",
"23/07/2025  7:20:48,572","   579250000"," ","32","  30,4",
"23/07/2025  7:20:48,572","   585250000","TELEATAHUALPA (RTU)","33","  31,8",
"23/07/2025  7:20:48,572","   591350000"," ","34","  29,2",
"23/07/2025  7:20:48,572","   597250000","TELEVICENTRO TVC","35","  79,8",
"23/07/2025  7:20:48,572","   603250000"," ","36","  29,9",
"23/07/2025  7:20:48,572","   615250000"," ","38","  38,9",
"23/07/2025  7:20:48,572","   621250000","UCSG TELEVISION","39","  29,1",
"23/07/2025  7:20:48,572","   627250000"," ","40","  27,8",
"23/07/2025  7:20:48,572","   633250000","OROMAR","41","  29,2",
"23/07/2025  7:20:48,572","   639250000"," ","42","  30,3",
"23/07/2025  7:20:48,572","   645250000"," ","43","  32,6",
"23/07/2025  7:20:48,572","   651250000"," ","44","  29,3",
"23/07/2025  7:20:48,572","   657250000"," ","45","  29,3",
"23/07/2025  7:20:48,572","   663250000"," ","46","  28,1",
"23/07/2025  7:20:48,572","   669250000"," ","47","  28,3",
"23/07/2025  7:20:48,572","   675250000"," ","48","  30,5",
"23/07/2025  7:20:48,572","   681250000"," ","49","  27,2",
"23/07/2025  7:20:48,572","   687250000"," ","50","  27,9",
"23/07/2025  7:20:48,572","   693250000"," ","51","  30,1",
"23/07/2025  7:21:32,482","    55250000"," ","2","  37,7",
"23/07/2025  7:21:32,482","    61250000","RED TELESISTEMA (R.T.S)","3","  63,7",
"23/07/2025  7:21:32,482","    67250000"," ","4","  38,0",
"23/07/2025  7:21:32,482","    77250000"," ","5","  47,6",
"23/07/2025  7:21:32,482","    83250000","TELERAMA","6","  35,7",
"23/07/2025  7:21:32,482","   175250000","ECUADOR TV","7","  39,2",
"23/07/2025  7:21:32,482","   181250000"," CORPORACIÓN ECUATORIANA ","8","  77,5",
"23/07/2025  7:21:32,482","   187250000","TELEVISION DEL PACIFICO","9","  37,6",
"23/07/2025  7:21:32,482","   193250000"," ","10","  44,3",
"23/07/2025  7:21:32,482","   199250000","TELEAMAZONAS","11","  78,4",
"23/07/2025  7:21:32,482","   205250000"," ","12","  36,4",
"23/07/2025  7:21:32,482","   211250000","CADENA ECUATORIANA DE TEL","13","  72,7",
"23/07/2025  7:21:32,482","   471250000"," ","14","  29,2",
"23/07/2025  7:21:32,482","   477250000"," ","15","  29,3",
"23/07/2025  7:21:32,482","   483250000"," ","16","  28,5",
"23/07/2025  7:21:32,482","   513250000"," ","21","  28,9",
"23/07/2025  7:21:32,482","   519250000"," ","22","  28,3",
"23/07/2025  7:21:32,482","   525250000"," ","23","  40,9",
"23/07/2025  7:21:32,482","   531250000"," ","24","  31,4",
"23/07/2025  7:21:32,482","   537250000"," ","25","  32,5",
"23/07/2025  7:21:32,482","   543250000"," ","26","  36,4",
"23/07/2025  7:21:32,482","   549250000","OK TV-TEVECORP","27","  31,3",
"23/07/2025  7:21:32,482","   555250000"," ","28","  32,9",
"23/07/2025  7:21:32,482","   561250000"," ","29","  32,5",
"23/07/2025  7:21:32,482","   567250000"," ","30","  29,7",
"23/07/2025  7:21:32,482","   573250000","CANAL UNO no","31","  29,4",
"23/07/2025  7:21:32,482","   579250000"," ","32","  29,5",
"23/07/2025  7:21:32,482","   585250000","TELEATAHUALPA (RTU)","33","  32,6",
"23/07/2025  7:21:32,482","   591350000"," ","34","  29,8",
"23/07/2025  7:21:32,482","   597250000","TELEVICENTRO TVC","35","  79,5",
"23/07/2025  7:21:32,482","   603250000"," ","36","  29,9",
"23/07/2025  7:21:32,482","   615250000"," ","38","  37,4",
"23/07/2025  7:21:32,482","   621250000","UCSG TELEVISION","39","  29,2",
"23/07/2025  7:21:32,482","   627250000"," ","40","  30,1",
"23/07/2025  7:21:32,482","   633250000","OROMAR","41","  30,5",
"23/07/2025  7:21:32,482","   639250000"," ","42","  29,3",
"23/07/2025  7:21:32,482","   645250000"," ","43","  30,5",
"23/07/2025  7:21:32,482","   651250000"," ","44","  29,1",
"23/07/2025  7:21:32,482","   657250000"," ","45","  29,0",
"23/07/2025  7:21:32,482","   663250000"," ","46","  28,9",
"23/07/2025  7:21:32,482","   669250000"," ","47","  29,2",
"23/07/2025  7:21:32,482","   675250000"," ","48","  28,3",
"23/07/2025  7:21:32,482","   681250000"," ","49","  27,5",
"23/07/2025  7:21:32,482","   687250000"," ","50","  28,4",
"23/07/2025  7:21:32,482","   693250000"," ","51","  29,2",
"23/07/2025  7:22:18,345","    55250000"," ","2","  38,1",
"23/07/2025  7:22:18,345","    61250000","RED TELESISTEMA (R.T.S)","3","  63,8",
"23/07/2025  7:22:18,345","    67250000"," ","4","  39,6",
"23/07/2025  7:22:18,345","    77250000"," ","5","  44,0",
"23/07/2025  7:22:18,345","    83250000","TELERAMA","6","  34,8",
"23/07/2025  7:22:18,345","   175250000","ECUADOR TV","7","  34,9",
"23/07/2025  7:22:18,345","   181250000"," CORPORACIÓN ECUATORIANA ","8","  77,5",
"23/07/2025  7:22:18,345","   187250000","TELEVISION DEL PACIFICO","9","  39,2",
"23/07/2025  7:22:18,345","   193250000"," ","10","  50,1",
"23/07/2025  7:22:18,345","   199250000","TELEAMAZONAS","11","  78,3",
"23/07/2025  7:22:18,345","   205250000"," ","12","  33,1",
"23/07/2025  7:22:18,345","   211250000","CADENA ECUATORIANA DE TEL","13","  72,7",
"23/07/2025  7:22:18,345","   471250000"," ","14","  27,8",
"23/07/2025  7:22:18,345","   477250000"," ","15","  28,4",
"23/07/2025  7:22:18,345","   483250000"," ","16","  29,3",
"23/07/2025  7:22:18,345","   513250000"," ","21","  28,1",
"23/07/2025  7:22:18,345","   519250000"," ","22","  28,5",
"23/07/2025  7:22:18,345","   525250000"," ","23","  29,7",
"23/07/2025  7:22:18,345","   531250000"," ","24","  30,8",
"23/07/2025  7:22:18,345","   537250000"," ","25","  32,2",
"23/07/2025  7:22:18,345","   543250000"," ","26","  34,4",
"23/07/2025  7:22:18,345","   549250000","OK TV-TEVECORP","27","  30,9",
"23/07/2025  7:22:18,345","   555250000"," ","28","  32,1",
"23/07/2025  7:22:18,345","   561250000"," ","29","  31,6",
"23/07/2025  7:22:18,345","   567250000"," ","30","  28,5",
"23/07/2025  7:22:18,345","   573250000","CANAL UNO no","31","  31,5",
"23/07/2025  7:22:18,345","   579250000"," ","32","  29,7",
"23/07/2025  7:22:18,345","   585250000","TELEATAHUALPA (RTU)","33","  31,9",
"23/07/2025  7:22:18,345","   591350000"," ","34","  30,7",
"23/07/2025  7:22:18,345","   597250000","TELEVICENTRO TVC","35","  79,3",
"23/07/2025  7:22:18,345","   603250000"," ","36","  29,5",
"23/07/2025  7:22:18,345","   615250000"," ","38","  39,3",
"23/07/2025  7:22:18,345","   621250000","UCSG TELEVISION","39","  30,5",
"23/07/2025  7:22:18,345","   627250000"," ","40","  29,2",
"23/07/2025  7:22:18,345","   633250000","OROMAR","41","  29,3",
"23/07/2025  7:22:18,345","   639250000"," ","42","  30,8",
"23/07/2025  7:22:18,345","   645250000"," ","43","  32,0",
"23/07/2025  7:22:18,345","   651250000"," ","44","  28,5",
"23/07/2025  7:22:18,345","   657250000"," ","45","  29,2",
"23/07/2025  7:22:18,345","   663250000"," ","46","  30,8",
"23/07/2025  7:22:18,345","   669250000"," ","47","  28,8",
"23/07/2025  7:22:18,345","   675250000"," ","48","  29,6",
"23/07/2025  7:22:18,345","   681250000"," ","49","  29,4",
"23/07/2025  7:22:18,345","   687250000"," ","50","  29,3",
"23/07/2025  7:22:18,345","   693250000"," ","51","  28,3",
"23/07/2025  17:40:02,709","    55250000"," ","2","  35,2",
"23/07/2025  17:40:02,709","    61250000","RED TELESISTEMA (R.T.S)","3","  61,0",
"23/07/2025  17:40:02,709","    67250000"," ","4","  39,3",
"23/07/2025  17:40:02,709","    77250000"," ","5","  41,3",
"23/07/2025  17:40:02,709","    83250000","TELERAMA","6","  36,4",
"23/07/2025  17:40:02,709","   175250000","ECUADOR TV","7","  44,5",
"23/07/2025  17:40:02,709","   181250000"," CORPORACIÓN ECUATORIANA ","8","  77,3",
"23/07/2025  17:40:02,709","   187250000","TELEVISION DEL PACIFICO","9","  37,6",
"23/07/2025  17:40:02,709","   193250000"," ","10","  45,8",
"23/07/2025  17:40:02,709","   199250000","TELEAMAZONAS","11","  78,6",
"23/07/2025  17:40:02,709","   205250000"," ","12","  43,1",
"23/07/2025  17:40:02,709","   211250000","CADENA ECUATORIANA DE TEL","13","  72,4",
"23/07/2025  17:40:02,709","   471250000"," ","14","  30,3",
"23/07/2025  17:40:02,709","   477250000"," ","15","  28,5",
"23/07/2025  17:40:02,709","   483250000"," ","16","  28,0",
"23/07/2025  17:40:02,709","   513250000"," ","21","  27,9",
"23/07/2025  17:40:02,709","   519250000"," ","22","  29,1",
"23/07/2025  17:40:02,709","   525250000"," ","23","  29,6",
"23/07/2025  17:40:02,709","   531250000"," ","24","  30,5",
"23/07/2025  17:40:02,709","   537250000"," ","25","  31,3",
"23/07/2025  17:40:02,709","   543250000"," ","26","  44,7",
"23/07/2025  17:40:02,709","   549250000","OK TV-TEVECORP","27","  32,5",
"23/07/2025  17:40:02,709","   555250000"," ","28","  34,6",
"23/07/2025  17:40:02,709","   561250000"," ","29","  31,6",
"23/07/2025  17:40:02,709","   567250000"," ","30","  31,0",
"23/07/2025  17:40:02,709","   573250000","CANAL UNO no","31","  49,7",
"23/07/2025  17:40:02,709","   579250000"," ","32","  29,2",
"23/07/2025  17:40:02,709","   585250000","TELEATAHUALPA (RTU)","33","  32,1",
"23/07/2025  17:40:02,709","   591350000"," ","34","  31,5",
"23/07/2025  17:40:02,709","   597250000","TELEVICENTRO TVC","35","  80,4",
"23/07/2025  17:40:02,709","   603250000"," ","36","  29,2",
"23/07/2025  17:40:02,709","   615250000"," ","38","  37,4",
"23/07/2025  17:40:02,709","   621250000","UCSG TELEVISION","39","  39,9",
"23/07/2025  17:40:02,709","   627250000"," ","40","  28,4",
"23/07/2025  17:40:02,709","   633250000","OROMAR","41","  29,2",
"23/07/2025  17:40:02,709","   639250000"," ","42","  29,6",
"23/07/2025  17:40:02,709","   645250000"," ","43","  31,1",
"23/07/2025  17:40:02,709","   651250000"," ","44","  30,5",
"23/07/2025  17:40:02,709","   657250000"," ","45","  28,3",
"23/07/2025  17:40:02,709","   663250000"," ","46","  28,3",
"23/07/2025  17:40:02,709","   669250000"," ","47","  29,5",
"23/07/2025  17:40:02,709","   675250000"," ","48","  37,6",
"23/07/2025  17:40:02,709","   681250000"," ","49","  28,7",
"23/07/2025  17:40:02,709","   687250000"," ","50","  36,8",
"23/07/2025  17:40:02,709","   693250000"," ","51","  28,3",
"23/07/2025  17:40:48,580","    55250000"," ","2","  37,3",
"23/07/2025  17:40:48,580","    61250000","RED TELESISTEMA (R.T.S)","3","  60,8",
"23/07/2025  17:40:48,580","    67250000"," ","4","  38,9",
"23/07/2025  17:40:48,580","    77250000"," ","5","  41,2",
"23/07/2025  17:40:48,580","    83250000","TELERAMA","6","  35,8",
"23/07/2025  17:40:48,580","   175250000","ECUADOR TV","7","  47,0",
"23/07/2025  17:40:48,580","   181250000"," CORPORACIÓN ECUATORIANA ","8","  77,3",
"23/07/2025  17:40:48,580","   187250000","TELEVISION DEL PACIFICO","9","  39,4",
"23/07/2025  17:40:48,580","   193250000"," ","10","  47,4",
"23/07/2025  17:40:48,580","   199250000","TELEAMAZONAS","11","  78,3",
"23/07/2025  17:40:48,580","   205250000"," ","12","  31,1",
"23/07/2025  17:40:48,580","   211250000","CADENA ECUATORIANA DE TEL","13","  71,9",
"23/07/2025  17:40:48,580","   471250000"," ","14","  27,4",
"23/07/2025  17:40:48,580","   477250000"," ","15","  29,3",
"23/07/2025  17:40:48,580","   483250000"," ","16","  27,2",
"23/07/2025  17:40:48,580","   513250000"," ","21","  29,0",
"23/07/2025  17:40:48,580","   519250000"," ","22","  27,4",
"23/07/2025  17:40:48,580","   525250000"," ","23","  29,7",
"23/07/2025  17:40:48,580","   531250000"," ","24","  31,4",
"23/07/2025  17:40:48,580","   537250000"," ","25","  33,5",
"23/07/2025  17:40:48,580","   543250000"," ","26","  32,1",
"23/07/2025  17:40:48,580","   549250000","OK TV-TEVECORP","27","  31,8",
"23/07/2025  17:40:48,580","   555250000"," ","28","  33,5",
"23/07/2025  17:40:48,580","   561250000"," ","29","  32,1",
"23/07/2025  17:40:48,580","   567250000"," ","30","  31,0",
"23/07/2025  17:40:48,580","   573250000","CANAL UNO no","31","  30,3",
"23/07/2025  17:40:48,580","   579250000"," ","32","  29,8",
"23/07/2025  17:40:48,580","   585250000","TELEATAHUALPA (RTU)","33","  33,2",
"23/07/2025  17:40:48,580","   591350000"," ","34","  31,2",
"23/07/2025  17:40:48,580","   597250000","TELEVICENTRO TVC","35","  80,1",
"23/07/2025  17:40:48,580","   603250000"," ","36","  31,3",
"23/07/2025  17:40:48,580","   615250000"," ","38","  37,7",
"23/07/2025  17:40:48,580","   621250000","UCSG TELEVISION","39","  29,4",
"23/07/2025  17:40:48,580","   627250000"," ","40","  29,4",
"23/07/2025  17:40:48,580","   633250000","OROMAR","41","  30,1",
"23/07/2025  17:40:48,580","   639250000"," ","42","  29,7",
"23/07/2025  17:40:48,580","   645250000"," ","43","  30,3",
"23/07/2025  17:40:48,580","   651250000"," ","44","  29,7",
"23/07/2025  17:40:48,580","   657250000"," ","45","  28,7",
"23/07/2025  17:40:48,580","   663250000"," ","46","  28,1",
"23/07/2025  17:40:48,580","   669250000"," ","47","  29,9",
"23/07/2025  17:40:48,580","   675250000"," ","48","  28,0",
"23/07/2025  17:40:48,580","   681250000"," ","49","  27,9",
"23/07/2025  17:40:48,580","   687250000"," ","50","  28,7",
"23/07/2025  17:40:48,580","   693250000"," ","51","  27,7",
"23/07/2025  17:41:32,511","    55250000"," ","2","  36,1",
"23/07/2025  17:41:32,511","    61250000","RED TELESISTEMA (R.T.S)","3","  60,9",
"23/07/2025  17:41:32,511","    67250000"," ","4","  38,8",
"23/07/2025  17:41:32,511","    77250000"," ","5","  41,0",
"23/07/2025  17:41:32,511","    83250000","TELERAMA","6","  35,9",
"23/07/2025  17:41:32,511","   175250000","ECUADOR TV","7","  50,7",
"23/07/2025  17:41:32,511","   181250000"," CORPORACIÓN ECUATORIANA ","8","  77,5",
"23/07/2025  17:41:32,511","   187250000","TELEVISION DEL PACIFICO","9","  38,4",
"23/07/2025  17:41:32,511","   193250000"," ","10","  45,9",
"23/07/2025  17:41:32,511","   199250000","TELEAMAZONAS","11","  78,4",
"23/07/2025  17:41:32,511","   205250000"," ","12","  45,6",
"23/07/2025  17:41:32,511","   211250000","CADENA ECUATORIANA DE TEL","13","  72,4",
"23/07/2025  17:41:32,511","   471250000"," ","14","  33,8",
"23/07/2025  17:41:32,511","   477250000"," ","15","  28,3",
"23/07/2025  17:41:32,511","   483250000"," ","16","  28,6",
"23/07/2025  17:41:32,511","   513250000"," ","21","  29,9",
"23/07/2025  17:41:32,511","   519250000"," ","22","  33,4",
"23/07/2025  17:41:32,511","   525250000"," ","23","  31,2",
"23/07/2025  17:41:32,511","   531250000"," ","24","  30,1",
"23/07/2025  17:41:32,511","   537250000"," ","25","  31,7",
"23/07/2025  17:41:32,511","   543250000"," ","26","  33,8",
"23/07/2025  17:41:32,511","   549250000","OK TV-TEVECORP","27","  31,7",
"23/07/2025  17:41:32,511","   555250000"," ","28","  32,5",
"23/07/2025  17:41:32,511","   561250000"," ","29","  32,6",
"23/07/2025  17:41:32,511","   567250000"," ","30","  30,9",
"23/07/2025  17:41:32,511","   573250000","CANAL UNO no","31","  30,6",
"23/07/2025  17:41:32,511","   579250000"," ","32","  30,1",
"23/07/2025  17:41:32,511","   585250000","TELEATAHUALPA (RTU)","33","  32,4",
"23/07/2025  17:41:32,511","   591350000"," ","34","  29,2",
"23/07/2025  17:41:32,511","   597250000","TELEVICENTRO TVC","35","  80,2",
"23/07/2025  17:41:32,511","   603250000"," ","36","  29,9",
"23/07/2025  17:41:32,511","   615250000"," ","38","  36,2",
"23/07/2025  17:41:32,511","   621250000","UCSG TELEVISION","39","  30,5",
"23/07/2025  17:41:32,511","   627250000"," ","40","  28,9",
"23/07/2025  17:41:32,511","   633250000","OROMAR","41","  29,1",
"23/07/2025  17:41:32,511","   639250000"," ","42","  29,1",
"23/07/2025  17:41:32,511","   645250000"," ","43","  31,7",
"23/07/2025  17:41:32,511","   651250000"," ","44","  29,1",
"23/07/2025  17:41:32,511","   657250000"," ","45","  28,8",
"23/07/2025  17:41:32,511","   663250000"," ","46","  27,9",
"23/07/2025  17:41:32,511","   669250000"," ","47","  28,4",
"23/07/2025  17:41:32,511","   675250000"," ","48","  29,1",
"23/07/2025  17:41:32,511","   681250000"," ","49","  27,9",
"23/07/2025  17:41:32,511","   687250000"," ","50","  27,4",
"23/07/2025  17:41:32,511","   693250000"," ","51","  29,0",
"23/07/2025  17:42:18,370","    55250000"," ","2","  35,4",
"23/07/2025  17:42:18,370","    61250000","RED TELESISTEMA (R.T.S)","3","  60,9",
"23/07/2025  17:42:18,370","    67250000"," ","4","  39,1",
"23/07/2025  17:42:18,370","    77250000"," ","5","  47,3",
"23/07/2025  17:42:18,370","    83250000","TELERAMA","6","  34,8",
"23/07/2025  17:42:18,370","   175250000","ECUADOR TV","7","  40,5",
"23/07/2025  17:42:18,370","   181250000"," CORPORACIÓN ECUATORIANA ","8","  77,4",
"23/07/2025  17:42:18,370","   187250000","TELEVISION DEL PACIFICO","9","  38,9",
"23/07/2025  17:42:18,370","   193250000"," ","10","  45,2",
"23/07/2025  17:42:18,370","   199250000","TELEAMAZONAS","11","  78,1",
"23/07/2025  17:42:18,370","   205250000"," ","12","  44,7",
"23/07/2025  17:42:18,370","   211250000","CADENA ECUATORIANA DE TEL","13","  72,3",
"23/07/2025  17:42:18,370","   471250000"," ","14","  28,4",
"23/07/2025  17:42:18,370","   477250000"," ","15","  28,2",
"23/07/2025  17:42:18,370","   483250000"," ","16","  33,8",
"23/07/2025  17:42:18,370","   513250000"," ","21","  30,0",
"23/07/2025  17:42:18,370","   519250000"," ","22","  26,7",
"23/07/2025  17:42:18,370","   525250000"," ","23","  30,5",
"23/07/2025  17:42:18,370","   531250000"," ","24","  32,2",
"23/07/2025  17:42:18,370","   537250000"," ","25","  32,1",
"23/07/2025  17:42:18,370","   543250000"," ","26","  33,6",
"23/07/2025  17:42:18,370","   549250000","OK TV-TEVECORP","27","  31,1",
"23/07/2025  17:42:18,370","   555250000"," ","28","  34,7",
"23/07/2025  17:42:18,370","   561250000"," ","29","  44,8",
"23/07/2025  17:42:18,370","   567250000"," ","30","  29,3",
"23/07/2025  17:42:18,370","   573250000","CANAL UNO no","31","  48,5",
"23/07/2025  17:42:18,370","   579250000"," ","32","  31,2",
"23/07/2025  17:42:18,370","   585250000","TELEATAHUALPA (RTU)","33","  32,7",
"23/07/2025  17:42:18,370","   591350000"," ","34","  30,4",
"23/07/2025  17:42:18,370","   597250000","TELEVICENTRO TVC","35","  80,3",
"23/07/2025  17:42:18,370","   603250000"," ","36","  32,5",
"23/07/2025  17:42:18,370","   615250000"," ","38","  36,5",
"23/07/2025  17:42:18,370","   621250000","UCSG TELEVISION","39","  30,7",
"23/07/2025  17:42:18,370","   627250000"," ","40","  28,6",
"23/07/2025  17:42:18,370","   633250000","OROMAR","41","  29,3",
"23/07/2025  17:42:18,370","   639250000"," ","42","  29,1",
"23/07/2025  17:42:18,370","   645250000"," ","43","  31,2",
"23/07/2025  17:42:18,370","   651250000"," ","44","  29,4",
"23/07/2025  17:42:18,370","   657250000"," ","45","  29,3",
"23/07/2025  17:42:18,370","   663250000"," ","46","  28,3",
"23/07/2025  17:42:18,370","   669250000"," ","47","  30,9",
"23/07/2025  17:42:18,370","   675250000"," ","48","  28,6",
"23/07/2025  17:42:18,370","   681250000"," ","49","  27,7",
"23/07/2025  17:42:18,370","   687250000"," ","50","  28,1",
"23/07/2025  17:42:18,370","   693250000"," ","51","  30,8",
"24/07/2025  17:40:02,678","    55250000"," ","2","  39,5",
"24/07/2025  17:40:02,678","    61250000","RED TELESISTEMA (R.T.S)","3","  63,9",
"24/07/2025  17:40:02,678","    67250000"," ","4","  41,4",
"24/07/2025  17:40:02,678","    77250000"," ","5","  41,8",
"24/07/2025  17:40:02,678","    83250000","TELERAMA","6","  35,3",
"24/07/2025  17:40:02,678","   175250000","ECUADOR TV","7","  37,3",
"24/07/2025  17:40:02,678","   181250000"," CORPORACIÓN ECUATORIANA ","8","  77,6",
"24/07/2025  17:40:02,678","   187250000","TELEVISION DEL PACIFICO","9","  42,5",
"24/07/2025  17:40:02,678","   193250000"," ","10","  46,1",
"24/07/2025  17:40:02,678","   199250000","TELEAMAZONAS","11","  78,5",
"24/07/2025  17:40:02,678","   205250000"," ","12","  44,8",
"24/07/2025  17:40:02,678","   211250000","CADENA ECUATORIANA DE TEL","13","  72,7",
"24/07/2025  17:40:02,678","   471250000"," ","14","  28,7",
"24/07/2025  17:40:02,678","   477250000"," ","15","  29,9",
"24/07/2025  17:40:02,678","   483250000"," ","16","  29,6",
"24/07/2025  17:40:02,678","   513250000"," ","21","  36,1",
"24/07/2025  17:40:02,678","   519250000"," ","22","  27,1",
"24/07/2025  17:40:02,678","   525250000"," ","23","  30,1",
"24/07/2025  17:40:02,678","   531250000"," ","24","  30,6",
"24/07/2025  17:40:02,678","   537250000"," ","25","  32,3",
"24/07/2025  17:40:02,678","   543250000"," ","26","  33,8",
"24/07/2025  17:40:02,678","   549250000","OK TV-TEVECORP","27","  32,8",
"24/07/2025  17:40:02,678","   555250000"," ","28","  35,1",
"24/07/2025  17:40:02,678","   561250000"," ","29","  32,7",
"24/07/2025  17:40:02,678","   567250000"," ","30","  29,0",
"24/07/2025  17:40:02,678","   573250000","CANAL UNO no","31","  30,1",
"24/07/2025  17:40:02,678","   579250000"," ","32","  30,3",
"24/07/2025  17:40:02,678","   585250000","TELEATAHUALPA (RTU)","33","  31,8",
"24/07/2025  17:40:02,678","   591350000"," ","34","  30,2",
"24/07/2025  17:40:02,678","   597250000","TELEVICENTRO TVC","35","  79,5",
"24/07/2025  17:40:02,678","   603250000"," ","36","  31,5",
"24/07/2025  17:40:02,678","   615250000"," ","38","  30,9",
"24/07/2025  17:40:02,678","   621250000","UCSG TELEVISION","39","  28,7",
"24/07/2025  17:40:02,678","   627250000"," ","40","  29,0",
"24/07/2025  17:40:02,678","   633250000","OROMAR","41","  31,8",
"24/07/2025  17:40:02,678","   639250000"," ","42","  30,4",
"24/07/2025  17:40:02,678","   645250000"," ","43","  30,7",
"24/07/2025  17:40:02,678","   651250000"," ","44","  28,4",
"24/07/2025  17:40:02,678","   657250000"," ","45","  27,3",
"24/07/2025  17:40:02,678","   663250000"," ","46","  28,2",
"24/07/2025  17:40:02,678","   669250000"," ","47","  29,3",
"24/07/2025  17:40:02,678","   675250000"," ","48","  28,4",
"24/07/2025  17:40:02,678","   681250000"," ","49","  29,4",
"24/07/2025  17:40:02,678","   687250000"," ","50","  28,9",
"24/07/2025  17:40:02,678","   693250000"," ","51","  29,1",
"24/07/2025  17:40:48,547","    55250000"," ","2","  41,7",
"24/07/2025  17:40:48,547","    61250000","RED TELESISTEMA (R.T.S)","3","  63,8",
"24/07/2025  17:40:48,547","    67250000"," ","4","  40,1",
"24/07/2025  17:40:48,547","    77250000"," ","5","  49,7",
"24/07/2025  17:40:48,547","    83250000","TELERAMA","6","  38,4",
"24/07/2025  17:40:48,547","   175250000","ECUADOR TV","7","  38,6",
"24/07/2025  17:40:48,547","   181250000"," CORPORACIÓN ECUATORIANA ","8","  77,5",
"24/07/2025  17:40:48,547","   187250000","TELEVISION DEL PACIFICO","9","  41,7",
"24/07/2025  17:40:48,547","   193250000"," ","10","  47,2",
"24/07/2025  17:40:48,547","   199250000","TELEAMAZONAS","11","  78,5",
"24/07/2025  17:40:48,547","   205250000"," ","12","  32,2",
"24/07/2025  17:40:48,547","   211250000","CADENA ECUATORIANA DE TEL","13","  72,8",
"24/07/2025  17:40:48,547","   471250000"," ","14","  28,2",
"24/07/2025  17:40:48,547","   477250000"," ","15","  29,1",
"24/07/2025  17:40:48,547","   483250000"," ","16","  28,3",
"24/07/2025  17:40:48,547","   513250000"," ","21","  30,5",
"24/07/2025  17:40:48,547","   519250000"," ","22","  26,9",
"24/07/2025  17:40:48,547","   525250000"," ","23","  30,3",
"24/07/2025  17:40:48,547","   531250000"," ","24","  29,9",
"24/07/2025  17:40:48,547","   537250000"," ","25","  32,0",
"24/07/2025  17:40:48,547","   543250000"," ","26","  32,9",
"24/07/2025  17:40:48,547","   549250000","OK TV-TEVECORP","27","  32,2",
"24/07/2025  17:40:48,547","   555250000"," ","28","  34,4",
"24/07/2025  17:40:48,547","   561250000"," ","29","  31,1",
"24/07/2025  17:40:48,547","   567250000"," ","30","  29,2",
"24/07/2025  17:40:48,547","   573250000","CANAL UNO no","31","  31,1",
"24/07/2025  17:40:48,547","   579250000"," ","32","  29,5",
"24/07/2025  17:40:48,547","   585250000","TELEATAHUALPA (RTU)","33","  31,1",
"24/07/2025  17:40:48,547","   591350000"," ","34","  29,3",
"24/07/2025  17:40:48,547","   597250000","TELEVICENTRO TVC","35","  80,2",
"24/07/2025  17:40:48,547","   603250000"," ","36","  29,7",
"24/07/2025  17:40:48,547","   615250000"," ","38","  33,7",
"24/07/2025  17:40:48,547","   621250000","UCSG TELEVISION","39","  29,9",
"24/07/2025  17:40:48,547","   627250000"," ","40","  30,2",
"24/07/2025  17:40:48,547","   633250000","OROMAR","41","  56,3",
"24/07/2025  17:40:48,547","   639250000"," ","42","  29,4",
"24/07/2025  17:40:48,547","   645250000"," ","43","  31,1",
"24/07/2025  17:40:48,547","   651250000"," ","44","  28,7",
"24/07/2025  17:40:48,547","   657250000"," ","45","  28,0",
"24/07/2025  17:40:48,547","   663250000"," ","46","  28,1",
"24/07/2025  17:40:48,547","   669250000"," ","47","  29,0",
"24/07/2025  17:40:48,547","   675250000"," ","48","  30,1",
"24/07/2025  17:40:48,547","   681250000"," ","49","  28,1",
"24/07/2025  17:40:48,547","   687250000"," ","50","  27,7",
"24/07/2025  17:40:48,547","   693250000"," ","51","  43,5",
"24/07/2025  17:41:32,466","    55250000"," ","2","  37,6",
"24/07/2025  17:41:32,466","    61250000","RED TELESISTEMA (R.T.S)","3","  63,8",
"24/07/2025  17:41:32,466","    67250000"," ","4","  41,4",
"24/07/2025  17:41:32,466","    77250000"," ","5","  46,6",
"24/07/2025  17:41:32,466","    83250000","TELERAMA","6","  35,3",
"24/07/2025  17:41:32,466","   175250000","ECUADOR TV","7","  41,4",
"24/07/2025  17:41:32,466","   181250000"," CORPORACIÓN ECUATORIANA ","8","  78,1",
"24/07/2025  17:41:32,466","   187250000","TELEVISION DEL PACIFICO","9","  38,7",
"24/07/2025  17:41:32,466","   193250000"," ","10","  44,3",
"24/07/2025  17:41:32,466","   199250000","TELEAMAZONAS","11","  78,6",
"24/07/2025  17:41:32,466","   205250000"," ","12","  34,3",
"24/07/2025  17:41:32,466","   211250000","CADENA ECUATORIANA DE TEL","13","  72,9",
"24/07/2025  17:41:32,466","   471250000"," ","14","  28,1",
"24/07/2025  17:41:32,466","   477250000"," ","15","  27,2",
"24/07/2025  17:41:32,466","   483250000"," ","16","  28,7",
"24/07/2025  17:41:32,466","   513250000"," ","21","  28,3",
"24/07/2025  17:41:32,466","   519250000"," ","22","  27,7",
"24/07/2025  17:41:32,466","   525250000"," ","23","  32,5",
"24/07/2025  17:41:32,466","   531250000"," ","24","  29,7",
"24/07/2025  17:41:32,466","   537250000"," ","25","  33,8",
"24/07/2025  17:41:32,466","   543250000"," ","26","  33,4",
"24/07/2025  17:41:32,466","   549250000","OK TV-TEVECORP","27","  31,3",
"24/07/2025  17:41:32,466","   555250000"," ","28","  35,0",
"24/07/2025  17:41:32,466","   561250000"," ","29","  31,6",
"24/07/2025  17:41:32,466","   567250000"," ","30","  29,9",
"24/07/2025  17:41:32,466","   573250000","CANAL UNO no","31","  28,8",
"24/07/2025  17:41:32,466","   579250000"," ","32","  30,9",
"24/07/2025  17:41:32,466","   585250000","TELEATAHUALPA (RTU)","33","  31,3",
"24/07/2025  17:41:32,466","   591350000"," ","34","  29,4",
"24/07/2025  17:41:32,466","   597250000","TELEVICENTRO TVC","35","  80,9",
"24/07/2025  17:41:32,466","   603250000"," ","36","  29,5",
"24/07/2025  17:41:32,466","   615250000"," ","38","  49,9",
"24/07/2025  17:41:32,466","   621250000","UCSG TELEVISION","39","  31,0",
"24/07/2025  17:41:32,466","   627250000"," ","40","  29,4",
"24/07/2025  17:41:32,466","   633250000","OROMAR","41","  31,2",
"24/07/2025  17:41:32,466","   639250000"," ","42","  29,8",
"24/07/2025  17:41:32,466","   645250000"," ","43","  36,2",
"24/07/2025  17:41:32,466","   651250000"," ","44","  28,6",
"24/07/2025  17:41:32,466","   657250000"," ","45","  29,3",
"24/07/2025  17:41:32,466","   663250000"," ","46","  27,8",
"24/07/2025  17:41:32,466","   669250000"," ","47","  27,8",
"24/07/2025  17:41:32,466","   675250000"," ","48","  29,3",
"24/07/2025  17:41:32,466","   681250000"," ","49","  28,3",
"24/07/2025  17:41:32,466","   687250000"," ","50","  28,7",
"24/07/2025  17:41:32,466","   693250000"," ","51","  28,2",
"24/07/2025  17:42:18,324","    55250000"," ","2","  40,4",
"24/07/2025  17:42:18,324","    61250000","RED TELESISTEMA (R.T.S)","3","  64,0",
"24/07/2025  17:42:18,324","    67250000"," ","4","  41,3",
"24/07/2025  17:42:18,324","    77250000"," ","5","  42,2",
"24/07/2025  17:42:18,324","    83250000","TELERAMA","6","  43,5",
"24/07/2025  17:42:18,324","   175250000","ECUADOR TV","7","  35,9",
"24/07/2025  17:42:18,324","   181250000"," CORPORACIÓN ECUATORIANA ","8","  77,6",
"24/07/2025  17:42:18,324","   187250000","TELEVISION DEL PACIFICO","9","  40,4",
"24/07/2025  17:42:18,324","   193250000"," ","10","  43,8",
"24/07/2025  17:42:18,324","   199250000","TELEAMAZONAS","11","  78,6",
"24/07/2025  17:42:18,324","   205250000"," ","12","  32,2",
"24/07/2025  17:42:18,324","   211250000","CADENA ECUATORIANA DE TEL","13","  73,1",
"24/07/2025  17:42:18,324","   471250000"," ","14","  41,8",
"24/07/2025  17:42:18,324","   477250000"," ","15","  30,1",
"24/07/2025  17:42:18,324","   483250000"," ","16","  29,4",
"24/07/2025  17:42:18,324","   513250000"," ","21","  29,6",
"24/07/2025  17:42:18,324","   519250000"," ","22","  28,4",
"24/07/2025  17:42:18,324","   525250000"," ","23","  31,2",
"24/07/2025  17:42:18,324","   531250000"," ","24","  29,6",
"24/07/2025  17:42:18,324","   537250000"," ","25","  32,6",
"24/07/2025  17:42:18,324","   543250000"," ","26","  39,4",
"24/07/2025  17:42:18,324","   549250000","OK TV-TEVECORP","27","  31,4",
"24/07/2025  17:42:18,324","   555250000"," ","28","  34,3",
"24/07/2025  17:42:18,324","   561250000"," ","29","  32,9",
"24/07/2025  17:42:18,324","   567250000"," ","30","  28,6",
"24/07/2025  17:42:18,324","   573250000","CANAL UNO no","31","  28,5",
"24/07/2025  17:42:18,324","   579250000"," ","32","  30,7",
"24/07/2025  17:42:18,324","   585250000","TELEATAHUALPA (RTU)","33","  33,4",
"24/07/2025  17:42:18,324","   591350000"," ","34","  29,4",
"24/07/2025  17:42:18,324","   597250000","TELEVICENTRO TVC","35","  79,7",
"24/07/2025  17:42:18,324","   603250000"," ","36","  31,9",
"24/07/2025  17:42:18,324","   615250000"," ","38","  34,5",
"24/07/2025  17:42:18,324","   621250000","UCSG TELEVISION","39","  29,9",
"24/07/2025  17:42:18,324","   627250000"," ","40","  28,8",
"24/07/2025  17:42:18,324","   633250000","OROMAR","41","  29,4",
"24/07/2025  17:42:18,324","   639250000"," ","42","  29,3",
"24/07/2025  17:42:18,324","   645250000"," ","43","  30,8",
"24/07/2025  17:42:18,324","   651250000"," ","44","  30,9",
"24/07/2025  17:42:18,324","   657250000"," ","45","  27,8",
"24/07/2025  17:42:18,324","   663250000"," ","46","  28,4",
"24/07/2025  17:42:18,324","   669250000"," ","47","  28,2",
"24/07/2025  17:42:18,324","   675250000"," ","48","  28,2",
"24/07/2025  17:42:18,324","   681250000"," ","49","  28,9",
"24/07/2025  17:42:18,324","   687250000"," ","50","  27,7",
"24/07/2025  17:42:18,324","   693250000"," ","51","  27,6",
"25/07/2025  17:40:02,820","    55250000"," ","2","  38,0",
"25/07/2025  17:40:02,820","    61250000","RED TELESISTEMA (R.T.S)","3","  63,5",
"25/07/2025  17:40:02,820","    67250000"," ","4","  38,7",
"25/07/2025  17:40:02,820","    77250000"," ","5","  48,5",
"25/07/2025  17:40:02,820","    83250000","TELERAMA","6","  43,4",
"25/07/2025  17:40:02,820","   175250000","ECUADOR TV","7","  36,2",
"25/07/2025  17:40:02,820","   181250000"," CORPORACIÓN ECUATORIANA ","8","  77,2",
"25/07/2025  17:40:02,820","   187250000","TELEVISION DEL PACIFICO","9","  38,4",
"25/07/2025  17:40:02,820","   193250000"," ","10","  45,9",
"25/07/2025  17:40:02,820","   199250000","TELEAMAZONAS","11","  78,3",
"25/07/2025  17:40:02,820","   205250000"," ","12","  31,2",
"25/07/2025  17:40:02,820","   211250000","CADENA ECUATORIANA DE TEL","13","  72,3",
"25/07/2025  17:40:02,820","   471250000"," ","14","  28,2",
"25/07/2025  17:40:02,820","   477250000"," ","15","  28,8",
"25/07/2025  17:40:02,820","   483250000"," ","16","  30,3",
"25/07/2025  17:40:02,820","   513250000"," ","21","  26,9",
"25/07/2025  17:40:02,820","   519250000"," ","22","  27,7",
"25/07/2025  17:40:02,820","   525250000"," ","23","  28,5",
"25/07/2025  17:40:02,820","   531250000"," ","24","  30,8",
"25/07/2025  17:40:02,820","   537250000"," ","25","  34,0",
"25/07/2025  17:40:02,820","   543250000"," ","26","  32,4",
"25/07/2025  17:40:02,820","   549250000","OK TV-TEVECORP","27","  31,0",
"25/07/2025  17:40:02,820","   555250000"," ","28","  31,7",
"25/07/2025  17:40:02,820","   561250000"," ","29","  31,2",
"25/07/2025  17:40:02,820","   567250000"," ","30","  29,9",
"25/07/2025  17:40:02,820","   573250000","CANAL UNO no","31","  28,6",
"25/07/2025  17:40:02,820","   579250000"," ","32","  29,6",
"25/07/2025  17:40:02,820","   585250000","TELEATAHUALPA (RTU)","33","  31,9",
"25/07/2025  17:40:02,820","   591350000"," ","34","  30,4",
"25/07/2025  17:40:02,820","   597250000","TELEVICENTRO TVC","35","  79,6",
"25/07/2025  17:40:02,820","   603250000"," ","36","  30,1",
"25/07/2025  17:40:02,820","   615250000"," ","38","  37,5",
"25/07/2025  17:40:02,820","   621250000","UCSG TELEVISION","39","  45,8",
"25/07/2025  17:40:02,820","   627250000"," ","40","  29,2",
"25/07/2025  17:40:02,820","   633250000","OROMAR","41","  28,5",
"25/07/2025  17:40:02,820","   639250000"," ","42","  29,7",
"25/07/2025  17:40:02,820","   645250000"," ","43","  31,5",
"25/07/2025  17:40:02,820","   651250000"," ","44","  29,4",
"25/07/2025  17:40:02,820","   657250000"," ","45","  28,8",
"25/07/2025  17:40:02,820","   663250000"," ","46","  28,0",
"25/07/2025  17:40:02,820","   669250000"," ","47","  27,4",
"25/07/2025  17:40:02,820","   675250000"," ","48","  28,2",
"25/07/2025  17:40:02,820","   681250000"," ","49","  28,4",
"25/07/2025  17:40:02,820","   687250000"," ","50","  28,3",
"25/07/2025  17:40:02,820","   693250000"," ","51","  28,3",
"25/07/2025  17:40:48,701","    55250000"," ","2","  36,2",
"25/07/2025  17:40:48,701","    61250000","RED TELESISTEMA (R.T.S)","3","  63,7",
"25/07/2025  17:40:48,701","    67250000"," ","4","  37,8",
"25/07/2025  17:40:48,701","    77250000"," ","5","  43,3",
"25/07/2025  17:40:48,701","    83250000","TELERAMA","6","  35,0",
"25/07/2025  17:40:48,701","   175250000","ECUADOR TV","7","  35,8",
"25/07/2025  17:40:48,701","   181250000"," CORPORACIÓN ECUATORIANA ","8","  77,1",
"25/07/2025  17:40:48,701","   187250000","TELEVISION DEL PACIFICO","9","  38,7",
"25/07/2025  17:40:48,701","   193250000"," ","10","  44,4",
"25/07/2025  17:40:48,701","   199250000","TELEAMAZONAS","11","  78,3",
"25/07/2025  17:40:48,701","   205250000"," ","12","  31,2",
"25/07/2025  17:40:48,701","   211250000","CADENA ECUATORIANA DE TEL","13","  72,2",
"25/07/2025  17:40:48,701","   471250000"," ","14","  39,7",
"25/07/2025  17:40:48,701","   477250000"," ","15","  28,9",
"25/07/2025  17:40:48,701","   483250000"," ","16","  28,8",
"25/07/2025  17:40:48,701","   513250000"," ","21","  27,7",
"25/07/2025  17:40:48,701","   519250000"," ","22","  27,7",
"25/07/2025  17:40:48,701","   525250000"," ","23","  32,7",
"25/07/2025  17:40:48,701","   531250000"," ","24","  47,6",
"25/07/2025  17:40:48,701","   537250000"," ","25","  31,7",
"25/07/2025  17:40:48,701","   543250000"," ","26","  32,5",
"25/07/2025  17:40:48,701","   549250000","OK TV-TEVECORP","27","  43,0",
"25/07/2025  17:40:48,701","   555250000"," ","28","  32,6",
"25/07/2025  17:40:48,701","   561250000"," ","29","  31,2",
"25/07/2025  17:40:48,701","   567250000"," ","30","  29,3",
"25/07/2025  17:40:48,701","   573250000","CANAL UNO no","31","  29,9",
"25/07/2025  17:40:48,701","   579250000"," ","32","  30,0",
"25/07/2025  17:40:48,701","   585250000","TELEATAHUALPA (RTU)","33","  31,0",
"25/07/2025  17:40:48,701","   591350000"," ","34","  31,2",
"25/07/2025  17:40:48,701","   597250000","TELEVICENTRO TVC","35","  80,3",
"25/07/2025  17:40:48,701","   603250000"," ","36","  31,3",
"25/07/2025  17:40:48,701","   615250000"," ","38","  38,4",
"25/07/2025  17:40:48,701","   621250000","UCSG TELEVISION","39","  30,6",
"25/07/2025  17:40:48,701","   627250000"," ","40","  28,2",
"25/07/2025  17:40:48,701","   633250000","OROMAR","41","  29,2",
"25/07/2025  17:40:48,701","   639250000"," ","42","  33,8",
"25/07/2025  17:40:48,701","   645250000"," ","43","  30,7",
"25/07/2025  17:40:48,701","   651250000"," ","44","  30,0",
"25/07/2025  17:40:48,701","   657250000"," ","45","  28,8",
"25/07/2025  17:40:48,701","   663250000"," ","46","  28,7",
"25/07/2025  17:40:48,701","   669250000"," ","47","  27,8",
"25/07/2025  17:40:48,701","   675250000"," ","48","  28,2",
"25/07/2025  17:40:48,701","   681250000"," ","49","  27,9",
"25/07/2025  17:40:48,701","   687250000"," ","50","  29,3",
"25/07/2025  17:40:48,701","   693250000"," ","51","  28,6",
"25/07/2025  17:41:32,626","    55250000"," ","2","  41,8",
"25/07/2025  17:41:32,626","    61250000","RED TELESISTEMA (R.T.S)","3","  63,6",
"25/07/2025  17:41:32,626","    67250000"," ","4","  38,9",
"25/07/2025  17:41:32,626","    77250000"," ","5","  48,9",
"25/07/2025  17:41:32,626","    83250000","TELERAMA","6","  36,3",
"25/07/2025  17:41:32,626","   175250000","ECUADOR TV","7","  37,9",
"25/07/2025  17:41:32,626","   181250000"," CORPORACIÓN ECUATORIANA ","8","  77,5",
"25/07/2025  17:41:32,626","   187250000","TELEVISION DEL PACIFICO","9","  38,9",
"25/07/2025  17:41:32,626","   193250000"," ","10","  46,6",
"25/07/2025  17:41:32,626","   199250000","TELEAMAZONAS","11","  78,6",
"25/07/2025  17:41:32,626","   205250000"," ","12","  33,2",
"25/07/2025  17:41:32,626","   211250000","CADENA ECUATORIANA DE TEL","13","  72,3",
"25/07/2025  17:41:32,626","   471250000"," ","14","  28,9",
"25/07/2025  17:41:32,626","   477250000"," ","15","  47,3",
"25/07/2025  17:41:32,626","   483250000"," ","16","  29,4",
"25/07/2025  17:41:32,626","   513250000"," ","21","  28,5",
"25/07/2025  17:41:32,626","   519250000"," ","22","  33,8",
"25/07/2025  17:41:32,626","   525250000"," ","23","  29,2",
"25/07/2025  17:41:32,626","   531250000"," ","24","  30,7",
"25/07/2025  17:41:32,626","   537250000"," ","25","  32,5",
"25/07/2025  17:41:32,626","   543250000"," ","26","  31,3",
"25/07/2025  17:41:32,626","   549250000","OK TV-TEVECORP","27","  31,8",
"25/07/2025  17:41:32,626","   555250000"," ","28","  32,8",
"25/07/2025  17:41:32,626","   561250000"," ","29","  32,1",
"25/07/2025  17:41:32,626","   567250000"," ","30","  28,6",
"25/07/2025  17:41:32,626","   573250000","CANAL UNO no","31","  30,2",
"25/07/2025  17:41:32,626","   579250000"," ","32","  29,5",
"25/07/2025  17:41:32,626","   585250000","TELEATAHUALPA (RTU)","33","  32,6",
"25/07/2025  17:41:32,626","   591350000"," ","34","  30,8",
"25/07/2025  17:41:32,626","   597250000","TELEVICENTRO TVC","35","  80,4",
"25/07/2025  17:41:32,626","   603250000"," ","36","  30,8",
"25/07/2025  17:41:32,626","   615250000"," ","38","  36,8",
"25/07/2025  17:41:32,626","   621250000","UCSG TELEVISION","39","  29,7",
"25/07/2025  17:41:32,626","   627250000"," ","40","  28,2",
"25/07/2025  17:41:32,626","   633250000","OROMAR","41","  28,9",
"25/07/2025  17:41:32,626","   639250000"," ","42","  30,4",
"25/07/2025  17:41:32,626","   645250000"," ","43","  31,3",
"25/07/2025  17:41:32,626","   651250000"," ","44","  28,9",
"25/07/2025  17:41:32,626","   657250000"," ","45","  28,8",
"25/07/2025  17:41:32,626","   663250000"," ","46","  28,7",
"25/07/2025  17:41:32,626","   669250000"," ","47","  28,4",
"25/07/2025  17:41:32,626","   675250000"," ","48","  29,4",
"25/07/2025  17:41:32,626","   681250000"," ","49","  28,6",
"25/07/2025  17:41:32,626","   687250000"," ","50","  29,1",
"25/07/2025  17:41:32,626","   693250000"," ","51","  29,2",
"25/07/2025  17:42:18,497","    55250000"," ","2","  37,7",
"25/07/2025  17:42:18,497","    61250000","RED TELESISTEMA (R.T.S)","3","  63,6",
"25/07/2025  17:42:18,497","    67250000"," ","4","  40,0",
"25/07/2025  17:42:18,497","    77250000"," ","5","  42,6",
"25/07/2025  17:42:18,497","    83250000","TELERAMA","6","  34,7",
"25/07/2025  17:42:18,497","   175250000","ECUADOR TV","7","  36,4",
"25/07/2025  17:42:18,497","   181250000"," CORPORACIÓN ECUATORIANA ","8","  77,3",
"25/07/2025  17:42:18,497","   187250000","TELEVISION DEL PACIFICO","9","  40,2",
"25/07/2025  17:42:18,497","   193250000"," ","10","  46,8",
"25/07/2025  17:42:18,497","   199250000","TELEAMAZONAS","11","  78,4",
"25/07/2025  17:42:18,497","   205250000"," ","12","  32,5",
"25/07/2025  17:42:18,497","   211250000","CADENA ECUATORIANA DE TEL","13","  72,5",
"25/07/2025  17:42:18,497","   471250000"," ","14","  29,1",
"25/07/2025  17:42:18,497","   477250000"," ","15","  28,6",
"25/07/2025  17:42:18,497","   483250000"," ","16","  27,7",
"25/07/2025  17:42:18,497","   513250000"," ","21","  29,6",
"25/07/2025  17:42:18,497","   519250000"," ","22","  28,5",
"25/07/2025  17:42:18,497","   525250000"," ","23","  29,5",
"25/07/2025  17:42:18,497","   531250000"," ","24","  33,6",
"25/07/2025  17:42:18,497","   537250000"," ","25","  33,4",
"25/07/2025  17:42:18,497","   543250000"," ","26","  31,2",
"25/07/2025  17:42:18,497","   549250000","OK TV-TEVECORP","27","  30,6",
"25/07/2025  17:42:18,497","   555250000"," ","28","  31,2",
"25/07/2025  17:42:18,497","   561250000"," ","29","  32,2",
"25/07/2025  17:42:18,497","   567250000"," ","30","  28,1",
"25/07/2025  17:42:18,497","   573250000","CANAL UNO no","31","  29,2",
"25/07/2025  17:42:18,497","   579250000"," ","32","  28,7",
"25/07/2025  17:42:18,497","   585250000","TELEATAHUALPA (RTU)","33","  33,2",
"25/07/2025  17:42:18,497","   591350000"," ","34","  30,5",
"25/07/2025  17:42:18,497","   597250000","TELEVICENTRO TVC","35","  80,1",
"25/07/2025  17:42:18,497","   603250000"," ","36","  31,2",
"25/07/2025  17:42:18,497","   615250000"," ","38","  36,7",
"25/07/2025  17:42:18,497","   621250000","UCSG TELEVISION","39","  29,3",
"25/07/2025  17:42:18,497","   627250000"," ","40","  29,8",
"25/07/2025  17:42:18,497","   633250000","OROMAR","41","  29,1",
"25/07/2025  17:42:18,497","   639250000"," ","42","  30,7",
"25/07/2025  17:42:18,497","   645250000"," ","43","  31,3",
"25/07/2025  17:42:18,497","   651250000"," ","44","  27,6",
"25/07/2025  17:42:18,497","   657250000"," ","45","  27,8",
"25/07/2025  17:42:18,497","   663250000"," ","46","  29,5",
"25/07/2025  17:42:18,497","   669250000"," ","47","  27,7",
"25/07/2025  17:42:18,497","   675250000"," ","48","  28,8",
"25/07/2025  17:42:18,497","   681250000"," ","49","  30,5",
"25/07/2025  17:42:18,497","   687250000"," ","50","  28,7",
"25/07/2025  17:42:18,497","   693250000"," ","51","  28,8",
"26/07/2025  7:20:02,709","    55250000"," ","2","  36,7",
"26/07/2025  7:20:02,709","    61250000","RED TELESISTEMA (R.T.S)","3","  63,6",
"26/07/2025  7:20:02,709","    67250000"," ","4","  40,4",
"26/07/2025  7:20:02,709","    77250000"," ","5","  39,1",
"26/07/2025  7:20:02,709","    83250000","TELERAMA","6","  36,2",
"26/07/2025  7:20:02,709","   175250000","ECUADOR TV","7","  44,0",
"26/07/2025  7:20:02,709","   181250000"," CORPORACIÓN ECUATORIANA ","8","  77,9",
"26/07/2025  7:20:02,709","   187250000","TELEVISION DEL PACIFICO","9","  40,3",
"26/07/2025  7:20:02,709","   193250000"," ","10","  48,9",
"26/07/2025  7:20:02,709","   199250000","TELEAMAZONAS","11","  78,6",
"26/07/2025  7:20:02,709","   205250000"," ","12","  31,2",
"26/07/2025  7:20:02,709","   211250000","CADENA ECUATORIANA DE TEL","13","  72,6",
"26/07/2025  7:20:02,709","   471250000"," ","14","  28,1",
"26/07/2025  7:20:02,709","   477250000"," ","15","  29,2",
"26/07/2025  7:20:02,709","   483250000"," ","16","  27,8",
"26/07/2025  7:20:02,709","   513250000"," ","21","  28,5",
"26/07/2025  7:20:02,709","   519250000"," ","22","  27,4",
"26/07/2025  7:20:02,709","   525250000"," ","23","  29,7",
"26/07/2025  7:20:02,709","   531250000"," ","24","  29,7",
"26/07/2025  7:20:02,709","   537250000"," ","25","  33,4",
"26/07/2025  7:20:02,709","   543250000"," ","26","  30,7",
"26/07/2025  7:20:02,709","   549250000","OK TV-TEVECORP","27","  30,5",
"26/07/2025  7:20:02,709","   555250000"," ","28","  37,6",
"26/07/2025  7:20:02,709","   561250000"," ","29","  30,9",
"26/07/2025  7:20:02,709","   567250000"," ","30","  28,2",
"26/07/2025  7:20:02,709","   573250000","CANAL UNO no","31","  29,0",
"26/07/2025  7:20:02,709","   579250000"," ","32","  30,4",
"26/07/2025  7:20:02,709","   585250000","TELEATAHUALPA (RTU)","33","  33,6",
"26/07/2025  7:20:02,709","   591350000"," ","34","  29,8",
"26/07/2025  7:20:02,709","   597250000","TELEVICENTRO TVC","35","  79,5",
"26/07/2025  7:20:02,709","   603250000"," ","36","  40,2",
"26/07/2025  7:20:02,709","   615250000"," ","38","  32,8",
"26/07/2025  7:20:02,709","   621250000","UCSG TELEVISION","39","  29,0",
"26/07/2025  7:20:02,709","   627250000"," ","40","  29,6",
"26/07/2025  7:20:02,709","   633250000","OROMAR","41","  28,8",
"26/07/2025  7:20:02,709","   639250000"," ","42","  29,0",
"26/07/2025  7:20:02,709","   645250000"," ","43","  31,8",
"26/07/2025  7:20:02,709","   651250000"," ","44","  30,5",
"26/07/2025  7:20:02,709","   657250000"," ","45","  28,2",
"26/07/2025  7:20:02,709","   663250000"," ","46","  27,3",
"26/07/2025  7:20:02,709","   669250000"," ","47","  30,5",
"26/07/2025  7:20:02,709","   675250000"," ","48","  27,8",
"26/07/2025  7:20:02,709","   681250000"," ","49","  28,9",
"26/07/2025  7:20:02,709","   687250000"," ","50","  28,0",
"26/07/2025  7:20:02,709","   693250000"," ","51","  28,6",
"26/07/2025  7:20:48,600","    55250000"," ","2","  35,8",
"26/07/2025  7:20:48,600","    61250000","RED TELESISTEMA (R.T.S)","3","  63,7",
"26/07/2025  7:20:48,600","    67250000"," ","4","  38,7",
"26/07/2025  7:20:48,600","    77250000"," ","5","  42,3",
"26/07/2025  7:20:48,600","    83250000","TELERAMA","6","  40,0",
"26/07/2025  7:20:48,600","   175250000","ECUADOR TV","7","  43,8",
"26/07/2025  7:20:48,600","   181250000"," CORPORACIÓN ECUATORIANA ","8","  77,5",
"26/07/2025  7:20:48,600","   187250000","TELEVISION DEL PACIFICO","9","  40,0",
"26/07/2025  7:20:48,600","   193250000"," ","10","  48,8",
"26/07/2025  7:20:48,600","   199250000","TELEAMAZONAS","11","  78,7",
"26/07/2025  7:20:48,600","   205250000"," ","12","  33,2",
"26/07/2025  7:20:48,600","   211250000","CADENA ECUATORIANA DE TEL","13","  72,6",
"26/07/2025  7:20:48,600","   471250000"," ","14","  36,6",
"26/07/2025  7:20:48,600","   477250000"," ","15","  28,9",
"26/07/2025  7:20:48,600","   483250000"," ","16","  29,6",
"26/07/2025  7:20:48,600","   513250000"," ","21","  29,8",
"26/07/2025  7:20:48,600","   519250000"," ","22","  28,5",
"26/07/2025  7:20:48,600","   525250000"," ","23","  31,9",
"26/07/2025  7:20:48,600","   531250000"," ","24","  30,7",
"26/07/2025  7:20:48,600","   537250000"," ","25","  32,7",
"26/07/2025  7:20:48,600","   543250000"," ","26","  32,9",
"26/07/2025  7:20:48,600","   549250000","OK TV-TEVECORP","27","  30,9",
"26/07/2025  7:20:48,600","   555250000"," ","28","  33,1",
"26/07/2025  7:20:48,600","   561250000"," ","29","  31,7",
"26/07/2025  7:20:48,600","   567250000"," ","30","  30,4",
"26/07/2025  7:20:48,600","   573250000","CANAL UNO no","31","  29,0",
"26/07/2025  7:20:48,600","   579250000"," ","32","  37,7",
"26/07/2025  7:20:48,600","   585250000","TELEATAHUALPA (RTU)","33","  32,4",
"26/07/2025  7:20:48,600","   591350000"," ","34","  30,1",
"26/07/2025  7:20:48,600","   597250000","TELEVICENTRO TVC","35","  79,6",
"26/07/2025  7:20:48,600","   603250000"," ","36","  32,1",
"26/07/2025  7:20:48,600","   615250000"," ","38","  35,5",
"26/07/2025  7:20:48,600","   621250000","UCSG TELEVISION","39","  29,5",
"26/07/2025  7:20:48,600","   627250000"," ","40","  33,8",
"26/07/2025  7:20:48,600","   633250000","OROMAR","41","  47,3",
"26/07/2025  7:20:48,600","   639250000"," ","42","  29,1",
"26/07/2025  7:20:48,600","   645250000"," ","43","  30,1",
"26/07/2025  7:20:48,600","   651250000"," ","44","  29,1",
"26/07/2025  7:20:48,600","   657250000"," ","45","  42,0",
"26/07/2025  7:20:48,600","   663250000"," ","46","  41,1",
"26/07/2025  7:20:48,600","   669250000"," ","47","  29,9",
"26/07/2025  7:20:48,600","   675250000"," ","48","  34,8",
"26/07/2025  7:20:48,600","   681250000"," ","49","  28,3",
"26/07/2025  7:20:48,600","   687250000"," ","50","  28,7",
"26/07/2025  7:20:48,600","   693250000"," ","51","  28,8",
"26/07/2025  7:21:32,559","    55250000"," ","2","  35,5",
"26/07/2025  7:21:32,559","    61250000","RED TELESISTEMA (R.T.S)","3","  63,8",
"26/07/2025  7:21:32,559","    67250000"," ","4","  39,2",
"26/07/2025  7:21:32,559","    77250000"," ","5","  42,3",
"26/07/2025  7:21:32,559","    83250000","TELERAMA","6","  32,9",
"26/07/2025  7:21:32,559","   175250000","ECUADOR TV","7","  43,9",
"26/07/2025  7:21:32,559","   181250000"," CORPORACIÓN ECUATORIANA ","8","  77,6",
"26/07/2025  7:21:32,559","   187250000","TELEVISION DEL PACIFICO","9","  38,3",
"26/07/2025  7:21:32,559","   193250000"," ","10","  46,3",
"26/07/2025  7:21:32,559","   199250000","TELEAMAZONAS","11","  78,5",
"26/07/2025  7:21:32,559","   205250000"," ","12","  32,0",
"26/07/2025  7:21:32,559","   211250000","CADENA ECUATORIANA DE TEL","13","  72,6",
"26/07/2025  7:21:32,559","   471250000"," ","14","  39,1",
"26/07/2025  7:21:32,559","   477250000"," ","15","  29,3",
"26/07/2025  7:21:32,559","   483250000"," ","16","  28,5",
"26/07/2025  7:21:32,559","   513250000"," ","21","  27,3",
"26/07/2025  7:21:32,559","   519250000"," ","22","  27,1",
"26/07/2025  7:21:32,559","   525250000"," ","23","  31,6",
"26/07/2025  7:21:32,559","   531250000"," ","24","  28,6",
"26/07/2025  7:21:32,559","   537250000"," ","25","  32,5",
"26/07/2025  7:21:32,559","   543250000"," ","26","  32,1",
"26/07/2025  7:21:32,559","   549250000","OK TV-TEVECORP","27","  31,0",
"26/07/2025  7:21:32,559","   555250000"," ","28","  32,0",
"26/07/2025  7:21:32,559","   561250000"," ","29","  31,6",
"26/07/2025  7:21:32,559","   567250000"," ","30","  29,3",
"26/07/2025  7:21:32,559","   573250000","CANAL UNO no","31","  28,8",
"26/07/2025  7:21:32,559","   579250000"," ","32","  29,3",
"26/07/2025  7:21:32,559","   585250000","TELEATAHUALPA (RTU)","33","  32,7",
"26/07/2025  7:21:32,559","   591350000"," ","34","  30,4",
"26/07/2025  7:21:32,559","   597250000","TELEVICENTRO TVC","35","  79,5",
"26/07/2025  7:21:32,559","   603250000"," ","36","  30,5",
"26/07/2025  7:21:32,559","   615250000"," ","38","  33,7",
"26/07/2025  7:21:32,559","   621250000","UCSG TELEVISION","39","  29,1",
"26/07/2025  7:21:32,559","   627250000"," ","40","  28,6",
"26/07/2025  7:21:32,559","   633250000","OROMAR","41","  28,6",
"26/07/2025  7:21:32,559","   639250000"," ","42","  31,2",
"26/07/2025  7:21:32,559","   645250000"," ","43","  30,3",
"26/07/2025  7:21:32,559","   651250000"," ","44","  29,1",
"26/07/2025  7:21:32,559","   657250000"," ","45","  28,1",
"26/07/2025  7:21:32,559","   663250000"," ","46","  29,2",
"26/07/2025  7:21:32,559","   669250000"," ","47","  28,1",
"26/07/2025  7:21:32,559","   675250000"," ","48","  28,3",
"26/07/2025  7:21:32,559","   681250000"," ","49","  28,9",
"26/07/2025  7:21:32,559","   687250000"," ","50","  28,7",
"26/07/2025  7:21:32,559","   693250000"," ","51","  27,2",
"26/07/2025  7:22:18,430","    55250000"," ","2","  41,0",
"26/07/2025  7:22:18,430","    61250000","RED TELESISTEMA (R.T.S)","3","  63,8",
"26/07/2025  7:22:18,430","    67250000"," ","4","  39,0",
"26/07/2025  7:22:18,430","    77250000"," ","5","  40,8",
"26/07/2025  7:22:18,430","    83250000","TELERAMA","6","  43,1",
"26/07/2025  7:22:18,430","   175250000","ECUADOR TV","7","  44,4",
"26/07/2025  7:22:18,430","   181250000"," CORPORACIÓN ECUATORIANA ","8","  77,8",
"26/07/2025  7:22:18,430","   187250000","TELEVISION DEL PACIFICO","9","  38,8",
"26/07/2025  7:22:18,430","   193250000"," ","10","  46,8",
"26/07/2025  7:22:18,430","   199250000","TELEAMAZONAS","11","  78,7",
"26/07/2025  7:22:18,430","   205250000"," ","12","  31,4",
"26/07/2025  7:22:18,430","   211250000","CADENA ECUATORIANA DE TEL","13","  72,5",
"26/07/2025  7:22:18,430","   471250000"," ","14","  28,6",
"26/07/2025  7:22:18,430","   477250000"," ","15","  28,3",
"26/07/2025  7:22:18,430","   483250000"," ","16","  29,0",
"26/07/2025  7:22:18,430","   513250000"," ","21","  26,9",
"26/07/2025  7:22:18,430","   519250000"," ","22","  27,8",
"26/07/2025  7:22:18,430","   525250000"," ","23","  29,8",
"26/07/2025  7:22:18,430","   531250000"," ","24","  30,0",
"26/07/2025  7:22:18,430","   537250000"," ","25","  32,7",
"26/07/2025  7:22:18,430","   543250000"," ","26","  30,6",
"26/07/2025  7:22:18,430","   549250000","OK TV-TEVECORP","27","  30,3",
"26/07/2025  7:22:18,430","   555250000"," ","28","  32,3",
"26/07/2025  7:22:18,430","   561250000"," ","29","  30,6",
"26/07/2025  7:22:18,430","   567250000"," ","30","  28,9",
"26/07/2025  7:22:18,430","   573250000","CANAL UNO no","31","  30,2",
"26/07/2025  7:22:18,430","   579250000"," ","32","  30,0",
"26/07/2025  7:22:18,430","   585250000","TELEATAHUALPA (RTU)","33","  33,0",
"26/07/2025  7:22:18,430","   591350000"," ","34","  29,1",
"26/07/2025  7:22:18,430","   597250000","TELEVICENTRO TVC","35","  79,1",
"26/07/2025  7:22:18,430","   603250000"," ","36","  29,9",
"26/07/2025  7:22:18,430","   615250000"," ","38","  36,3",
"26/07/2025  7:22:18,430","   621250000","UCSG TELEVISION","39","  28,3",
"26/07/2025  7:22:18,430","   627250000"," ","40","  28,7",
"26/07/2025  7:22:18,430","   633250000","OROMAR","41","  29,5",
"26/07/2025  7:22:18,430","   639250000"," ","42","  28,7",
"26/07/2025  7:22:18,430","   645250000"," ","43","  31,7",
"26/07/2025  7:22:18,430","   651250000"," ","44","  30,2",
"26/07/2025  7:22:18,430","   657250000"," ","45","  28,0",
"26/07/2025  7:22:18,430","   663250000"," ","46","  28,4",
"26/07/2025  7:22:18,430","   669250000"," ","47","  28,2",
"26/07/2025  7:22:18,430","   675250000"," ","48","  27,9",
"26/07/2025  7:22:18,430","   681250000"," ","49","  27,3",
"26/07/2025  7:22:18,430","   687250000"," ","50","  28,3",
"26/07/2025  7:22:18,430","   693250000"," ","51","  29,2",
"26/07/2025  17:40:02,683","    55250000"," ","2","  42,2",
"26/07/2025  17:40:02,683","    61250000","RED TELESISTEMA (R.T.S)","3","  64,5",
"26/07/2025  17:40:02,683","    67250000"," ","4","  40,0",
"26/07/2025  17:40:02,683","    77250000"," ","5","  42,1",
"26/07/2025  17:40:02,683","    83250000","TELERAMA","6","  39,2",
"26/07/2025  17:40:02,683","   175250000","ECUADOR TV","7","  35,1",
"26/07/2025  17:40:02,683","   181250000"," CORPORACIÓN ECUATORIANA ","8","  77,1",
"26/07/2025  17:40:02,683","   187250000","TELEVISION DEL PACIFICO","9","  38,3",
"26/07/2025  17:40:02,683","   193250000"," ","10","  47,2",
"26/07/2025  17:40:02,683","   199250000","TELEAMAZONAS","11","  78,3",
"26/07/2025  17:40:02,683","   205250000"," ","12","  38,2",
"26/07/2025  17:40:02,683","   211250000","CADENA ECUATORIANA DE TEL","13","  72,2",
"26/07/2025  17:40:02,683","   471250000"," ","14","  28,0",
"26/07/2025  17:40:02,683","   477250000"," ","15","  29,6",
"26/07/2025  17:40:02,683","   483250000"," ","16","  28,0",
"26/07/2025  17:40:02,683","   513250000"," ","21","  30,3",
"26/07/2025  17:40:02,683","   519250000"," ","22","  28,5",
"26/07/2025  17:40:02,683","   525250000"," ","23","  30,2",
"26/07/2025  17:40:02,683","   531250000"," ","24","  29,6",
"26/07/2025  17:40:02,683","   537250000"," ","25","  31,8",
"26/07/2025  17:40:02,683","   543250000"," ","26","  32,2",
"26/07/2025  17:40:02,683","   549250000","OK TV-TEVECORP","27","  32,6",
"26/07/2025  17:40:02,683","   555250000"," ","28","  32,9",
"26/07/2025  17:40:02,683","   561250000"," ","29","  30,9",
"26/07/2025  17:40:02,683","   567250000"," ","30","  29,7",
"26/07/2025  17:40:02,683","   573250000","CANAL UNO no","31","  31,1",
"26/07/2025  17:40:02,683","   579250000"," ","32","  30,3",
"26/07/2025  17:40:02,683","   585250000","TELEATAHUALPA (RTU)","33","  33,7",
"26/07/2025  17:40:02,683","   591350000"," ","34","  29,7",
"26/07/2025  17:40:02,683","   597250000","TELEVICENTRO TVC","35","  79,3",
"26/07/2025  17:40:02,683","   603250000"," ","36","  30,1",
"26/07/2025  17:40:02,683","   615250000"," ","38","  35,1",
"26/07/2025  17:40:02,683","   621250000","UCSG TELEVISION","39","  29,5",
"26/07/2025  17:40:02,683","   627250000"," ","40","  29,8",
"26/07/2025  17:40:02,683","   633250000","OROMAR","41","  28,9",
"26/07/2025  17:40:02,683","   639250000"," ","42","  29,5",
"26/07/2025  17:40:02,683","   645250000"," ","43","  31,1",
"26/07/2025  17:40:02,683","   651250000"," ","44","  29,4",
"26/07/2025  17:40:02,683","   657250000"," ","45","  29,7",
"26/07/2025  17:40:02,683","   663250000"," ","46","  27,9",
"26/07/2025  17:40:02,683","   669250000"," ","47","  28,7",
"26/07/2025  17:40:02,683","   675250000"," ","48","  28,3",
"26/07/2025  17:40:02,683","   681250000"," ","49","  29,9",
"26/07/2025  17:40:02,683","   687250000"," ","50","  28,0",
"26/07/2025  17:40:02,683","   693250000"," ","51","  27,7",
"26/07/2025  17:40:48,563","    55250000"," ","2","  43,4",
"26/07/2025  17:40:48,563","    61250000","RED TELESISTEMA (R.T.S)","3","  64,4",
"26/07/2025  17:40:48,563","    67250000"," ","4","  39,4",
"26/07/2025  17:40:48,563","    77250000"," ","5","  45,3",
"26/07/2025  17:40:48,563","    83250000","TELERAMA","6","  36,2",
"26/07/2025  17:40:48,563","   175250000","ECUADOR TV","7","  42,8",
"26/07/2025  17:40:48,563","   181250000"," CORPORACIÓN ECUATORIANA ","8","  76,9",
"26/07/2025  17:40:48,563","   187250000","TELEVISION DEL PACIFICO","9","  40,1",
"26/07/2025  17:40:48,563","   193250000"," ","10","  46,4",
"26/07/2025  17:40:48,563","   199250000","TELEAMAZONAS","11","  78,2",
"26/07/2025  17:40:48,563","   205250000"," ","12","  41,6",
"26/07/2025  17:40:48,563","   211250000","CADENA ECUATORIANA DE TEL","13","  71,9",
"26/07/2025  17:40:48,563","   471250000"," ","14","  28,1",
"26/07/2025  17:40:48,563","   477250000"," ","15","  29,8",
"26/07/2025  17:40:48,563","   483250000"," ","16","  30,0",
"26/07/2025  17:40:48,563","   513250000"," ","21","  28,6",
"26/07/2025  17:40:48,563","   519250000"," ","22","  27,7",
"26/07/2025  17:40:48,563","   525250000"," ","23","  29,8",
"26/07/2025  17:40:48,563","   531250000"," ","24","  31,1",
"26/07/2025  17:40:48,563","   537250000"," ","25","  32,9",
"26/07/2025  17:40:48,563","   543250000"," ","26","  31,4",
"26/07/2025  17:40:48,563","   549250000","OK TV-TEVECORP","27","  30,6",
"26/07/2025  17:40:48,563","   555250000"," ","28","  34,2",
"26/07/2025  17:40:48,563","   561250000"," ","29","  32,9",
"26/07/2025  17:40:48,563","   567250000"," ","30","  30,8",
"26/07/2025  17:40:48,563","   573250000","CANAL UNO no","31","  30,1",
"26/07/2025  17:40:48,563","   579250000"," ","32","  29,8",
"26/07/2025  17:40:48,563","   585250000","TELEATAHUALPA (RTU)","33","  32,7",
"26/07/2025  17:40:48,563","   591350000"," ","34","  30,9",
"26/07/2025  17:40:48,563","   597250000","TELEVICENTRO TVC","35","  78,9",
"26/07/2025  17:40:48,563","   603250000"," ","36","  29,8",
"26/07/2025  17:40:48,563","   615250000"," ","38","  37,1",
"26/07/2025  17:40:48,563","   621250000","UCSG TELEVISION","39","  28,8",
"26/07/2025  17:40:48,563","   627250000"," ","40","  29,3",
"26/07/2025  17:40:48,563","   633250000","OROMAR","41","  29,0",
"26/07/2025  17:40:48,563","   639250000"," ","42","  29,3",
"26/07/2025  17:40:48,563","   645250000"," ","43","  30,7",
"26/07/2025  17:40:48,563","   651250000"," ","44","  29,5",
"26/07/2025  17:40:48,563","   657250000"," ","45","  29,9",
"26/07/2025  17:40:48,563","   663250000"," ","46","  30,1",
"26/07/2025  17:40:48,563","   669250000"," ","47","  28,5",
"26/07/2025  17:40:48,563","   675250000"," ","48","  28,9",
"26/07/2025  17:40:48,563","   681250000"," ","49","  29,6",
"26/07/2025  17:40:48,563","   687250000"," ","50","  29,4",
"26/07/2025  17:40:48,563","   693250000"," ","51","  28,3",
"26/07/2025  17:41:32,512","    55250000"," ","2","  37,0",
"26/07/2025  17:41:32,512","    61250000","RED TELESISTEMA (R.T.S)","3","  64,4",
"26/07/2025  17:41:32,512","    67250000"," ","4","  42,9",
"26/07/2025  17:41:32,512","    77250000"," ","5","  41,1",
"26/07/2025  17:41:32,512","    83250000","TELERAMA","6","  42,8",
"26/07/2025  17:41:32,512","   175250000","ECUADOR TV","7","  43,1",
"26/07/2025  17:41:32,512","   181250000"," CORPORACIÓN ECUATORIANA ","8","  76,9",
"26/07/2025  17:41:32,512","   187250000","TELEVISION DEL PACIFICO","9","  41,2",
"26/07/2025  17:41:32,512","   193250000"," ","10","  46,3",
"26/07/2025  17:41:32,512","   199250000","TELEAMAZONAS","11","  78,3",
"26/07/2025  17:41:32,512","   205250000"," ","12","  32,0",
"26/07/2025  17:41:32,512","   211250000","CADENA ECUATORIANA DE TEL","13","  72,0",
"26/07/2025  17:41:32,512","   471250000"," ","14","  27,2",
"26/07/2025  17:41:32,512","   477250000"," ","15","  38,6",
"26/07/2025  17:41:32,512","   483250000"," ","16","  28,3",
"26/07/2025  17:41:32,512","   513250000"," ","21","  28,1",
"26/07/2025  17:41:32,512","   519250000"," ","22","  28,1",
"26/07/2025  17:41:32,512","   525250000"," ","23","  30,2",
"26/07/2025  17:41:32,512","   531250000"," ","24","  31,5",
"26/07/2025  17:41:32,512","   537250000"," ","25","  31,5",
"26/07/2025  17:41:32,512","   543250000"," ","26","  31,1",
"26/07/2025  17:41:32,512","   549250000","OK TV-TEVECORP","27","  31,7",
"26/07/2025  17:41:32,512","   555250000"," ","28","  34,5",
"26/07/2025  17:41:32,512","   561250000"," ","29","  31,5",
"26/07/2025  17:41:32,512","   567250000"," ","30","  30,3",
"26/07/2025  17:41:32,512","   573250000","CANAL UNO no","31","  29,5",
"26/07/2025  17:41:32,512","   579250000"," ","32","  30,4",
"26/07/2025  17:41:32,512","   585250000","TELEATAHUALPA (RTU)","33","  33,3",
"26/07/2025  17:41:32,512","   591350000"," ","34","  30,6",
"26/07/2025  17:41:32,512","   597250000","TELEVICENTRO TVC","35","  79,1",
"26/07/2025  17:41:32,512","   603250000"," ","36","  30,5",
"26/07/2025  17:41:32,512","   615250000"," ","38","  36,0",
"26/07/2025  17:41:32,512","   621250000","UCSG TELEVISION","39","  30,1",
"26/07/2025  17:41:32,512","   627250000"," ","40","  29,3",
"26/07/2025  17:41:32,512","   633250000","OROMAR","41","  29,8",
"26/07/2025  17:41:32,512","   639250000"," ","42","  29,1",
"26/07/2025  17:41:32,512","   645250000"," ","43","  30,2",
"26/07/2025  17:41:32,512","   651250000"," ","44","  30,0",
"26/07/2025  17:41:32,512","   657250000"," ","45","  27,8",
"26/07/2025  17:41:32,512","   663250000"," ","46","  30,2",
"26/07/2025  17:41:32,512","   669250000"," ","47","  28,3",
"26/07/2025  17:41:32,512","   675250000"," ","48","  29,7",
"26/07/2025  17:41:32,512","   681250000"," ","49","  28,2",
"26/07/2025  17:41:32,512","   687250000"," ","50","  29,1",
"26/07/2025  17:41:32,512","   693250000"," ","51","  29,6",
"26/07/2025  17:42:18,382","    55250000"," ","2","  35,4",
"26/07/2025  17:42:18,382","    61250000","RED TELESISTEMA (R.T.S)","3","  64,4",
"26/07/2025  17:42:18,382","    67250000"," ","4","  40,6",
"26/07/2025  17:42:18,382","    77250000"," ","5","  47,3",
"26/07/2025  17:42:18,382","    83250000","TELERAMA","6","  36,9",
"26/07/2025  17:42:18,382","   175250000","ECUADOR TV","7","  47,5",
"26/07/2025  17:42:18,382","   181250000"," CORPORACIÓN ECUATORIANA ","8","  76,8",
"26/07/2025  17:42:18,382","   187250000","TELEVISION DEL PACIFICO","9","  39,3",
"26/07/2025  17:42:18,382","   193250000"," ","10","  46,4",
"26/07/2025  17:42:18,382","   199250000","TELEAMAZONAS","11","  78,3",
"26/07/2025  17:42:18,382","   205250000"," ","12","  32,8",
"26/07/2025  17:42:18,382","   211250000","CADENA ECUATORIANA DE TEL","13","  72,0",
"26/07/2025  17:42:18,382","   471250000"," ","14","  40,1",
"26/07/2025  17:42:18,382","   477250000"," ","15","  39,4",
"26/07/2025  17:42:18,382","   483250000"," ","16","  27,8",
"26/07/2025  17:42:18,382","   513250000"," ","21","  30,0",
"26/07/2025  17:42:18,382","   519250000"," ","22","  26,4",
"26/07/2025  17:42:18,382","   525250000"," ","23","  30,3",
"26/07/2025  17:42:18,382","   531250000"," ","24","  32,2",
"26/07/2025  17:42:18,382","   537250000"," ","25","  32,5",
"26/07/2025  17:42:18,382","   543250000"," ","26","  30,6",
"26/07/2025  17:42:18,382","   549250000","OK TV-TEVECORP","27","  32,6",
"26/07/2025  17:42:18,382","   555250000"," ","28","  33,8",
"26/07/2025  17:42:18,382","   561250000"," ","29","  31,6",
"26/07/2025  17:42:18,382","   567250000"," ","30","  32,8",
"26/07/2025  17:42:18,382","   573250000","CANAL UNO no","31","  29,6",
"26/07/2025  17:42:18,382","   579250000"," ","32","  30,3",
"26/07/2025  17:42:18,382","   585250000","TELEATAHUALPA (RTU)","33","  34,8",
"26/07/2025  17:42:18,382","   591350000"," ","34","  30,3",
"26/07/2025  17:42:18,382","   597250000","TELEVICENTRO TVC","35","  78,7",
"26/07/2025  17:42:18,382","   603250000"," ","36","  31,8",
"26/07/2025  17:42:18,382","   615250000"," ","38","  36,0",
"26/07/2025  17:42:18,382","   621250000","UCSG TELEVISION","39","  29,8",
"26/07/2025  17:42:18,382","   627250000"," ","40","  28,4",
"26/07/2025  17:42:18,382","   633250000","OROMAR","41","  30,9",
"26/07/2025  17:42:18,382","   639250000"," ","42","  30,8",
"26/07/2025  17:42:18,382","   645250000"," ","43","  31,7",
"26/07/2025  17:42:18,382","   651250000"," ","44","  28,1",
"26/07/2025  17:42:18,382","   657250000"," ","45","  28,8",
"26/07/2025  17:42:18,382","   663250000"," ","46","  27,5",
"26/07/2025  17:42:18,382","   669250000"," ","47","  27,6",
"26/07/2025  17:42:18,382","   675250000"," ","48","  36,5",
"26/07/2025  17:42:18,382","   681250000"," ","49","  26,9",
"26/07/2025  17:42:18,382","   687250000"," ","50","  27,9",
"26/07/2025  17:42:18,382","   693250000"," ","51","  28,2",
"27/07/2025  7:20:02,695","    55250000"," ","2","  47,6",
"27/07/2025  7:20:02,695","    61250000","RED TELESISTEMA (R.T.S)","3","  64,1",
"27/07/2025  7:20:02,695","    67250000"," ","4","  39,7",
"27/07/2025  7:20:02,695","    77250000"," ","5","  42,2",
"27/07/2025  7:20:02,695","    83250000","TELERAMA","6","  41,7",
"27/07/2025  7:20:02,695","   175250000","ECUADOR TV","7","  43,7",
"27/07/2025  7:20:02,695","   181250000"," CORPORACIÓN ECUATORIANA ","8","  77,3",
"27/07/2025  7:20:02,695","   187250000","TELEVISION DEL PACIFICO","9","  39,3",
"27/07/2025  7:20:02,695","   193250000"," ","10","  47,4",
"27/07/2025  7:20:02,695","   199250000","TELEAMAZONAS","11","  78,1",
"27/07/2025  7:20:02,695","   205250000"," ","12","  32,4",
"27/07/2025  7:20:02,695","   211250000","CADENA ECUATORIANA DE TEL","13","  72,7",
"27/07/2025  7:20:02,695","   471250000"," ","14","  39,1",
"27/07/2025  7:20:02,695","   477250000"," ","15","  28,2",
"27/07/2025  7:20:02,695","   483250000"," ","16","  27,7",
"27/07/2025  7:20:02,695","   513250000"," ","21","  26,7",
"27/07/2025  7:20:02,695","   519250000"," ","22","  27,4",
"27/07/2025  7:20:02,695","   525250000"," ","23","  29,6",
"27/07/2025  7:20:02,695","   531250000"," ","24","  30,7",
"27/07/2025  7:20:02,695","   537250000"," ","25","  31,5",
"27/07/2025  7:20:02,695","   543250000"," ","26","  34,2",
"27/07/2025  7:20:02,695","   549250000","OK TV-TEVECORP","27","  32,0",
"27/07/2025  7:20:02,695","   555250000"," ","28","  34,2",
"27/07/2025  7:20:02,695","   561250000"," ","29","  30,3",
"27/07/2025  7:20:02,695","   567250000"," ","30","  29,2",
"27/07/2025  7:20:02,695","   573250000","CANAL UNO no","31","  30,8",
"27/07/2025  7:20:02,695","   579250000"," ","32","  29,5",
"27/07/2025  7:20:02,695","   585250000","TELEATAHUALPA (RTU)","33","  32,7",
"27/07/2025  7:20:02,695","   591350000"," ","34","  29,9",
"27/07/2025  7:20:02,695","   597250000","TELEVICENTRO TVC","35","  79,0",
"27/07/2025  7:20:02,695","   603250000"," ","36","  29,5",
"27/07/2025  7:20:02,695","   615250000"," ","38","  38,6",
"27/07/2025  7:20:02,695","   621250000","UCSG TELEVISION","39","  41,3",
"27/07/2025  7:20:02,695","   627250000"," ","40","  29,3",
"27/07/2025  7:20:02,695","   633250000","OROMAR","41","  28,2",
"27/07/2025  7:20:02,695","   639250000"," ","42","  29,7",
"27/07/2025  7:20:02,695","   645250000"," ","43","  30,7",
"27/07/2025  7:20:02,695","   651250000"," ","44","  29,4",
"27/07/2025  7:20:02,695","   657250000"," ","45","  30,5",
"27/07/2025  7:20:02,695","   663250000"," ","46","  27,2",
"27/07/2025  7:20:02,695","   669250000"," ","47","  28,8",
"27/07/2025  7:20:02,695","   675250000"," ","48","  28,9",
"27/07/2025  7:20:02,695","   681250000"," ","49","  27,6",
"27/07/2025  7:20:02,695","   687250000"," ","50","  28,7",
"27/07/2025  7:20:02,695","   693250000"," ","51","  29,4",
"27/07/2025  7:20:48,592","    55250000"," ","2","  37,2",
"27/07/2025  7:20:48,592","    61250000","RED TELESISTEMA (R.T.S)","3","  64,2",
"27/07/2025  7:20:48,592","    67250000"," ","4","  43,7",
"27/07/2025  7:20:48,592","    77250000"," ","5","  44,9",
"27/07/2025  7:20:48,592","    83250000","TELERAMA","6","  34,6",
"27/07/2025  7:20:48,592","   175250000","ECUADOR TV","7","  40,3",
"27/07/2025  7:20:48,592","   181250000"," CORPORACIÓN ECUATORIANA ","8","  77,3",
"27/07/2025  7:20:48,592","   187250000","TELEVISION DEL PACIFICO","9","  38,1",
"27/07/2025  7:20:48,592","   193250000"," ","10","  48,9",
"27/07/2025  7:20:48,592","   199250000","TELEAMAZONAS","11","  78,1",
"27/07/2025  7:20:48,592","   205250000"," ","12","  32,1",
"27/07/2025  7:20:48,592","   211250000","CADENA ECUATORIANA DE TEL","13","  72,5",
"27/07/2025  7:20:48,592","   471250000"," ","14","  27,4",
"27/07/2025  7:20:48,592","   477250000"," ","15","  29,2",
"27/07/2025  7:20:48,592","   483250000"," ","16","  27,0",
"27/07/2025  7:20:48,592","   513250000"," ","21","  27,9",
"27/07/2025  7:20:48,592","   519250000"," ","22","  27,2",
"27/07/2025  7:20:48,592","   525250000"," ","23","  29,1",
"27/07/2025  7:20:48,592","   531250000"," ","24","  29,8",
"27/07/2025  7:20:48,592","   537250000"," ","25","  31,5",
"27/07/2025  7:20:48,592","   543250000"," ","26","  32,4",
"27/07/2025  7:20:48,592","   549250000","OK TV-TEVECORP","27","  31,7",
"27/07/2025  7:20:48,592","   555250000"," ","28","  33,6",
"27/07/2025  7:20:48,592","   561250000"," ","29","  41,2",
"27/07/2025  7:20:48,592","   567250000"," ","30","  34,3",
"27/07/2025  7:20:48,592","   573250000","CANAL UNO no","31","  29,4",
"27/07/2025  7:20:48,592","   579250000"," ","32","  29,8",
"27/07/2025  7:20:48,592","   585250000","TELEATAHUALPA (RTU)","33","  32,7",
"27/07/2025  7:20:48,592","   591350000"," ","34","  31,0",
"27/07/2025  7:20:48,592","   597250000","TELEVICENTRO TVC","35","  79,1",
"27/07/2025  7:20:48,592","   603250000"," ","36","  44,3",
"27/07/2025  7:20:48,592","   615250000"," ","38","  38,6",
"27/07/2025  7:20:48,592","   621250000","UCSG TELEVISION","39","  29,2",
"27/07/2025  7:20:48,592","   627250000"," ","40","  29,3",
"27/07/2025  7:20:48,592","   633250000","OROMAR","41","  29,1",
"27/07/2025  7:20:48,592","   639250000"," ","42","  28,1",
"27/07/2025  7:20:48,592","   645250000"," ","43","  29,8",
"27/07/2025  7:20:48,592","   651250000"," ","44","  29,2",
"27/07/2025  7:20:48,592","   657250000"," ","45","  28,6",
"27/07/2025  7:20:48,592","   663250000"," ","46","  28,9",
"27/07/2025  7:20:48,592","   669250000"," ","47","  29,1",
"27/07/2025  7:20:48,592","   675250000"," ","48","  27,6",
"27/07/2025  7:20:48,592","   681250000"," ","49","  29,2",
"27/07/2025  7:20:48,592","   687250000"," ","50","  28,8",
"27/07/2025  7:20:48,592","   693250000"," ","51","  29,4",
"27/07/2025  7:21:32,530","    55250000"," ","2","  44,4",
"27/07/2025  7:21:32,530","    61250000","RED TELESISTEMA (R.T.S)","3","  64,2",
"27/07/2025  7:21:32,530","    67250000"," ","4","  42,4",
"27/07/2025  7:21:32,530","    77250000"," ","5","  50,4",
"27/07/2025  7:21:32,530","    83250000","TELERAMA","6","  38,6",
"27/07/2025  7:21:32,530","   175250000","ECUADOR TV","7","  41,1",
"27/07/2025  7:21:32,530","   181250000"," CORPORACIÓN ECUATORIANA ","8","  77,4",
"27/07/2025  7:21:32,530","   187250000","TELEVISION DEL PACIFICO","9","  39,4",
"27/07/2025  7:21:32,530","   193250000"," ","10","  46,3",
"27/07/2025  7:21:32,530","   199250000","TELEAMAZONAS","11","  78,3",
"27/07/2025  7:21:32,530","   205250000"," ","12","  35,8",
"27/07/2025  7:21:32,530","   211250000","CADENA ECUATORIANA DE TEL","13","  72,6",
"27/07/2025  7:21:32,530","   471250000"," ","14","  39,9",
"27/07/2025  7:21:32,530","   477250000"," ","15","  29,7",
"27/07/2025  7:21:32,530","   483250000"," ","16","  28,4",
"27/07/2025  7:21:32,530","   513250000"," ","21","  27,7",
"27/07/2025  7:21:32,530","   519250000"," ","22","  27,4",
"27/07/2025  7:21:32,530","   525250000"," ","23","  30,4",
"27/07/2025  7:21:32,530","   531250000"," ","24","  30,1",
"27/07/2025  7:21:32,530","   537250000"," ","25","  32,3",
"27/07/2025  7:21:32,530","   543250000"," ","26","  33,0",
"27/07/2025  7:21:32,530","   549250000","OK TV-TEVECORP","27","  32,1",
"27/07/2025  7:21:32,530","   555250000"," ","28","  33,2",
"27/07/2025  7:21:32,530","   561250000"," ","29","  31,1",
"27/07/2025  7:21:32,530","   567250000"," ","30","  29,0",
"27/07/2025  7:21:32,530","   573250000","CANAL UNO no","31","  28,9",
"27/07/2025  7:21:32,530","   579250000"," ","32","  31,0",
"27/07/2025  7:21:32,530","   585250000","TELEATAHUALPA (RTU)","33","  33,7",
"27/07/2025  7:21:32,530","   591350000"," ","34","  30,9",
"27/07/2025  7:21:32,530","   597250000","TELEVICENTRO TVC","35","  79,5",
"27/07/2025  7:21:32,530","   603250000"," ","36","  29,7",
"27/07/2025  7:21:32,530","   615250000"," ","38","  37,2",
"27/07/2025  7:21:32,530","   621250000","UCSG TELEVISION","39","  30,1",
"27/07/2025  7:21:32,530","   627250000"," ","40","  31,6",
"27/07/2025  7:21:32,530","   633250000","OROMAR","41","  28,7",
"27/07/2025  7:21:32,530","   639250000"," ","42","  31,6",
"27/07/2025  7:21:32,530","   645250000"," ","43","  30,5",
"27/07/2025  7:21:32,530","   651250000"," ","44","  28,9",
"27/07/2025  7:21:32,530","   657250000"," ","45","  29,3",
"27/07/2025  7:21:32,530","   663250000"," ","46","  29,6",
"27/07/2025  7:21:32,530","   669250000"," ","47","  33,9",
"27/07/2025  7:21:32,530","   675250000"," ","48","  29,2",
"27/07/2025  7:21:32,530","   681250000"," ","49","  29,3",
"27/07/2025  7:21:32,530","   687250000"," ","50","  29,8",
"27/07/2025  7:21:32,530","   693250000"," ","51","  28,7",
"27/07/2025  7:22:18,411","    55250000"," ","2","  45,1",
"27/07/2025  7:22:18,411","    61250000","RED TELESISTEMA (R.T.S)","3","  64,1",
"27/07/2025  7:22:18,411","    67250000"," ","4","  40,2",
"27/07/2025  7:22:18,411","    77250000"," ","5","  43,2",
"27/07/2025  7:22:18,411","    83250000","TELERAMA","6","  34,5",
"27/07/2025  7:22:18,411","   175250000","ECUADOR TV","7","  41,6",
"27/07/2025  7:22:18,411","   181250000"," CORPORACIÓN ECUATORIANA ","8","  77,4",
"27/07/2025  7:22:18,411","   187250000","TELEVISION DEL PACIFICO","9","  39,1",
"27/07/2025  7:22:18,411","   193250000"," ","10","  47,4",
"27/07/2025  7:22:18,411","   199250000","TELEAMAZONAS","11","  78,3",
"27/07/2025  7:22:18,411","   205250000"," ","12","  37,9",
"27/07/2025  7:22:18,411","   211250000","CADENA ECUATORIANA DE TEL","13","  72,6",
"27/07/2025  7:22:18,411","   471250000"," ","14","  30,4",
"27/07/2025  7:22:18,411","   477250000"," ","15","  29,1",
"27/07/2025  7:22:18,411","   483250000"," ","16","  27,6",
"27/07/2025  7:22:18,411","   513250000"," ","21","  27,4",
"27/07/2025  7:22:18,411","   519250000"," ","22","  28,6",
"27/07/2025  7:22:18,411","   525250000"," ","23","  29,6",
"27/07/2025  7:22:18,411","   531250000"," ","24","  28,3",
"27/07/2025  7:22:18,411","   537250000"," ","25","  33,7",
"27/07/2025  7:22:18,411","   543250000"," ","26","  33,3",
"27/07/2025  7:22:18,411","   549250000","OK TV-TEVECORP","27","  30,8",
"27/07/2025  7:22:18,411","   555250000"," ","28","  35,6",
"27/07/2025  7:22:18,411","   561250000"," ","29","  30,3",
"27/07/2025  7:22:18,411","   567250000"," ","30","  29,6",
"27/07/2025  7:22:18,411","   573250000","CANAL UNO no","31","  29,1",
"27/07/2025  7:22:18,411","   579250000"," ","32","  28,9",
"27/07/2025  7:22:18,411","   585250000","TELEATAHUALPA (RTU)","33","  32,6",
"27/07/2025  7:22:18,411","   591350000"," ","34","  29,4",
"27/07/2025  7:22:18,411","   597250000","TELEVICENTRO TVC","35","  79,2",
"27/07/2025  7:22:18,411","   603250000"," ","36","  30,4",
"27/07/2025  7:22:18,411","   615250000"," ","38","  41,8",
"27/07/2025  7:22:18,411","   621250000","UCSG TELEVISION","39","  30,0",
"27/07/2025  7:22:18,411","   627250000"," ","40","  28,7",
"27/07/2025  7:22:18,411","   633250000","OROMAR","41","  29,4",
"27/07/2025  7:22:18,411","   639250000"," ","42","  29,1",
"27/07/2025  7:22:18,411","   645250000"," ","43","  31,6",
"27/07/2025  7:22:18,411","   651250000"," ","44","  29,2",
"27/07/2025  7:22:18,411","   657250000"," ","45","  28,6",
"27/07/2025  7:22:18,411","   663250000"," ","46","  27,8",
"27/07/2025  7:22:18,411","   669250000"," ","47","  29,0",
"27/07/2025  7:22:18,411","   675250000"," ","48","  27,6",
"27/07/2025  7:22:18,411","   681250000"," ","49","  27,7",
"27/07/2025  7:22:18,411","   687250000"," ","50","  28,1",
"27/07/2025  7:22:18,411","   693250000"," ","51","  28,8",
"27/07/2025  17:40:02,721","    55250000"," ","2","  40,8",
"27/07/2025  17:40:02,721","    61250000","RED TELESISTEMA (R.T.S)","3","  64,4",
"27/07/2025  17:40:02,721","    67250000"," ","4","  38,4",
"27/07/2025  17:40:02,721","    77250000"," ","5","  42,0",
"27/07/2025  17:40:02,721","    83250000","TELERAMA","6","  38,0",
"27/07/2025  17:40:02,721","   175250000","ECUADOR TV","7","  36,6",
"27/07/2025  17:40:02,721","   181250000"," CORPORACIÓN ECUATORIANA ","8","  77,4",
"27/07/2025  17:40:02,721","   187250000","TELEVISION DEL PACIFICO","9","  39,5",
"27/07/2025  17:40:02,721","   193250000"," ","10","  46,1",
"27/07/2025  17:40:02,721","   199250000","TELEAMAZONAS","11","  78,4",
"27/07/2025  17:40:02,721","   205250000"," ","12","  33,3",
"27/07/2025  17:40:02,721","   211250000","CADENA ECUATORIANA DE TEL","13","  72,7",
"27/07/2025  17:40:02,721","   471250000"," ","14","  28,6",
"27/07/2025  17:40:02,721","   477250000"," ","15","  38,4",
"27/07/2025  17:40:02,721","   483250000"," ","16","  28,8",
"27/07/2025  17:40:02,721","   513250000"," ","21","  28,7",
"27/07/2025  17:40:02,721","   519250000"," ","22","  28,8",
"27/07/2025  17:40:02,721","   525250000"," ","23","  30,1",
"27/07/2025  17:40:02,721","   531250000"," ","24","  29,4",
"27/07/2025  17:40:02,721","   537250000"," ","25","  30,4",
"27/07/2025  17:40:02,721","   543250000"," ","26","  32,3",
"27/07/2025  17:40:02,721","   549250000","OK TV-TEVECORP","27","  32,2",
"27/07/2025  17:40:02,721","   555250000"," ","28","  39,7",
"27/07/2025  17:40:02,721","   561250000"," ","29","  31,1",
"27/07/2025  17:40:02,721","   567250000"," ","30","  28,6",
"27/07/2025  17:40:02,721","   573250000","CANAL UNO no","31","  28,8",
"27/07/2025  17:40:02,721","   579250000"," ","32","  30,5",
"27/07/2025  17:40:02,721","   585250000","TELEATAHUALPA (RTU)","33","  32,2",
"27/07/2025  17:40:02,721","   591350000"," ","34","  30,1",
"27/07/2025  17:40:02,721","   597250000","TELEVICENTRO TVC","35","  80,0",
"27/07/2025  17:40:02,721","   603250000"," ","36","  40,1",
"27/07/2025  17:40:02,721","   615250000"," ","38","  38,2",
"27/07/2025  17:40:02,721","   621250000","UCSG TELEVISION","39","  30,1",
"27/07/2025  17:40:02,721","   627250000"," ","40","  30,6",
"27/07/2025  17:40:02,721","   633250000","OROMAR","41","  40,9",
"27/07/2025  17:40:02,721","   639250000"," ","42","  29,8",
"27/07/2025  17:40:02,721","   645250000"," ","43","  31,9",
"27/07/2025  17:40:02,721","   651250000"," ","44","  28,9",
"27/07/2025  17:40:02,721","   657250000"," ","45","  27,4",
"27/07/2025  17:40:02,721","   663250000"," ","46","  29,6",
"27/07/2025  17:40:02,721","   669250000"," ","47","  28,5",
"27/07/2025  17:40:02,721","   675250000"," ","48","  27,6",
"27/07/2025  17:40:02,721","   681250000"," ","49","  28,8",
"27/07/2025  17:40:02,721","   687250000"," ","50","  28,7",
"27/07/2025  17:40:02,721","   693250000"," ","51","  28,0",
"27/07/2025  17:40:48,601","    55250000"," ","2","  36,1",
"27/07/2025  17:40:48,601","    61250000","RED TELESISTEMA (R.T.S)","3","  64,2",
"27/07/2025  17:40:48,601","    67250000"," ","4","  40,6",
"27/07/2025  17:40:48,601","    77250000"," ","5","  44,8",
"27/07/2025  17:40:48,601","    83250000","TELERAMA","6","  34,7",
"27/07/2025  17:40:48,601","   175250000","ECUADOR TV","7","  38,3",
"27/07/2025  17:40:48,601","   181250000"," CORPORACIÓN ECUATORIANA ","8","  77,0",
"27/07/2025  17:40:48,601","   187250000","TELEVISION DEL PACIFICO","9","  38,4",
"27/07/2025  17:40:48,601","   193250000"," ","10","  46,9",
"27/07/2025  17:40:48,601","   199250000","TELEAMAZONAS","11","  78,4",
"27/07/2025  17:40:48,601","   205250000"," ","12","  40,9",
"27/07/2025  17:40:48,601","   211250000","CADENA ECUATORIANA DE TEL","13","  72,8",
"27/07/2025  17:40:48,601","   471250000"," ","14","  29,2",
"27/07/2025  17:40:48,601","   477250000"," ","15","  38,0",
"27/07/2025  17:40:48,601","   483250000"," ","16","  29,6",
"27/07/2025  17:40:48,601","   513250000"," ","21","  29,3",
"27/07/2025  17:40:48,601","   519250000"," ","22","  26,6",
"27/07/2025  17:40:48,601","   525250000"," ","23","  41,2",
"27/07/2025  17:40:48,601","   531250000"," ","24","  29,1",
"27/07/2025  17:40:48,601","   537250000"," ","25","  31,6",
"27/07/2025  17:40:48,601","   543250000"," ","26","  33,7",
"27/07/2025  17:40:48,601","   549250000","OK TV-TEVECORP","27","  30,9",
"27/07/2025  17:40:48,601","   555250000"," ","28","  36,1",
"27/07/2025  17:40:48,601","   561250000"," ","29","  31,4",
"27/07/2025  17:40:48,601","   567250000"," ","30","  29,0",
"27/07/2025  17:40:48,601","   573250000","CANAL UNO no","31","  30,5",
"27/07/2025  17:40:48,601","   579250000"," ","32","  30,1",
"27/07/2025  17:40:48,601","   585250000","TELEATAHUALPA (RTU)","33","  32,4",
"27/07/2025  17:40:48,601","   591350000"," ","34","  29,3",
"27/07/2025  17:40:48,601","   597250000","TELEVICENTRO TVC","35","  80,3",
"27/07/2025  17:40:48,601","   603250000"," ","36","  29,7",
"27/07/2025  17:40:48,601","   615250000"," ","38","  38,2",
"27/07/2025  17:40:48,601","   621250000","UCSG TELEVISION","39","  29,2",
"27/07/2025  17:40:48,601","   627250000"," ","40","  28,9",
"27/07/2025  17:40:48,601","   633250000","OROMAR","41","  31,3",
"27/07/2025  17:40:48,601","   639250000"," ","42","  27,8",
"27/07/2025  17:40:48,601","   645250000"," ","43","  32,3",
"27/07/2025  17:40:48,601","   651250000"," ","44","  28,9",
"27/07/2025  17:40:48,601","   657250000"," ","45","  28,5",
"27/07/2025  17:40:48,601","   663250000"," ","46","  28,3",
"27/07/2025  17:40:48,601","   669250000"," ","47","  27,6",
"27/07/2025  17:40:48,601","   675250000"," ","48","  29,4",
"27/07/2025  17:40:48,601","   681250000"," ","49","  28,3",
"27/07/2025  17:40:48,601","   687250000"," ","50","  29,9",
"27/07/2025  17:40:48,601","   693250000"," ","51","  26,8",
"27/07/2025  17:41:32,550","    55250000"," ","2","  39,8",
"27/07/2025  17:41:32,550","    61250000","RED TELESISTEMA (R.T.S)","3","  64,4",
"27/07/2025  17:41:32,550","    67250000"," ","4","  38,9",
"27/07/2025  17:41:32,550","    77250000"," ","5","  44,5",
"27/07/2025  17:41:32,550","    83250000","TELERAMA","6","  35,3",
"27/07/2025  17:41:32,550","   175250000","ECUADOR TV","7","  35,5",
"27/07/2025  17:41:32,550","   181250000"," CORPORACIÓN ECUATORIANA ","8","  77,1",
"27/07/2025  17:41:32,550","   187250000","TELEVISION DEL PACIFICO","9","  38,4",
"27/07/2025  17:41:32,550","   193250000"," ","10","  46,2",
"27/07/2025  17:41:32,550","   199250000","TELEAMAZONAS","11","  78,5",
"27/07/2025  17:41:32,550","   205250000"," ","12","  31,9",
"27/07/2025  17:41:32,550","   211250000","CADENA ECUATORIANA DE TEL","13","  72,9",
"27/07/2025  17:41:32,550","   471250000"," ","14","  27,5",
"27/07/2025  17:41:32,550","   477250000"," ","15","  29,4",
"27/07/2025  17:41:32,550","   483250000"," ","16","  28,6",
"27/07/2025  17:41:32,550","   513250000"," ","21","  29,2",
"27/07/2025  17:41:32,550","   519250000"," ","22","  30,1",
"27/07/2025  17:41:32,550","   525250000"," ","23","  29,9",
"27/07/2025  17:41:32,550","   531250000"," ","24","  31,0",
"27/07/2025  17:41:32,550","   537250000"," ","25","  31,3",
"27/07/2025  17:41:32,550","   543250000"," ","26","  33,4",
"27/07/2025  17:41:32,550","   549250000","OK TV-TEVECORP","27","  31,8",
"27/07/2025  17:41:32,550","   555250000"," ","28","  34,8",
"27/07/2025  17:41:32,550","   561250000"," ","29","  30,9",
"27/07/2025  17:41:32,550","   567250000"," ","30","  31,0",
"27/07/2025  17:41:32,550","   573250000","CANAL UNO no","31","  30,1",
"27/07/2025  17:41:32,550","   579250000"," ","32","  28,9",
"27/07/2025  17:41:32,550","   585250000","TELEATAHUALPA (RTU)","33","  34,8",
"27/07/2025  17:41:32,550","   591350000"," ","34","  33,2",
"27/07/2025  17:41:32,550","   597250000","TELEVICENTRO TVC","35","  79,8",
"27/07/2025  17:41:32,550","   603250000"," ","36","  29,8",
"27/07/2025  17:41:32,550","   615250000"," ","38","  38,1",
"27/07/2025  17:41:32,550","   621250000","UCSG TELEVISION","39","  29,8",
"27/07/2025  17:41:32,550","   627250000"," ","40","  29,7",
"27/07/2025  17:41:32,550","   633250000","OROMAR","41","  28,1",
"27/07/2025  17:41:32,550","   639250000"," ","42","  30,2",
"27/07/2025  17:41:32,550","   645250000"," ","43","  30,4",
"27/07/2025  17:41:32,550","   651250000"," ","44","  29,6",
"27/07/2025  17:41:32,550","   657250000"," ","45","  28,2",
"27/07/2025  17:41:32,550","   663250000"," ","46","  32,8",
"27/07/2025  17:41:32,550","   669250000"," ","47","  28,8",
"27/07/2025  17:41:32,550","   675250000"," ","48","  28,6",
"27/07/2025  17:41:32,550","   681250000"," ","49","  29,2",
"27/07/2025  17:41:32,550","   687250000"," ","50","  28,5",
"27/07/2025  17:41:32,550","   693250000"," ","51","  29,2",
"27/07/2025  17:42:18,436","    55250000"," ","2","  36,6",
"27/07/2025  17:42:18,436","    61250000","RED TELESISTEMA (R.T.S)","3","  64,5",
"27/07/2025  17:42:18,436","    67250000"," ","4","  38,9",
"27/07/2025  17:42:18,436","    77250000"," ","5","  41,7",
"27/07/2025  17:42:18,436","    83250000","TELERAMA","6","  44,3",
"27/07/2025  17:42:18,436","   175250000","ECUADOR TV","7","  38,1",
"27/07/2025  17:42:18,436","   181250000"," CORPORACIÓN ECUATORIANA ","8","  77,3",
"27/07/2025  17:42:18,436","   187250000","TELEVISION DEL PACIFICO","9","  38,3",
"27/07/2025  17:42:18,436","   193250000"," ","10","  45,9",
"27/07/2025  17:42:18,436","   199250000","TELEAMAZONAS","11","  78,4",
"27/07/2025  17:42:18,436","   205250000"," ","12","  33,0",
"27/07/2025  17:42:18,436","   211250000","CADENA ECUATORIANA DE TEL","13","  72,9",
"27/07/2025  17:42:18,436","   471250000"," ","14","  28,1",
"27/07/2025  17:42:18,436","   477250000"," ","15","  28,5",
"27/07/2025  17:42:18,436","   483250000"," ","16","  28,5",
"27/07/2025  17:42:18,436","   513250000"," ","21","  28,0",
"27/07/2025  17:42:18,436","   519250000"," ","22","  27,9",
"27/07/2025  17:42:18,436","   525250000"," ","23","  29,8",
"27/07/2025  17:42:18,436","   531250000"," ","24","  31,2",
"27/07/2025  17:42:18,436","   537250000"," ","25","  31,7",
"27/07/2025  17:42:18,436","   543250000"," ","26","  33,2",
"27/07/2025  17:42:18,436","   549250000","OK TV-TEVECORP","27","  31,3",
"27/07/2025  17:42:18,436","   555250000"," ","28","  38,0",
"27/07/2025  17:42:18,436","   561250000"," ","29","  43,0",
"27/07/2025  17:42:18,436","   567250000"," ","30","  29,2",
"27/07/2025  17:42:18,436","   573250000","CANAL UNO no","31","  29,6",
"27/07/2025  17:42:18,436","   579250000"," ","32","  31,3",
"27/07/2025  17:42:18,436","   585250000","TELEATAHUALPA (RTU)","33","  32,5",
"27/07/2025  17:42:18,436","   591350000"," ","34","  40,1",
"27/07/2025  17:42:18,436","   597250000","TELEVICENTRO TVC","35","  80,1",
"27/07/2025  17:42:18,436","   603250000"," ","36","  32,2",
"27/07/2025  17:42:18,436","   615250000"," ","38","  37,3",
"27/07/2025  17:42:18,436","   621250000","UCSG TELEVISION","39","  30,3",
"27/07/2025  17:42:18,436","   627250000"," ","40","  29,5",
"27/07/2025  17:42:18,436","   633250000","OROMAR","41","  28,4",
"27/07/2025  17:42:18,436","   639250000"," ","42","  29,7",
"27/07/2025  17:42:18,436","   645250000"," ","43","  30,8",
"27/07/2025  17:42:18,436","   651250000"," ","44","  28,4",
"27/07/2025  17:42:18,436","   657250000"," ","45","  29,5",
"27/07/2025  17:42:18,436","   663250000"," ","46","  27,9",
"27/07/2025  17:42:18,436","   669250000"," ","47","  27,5",
"27/07/2025  17:42:18,436","   675250000"," ","48","  28,5",
"27/07/2025  17:42:18,436","   681250000"," ","49","  30,9",
"27/07/2025  17:42:18,436","   687250000"," ","50","  28,6",
"27/07/2025  17:42:18,436","   693250000"," ","51","  28,3",
"28/07/2025  7:20:02,686","    55250000"," ","2","  41,4",
"28/07/2025  7:20:02,686","    61250000","RED TELESISTEMA (R.T.S)","3","  64,1",
"28/07/2025  7:20:02,686","    67250000"," ","4","  40,9",
"28/07/2025  7:20:02,686","    77250000"," ","5","  41,6",
"28/07/2025  7:20:02,686","    83250000","TELERAMA","6","  36,2",
"28/07/2025  7:20:02,686","   175250000","ECUADOR TV","7","  38,3",
"28/07/2025  7:20:02,686","   181250000"," CORPORACIÓN ECUATORIANA ","8","  77,7",
"28/07/2025  7:20:02,686","   187250000","TELEVISION DEL PACIFICO","9","  38,9",
"28/07/2025  7:20:02,686","   193250000"," ","10","  45,0",
"28/07/2025  7:20:02,686","   199250000","TELEAMAZONAS","11","  78,7",
"28/07/2025  7:20:02,686","   205250000"," ","12","  42,8",
"28/07/2025  7:20:02,686","   211250000","CADENA ECUATORIANA DE TEL","13","  73,5",
"28/07/2025  7:20:02,686","   471250000"," ","14","  28,5",
"28/07/2025  7:20:02,686","   477250000"," ","15","  29,1",
"28/07/2025  7:20:02,686","   483250000"," ","16","  27,3",
"28/07/2025  7:20:02,686","   513250000"," ","21","  27,3",
"28/07/2025  7:20:02,686","   519250000"," ","22","  27,4",
"28/07/2025  7:20:02,686","   525250000"," ","23","  29,9",
"28/07/2025  7:20:02,686","   531250000"," ","24","  31,3",
"28/07/2025  7:20:02,686","   537250000"," ","25","  33,4",
"28/07/2025  7:20:02,686","   543250000"," ","26","  37,9",
"28/07/2025  7:20:02,686","   549250000","OK TV-TEVECORP","27","  32,0",
"28/07/2025  7:20:02,686","   555250000"," ","28","  35,7",
"28/07/2025  7:20:02,686","   561250000"," ","29","  34,3",
"28/07/2025  7:20:02,686","   567250000"," ","30","  30,2",
"28/07/2025  7:20:02,686","   573250000","CANAL UNO no","31","  29,6",
"28/07/2025  7:20:02,686","   579250000"," ","32","  29,1",
"28/07/2025  7:20:02,686","   585250000","TELEATAHUALPA (RTU)","33","  31,9",
"28/07/2025  7:20:02,686","   591350000"," ","34","  31,3",
"28/07/2025  7:20:02,686","   597250000","TELEVICENTRO TVC","35","  80,5",
"28/07/2025  7:20:02,686","   603250000"," ","36","  30,3",
"28/07/2025  7:20:02,686","   615250000"," ","38","  35,3",
"28/07/2025  7:20:02,686","   621250000","UCSG TELEVISION","39","  37,7",
"28/07/2025  7:20:02,686","   627250000"," ","40","  30,4",
"28/07/2025  7:20:02,686","   633250000","OROMAR","41","  27,9",
"28/07/2025  7:20:02,686","   639250000"," ","42","  30,1",
"28/07/2025  7:20:02,686","   645250000"," ","43","  30,4",
"28/07/2025  7:20:02,686","   651250000"," ","44","  29,4",
"28/07/2025  7:20:02,686","   657250000"," ","45","  28,8",
"28/07/2025  7:20:02,686","   663250000"," ","46","  27,8",
"28/07/2025  7:20:02,686","   669250000"," ","47","  29,8",
"28/07/2025  7:20:02,686","   675250000"," ","48","  27,4",
"28/07/2025  7:20:02,686","   681250000"," ","49","  28,6",
"28/07/2025  7:20:02,686","   687250000"," ","50","  28,9",
"28/07/2025  7:20:02,686","   693250000"," ","51","  28,1",
"28/07/2025  7:20:48,568","    55250000"," ","2","  36,9",
"28/07/2025  7:20:48,568","    61250000","RED TELESISTEMA (R.T.S)","3","  64,0",
"28/07/2025  7:20:48,568","    67250000"," ","4","  39,7",
"28/07/2025  7:20:48,568","    77250000"," ","5","  41,7",
"28/07/2025  7:20:48,568","    83250000","TELERAMA","6","  35,5",
"28/07/2025  7:20:48,568","   175250000","ECUADOR TV","7","  36,4",
"28/07/2025  7:20:48,568","   181250000"," CORPORACIÓN ECUATORIANA ","8","  77,7",
"28/07/2025  7:20:48,568","   187250000","TELEVISION DEL PACIFICO","9","  39,1",
"28/07/2025  7:20:48,568","   193250000"," ","10","  46,1",
"28/07/2025  7:20:48,568","   199250000","TELEAMAZONAS","11","  78,6",
"28/07/2025  7:20:48,568","   205250000"," ","12","  31,3",
"28/07/2025  7:20:48,568","   211250000","CADENA ECUATORIANA DE TEL","13","  73,2",
"28/07/2025  7:20:48,568","   471250000"," ","14","  27,9",
"28/07/2025  7:20:48,568","   477250000"," ","15","  29,4",
"28/07/2025  7:20:48,568","   483250000"," ","16","  29,1",
"28/07/2025  7:20:48,568","   513250000"," ","21","  27,4",
"28/07/2025  7:20:48,568","   519250000"," ","22","  29,1",
"28/07/2025  7:20:48,568","   525250000"," ","23","  30,6",
"28/07/2025  7:20:48,568","   531250000"," ","24","  35,2",
"28/07/2025  7:20:48,568","   537250000"," ","25","  51,0",
"28/07/2025  7:20:48,568","   543250000"," ","26","  36,9",
"28/07/2025  7:20:48,568","   549250000","OK TV-TEVECORP","27","  31,5",
"28/07/2025  7:20:48,568","   555250000"," ","28","  34,5",
"28/07/2025  7:20:48,568","   561250000"," ","29","  44,2",
"28/07/2025  7:20:48,568","   567250000"," ","30","  28,3",
"28/07/2025  7:20:48,568","   573250000","CANAL UNO no","31","  29,3",
"28/07/2025  7:20:48,568","   579250000"," ","32","  29,6",
"28/07/2025  7:20:48,568","   585250000","TELEATAHUALPA (RTU)","33","  33,6",
"28/07/2025  7:20:48,568","   591350000"," ","34","  29,1",
"28/07/2025  7:20:48,568","   597250000","TELEVICENTRO TVC","35","  80,1",
"28/07/2025  7:20:48,568","   603250000"," ","36","  31,6",
"28/07/2025  7:20:48,568","   615250000"," ","38","  35,9",
"28/07/2025  7:20:48,568","   621250000","UCSG TELEVISION","39","  29,8",
"28/07/2025  7:20:48,568","   627250000"," ","40","  28,3",
"28/07/2025  7:20:48,568","   633250000","OROMAR","41","  30,8",
"28/07/2025  7:20:48,568","   639250000"," ","42","  30,0",
"28/07/2025  7:20:48,568","   645250000"," ","43","  31,9",
"28/07/2025  7:20:48,568","   651250000"," ","44","  28,6",
"28/07/2025  7:20:48,568","   657250000"," ","45","  29,9",
"28/07/2025  7:20:48,568","   663250000"," ","46","  28,2",
"28/07/2025  7:20:48,568","   669250000"," ","47","  28,8",
"28/07/2025  7:20:48,568","   675250000"," ","48","  29,0",
"28/07/2025  7:20:48,568","   681250000"," ","49","  28,1",
"28/07/2025  7:20:48,568","   687250000"," ","50","  28,5",
"28/07/2025  7:20:48,568","   693250000"," ","51","  27,5",
"28/07/2025  7:21:32,514","    55250000"," ","2","  40,9",
"28/07/2025  7:21:32,514","    61250000","RED TELESISTEMA (R.T.S)","3","  64,1",
"28/07/2025  7:21:32,514","    67250000"," ","4","  41,9",
"28/07/2025  7:21:32,514","    77250000"," ","5","  43,6",
"28/07/2025  7:21:32,514","    83250000","TELERAMA","6","  35,7",
"28/07/2025  7:21:32,514","   175250000","ECUADOR TV","7","  35,8",
"28/07/2025  7:21:32,514","   181250000"," CORPORACIÓN ECUATORIANA ","8","  77,8",
"28/07/2025  7:21:32,514","   187250000","TELEVISION DEL PACIFICO","9","  40,4",
"28/07/2025  7:21:32,514","   193250000"," ","10","  45,7",
"28/07/2025  7:21:32,514","   199250000","TELEAMAZONAS","11","  78,6",
"28/07/2025  7:21:32,514","   205250000"," ","12","  33,2",
"28/07/2025  7:21:32,514","   211250000","CADENA ECUATORIANA DE TEL","13","  73,2",
"28/07/2025  7:21:32,514","   471250000"," ","14","  29,0",
"28/07/2025  7:21:32,514","   477250000"," ","15","  29,1",
"28/07/2025  7:21:32,514","   483250000"," ","16","  27,1",
"28/07/2025  7:21:32,514","   513250000"," ","21","  27,7",
"28/07/2025  7:21:32,514","   519250000"," ","22","  27,6",
"28/07/2025  7:21:32,514","   525250000"," ","23","  30,1",
"28/07/2025  7:21:32,514","   531250000"," ","24","  29,9",
"28/07/2025  7:21:32,514","   537250000"," ","25","  32,4",
"28/07/2025  7:21:32,514","   543250000"," ","26","  37,0",
"28/07/2025  7:21:32,514","   549250000","OK TV-TEVECORP","27","  31,5",
"28/07/2025  7:21:32,514","   555250000"," ","28","  33,9",
"28/07/2025  7:21:32,514","   561250000"," ","29","  33,6",
"28/07/2025  7:21:32,514","   567250000"," ","30","  29,3",
"28/07/2025  7:21:32,514","   573250000","CANAL UNO no","31","  30,3",
"28/07/2025  7:21:32,514","   579250000"," ","32","  30,4",
"28/07/2025  7:21:32,514","   585250000","TELEATAHUALPA (RTU)","33","  31,7",
"28/07/2025  7:21:32,514","   591350000"," ","34","  29,8",
"28/07/2025  7:21:32,514","   597250000","TELEVICENTRO TVC","35","  80,2",
"28/07/2025  7:21:32,514","   603250000"," ","36","  30,3",
"28/07/2025  7:21:32,514","   615250000"," ","38","  36,2",
"28/07/2025  7:21:32,514","   621250000","UCSG TELEVISION","39","  29,1",
"28/07/2025  7:21:32,514","   627250000"," ","40","  39,5",
"28/07/2025  7:21:32,514","   633250000","OROMAR","41","  30,1",
"28/07/2025  7:21:32,514","   639250000"," ","42","  29,1",
"28/07/2025  7:21:32,514","   645250000"," ","43","  30,5",
"28/07/2025  7:21:32,514","   651250000"," ","44","  30,3",
"28/07/2025  7:21:32,514","   657250000"," ","45","  28,4",
"28/07/2025  7:21:32,514","   663250000"," ","46","  28,6",
"28/07/2025  7:21:32,514","   669250000"," ","47","  28,3",
"28/07/2025  7:21:32,514","   675250000"," ","48","  28,2",
"28/07/2025  7:21:32,514","   681250000"," ","49","  27,6",
"28/07/2025  7:21:32,514","   687250000"," ","50","  28,4",
"28/07/2025  7:21:32,514","   693250000"," ","51","  28,4",
"28/07/2025  7:22:18,382","    55250000"," ","2","  38,1",
"28/07/2025  7:22:18,382","    61250000","RED TELESISTEMA (R.T.S)","3","  64,3",
"28/07/2025  7:22:18,382","    67250000"," ","4","  40,1",
"28/07/2025  7:22:18,382","    77250000"," ","5","  41,1",
"28/07/2025  7:22:18,382","    83250000","TELERAMA","6","  36,4",
"28/07/2025  7:22:18,382","   175250000","ECUADOR TV","7","  36,0",
"28/07/2025  7:22:18,382","   181250000"," CORPORACIÓN ECUATORIANA ","8","  77,6",
"28/07/2025  7:22:18,382","   187250000","TELEVISION DEL PACIFICO","9","  42,0",
"28/07/2025  7:22:18,382","   193250000"," ","10","  43,9",
"28/07/2025  7:22:18,382","   199250000","TELEAMAZONAS","11","  78,5",
"28/07/2025  7:22:18,382","   205250000"," ","12","  32,5",
"28/07/2025  7:22:18,382","   211250000","CADENA ECUATORIANA DE TEL","13","  73,0",
"28/07/2025  7:22:18,382","   471250000"," ","14","  28,9",
"28/07/2025  7:22:18,382","   477250000"," ","15","  30,4",
"28/07/2025  7:22:18,382","   483250000"," ","16","  28,3",
"28/07/2025  7:22:18,382","   513250000"," ","21","  28,0",
"28/07/2025  7:22:18,382","   519250000"," ","22","  29,1",
"28/07/2025  7:22:18,382","   525250000"," ","23","  30,7",
"28/07/2025  7:22:18,382","   531250000"," ","24","  30,0",
"28/07/2025  7:22:18,382","   537250000"," ","25","  31,9",
"28/07/2025  7:22:18,382","   543250000"," ","26","  37,5",
"28/07/2025  7:22:18,382","   549250000","OK TV-TEVECORP","27","  32,4",
"28/07/2025  7:22:18,382","   555250000"," ","28","  32,6",
"28/07/2025  7:22:18,382","   561250000"," ","29","  31,1",
"28/07/2025  7:22:18,382","   567250000"," ","30","  28,2",
"28/07/2025  7:22:18,382","   573250000","CANAL UNO no","31","  31,8",
"28/07/2025  7:22:18,382","   579250000"," ","32","  30,7",
"28/07/2025  7:22:18,382","   585250000","TELEATAHUALPA (RTU)","33","  33,3",
"28/07/2025  7:22:18,382","   591350000"," ","34","  31,2",
"28/07/2025  7:22:18,382","   597250000","TELEVICENTRO TVC","35","  79,9",
"28/07/2025  7:22:18,382","   603250000"," ","36","  30,3",
"28/07/2025  7:22:18,382","   615250000"," ","38","  37,5",
"28/07/2025  7:22:18,382","   621250000","UCSG TELEVISION","39","  29,6",
"28/07/2025  7:22:18,382","   627250000"," ","40","  29,2",
"28/07/2025  7:22:18,382","   633250000","OROMAR","41","  28,2",
"28/07/2025  7:22:18,382","   639250000"," ","42","  30,1",
"28/07/2025  7:22:18,382","   645250000"," ","43","  31,4",
"28/07/2025  7:22:18,382","   651250000"," ","44","  30,4",
"28/07/2025  7:22:18,382","   657250000"," ","45","  29,6",
"28/07/2025  7:22:18,382","   663250000"," ","46","  29,0",
"28/07/2025  7:22:18,382","   669250000"," ","47","  28,0",
"28/07/2025  7:22:18,382","   675250000"," ","48","  29,1",
"28/07/2025  7:22:18,382","   681250000"," ","49","  29,4",
"28/07/2025  7:22:18,382","   687250000"," ","50","  28,8",
"28/07/2025  7:22:18,382","   693250000"," ","51","  29,3",
"28/07/2025  17:40:02,710","    55250000"," ","2","  37,2",
"28/07/2025  17:40:02,710","    61250000","RED TELESISTEMA (R.T.S)","3","  64,0",
"28/07/2025  17:40:02,710","    67250000"," ","4","  38,4",
"28/07/2025  17:40:02,710","    77250000"," ","5","  44,9",
"28/07/2025  17:40:02,710","    83250000","TELERAMA","6","  37,2",
"28/07/2025  17:40:02,710","   175250000","ECUADOR TV","7","  41,2",
"28/07/2025  17:40:02,710","   181250000"," CORPORACIÓN ECUATORIANA ","8","  77,0",
"28/07/2025  17:40:02,710","   187250000","TELEVISION DEL PACIFICO","9","  39,1",
"28/07/2025  17:40:02,710","   193250000"," ","10","  46,2",
"28/07/2025  17:40:02,710","   199250000","TELEAMAZONAS","11","  78,2",
"28/07/2025  17:40:02,710","   205250000"," ","12","  32,8",
"28/07/2025  17:40:02,710","   211250000","CADENA ECUATORIANA DE TEL","13","  72,2",
"28/07/2025  17:40:02,710","   471250000"," ","14","  40,6",
"28/07/2025  17:40:02,710","   477250000"," ","15","  38,1",
"28/07/2025  17:40:02,710","   483250000"," ","16","  28,3",
"28/07/2025  17:40:02,710","   513250000"," ","21","  41,3",
"28/07/2025  17:40:02,710","   519250000"," ","22","  26,6",
"28/07/2025  17:40:02,710","   525250000"," ","23","  29,6",
"28/07/2025  17:40:02,710","   531250000"," ","24","  37,7",
"28/07/2025  17:40:02,710","   537250000"," ","25","  48,0",
"28/07/2025  17:40:02,710","   543250000"," ","26","  34,4",
"28/07/2025  17:40:02,710","   549250000","OK TV-TEVECORP","27","  31,8",
"28/07/2025  17:40:02,710","   555250000"," ","28","  33,2",
"28/07/2025  17:40:02,710","   561250000"," ","29","  31,9",
"28/07/2025  17:40:02,710","   567250000"," ","30","  29,6",
"28/07/2025  17:40:02,710","   573250000","CANAL UNO no","31","  29,6",
"28/07/2025  17:40:02,710","   579250000"," ","32","  30,0",
"28/07/2025  17:40:02,710","   585250000","TELEATAHUALPA (RTU)","33","  32,5",
"28/07/2025  17:40:02,710","   591350000"," ","34","  29,5",
"28/07/2025  17:40:02,710","   597250000","TELEVICENTRO TVC","35","  80,4",
"28/07/2025  17:40:02,710","   603250000"," ","36","  30,1",
"28/07/2025  17:40:02,710","   615250000"," ","38","  39,8",
"28/07/2025  17:40:02,710","   621250000","UCSG TELEVISION","39","  30,2",
"28/07/2025  17:40:02,710","   627250000"," ","40","  29,4",
"28/07/2025  17:40:02,710","   633250000","OROMAR","41","  29,6",
"28/07/2025  17:40:02,710","   639250000"," ","42","  31,5",
"28/07/2025  17:40:02,710","   645250000"," ","43","  30,3",
"28/07/2025  17:40:02,710","   651250000"," ","44","  29,3",
"28/07/2025  17:40:02,710","   657250000"," ","45","  28,4",
"28/07/2025  17:40:02,710","   663250000"," ","46","  29,6",
"28/07/2025  17:40:02,710","   669250000"," ","47","  28,3",
"28/07/2025  17:40:02,710","   675250000"," ","48","  29,0",
"28/07/2025  17:40:02,710","   681250000"," ","49","  27,7",
"28/07/2025  17:40:02,710","   687250000"," ","50","  28,4",
"28/07/2025  17:40:02,710","   693250000"," ","51","  27,9",
"28/07/2025  17:40:48,134","    55250000"," ","2","  36,4",
"28/07/2025  17:40:48,134","    61250000","RED TELESISTEMA (R.T.S)","3","  63,8",
"28/07/2025  17:40:48,134","    67250000"," ","4","  38,5",
"28/07/2025  17:40:48,134","    77250000"," ","5","  43,0",
"28/07/2025  17:40:48,134","    83250000","TELERAMA","6","  42,1",
"28/07/2025  17:40:48,134","   175250000","ECUADOR TV","7","  36,7",
"28/07/2025  17:40:48,134","   181250000"," CORPORACIÓN ECUATORIANA ","8","  77,3",
"28/07/2025  17:40:48,134","   187250000","TELEVISION DEL PACIFICO","9","  38,1",
"28/07/2025  17:40:48,134","   193250000"," ","10","  46,4",
"28/07/2025  17:40:48,134","   199250000","TELEAMAZONAS","11","  78,1",
"28/07/2025  17:40:48,134","   205250000"," ","12","  38,6",
"28/07/2025  17:40:48,134","   211250000","CADENA ECUATORIANA DE TEL","13","  72,1",
"28/07/2025  17:40:48,134","   471250000"," ","14","  27,6",
"28/07/2025  17:40:48,134","   477250000"," ","15","  28,2",
"28/07/2025  17:40:48,134","   483250000"," ","16","  28,2",
"28/07/2025  17:40:48,134","   513250000"," ","21","  30,0",
"28/07/2025  17:40:48,134","   519250000"," ","22","  27,6",
"28/07/2025  17:40:48,134","   525250000"," ","23","  29,5",
"28/07/2025  17:40:48,134","   531250000"," ","24","  30,5",
"28/07/2025  17:40:48,134","   537250000"," ","25","  31,3",
"28/07/2025  17:40:48,134","   543250000"," ","26","  32,4",
"28/07/2025  17:40:48,134","   549250000","OK TV-TEVECORP","27","  31,4",
"28/07/2025  17:40:48,134","   555250000"," ","28","  32,0",
"28/07/2025  17:40:48,134","   561250000"," ","29","  31,8",
"28/07/2025  17:40:48,134","   567250000"," ","30","  29,6",
"28/07/2025  17:40:48,134","   573250000","CANAL UNO no","31","  28,7",
"28/07/2025  17:40:48,134","   579250000"," ","32","  29,7",
"28/07/2025  17:40:48,134","   585250000","TELEATAHUALPA (RTU)","33","  32,6",
"28/07/2025  17:40:48,134","   591350000"," ","34","  30,1",
"28/07/2025  17:40:48,134","   597250000","TELEVICENTRO TVC","35","  80,4",
"28/07/2025  17:40:48,134","   603250000"," ","36","  30,1",
"28/07/2025  17:40:48,134","   615250000"," ","38","  41,2",
"28/07/2025  17:40:48,134","   621250000","UCSG TELEVISION","39","  29,0",
"28/07/2025  17:40:48,134","   627250000"," ","40","  28,8",
"28/07/2025  17:40:48,134","   633250000","OROMAR","41","  29,4",
"28/07/2025  17:40:48,134","   639250000"," ","42","  29,2",
"28/07/2025  17:40:48,134","   645250000"," ","43","  30,8",
"28/07/2025  17:40:48,134","   651250000"," ","44","  28,7",
"28/07/2025  17:40:48,134","   657250000"," ","45","  29,3",
"28/07/2025  17:40:48,134","   663250000"," ","46","  29,6",
"28/07/2025  17:40:48,134","   669250000"," ","47","  28,8",
"28/07/2025  17:40:48,134","   675250000"," ","48","  29,6",
"28/07/2025  17:40:48,134","   681250000"," ","49","  27,6",
"28/07/2025  17:40:48,134","   687250000"," ","50","  27,6",
"28/07/2025  17:40:48,134","   693250000"," ","51","  27,8",
"28/07/2025  17:41:34,002","    55250000"," ","2","  39,6",
"28/07/2025  17:41:34,002","    61250000","RED TELESISTEMA (R.T.S)","3","  63,8",
"28/07/2025  17:41:34,002","    67250000"," ","4","  38,6",
"28/07/2025  17:41:34,002","    77250000"," ","5","  41,7",
"28/07/2025  17:41:34,002","    83250000","TELERAMA","6","  39,8",
"28/07/2025  17:41:34,002","   175250000","ECUADOR TV","7","  37,5",
"28/07/2025  17:41:34,002","   181250000"," CORPORACIÓN ECUATORIANA ","8","  77,1",
"28/07/2025  17:41:34,002","   187250000","TELEVISION DEL PACIFICO","9","  38,9",
"28/07/2025  17:41:34,002","   193250000"," ","10","  46,2",
"28/07/2025  17:41:34,002","   199250000","TELEAMAZONAS","11","  78,2",
"28/07/2025  17:41:34,002","   205250000"," ","12","  35,4",
"28/07/2025  17:41:34,002","   211250000","CADENA ECUATORIANA DE TEL","13","  72,2",
"28/07/2025  17:41:34,002","   471250000"," ","14","  29,3",
"28/07/2025  17:41:34,002","   477250000"," ","15","  28,3",
"28/07/2025  17:41:34,002","   483250000"," ","16","  29,0",
"28/07/2025  17:41:34,002","   513250000"," ","21","  33,2",
"28/07/2025  17:41:34,002","   519250000"," ","22","  30,1",
"28/07/2025  17:41:34,002","   525250000"," ","23","  29,6",
"28/07/2025  17:41:34,002","   531250000"," ","24","  30,2",
"28/07/2025  17:41:34,002","   537250000"," ","25","  30,7",
"28/07/2025  17:41:34,002","   543250000"," ","26","  33,3",
"28/07/2025  17:41:34,002","   549250000","OK TV-TEVECORP","27","  35,6",
"28/07/2025  17:41:34,002","   555250000"," ","28","  34,7",
"28/07/2025  17:41:34,002","   561250000"," ","29","  31,3",
"28/07/2025  17:41:34,002","   567250000"," ","30","  29,5",
"28/07/2025  17:41:34,002","   573250000","CANAL UNO no","31","  29,4",
"28/07/2025  17:41:34,002","   579250000"," ","32","  30,4",
"28/07/2025  17:41:34,002","   585250000","TELEATAHUALPA (RTU)","33","  32,8",
"28/07/2025  17:41:34,002","   591350000"," ","34","  29,3",
"28/07/2025  17:41:34,002","   597250000","TELEVICENTRO TVC","35","  80,5",
"28/07/2025  17:41:34,002","   603250000"," ","36","  29,9",
"28/07/2025  17:41:34,002","   615250000"," ","38","  41,4",
"28/07/2025  17:41:34,002","   621250000","UCSG TELEVISION","39","  30,2",
"28/07/2025  17:41:34,002","   627250000"," ","40","  27,5",
"28/07/2025  17:41:34,002","   633250000","OROMAR","41","  27,5",
"28/07/2025  17:41:34,002","   639250000"," ","42","  30,3",
"28/07/2025  17:41:34,002","   645250000"," ","43","  31,0",
"28/07/2025  17:41:34,002","   651250000"," ","44","  30,1",
"28/07/2025  17:41:34,002","   657250000"," ","45","  28,4",
"28/07/2025  17:41:34,002","   663250000"," ","46","  27,7",
"28/07/2025  17:41:34,002","   669250000"," ","47","  33,8",
"28/07/2025  17:41:34,002","   675250000"," ","48","  30,8",
"28/07/2025  17:41:34,002","   681250000"," ","49","  27,9",
"28/07/2025  17:41:34,002","   687250000"," ","50","  29,9",
"28/07/2025  17:41:34,002","   693250000"," ","51","  33,4",
"29/07/2025  7:20:02,674","    55250000"," ","2","  40,1",
"29/07/2025  7:20:02,674","    61250000","RED TELESISTEMA (R.T.S)","3","  63,7",
"29/07/2025  7:20:02,674","    67250000"," ","4","  41,1",
"29/07/2025  7:20:02,674","    77250000"," ","5","  48,1",
"29/07/2025  7:20:02,674","    83250000","TELERAMA","6","  42,4",
"29/07/2025  7:20:02,674","   175250000","ECUADOR TV","7","  38,1",
"29/07/2025  7:20:02,674","   181250000"," CORPORACIÓN ECUATORIANA ","8","  77,2",
"29/07/2025  7:20:02,674","   187250000","TELEVISION DEL PACIFICO","9","  39,7",
"29/07/2025  7:20:02,674","   193250000"," ","10","  51,3",
"29/07/2025  7:20:02,674","   199250000","TELEAMAZONAS","11","  78,1",
"29/07/2025  7:20:02,674","   205250000"," ","12","  33,3",
"29/07/2025  7:20:02,674","   211250000","CADENA ECUATORIANA DE TEL","13","  72,5",
"29/07/2025  7:20:02,674","   471250000"," ","14","  27,8",
"29/07/2025  7:20:02,674","   477250000"," ","15","  30,0",
"29/07/2025  7:20:02,674","   483250000"," ","16","  27,8",
"29/07/2025  7:20:02,674","   513250000"," ","21","  27,2",
"29/07/2025  7:20:02,674","   519250000"," ","22","  29,6",
"29/07/2025  7:20:02,674","   525250000"," ","23","  30,5",
"29/07/2025  7:20:02,674","   531250000"," ","24","  29,7",
"29/07/2025  7:20:02,674","   537250000"," ","25","  33,0",
"29/07/2025  7:20:02,674","   543250000"," ","26","  34,8",
"29/07/2025  7:20:02,674","   549250000","OK TV-TEVECORP","27","  30,7",
"29/07/2025  7:20:02,674","   555250000"," ","28","  34,4",
"29/07/2025  7:20:02,674","   561250000"," ","29","  32,3",
"29/07/2025  7:20:02,674","   567250000"," ","30","  29,2",
"29/07/2025  7:20:02,674","   573250000","CANAL UNO no","31","  29,3",
"29/07/2025  7:20:02,674","   579250000"," ","32","  31,0",
"29/07/2025  7:20:02,674","   585250000","TELEATAHUALPA (RTU)","33","  32,6",
"29/07/2025  7:20:02,674","   591350000"," ","34","  30,4",
"29/07/2025  7:20:02,674","   597250000","TELEVICENTRO TVC","35","  80,6",
"29/07/2025  7:20:02,674","   603250000"," ","36","  31,5",
"29/07/2025  7:20:02,674","   615250000"," ","38","  38,1",
"29/07/2025  7:20:02,674","   621250000","UCSG TELEVISION","39","  29,6",
"29/07/2025  7:20:02,674","   627250000"," ","40","  28,8",
"29/07/2025  7:20:02,674","   633250000","OROMAR","41","  27,9",
"29/07/2025  7:20:02,674","   639250000"," ","42","  30,5",
"29/07/2025  7:20:02,674","   645250000"," ","43","  31,3",
"29/07/2025  7:20:02,674","   651250000"," ","44","  29,0",
"29/07/2025  7:20:02,674","   657250000"," ","45","  29,6",
"29/07/2025  7:20:02,674","   663250000"," ","46","  28,2",
"29/07/2025  7:20:02,674","   669250000"," ","47","  30,2",
"29/07/2025  7:20:02,674","   675250000"," ","48","  28,3",
"29/07/2025  7:20:02,674","   681250000"," ","49","  28,9",
"29/07/2025  7:20:02,674","   687250000"," ","50","  28,9",
"29/07/2025  7:20:02,674","   693250000"," ","51","  29,3",
"29/07/2025  7:20:48,545","    55250000"," ","2","  37,0",
"29/07/2025  7:20:48,545","    61250000","RED TELESISTEMA (R.T.S)","3","  63,4",
"29/07/2025  7:20:48,545","    67250000"," ","4","  41,6",
"29/07/2025  7:20:48,545","    77250000"," ","5","  41,0",
"29/07/2025  7:20:48,545","    83250000","TELERAMA","6","  36,5",
"29/07/2025  7:20:48,545","   175250000","ECUADOR TV","7","  36,1",
"29/07/2025  7:20:48,545","   181250000"," CORPORACIÓN ECUATORIANA ","8","  77,3",
"29/07/2025  7:20:48,545","   187250000","TELEVISION DEL PACIFICO","9","  40,8",
"29/07/2025  7:20:48,545","   193250000"," ","10","  48,2",
"29/07/2025  7:20:48,545","   199250000","TELEAMAZONAS","11","  78,1",
"29/07/2025  7:20:48,545","   205250000"," ","12","  37,6",
"29/07/2025  7:20:48,545","   211250000","CADENA ECUATORIANA DE TEL","13","  72,7",
"29/07/2025  7:20:48,545","   471250000"," ","14","  27,7",
"29/07/2025  7:20:48,545","   477250000"," ","15","  28,0",
"29/07/2025  7:20:48,545","   483250000"," ","16","  28,2",
"29/07/2025  7:20:48,545","   513250000"," ","21","  28,3",
"29/07/2025  7:20:48,545","   519250000"," ","22","  28,0",
"29/07/2025  7:20:48,545","   525250000"," ","23","  29,9",
"29/07/2025  7:20:48,545","   531250000"," ","24","  29,3",
"29/07/2025  7:20:48,545","   537250000"," ","25","  31,2",
"29/07/2025  7:20:48,545","   543250000"," ","26","  35,3",
"29/07/2025  7:20:48,545","   549250000","OK TV-TEVECORP","27","  31,9",
"29/07/2025  7:20:48,545","   555250000"," ","28","  35,1",
"29/07/2025  7:20:48,545","   561250000"," ","29","  31,8",
"29/07/2025  7:20:48,545","   567250000"," ","30","  29,5",
"29/07/2025  7:20:48,545","   573250000","CANAL UNO no","31","  29,6",
"29/07/2025  7:20:48,545","   579250000"," ","32","  29,7",
"29/07/2025  7:20:48,545","   585250000","TELEATAHUALPA (RTU)","33","  33,1",
"29/07/2025  7:20:48,545","   591350000"," ","34","  29,7",
"29/07/2025  7:20:48,545","   597250000","TELEVICENTRO TVC","35","  80,1",
"29/07/2025  7:20:48,545","   603250000"," ","36","  29,7",
"29/07/2025  7:20:48,545","   615250000"," ","38","  35,7",
"29/07/2025  7:20:48,545","   621250000","UCSG TELEVISION","39","  28,7",
"29/07/2025  7:20:48,545","   627250000"," ","40","  28,9",
"29/07/2025  7:20:48,545","   633250000","OROMAR","41","  29,2",
"29/07/2025  7:20:48,545","   639250000"," ","42","  30,0",
"29/07/2025  7:20:48,545","   645250000"," ","43","  30,8",
"29/07/2025  7:20:48,545","   651250000"," ","44","  30,4",
"29/07/2025  7:20:48,545","   657250000"," ","45","  28,7",
"29/07/2025  7:20:48,545","   663250000"," ","46","  47,4",
"29/07/2025  7:20:48,545","   669250000"," ","47","  29,0",
"29/07/2025  7:20:48,545","   675250000"," ","48","  28,5",
"29/07/2025  7:20:48,545","   681250000"," ","49","  29,6",
"29/07/2025  7:20:48,545","   687250000"," ","50","  28,3",
"29/07/2025  7:20:48,545","   693250000"," ","51","  28,6",
"29/07/2025  7:21:34,014","    55250000"," ","2","  39,4",
"29/07/2025  7:21:34,014","    61250000","RED TELESISTEMA (R.T.S)","3","  63,7",
"29/07/2025  7:21:34,014","    67250000"," ","4","  39,9",
"29/07/2025  7:21:34,014","    77250000"," ","5","  46,4",
"29/07/2025  7:21:34,014","    83250000","TELERAMA","6","  38,3",
"29/07/2025  7:21:34,014","   175250000","ECUADOR TV","7","  36,7",
"29/07/2025  7:21:34,014","   181250000"," CORPORACIÓN ECUATORIANA ","8","  77,1",
"29/07/2025  7:21:34,014","   187250000","TELEVISION DEL PACIFICO","9","  40,3",
"29/07/2025  7:21:34,014","   193250000"," ","10","  48,4",
"29/07/2025  7:21:34,014","   199250000","TELEAMAZONAS","11","  77,8",
"29/07/2025  7:21:34,014","   205250000"," ","12","  30,7",
"29/07/2025  7:21:34,014","   211250000","CADENA ECUATORIANA DE TEL","13","  72,4",
"29/07/2025  7:21:34,014","   471250000"," ","14","  27,7",
"29/07/2025  7:21:34,014","   477250000"," ","15","  38,3",
"29/07/2025  7:21:34,014","   483250000"," ","16","  27,5",
"29/07/2025  7:21:34,014","   513250000"," ","21","  30,6",
"29/07/2025  7:21:34,014","   519250000"," ","22","  28,7",
"29/07/2025  7:21:34,014","   525250000"," ","23","  31,0",
"29/07/2025  7:21:34,014","   531250000"," ","24","  29,0",
"29/07/2025  7:21:34,014","   537250000"," ","25","  38,8",
"29/07/2025  7:21:34,014","   543250000"," ","26","  36,3",
"29/07/2025  7:21:34,014","   549250000","OK TV-TEVECORP","27","  36,6",
"29/07/2025  7:21:34,014","   555250000"," ","28","  33,4",
"29/07/2025  7:21:34,014","   561250000"," ","29","  33,7",
"29/07/2025  7:21:34,014","   567250000"," ","30","  29,1",
"29/07/2025  7:21:34,014","   573250000","CANAL UNO no","31","  28,6",
"29/07/2025  7:21:34,014","   579250000"," ","32","  30,3",
"29/07/2025  7:21:34,014","   585250000","TELEATAHUALPA (RTU)","33","  33,4",
"29/07/2025  7:21:34,014","   591350000"," ","34","  29,3",
"29/07/2025  7:21:34,014","   597250000","TELEVICENTRO TVC","35","  80,1",
"29/07/2025  7:21:34,014","   603250000"," ","36","  32,3",
"29/07/2025  7:21:34,014","   615250000"," ","38","  37,0",
"29/07/2025  7:21:34,014","   621250000","UCSG TELEVISION","39","  29,5",
"29/07/2025  7:21:34,014","   627250000"," ","40","  30,7",
"29/07/2025  7:21:34,014","   633250000","OROMAR","41","  29,6",
"29/07/2025  7:21:34,014","   639250000"," ","42","  28,8",
"29/07/2025  7:21:34,014","   645250000"," ","43","  30,7",
"29/07/2025  7:21:34,014","   651250000"," ","44","  27,6",
"29/07/2025  7:21:34,014","   657250000"," ","45","  28,3",
"29/07/2025  7:21:34,014","   663250000"," ","46","  28,0",
"29/07/2025  7:21:34,014","   669250000"," ","47","  28,8",
"29/07/2025  7:21:34,014","   675250000"," ","48","  28,7",
"29/07/2025  7:21:34,014","   681250000"," ","49","  30,8",
"29/07/2025  7:21:34,014","   687250000"," ","50","  27,6",
"29/07/2025  7:21:34,014","   693250000"," ","51","  28,0",
"29/07/2025  17:40:02,772","    55250000"," ","2","  34,7",
"29/07/2025  17:40:02,772","    61250000","RED TELESISTEMA (R.T.S)","3","  63,4",
"29/07/2025  17:40:02,772","    67250000"," ","4","  40,2",
"29/07/2025  17:40:02,772","    77250000"," ","5","  47,2",
"29/07/2025  17:40:02,772","    83250000","TELERAMA","6","  43,7",
"29/07/2025  17:40:02,772","   175250000","ECUADOR TV","7","  36,9",
"29/07/2025  17:40:02,772","   181250000"," CORPORACIÓN ECUATORIANA ","8","  77,6",
"29/07/2025  17:40:02,772","   187250000","TELEVISION DEL PACIFICO","9","  40,2",
"29/07/2025  17:40:02,772","   193250000"," ","10","  45,4",
"29/07/2025  17:40:02,772","   199250000","TELEAMAZONAS","11","  77,7",
"29/07/2025  17:40:02,772","   205250000"," ","12","  33,5",
"29/07/2025  17:40:02,772","   211250000","CADENA ECUATORIANA DE TEL","13","  72,3",
"29/07/2025  17:40:02,772","   471250000"," ","14","  29,1",
"29/07/2025  17:40:02,772","   477250000"," ","15","  28,1",
"29/07/2025  17:40:02,772","   483250000"," ","16","  28,2",
"29/07/2025  17:40:02,772","   513250000"," ","21","  28,6",
"29/07/2025  17:40:02,772","   519250000"," ","22","  27,8",
"29/07/2025  17:40:02,772","   525250000"," ","23","  29,3",
"29/07/2025  17:40:02,772","   531250000"," ","24","  32,0",
"29/07/2025  17:40:02,772","   537250000"," ","25","  30,4",
"29/07/2025  17:40:02,772","   543250000"," ","26","  30,7",
"29/07/2025  17:40:02,772","   549250000","OK TV-TEVECORP","27","  32,5",
"29/07/2025  17:40:02,772","   555250000"," ","28","  36,1",
"29/07/2025  17:40:02,772","   561250000"," ","29","  32,0",
"29/07/2025  17:40:02,772","   567250000"," ","30","  28,5",
"29/07/2025  17:40:02,772","   573250000","CANAL UNO no","31","  29,5",
"29/07/2025  17:40:02,772","   579250000"," ","32","  37,0",
"29/07/2025  17:40:02,772","   585250000","TELEATAHUALPA (RTU)","33","  32,6",
"29/07/2025  17:40:02,772","   591350000"," ","34","  29,6",
"29/07/2025  17:40:02,772","   597250000","TELEVICENTRO TVC","35","  79,5",
"29/07/2025  17:40:02,772","   603250000"," ","36","  29,9",
"29/07/2025  17:40:02,772","   615250000"," ","38","  37,8",
"29/07/2025  17:40:02,772","   621250000","UCSG TELEVISION","39","  29,6",
"29/07/2025  17:40:02,772","   627250000"," ","40","  31,0",
"29/07/2025  17:40:02,772","   633250000","OROMAR","41","  28,8",
"29/07/2025  17:40:02,772","   639250000"," ","42","  29,5",
"29/07/2025  17:40:02,772","   645250000"," ","43","  31,0",
"29/07/2025  17:40:02,772","   651250000"," ","44","  29,4",
"29/07/2025  17:40:02,772","   657250000"," ","45","  29,2",
"29/07/2025  17:40:02,772","   663250000"," ","46","  27,6",
"29/07/2025  17:40:02,772","   669250000"," ","47","  27,3",
"29/07/2025  17:40:02,772","   675250000"," ","48","  28,1",
"29/07/2025  17:40:02,772","   681250000"," ","49","  27,2",
"29/07/2025  17:40:02,772","   687250000"," ","50","  29,2",
"29/07/2025  17:40:02,772","   693250000"," ","51","  28,6",
"29/07/2025  17:40:48,650","    55250000"," ","2","  37,3",
"29/07/2025  17:40:48,650","    61250000","RED TELESISTEMA (R.T.S)","3","  63,4",
"29/07/2025  17:40:48,650","    67250000"," ","4","  38,7",
"29/07/2025  17:40:48,650","    77250000"," ","5","  44,0",
"29/07/2025  17:40:48,650","    83250000","TELERAMA","6","  36,9",
"29/07/2025  17:40:48,650","   175250000","ECUADOR TV","7","  35,7",
"29/07/2025  17:40:48,650","   181250000"," CORPORACIÓN ECUATORIANA ","8","  77,2",
"29/07/2025  17:40:48,650","   187250000","TELEVISION DEL PACIFICO","9","  38,9",
"29/07/2025  17:40:48,650","   193250000"," ","10","  45,6",
"29/07/2025  17:40:48,650","   199250000","TELEAMAZONAS","11","  77,7",
"29/07/2025  17:40:48,650","   205250000"," ","12","  45,0",
"29/07/2025  17:40:48,650","   211250000","CADENA ECUATORIANA DE TEL","13","  72,0",
"29/07/2025  17:40:48,650","   471250000"," ","14","  28,4",
"29/07/2025  17:40:48,650","   477250000"," ","15","  27,4",
"29/07/2025  17:40:48,650","   483250000"," ","16","  28,4",
"29/07/2025  17:40:48,650","   513250000"," ","21","  28,3",
"29/07/2025  17:40:48,650","   519250000"," ","22","  28,2",
"29/07/2025  17:40:48,650","   525250000"," ","23","  29,3",
"29/07/2025  17:40:48,650","   531250000"," ","24","  31,4",
"29/07/2025  17:40:48,650","   537250000"," ","25","  33,4",
"29/07/2025  17:40:48,650","   543250000"," ","26","  32,8",
"29/07/2025  17:40:48,650","   549250000","OK TV-TEVECORP","27","  30,8",
"29/07/2025  17:40:48,650","   555250000"," ","28","  36,5",
"29/07/2025  17:40:48,650","   561250000"," ","29","  32,5",
"29/07/2025  17:40:48,650","   567250000"," ","30","  31,1",
"29/07/2025  17:40:48,650","   573250000","CANAL UNO no","31","  29,4",
"29/07/2025  17:40:48,650","   579250000"," ","32","  29,5",
"29/07/2025  17:40:48,650","   585250000","TELEATAHUALPA (RTU)","33","  31,2",
"29/07/2025  17:40:48,650","   591350000"," ","34","  30,8",
"29/07/2025  17:40:48,650","   597250000","TELEVICENTRO TVC","35","  80,2",
"29/07/2025  17:40:48,650","   603250000"," ","36","  30,3",
"29/07/2025  17:40:48,650","   615250000"," ","38","  38,0",
"29/07/2025  17:40:48,650","   621250000","UCSG TELEVISION","39","  30,0",
"29/07/2025  17:40:48,650","   627250000"," ","40","  28,6",
"29/07/2025  17:40:48,650","   633250000","OROMAR","41","  28,9",
"29/07/2025  17:40:48,650","   639250000"," ","42","  33,7",
"29/07/2025  17:40:48,650","   645250000"," ","43","  31,2",
"29/07/2025  17:40:48,650","   651250000"," ","44","  29,6",
"29/07/2025  17:40:48,650","   657250000"," ","45","  27,8",
"29/07/2025  17:40:48,650","   663250000"," ","46","  30,1",
"29/07/2025  17:40:48,650","   669250000"," ","47","  27,7",
"29/07/2025  17:40:48,650","   675250000"," ","48","  28,6",
"29/07/2025  17:40:48,650","   681250000"," ","49","  27,8",
"29/07/2025  17:40:48,650","   687250000"," ","50","  29,7",
"29/07/2025  17:40:48,650","   693250000"," ","51","  27,6",
"29/07/2025  17:41:32,569","    55250000"," ","2","  40,5",
"29/07/2025  17:41:32,569","    61250000","RED TELESISTEMA (R.T.S)","3","  63,5",
"29/07/2025  17:41:32,569","    67250000"," ","4","  39,1",
"29/07/2025  17:41:32,569","    77250000"," ","5","  41,8",
"29/07/2025  17:41:32,569","    83250000","TELERAMA","6","  37,3",
"29/07/2025  17:41:32,569","   175250000","ECUADOR TV","7","  45,8",
"29/07/2025  17:41:32,569","   181250000"," CORPORACIÓN ECUATORIANA ","8","  77,2",
"29/07/2025  17:41:32,569","   187250000","TELEVISION DEL PACIFICO","9","  38,9",
"29/07/2025  17:41:32,569","   193250000"," ","10","  45,6",
"29/07/2025  17:41:32,569","   199250000","TELEAMAZONAS","11","  78,0",
"29/07/2025  17:41:32,569","   205250000"," ","12","  34,4",
"29/07/2025  17:41:32,569","   211250000","CADENA ECUATORIANA DE TEL","13","  72,0",
"29/07/2025  17:41:32,569","   471250000"," ","14","  30,1",
"29/07/2025  17:41:32,569","   477250000"," ","15","  27,7",
"29/07/2025  17:41:32,569","   483250000"," ","16","  28,7",
"29/07/2025  17:41:32,569","   513250000"," ","21","  29,4",
"29/07/2025  17:41:32,569","   519250000"," ","22","  26,2",
"29/07/2025  17:41:32,569","   525250000"," ","23","  28,7",
"29/07/2025  17:41:32,569","   531250000"," ","24","  31,1",
"29/07/2025  17:41:32,569","   537250000"," ","25","  31,4",
"29/07/2025  17:41:32,569","   543250000"," ","26","  33,0",
"29/07/2025  17:41:32,569","   549250000","OK TV-TEVECORP","27","  30,7",
"29/07/2025  17:41:32,569","   555250000"," ","28","  36,4",
"29/07/2025  17:41:32,569","   561250000"," ","29","  31,2",
"29/07/2025  17:41:32,569","   567250000"," ","30","  31,1",
"29/07/2025  17:41:32,569","   573250000","CANAL UNO no","31","  29,8",
"29/07/2025  17:41:32,569","   579250000"," ","32","  29,5",
"29/07/2025  17:41:32,569","   585250000","TELEATAHUALPA (RTU)","33","  31,9",
"29/07/2025  17:41:32,569","   591350000"," ","34","  29,0",
"29/07/2025  17:41:32,569","   597250000","TELEVICENTRO TVC","35","  79,9",
"29/07/2025  17:41:32,569","   603250000"," ","36","  30,6",
"29/07/2025  17:41:32,569","   615250000"," ","38","  37,3",
"29/07/2025  17:41:32,569","   621250000","UCSG TELEVISION","39","  29,7",
"29/07/2025  17:41:32,569","   627250000"," ","40","  29,4",
"29/07/2025  17:41:32,569","   633250000","OROMAR","41","  29,4",
"29/07/2025  17:41:32,569","   639250000"," ","42","  31,5",
"29/07/2025  17:41:32,569","   645250000"," ","43","  31,0",
"29/07/2025  17:41:32,569","   651250000"," ","44","  29,3",
"29/07/2025  17:41:32,569","   657250000"," ","45","  28,5",
"29/07/2025  17:41:32,569","   663250000"," ","46","  27,3",
"29/07/2025  17:41:32,569","   669250000"," ","47","  28,8",
"29/07/2025  17:41:32,569","   675250000"," ","48","  28,7",
"29/07/2025  17:41:32,569","   681250000"," ","49","  28,9",
"29/07/2025  17:41:32,569","   687250000"," ","50","  27,5",
"29/07/2025  17:41:32,569","   693250000"," ","51","  28,4",
"29/07/2025  17:42:18,438","    55250000"," ","2","  42,6",
"29/07/2025  17:42:18,438","    61250000","RED TELESISTEMA (R.T.S)","3","  63,3",
"29/07/2025  17:42:18,438","    67250000"," ","4","  38,0",
"29/07/2025  17:42:18,438","    77250000"," ","5","  49,9",
"29/07/2025  17:42:18,438","    83250000","TELERAMA","6","  37,3",
"29/07/2025  17:42:18,438","   175250000","ECUADOR TV","7","  36,6",
"29/07/2025  17:42:18,438","   181250000"," CORPORACIÓN ECUATORIANA ","8","  77,0",
"29/07/2025  17:42:18,438","   187250000","TELEVISION DEL PACIFICO","9","  44,3",
"29/07/2025  17:42:18,438","   193250000"," ","10","  53,5",
"29/07/2025  17:42:18,438","   199250000","TELEAMAZONAS","11","  77,7",
"29/07/2025  17:42:18,438","   205250000"," ","12","  45,4",
"29/07/2025  17:42:18,438","   211250000","CADENA ECUATORIANA DE TEL","13","  71,9",
"29/07/2025  17:42:18,438","   471250000"," ","14","  27,2",
"29/07/2025  17:42:18,438","   477250000"," ","15","  27,6",
"29/07/2025  17:42:18,438","   483250000"," ","16","  27,5",
"29/07/2025  17:42:18,438","   513250000"," ","21","  27,8",
"29/07/2025  17:42:18,438","   519250000"," ","22","  28,8",
"29/07/2025  17:42:18,438","   525250000"," ","23","  31,2",
"29/07/2025  17:42:18,438","   531250000"," ","24","  32,3",
"29/07/2025  17:42:18,438","   537250000"," ","25","  31,2",
"29/07/2025  17:42:18,438","   543250000"," ","26","  34,4",
"29/07/2025  17:42:18,438","   549250000","OK TV-TEVECORP","27","  31,6",
"29/07/2025  17:42:18,438","   555250000"," ","28","  37,7",
"29/07/2025  17:42:18,438","   561250000"," ","29","  32,6",
"29/07/2025  17:42:18,438","   567250000"," ","30","  30,6",
"29/07/2025  17:42:18,438","   573250000","CANAL UNO no","31","  30,8",
"29/07/2025  17:42:18,438","   579250000"," ","32","  35,0",
"29/07/2025  17:42:18,438","   585250000","TELEATAHUALPA (RTU)","33","  32,9",
"29/07/2025  17:42:18,438","   591350000"," ","34","  29,3",
"29/07/2025  17:42:18,438","   597250000","TELEVICENTRO TVC","35","  80,0",
"29/07/2025  17:42:18,438","   603250000"," ","36","  30,0",
"29/07/2025  17:42:18,438","   615250000"," ","38","  37,0",
"29/07/2025  17:42:18,438","   621250000","UCSG TELEVISION","39","  29,3",
"29/07/2025  17:42:18,438","   627250000"," ","40","  29,3",
"29/07/2025  17:42:18,438","   633250000","OROMAR","41","  28,8",
"29/07/2025  17:42:18,438","   639250000"," ","42","  30,6",
"29/07/2025  17:42:18,438","   645250000"," ","43","  31,7",
"29/07/2025  17:42:18,438","   651250000"," ","44","  27,9",
"29/07/2025  17:42:18,438","   657250000"," ","45","  28,7",
"29/07/2025  17:42:18,438","   663250000"," ","46","  28,8",
"29/07/2025  17:42:18,438","   669250000"," ","47","  28,0",
"29/07/2025  17:42:18,438","   675250000"," ","48","  28,1",
"29/07/2025  17:42:18,438","   681250000"," ","49","  28,4",
"29/07/2025  17:42:18,438","   687250000"," ","50","  27,9",
"29/07/2025  17:42:18,438","   693250000"," ","51","  29,3",
"30/07/2025  7:20:02,688","    55250000"," ","2","  35,5",
"30/07/2025  7:20:02,688","    61250000","RED TELESISTEMA (R.T.S)","3","  63,4",
"30/07/2025  7:20:02,688","    67250000"," ","4","  38,8",
"30/07/2025  7:20:02,688","    77250000"," ","5","  43,8",
"30/07/2025  7:20:02,688","    83250000","TELERAMA","6","  36,3",
"30/07/2025  7:20:02,688","   175250000","ECUADOR TV","7","  37,2",
"30/07/2025  7:20:02,688","   181250000"," CORPORACIÓN ECUATORIANA ","8","  78,0",
"30/07/2025  7:20:02,688","   187250000","TELEVISION DEL PACIFICO","9","  38,6",
"30/07/2025  7:20:02,688","   193250000"," ","10","  44,9",
"30/07/2025  7:20:02,688","   199250000","TELEAMAZONAS","11","  78,4",
"30/07/2025  7:20:02,688","   205250000"," ","12","  33,0",
"30/07/2025  7:20:02,688","   211250000","CADENA ECUATORIANA DE TEL","13","  72,3",
"30/07/2025  7:20:02,688","   471250000"," ","14","  27,8",
"30/07/2025  7:20:02,688","   477250000"," ","15","  29,6",
"30/07/2025  7:20:02,688","   483250000"," ","16","  29,4",
"30/07/2025  7:20:02,688","   513250000"," ","21","  28,8",
"30/07/2025  7:20:02,688","   519250000"," ","22","  35,4",
"30/07/2025  7:20:02,688","   525250000"," ","23","  30,3",
"30/07/2025  7:20:02,688","   531250000"," ","24","  29,3",
"30/07/2025  7:20:02,688","   537250000"," ","25","  31,3",
"30/07/2025  7:20:02,688","   543250000"," ","26","  37,6",
"30/07/2025  7:20:02,688","   549250000","OK TV-TEVECORP","27","  30,2",
"30/07/2025  7:20:02,688","   555250000"," ","28","  34,5",
"30/07/2025  7:20:02,688","   561250000"," ","29","  31,3",
"30/07/2025  7:20:02,688","   567250000"," ","30","  29,4",
"30/07/2025  7:20:02,688","   573250000","CANAL UNO no","31","  30,5",
"30/07/2025  7:20:02,688","   579250000"," ","32","  29,3",
"30/07/2025  7:20:02,688","   585250000","TELEATAHUALPA (RTU)","33","  31,9",
"30/07/2025  7:20:02,688","   591350000"," ","34","  29,8",
"30/07/2025  7:20:02,688","   597250000","TELEVICENTRO TVC","35","  79,5",
"30/07/2025  7:20:02,688","   603250000"," ","36","  30,5",
"30/07/2025  7:20:02,688","   615250000"," ","38","  32,0",
"30/07/2025  7:20:02,688","   621250000","UCSG TELEVISION","39","  30,0",
"30/07/2025  7:20:02,688","   627250000"," ","40","  28,5",
"30/07/2025  7:20:02,688","   633250000","OROMAR","41","  28,6",
"30/07/2025  7:20:02,688","   639250000"," ","42","  29,1",
"30/07/2025  7:20:02,688","   645250000"," ","43","  30,9",
"30/07/2025  7:20:02,688","   651250000"," ","44","  28,9",
"30/07/2025  7:20:02,688","   657250000"," ","45","  27,6",
"30/07/2025  7:20:02,688","   663250000"," ","46","  28,7",
"30/07/2025  7:20:02,688","   669250000"," ","47","  28,1",
"30/07/2025  7:20:02,688","   675250000"," ","48","  28,8",
"30/07/2025  7:20:02,688","   681250000"," ","49","  27,8",
"30/07/2025  7:20:02,688","   687250000"," ","50","  28,4",
"30/07/2025  7:20:02,688","   693250000"," ","51","  28,7",
"30/07/2025  7:20:48,569","    55250000"," ","2","  42,0",
"30/07/2025  7:20:48,569","    61250000","RED TELESISTEMA (R.T.S)","3","  63,4",
"30/07/2025  7:20:48,569","    67250000"," ","4","  37,8",
"30/07/2025  7:20:48,569","    77250000"," ","5","  43,0",
"30/07/2025  7:20:48,569","    83250000","TELERAMA","6","  36,8",
"30/07/2025  7:20:48,569","   175250000","ECUADOR TV","7","  35,8",
"30/07/2025  7:20:48,569","   181250000"," CORPORACIÓN ECUATORIANA ","8","  77,4",
"30/07/2025  7:20:48,569","   187250000","TELEVISION DEL PACIFICO","9","  39,4",
"30/07/2025  7:20:48,569","   193250000"," ","10","  45,3",
"30/07/2025  7:20:48,569","   199250000","TELEAMAZONAS","11","  78,5",
"30/07/2025  7:20:48,569","   205250000"," ","12","  43,9",
"30/07/2025  7:20:48,569","   211250000","CADENA ECUATORIANA DE TEL","13","  72,7",
"30/07/2025  7:20:48,569","   471250000"," ","14","  30,6",
"30/07/2025  7:20:48,569","   477250000"," ","15","  28,3",
"30/07/2025  7:20:48,569","   483250000"," ","16","  27,8",
"30/07/2025  7:20:48,569","   513250000"," ","21","  27,5",
"30/07/2025  7:20:48,569","   519250000"," ","22","  28,0",
"30/07/2025  7:20:48,569","   525250000"," ","23","  30,5",
"30/07/2025  7:20:48,569","   531250000"," ","24","  33,0",
"30/07/2025  7:20:48,569","   537250000"," ","25","  32,9",
"30/07/2025  7:20:48,569","   543250000"," ","26","  35,5",
"30/07/2025  7:20:48,569","   549250000","OK TV-TEVECORP","27","  31,2",
"30/07/2025  7:20:48,569","   555250000"," ","28","  35,7",
"30/07/2025  7:20:48,569","   561250000"," ","29","  32,4",
"30/07/2025  7:20:48,569","   567250000"," ","30","  28,8",
"30/07/2025  7:20:48,569","   573250000","CANAL UNO no","31","  29,6",
"30/07/2025  7:20:48,569","   579250000"," ","32","  29,7",
"30/07/2025  7:20:48,569","   585250000","TELEATAHUALPA (RTU)","33","  31,6",
"30/07/2025  7:20:48,569","   591350000"," ","34","  30,2",
"30/07/2025  7:20:48,569","   597250000","TELEVICENTRO TVC","35","  79,6",
"30/07/2025  7:20:48,569","   603250000"," ","36","  30,9",
"30/07/2025  7:20:48,569","   615250000"," ","38","  33,2",
"30/07/2025  7:20:48,569","   621250000","UCSG TELEVISION","39","  31,8",
"30/07/2025  7:20:48,569","   627250000"," ","40","  29,7",
"30/07/2025  7:20:48,569","   633250000","OROMAR","41","  30,9",
"30/07/2025  7:20:48,569","   639250000"," ","42","  30,8",
"30/07/2025  7:20:48,569","   645250000"," ","43","  31,2",
"30/07/2025  7:20:48,569","   651250000"," ","44","  29,8",
"30/07/2025  7:20:48,569","   657250000"," ","45","  27,9",
"30/07/2025  7:20:48,569","   663250000"," ","46","  27,4",
"30/07/2025  7:20:48,569","   669250000"," ","47","  29,1",
"30/07/2025  7:20:48,569","   675250000"," ","48","  28,4",
"30/07/2025  7:20:48,569","   681250000"," ","49","  28,8",
"30/07/2025  7:20:48,569","   687250000"," ","50","  27,6",
"30/07/2025  7:20:48,569","   693250000"," ","51","  28,8",
"30/07/2025  7:21:32,538","    55250000"," ","2","  38,3",
"30/07/2025  7:21:32,538","    61250000","RED TELESISTEMA (R.T.S)","3","  63,2",
"30/07/2025  7:21:32,538","    67250000"," ","4","  40,1",
"30/07/2025  7:21:32,538","    77250000"," ","5","  43,5",
"30/07/2025  7:21:32,538","    83250000","TELERAMA","6","  35,8",
"30/07/2025  7:21:32,538","   175250000","ECUADOR TV","7","  54,2",
"30/07/2025  7:21:32,538","   181250000"," CORPORACIÓN ECUATORIANA ","8","  77,7",
"30/07/2025  7:21:32,538","   187250000","TELEVISION DEL PACIFICO","9","  39,9",
"30/07/2025  7:21:32,538","   193250000"," ","10","  45,2",
"30/07/2025  7:21:32,538","   199250000","TELEAMAZONAS","11","  78,4",
"30/07/2025  7:21:32,538","   205250000"," ","12","  32,9",
"30/07/2025  7:21:32,538","   211250000","CADENA ECUATORIANA DE TEL","13","  72,6",
"30/07/2025  7:21:32,538","   471250000"," ","14","  28,2",
"30/07/2025  7:21:32,538","   477250000"," ","15","  29,6",
"30/07/2025  7:21:32,538","   483250000"," ","16","  27,6",
"30/07/2025  7:21:32,538","   513250000"," ","21","  26,7",
"30/07/2025  7:21:32,538","   519250000"," ","22","  40,1",
"30/07/2025  7:21:32,538","   525250000"," ","23","  30,3",
"30/07/2025  7:21:32,538","   531250000"," ","24","  32,0",
"30/07/2025  7:21:32,538","   537250000"," ","25","  32,2",
"30/07/2025  7:21:32,538","   543250000"," ","26","  36,2",
"30/07/2025  7:21:32,538","   549250000","OK TV-TEVECORP","27","  30,3",
"30/07/2025  7:21:32,538","   555250000"," ","28","  34,6",
"30/07/2025  7:21:32,538","   561250000"," ","29","  31,4",
"30/07/2025  7:21:32,538","   567250000"," ","30","  28,2",
"30/07/2025  7:21:32,538","   573250000","CANAL UNO no","31","  29,5",
"30/07/2025  7:21:32,538","   579250000"," ","32","  29,1",
"30/07/2025  7:21:32,538","   585250000","TELEATAHUALPA (RTU)","33","  33,4",
"30/07/2025  7:21:32,538","   591350000"," ","34","  29,7",
"30/07/2025  7:21:32,538","   597250000","TELEVICENTRO TVC","35","  80,3",
"30/07/2025  7:21:32,538","   603250000"," ","36","  32,2",
"30/07/2025  7:21:32,538","   615250000"," ","38","  32,3",
"30/07/2025  7:21:32,538","   621250000","UCSG TELEVISION","39","  30,0",
"30/07/2025  7:21:32,538","   627250000"," ","40","  29,8",
"30/07/2025  7:21:32,538","   633250000","OROMAR","41","  29,9",
"30/07/2025  7:21:32,538","   639250000"," ","42","  30,8",
"30/07/2025  7:21:32,538","   645250000"," ","43","  31,0",
"30/07/2025  7:21:32,538","   651250000"," ","44","  29,4",
"30/07/2025  7:21:32,538","   657250000"," ","45","  27,1",
"30/07/2025  7:21:32,538","   663250000"," ","46","  29,0",
"30/07/2025  7:21:32,538","   669250000"," ","47","  27,6",
"30/07/2025  7:21:32,538","   675250000"," ","48","  29,4",
"30/07/2025  7:21:32,538","   681250000"," ","49","  29,7",
"30/07/2025  7:21:32,538","   687250000"," ","50","  28,6",
"30/07/2025  7:21:32,538","   693250000"," ","51","  28,6",
"30/07/2025  7:22:18,407","    55250000"," ","2","  38,1",
"30/07/2025  7:22:18,407","    61250000","RED TELESISTEMA (R.T.S)","3","  63,5",
"30/07/2025  7:22:18,407","    67250000"," ","4","  38,9",
"30/07/2025  7:22:18,407","    77250000"," ","5","  42,6",
"30/07/2025  7:22:18,407","    83250000","TELERAMA","6","  38,7",
"30/07/2025  7:22:18,407","   175250000","ECUADOR TV","7","  37,4",
"30/07/2025  7:22:18,407","   181250000"," CORPORACIÓN ECUATORIANA ","8","  77,6",
"30/07/2025  7:22:18,407","   187250000","TELEVISION DEL PACIFICO","9","  39,2",
"30/07/2025  7:22:18,407","   193250000"," ","10","  46,6",
"30/07/2025  7:22:18,407","   199250000","TELEAMAZONAS","11","  78,5",
"30/07/2025  7:22:18,407","   205250000"," ","12","  32,5",
"30/07/2025  7:22:18,407","   211250000","CADENA ECUATORIANA DE TEL","13","  72,7",
"30/07/2025  7:22:18,407","   471250000"," ","14","  30,8",
"30/07/2025  7:22:18,407","   477250000"," ","15","  28,7",
"30/07/2025  7:22:18,407","   483250000"," ","16","  27,2",
"30/07/2025  7:22:18,407","   513250000"," ","21","  27,8",
"30/07/2025  7:22:18,407","   519250000"," ","22","  28,8",
"30/07/2025  7:22:18,407","   525250000"," ","23","  29,6",
"30/07/2025  7:22:18,407","   531250000"," ","24","  31,5",
"30/07/2025  7:22:18,407","   537250000"," ","25","  30,8",
"30/07/2025  7:22:18,407","   543250000"," ","26","  37,1",
"30/07/2025  7:22:18,407","   549250000","OK TV-TEVECORP","27","  32,9",
"30/07/2025  7:22:18,407","   555250000"," ","28","  34,8",
"30/07/2025  7:22:18,407","   561250000"," ","29","  38,7",
"30/07/2025  7:22:18,407","   567250000"," ","30","  30,4",
"30/07/2025  7:22:18,407","   573250000","CANAL UNO no","31","  29,7",
"30/07/2025  7:22:18,407","   579250000"," ","32","  29,4",
"30/07/2025  7:22:18,407","   585250000","TELEATAHUALPA (RTU)","33","  32,5",
"30/07/2025  7:22:18,407","   591350000"," ","34","  30,1",
"30/07/2025  7:22:18,407","   597250000","TELEVICENTRO TVC","35","  79,6",
"30/07/2025  7:22:18,407","   603250000"," ","36","  31,9",
"30/07/2025  7:22:18,407","   615250000"," ","38","  33,3",
"30/07/2025  7:22:18,407","   621250000","UCSG TELEVISION","39","  29,5",
"30/07/2025  7:22:18,407","   627250000"," ","40","  30,5",
"30/07/2025  7:22:18,407","   633250000","OROMAR","41","  29,6",
"30/07/2025  7:22:18,407","   639250000"," ","42","  31,2",
"30/07/2025  7:22:18,407","   645250000"," ","43","  30,6",
"30/07/2025  7:22:18,407","   651250000"," ","44","  29,7",
"30/07/2025  7:22:18,407","   657250000"," ","45","  29,9",
"30/07/2025  7:22:18,407","   663250000"," ","46","  27,8",
"30/07/2025  7:22:18,407","   669250000"," ","47","  28,5",
"30/07/2025  7:22:18,407","   675250000"," ","48","  28,3",
"30/07/2025  7:22:18,407","   681250000"," ","49","  29,4",
"30/07/2025  7:22:18,407","   687250000"," ","50","  28,1",
"30/07/2025  7:22:18,407","   693250000"," ","51","  28,3",
"30/07/2025  17:40:02,699","    55250000"," ","2","  42,7",
"30/07/2025  17:40:02,699","    61250000","RED TELESISTEMA (R.T.S)","3","  62,8",
"30/07/2025  17:40:02,699","    67250000"," ","4","  46,1",
"30/07/2025  17:40:02,699","    77250000"," ","5","  41,8",
"30/07/2025  17:40:02,699","    83250000","TELERAMA","6","  33,3",
"30/07/2025  17:40:02,699","   175250000","ECUADOR TV","7","  43,0",
"30/07/2025  17:40:02,699","   181250000"," CORPORACIÓN ECUATORIANA ","8","  77,8",
"30/07/2025  17:40:02,699","   187250000","TELEVISION DEL PACIFICO","9","  43,4",
"30/07/2025  17:40:02,699","   193250000"," ","10","  49,9",
"30/07/2025  17:40:02,699","   199250000","TELEAMAZONAS","11","  78,6",
"30/07/2025  17:40:02,699","   205250000"," ","12","  42,7",
"30/07/2025  17:40:02,699","   211250000","CADENA ECUATORIANA DE TEL","13","  72,8",
"30/07/2025  17:40:02,699","   471250000"," ","14","  28,7",
"30/07/2025  17:40:02,699","   477250000"," ","15","  27,8",
"30/07/2025  17:40:02,699","   483250000"," ","16","  28,5",
"30/07/2025  17:40:02,699","   513250000"," ","21","  28,2",
"30/07/2025  17:40:02,699","   519250000"," ","22","  26,9",
"30/07/2025  17:40:02,699","   525250000"," ","23","  31,2",
"30/07/2025  17:40:02,699","   531250000"," ","24","  31,9",
"30/07/2025  17:40:02,699","   537250000"," ","25","  34,4",
"30/07/2025  17:40:02,699","   543250000"," ","26","  37,1",
"30/07/2025  17:40:02,699","   549250000","OK TV-TEVECORP","27","  33,6",
"30/07/2025  17:40:02,699","   555250000"," ","28","  35,2",
"30/07/2025  17:40:02,699","   561250000"," ","29","  31,2",
"30/07/2025  17:40:02,699","   567250000"," ","30","  30,5",
"30/07/2025  17:40:02,699","   573250000","CANAL UNO no","31","  28,5",
"30/07/2025  17:40:02,699","   579250000"," ","32","  30,8",
"30/07/2025  17:40:02,699","   585250000","TELEATAHUALPA (RTU)","33","  31,5",
"30/07/2025  17:40:02,699","   591350000"," ","34","  31,9",
"30/07/2025  17:40:02,699","   597250000","TELEVICENTRO TVC","35","  78,2",
"30/07/2025  17:40:02,699","   603250000"," ","36","  30,7",
"30/07/2025  17:40:02,699","   615250000"," ","38","  37,2",
"30/07/2025  17:40:02,699","   621250000","UCSG TELEVISION","39","  28,9",
"30/07/2025  17:40:02,699","   627250000"," ","40","  30,5",
"30/07/2025  17:40:02,699","   633250000","OROMAR","41","  27,8",
"30/07/2025  17:40:02,699","   639250000"," ","42","  30,4",
"30/07/2025  17:40:02,699","   645250000"," ","43","  31,6",
"30/07/2025  17:40:02,699","   651250000"," ","44","  30,8",
"30/07/2025  17:40:02,699","   657250000"," ","45","  27,4",
"30/07/2025  17:40:02,699","   663250000"," ","46","  29,7",
"30/07/2025  17:40:02,699","   669250000"," ","47","  29,5",
"30/07/2025  17:40:02,699","   675250000"," ","48","  28,7",
"30/07/2025  17:40:02,699","   681250000"," ","49","  28,8",
"30/07/2025  17:40:02,699","   687250000"," ","50","  29,2",
"30/07/2025  17:40:02,699","   693250000"," ","51","  28,5",
"30/07/2025  17:40:48,580","    55250000"," ","2","  39,6",
"30/07/2025  17:40:48,580","    61250000","RED TELESISTEMA (R.T.S)","3","  62,8",
"30/07/2025  17:40:48,580","    67250000"," ","4","  40,4",
"30/07/2025  17:40:48,580","    77250000"," ","5","  43,4",
"30/07/2025  17:40:48,580","    83250000","TELERAMA","6","  35,2",
"30/07/2025  17:40:48,580","   175250000","ECUADOR TV","7","  41,0",
"30/07/2025  17:40:48,580","   181250000"," CORPORACIÓN ECUATORIANA ","8","  77,9",
"30/07/2025  17:40:48,580","   187250000","TELEVISION DEL PACIFICO","9","  38,9",
"30/07/2025  17:40:48,580","   193250000"," ","10","  44,4",
"30/07/2025  17:40:48,580","   199250000","TELEAMAZONAS","11","  78,3",
"30/07/2025  17:40:48,580","   205250000"," ","12","  40,6",
"30/07/2025  17:40:48,580","   211250000","CADENA ECUATORIANA DE TEL","13","  72,9",
"30/07/2025  17:40:48,580","   471250000"," ","14","  42,2",
"30/07/2025  17:40:48,580","   477250000"," ","15","  28,6",
"30/07/2025  17:40:48,580","   483250000"," ","16","  27,1",
"30/07/2025  17:40:48,580","   513250000"," ","21","  29,2",
"30/07/2025  17:40:48,580","   519250000"," ","22","  28,5",
"30/07/2025  17:40:48,580","   525250000"," ","23","  30,1",
"30/07/2025  17:40:48,580","   531250000"," ","24","  32,6",
"30/07/2025  17:40:48,580","   537250000"," ","25","  33,6",
"30/07/2025  17:40:48,580","   543250000"," ","26","  38,2",
"30/07/2025  17:40:48,580","   549250000","OK TV-TEVECORP","27","  30,8",
"30/07/2025  17:40:48,580","   555250000"," ","28","  33,5",
"30/07/2025  17:40:48,580","   561250000"," ","29","  31,1",
"30/07/2025  17:40:48,580","   567250000"," ","30","  29,0",
"30/07/2025  17:40:48,580","   573250000","CANAL UNO no","31","  29,5",
"30/07/2025  17:40:48,580","   579250000"," ","32","  28,4",
"30/07/2025  17:40:48,580","   585250000","TELEATAHUALPA (RTU)","33","  32,5",
"30/07/2025  17:40:48,580","   591350000"," ","34","  32,2",
"30/07/2025  17:40:48,580","   597250000","TELEVICENTRO TVC","35","  79,7",
"30/07/2025  17:40:48,580","   603250000"," ","36","  30,7",
"30/07/2025  17:40:48,580","   615250000"," ","38","  38,3",
"30/07/2025  17:40:48,580","   621250000","UCSG TELEVISION","39","  29,3",
"30/07/2025  17:40:48,580","   627250000"," ","40","  28,7",
"30/07/2025  17:40:48,580","   633250000","OROMAR","41","  29,4",
"30/07/2025  17:40:48,580","   639250000"," ","42","  31,6",
"30/07/2025  17:40:48,580","   645250000"," ","43","  30,2",
"30/07/2025  17:40:48,580","   651250000"," ","44","  29,5",
"30/07/2025  17:40:48,580","   657250000"," ","45","  27,4",
"30/07/2025  17:40:48,580","   663250000"," ","46","  30,1",
"30/07/2025  17:40:48,580","   669250000"," ","47","  28,8",
"30/07/2025  17:40:48,580","   675250000"," ","48","  28,0",
"30/07/2025  17:40:48,580","   681250000"," ","49","  40,6",
"30/07/2025  17:40:48,580","   687250000"," ","50","  27,6",
"30/07/2025  17:40:48,580","   693250000"," ","51","  30,3",
"30/07/2025  17:41:32,502","    55250000"," ","2","  37,7",
"30/07/2025  17:41:32,502","    61250000","RED TELESISTEMA (R.T.S)","3","  63,0",
"30/07/2025  17:41:32,502","    67250000"," ","4","  39,9",
"30/07/2025  17:41:32,502","    77250000"," ","5","  41,5",
"30/07/2025  17:41:32,502","    83250000","TELERAMA","6","  37,3",
"30/07/2025  17:41:32,502","   175250000","ECUADOR TV","7","  44,1",
"30/07/2025  17:41:32,502","   181250000"," CORPORACIÓN ECUATORIANA ","8","  77,6",
"30/07/2025  17:41:32,502","   187250000","TELEVISION DEL PACIFICO","9","  38,8",
"30/07/2025  17:41:32,502","   193250000"," ","10","  45,0",
"30/07/2025  17:41:32,502","   199250000","TELEAMAZONAS","11","  78,5",
"30/07/2025  17:41:32,502","   205250000"," ","12","  35,1",
"30/07/2025  17:41:32,502","   211250000","CADENA ECUATORIANA DE TEL","13","  72,9",
"30/07/2025  17:41:32,502","   471250000"," ","14","  28,4",
"30/07/2025  17:41:32,502","   477250000"," ","15","  39,9",
"30/07/2025  17:41:32,502","   483250000"," ","16","  28,7",
"30/07/2025  17:41:32,502","   513250000"," ","21","  28,3",
"30/07/2025  17:41:32,502","   519250000"," ","22","  29,1",
"30/07/2025  17:41:32,502","   525250000"," ","23","  29,6",
"30/07/2025  17:41:32,502","   531250000"," ","24","  30,9",
"30/07/2025  17:41:32,502","   537250000"," ","25","  32,2",
"30/07/2025  17:41:32,502","   543250000"," ","26","  36,0",
"30/07/2025  17:41:32,502","   549250000","OK TV-TEVECORP","27","  30,9",
"30/07/2025  17:41:32,502","   555250000"," ","28","  34,5",
"30/07/2025  17:41:32,502","   561250000"," ","29","  31,8",
"30/07/2025  17:41:32,502","   567250000"," ","30","  29,4",
"30/07/2025  17:41:32,502","   573250000","CANAL UNO no","31","  29,5",
"30/07/2025  17:41:32,502","   579250000"," ","32","  29,7",
"30/07/2025  17:41:32,502","   585250000","TELEATAHUALPA (RTU)","33","  33,0",
"30/07/2025  17:41:32,502","   591350000"," ","34","  29,1",
"30/07/2025  17:41:32,502","   597250000","TELEVICENTRO TVC","35","  78,1",
"30/07/2025  17:41:32,502","   603250000"," ","36","  30,2",
"30/07/2025  17:41:32,502","   615250000"," ","38","  39,7",
"30/07/2025  17:41:32,502","   621250000","UCSG TELEVISION","39","  32,7",
"30/07/2025  17:41:32,502","   627250000"," ","40","  29,3",
"30/07/2025  17:41:32,502","   633250000","OROMAR","41","  29,0",
"30/07/2025  17:41:32,502","   639250000"," ","42","  30,5",
"30/07/2025  17:41:32,502","   645250000"," ","43","  31,2",
"30/07/2025  17:41:32,502","   651250000"," ","44","  28,8",
"30/07/2025  17:41:32,502","   657250000"," ","45","  27,7",
"30/07/2025  17:41:32,502","   663250000"," ","46","  30,4",
"30/07/2025  17:41:32,502","   669250000"," ","47","  27,7",
"30/07/2025  17:41:32,502","   675250000"," ","48","  34,5",
"30/07/2025  17:41:32,502","   681250000"," ","49","  28,6",
"30/07/2025  17:41:32,502","   687250000"," ","50","  28,2",
"30/07/2025  17:41:32,502","   693250000"," ","51","  29,4",
"30/07/2025  17:42:18,382","    55250000"," ","2","  41,9",
"30/07/2025  17:42:18,382","    61250000","RED TELESISTEMA (R.T.S)","3","  63,0",
"30/07/2025  17:42:18,382","    67250000"," ","4","  39,9",
"30/07/2025  17:42:18,382","    77250000"," ","5","  46,1",
"30/07/2025  17:42:18,382","    83250000","TELERAMA","6","  37,6",
"30/07/2025  17:42:18,382","   175250000","ECUADOR TV","7","  37,0",
"30/07/2025  17:42:18,382","   181250000"," CORPORACIÓN ECUATORIANA ","8","  77,9",
"30/07/2025  17:42:18,382","   187250000","TELEVISION DEL PACIFICO","9","  42,1",
"30/07/2025  17:42:18,382","   193250000"," ","10","  48,9",
"30/07/2025  17:42:18,382","   199250000","TELEAMAZONAS","11","  78,3",
"30/07/2025  17:42:18,382","   205250000"," ","12","  43,1",
"30/07/2025  17:42:18,382","   211250000","CADENA ECUATORIANA DE TEL","13","  72,9",
"30/07/2025  17:42:18,382","   471250000"," ","14","  27,7",
"30/07/2025  17:42:18,382","   477250000"," ","15","  39,9",
"30/07/2025  17:42:18,382","   483250000"," ","16","  28,2",
"30/07/2025  17:42:18,382","   513250000"," ","21","  29,2",
"30/07/2025  17:42:18,382","   519250000"," ","22","  27,6",
"30/07/2025  17:42:18,382","   525250000"," ","23","  30,7",
"30/07/2025  17:42:18,382","   531250000"," ","24","  32,1",
"30/07/2025  17:42:18,382","   537250000"," ","25","  32,4",
"30/07/2025  17:42:18,382","   543250000"," ","26","  35,8",
"30/07/2025  17:42:18,382","   549250000","OK TV-TEVECORP","27","  30,2",
"30/07/2025  17:42:18,382","   555250000"," ","28","  35,4",
"30/07/2025  17:42:18,382","   561250000"," ","29","  32,4",
"30/07/2025  17:42:18,382","   567250000"," ","30","  29,2",
"30/07/2025  17:42:18,382","   573250000","CANAL UNO no","31","  30,2",
"30/07/2025  17:42:18,382","   579250000"," ","32","  30,5",
"30/07/2025  17:42:18,382","   585250000","TELEATAHUALPA (RTU)","33","  32,6",
"30/07/2025  17:42:18,382","   591350000"," ","34","  29,5",
"30/07/2025  17:42:18,382","   597250000","TELEVICENTRO TVC","35","  79,3",
"30/07/2025  17:42:18,382","   603250000"," ","36","  30,5",
"30/07/2025  17:42:18,382","   615250000"," ","38","  38,9",
"30/07/2025  17:42:18,382","   621250000","UCSG TELEVISION","39","  30,8",
"30/07/2025  17:42:18,382","   627250000"," ","40","  29,3",
"30/07/2025  17:42:18,382","   633250000","OROMAR","41","  28,8",
"30/07/2025  17:42:18,382","   639250000"," ","42","  29,5",
"30/07/2025  17:42:18,382","   645250000"," ","43","  30,7",
"30/07/2025  17:42:18,382","   651250000"," ","44","  29,5",
"30/07/2025  17:42:18,382","   657250000"," ","45","  28,3",
"30/07/2025  17:42:18,382","   663250000"," ","46","  27,9",
"30/07/2025  17:42:18,382","   669250000"," ","47","  29,4",
"30/07/2025  17:42:18,382","   675250000"," ","48","  28,8",
"30/07/2025  17:42:18,382","   681250000"," ","49","  28,8",
"30/07/2025  17:42:18,382","   687250000"," ","50","  28,9",
"30/07/2025  17:42:18,382","   693250000"," ","51","  28,6",
"31/07/2025  7:20:02,701","    55250000"," ","2","  39,2",
"31/07/2025  7:20:02,701","    61250000","RED TELESISTEMA (R.T.S)","3","  63,1",
"31/07/2025  7:20:02,701","    67250000"," ","4","  39,5",
"31/07/2025  7:20:02,701","    77250000"," ","5","  49,2",
"31/07/2025  7:20:02,701","    83250000","TELERAMA","6","  39,5",
"31/07/2025  7:20:02,701","   175250000","ECUADOR TV","7","  36,1",
"31/07/2025  7:20:02,701","   181250000"," CORPORACIÓN ECUATORIANA ","8","  77,6",
"31/07/2025  7:20:02,701","   187250000","TELEVISION DEL PACIFICO","9","  41,2",
"31/07/2025  7:20:02,701","   193250000"," ","10","  51,6",
"31/07/2025  7:20:02,701","   199250000","TELEAMAZONAS","11","  78,3",
"31/07/2025  7:20:02,701","   205250000"," ","12","  32,4",
"31/07/2025  7:20:02,701","   211250000","CADENA ECUATORIANA DE TEL","13","  72,6",
"31/07/2025  7:20:02,701","   471250000"," ","14","  28,9",
"31/07/2025  7:20:02,701","   477250000"," ","15","  29,4",
"31/07/2025  7:20:02,701","   483250000"," ","16","  28,4",
"31/07/2025  7:20:02,701","   513250000"," ","21","  28,2",
"31/07/2025  7:20:02,701","   519250000"," ","22","  28,5",
"31/07/2025  7:20:02,701","   525250000"," ","23","  30,2",
"31/07/2025  7:20:02,701","   531250000"," ","24","  29,6",
"31/07/2025  7:20:02,701","   537250000"," ","25","  31,7",
"31/07/2025  7:20:02,701","   543250000"," ","26","  30,8",
"31/07/2025  7:20:02,701","   549250000","OK TV-TEVECORP","27","  32,3",
"31/07/2025  7:20:02,701","   555250000"," ","28","  40,1",
"31/07/2025  7:20:02,701","   561250000"," ","29","  31,7",
"31/07/2025  7:20:02,701","   567250000"," ","30","  30,5",
"31/07/2025  7:20:02,701","   573250000","CANAL UNO no","31","  29,2",
"31/07/2025  7:20:02,701","   579250000"," ","32","  29,6",
"31/07/2025  7:20:02,701","   585250000","TELEATAHUALPA (RTU)","33","  32,6",
"31/07/2025  7:20:02,701","   591350000"," ","34","  29,6",
"31/07/2025  7:20:02,701","   597250000","TELEVICENTRO TVC","35","  79,5",
"31/07/2025  7:20:02,701","   603250000"," ","36","  29,5",
"31/07/2025  7:20:02,701","   615250000"," ","38","  38,6",
"31/07/2025  7:20:02,701","   621250000","UCSG TELEVISION","39","  29,0",
"31/07/2025  7:20:02,701","   627250000"," ","40","  30,6",
"31/07/2025  7:20:02,701","   633250000","OROMAR","41","  29,5",
"31/07/2025  7:20:02,701","   639250000"," ","42","  28,8",
"31/07/2025  7:20:02,701","   645250000"," ","43","  31,7",
"31/07/2025  7:20:02,701","   651250000"," ","44","  29,1",
"31/07/2025  7:20:02,701","   657250000"," ","45","  28,4",
"31/07/2025  7:20:02,701","   663250000"," ","46","  27,7",
"31/07/2025  7:20:02,701","   669250000"," ","47","  28,7",
"31/07/2025  7:20:02,701","   675250000"," ","48","  28,2",
"31/07/2025  7:20:02,701","   681250000"," ","49","  29,2",
"31/07/2025  7:20:02,701","   687250000"," ","50","  28,6",
"31/07/2025  7:20:02,701","   693250000"," ","51","  28,1",
"31/07/2025  7:20:48,580","    55250000"," ","2","  35,6",
"31/07/2025  7:20:48,580","    61250000","RED TELESISTEMA (R.T.S)","3","  63,0",
"31/07/2025  7:20:48,580","    67250000"," ","4","  39,8",
"31/07/2025  7:20:48,580","    77250000"," ","5","  41,1",
"31/07/2025  7:20:48,580","    83250000","TELERAMA","6","  35,9",
"31/07/2025  7:20:48,580","   175250000","ECUADOR TV","7","  36,6",
"31/07/2025  7:20:48,580","   181250000"," CORPORACIÓN ECUATORIANA ","8","  77,4",
"31/07/2025  7:20:48,580","   187250000","TELEVISION DEL PACIFICO","9","  38,6",
"31/07/2025  7:20:48,580","   193250000"," ","10","  45,8",
"31/07/2025  7:20:48,580","   199250000","TELEAMAZONAS","11","  78,1",
"31/07/2025  7:20:48,580","   205250000"," ","12","  41,0",
"31/07/2025  7:20:48,580","   211250000","CADENA ECUATORIANA DE TEL","13","  72,5",
"31/07/2025  7:20:48,580","   471250000"," ","14","  27,5",
"31/07/2025  7:20:48,580","   477250000"," ","15","  30,1",
"31/07/2025  7:20:48,580","   483250000"," ","16","  27,7",
"31/07/2025  7:20:48,580","   513250000"," ","21","  30,1",
"31/07/2025  7:20:48,580","   519250000"," ","22","  26,2",
"31/07/2025  7:20:48,580","   525250000"," ","23","  29,9",
"31/07/2025  7:20:48,580","   531250000"," ","24","  27,9",
"31/07/2025  7:20:48,580","   537250000"," ","25","  33,1",
"31/07/2025  7:20:48,580","   543250000"," ","26","  32,3",
"31/07/2025  7:20:48,580","   549250000","OK TV-TEVECORP","27","  30,9",
"31/07/2025  7:20:48,580","   555250000"," ","28","  36,3",
"31/07/2025  7:20:48,580","   561250000"," ","29","  31,3",
"31/07/2025  7:20:48,580","   567250000"," ","30","  30,0",
"31/07/2025  7:20:48,580","   573250000","CANAL UNO no","31","  30,6",
"31/07/2025  7:20:48,580","   579250000"," ","32","  30,1",
"31/07/2025  7:20:48,580","   585250000","TELEATAHUALPA (RTU)","33","  32,7",
"31/07/2025  7:20:48,580","   591350000"," ","34","  32,1",
"31/07/2025  7:20:48,580","   597250000","TELEVICENTRO TVC","35","  80,3",
"31/07/2025  7:20:48,580","   603250000"," ","36","  30,7",
"31/07/2025  7:20:48,580","   615250000"," ","38","  36,5",
"31/07/2025  7:20:48,580","   621250000","UCSG TELEVISION","39","  31,6",
"31/07/2025  7:20:48,580","   627250000"," ","40","  28,9",
"31/07/2025  7:20:48,580","   633250000","OROMAR","41","  30,8",
"31/07/2025  7:20:48,580","   639250000"," ","42","  28,3",
"31/07/2025  7:20:48,580","   645250000"," ","43","  30,3",
"31/07/2025  7:20:48,580","   651250000"," ","44","  29,4",
"31/07/2025  7:20:48,580","   657250000"," ","45","  28,9",
"31/07/2025  7:20:48,580","   663250000"," ","46","  29,2",
"31/07/2025  7:20:48,580","   669250000"," ","47","  28,5",
"31/07/2025  7:20:48,580","   675250000"," ","48","  29,1",
"31/07/2025  7:20:48,580","   681250000"," ","49","  28,4",
"31/07/2025  7:20:48,580","   687250000"," ","50","  28,8",
"31/07/2025  7:20:48,580","   693250000"," ","51","  29,0",
"31/07/2025  7:21:32,505","    55250000"," ","2","  39,4",
"31/07/2025  7:21:32,505","    61250000","RED TELESISTEMA (R.T.S)","3","  63,0",
"31/07/2025  7:21:32,505","    67250000"," ","4","  40,3",
"31/07/2025  7:21:32,505","    77250000"," ","5","  41,8",
"31/07/2025  7:21:32,505","    83250000","TELERAMA","6","  36,7",
"31/07/2025  7:21:32,505","   175250000","ECUADOR TV","7","  37,1",
"31/07/2025  7:21:32,505","   181250000"," CORPORACIÓN ECUATORIANA ","8","  77,3",
"31/07/2025  7:21:32,505","   187250000","TELEVISION DEL PACIFICO","9","  39,4",
"31/07/2025  7:21:32,505","   193250000"," ","10","  52,5",
"31/07/2025  7:21:32,505","   199250000","TELEAMAZONAS","11","  78,2",
"31/07/2025  7:21:32,505","   205250000"," ","12","  32,5",
"31/07/2025  7:21:32,505","   211250000","CADENA ECUATORIANA DE TEL","13","  72,5",
"31/07/2025  7:21:32,505","   471250000"," ","14","  28,2",
"31/07/2025  7:21:32,505","   477250000"," ","15","  27,9",
"31/07/2025  7:21:32,505","   483250000"," ","16","  28,8",
"31/07/2025  7:21:32,505","   513250000"," ","21","  29,2",
"31/07/2025  7:21:32,505","   519250000"," ","22","  27,7",
"31/07/2025  7:21:32,505","   525250000"," ","23","  30,5",
"31/07/2025  7:21:32,505","   531250000"," ","24","  31,6",
"31/07/2025  7:21:32,505","   537250000"," ","25","  31,9",
"31/07/2025  7:21:32,505","   543250000"," ","26","  29,0",
"31/07/2025  7:21:32,505","   549250000","OK TV-TEVECORP","27","  32,4",
"31/07/2025  7:21:32,505","   555250000"," ","28","  35,6",
"31/07/2025  7:21:32,505","   561250000"," ","29","  32,7",
"31/07/2025  7:21:32,505","   567250000"," ","30","  28,5",
"31/07/2025  7:21:32,505","   573250000","CANAL UNO no","31","  29,4",
"31/07/2025  7:21:32,505","   579250000"," ","32","  28,9",
"31/07/2025  7:21:32,505","   585250000","TELEATAHUALPA (RTU)","33","  31,2",
"31/07/2025  7:21:32,505","   591350000"," ","34","  30,3",
"31/07/2025  7:21:32,505","   597250000","TELEVICENTRO TVC","35","  80,3",
"31/07/2025  7:21:32,505","   603250000"," ","36","  30,3",
"31/07/2025  7:21:32,505","   615250000"," ","38","  38,6",
"31/07/2025  7:21:32,505","   621250000","UCSG TELEVISION","39","  29,6",
"31/07/2025  7:21:32,505","   627250000"," ","40","  44,4",
"31/07/2025  7:21:32,505","   633250000","OROMAR","41","  29,0",
"31/07/2025  7:21:32,505","   639250000"," ","42","  28,4",
"31/07/2025  7:21:32,505","   645250000"," ","43","  32,2",
"31/07/2025  7:21:32,505","   651250000"," ","44","  28,0",
"31/07/2025  7:21:32,505","   657250000"," ","45","  28,2",
"31/07/2025  7:21:32,505","   663250000"," ","46","  29,3",
"31/07/2025  7:21:32,505","   669250000"," ","47","  28,2",
"31/07/2025  7:21:32,505","   675250000"," ","48","  28,1",
"31/07/2025  7:21:32,505","   681250000"," ","49","  29,8",
"31/07/2025  7:21:32,505","   687250000"," ","50","  28,7",
"31/07/2025  7:21:32,505","   693250000"," ","51","  29,9",
"31/07/2025  7:22:18,372","    55250000"," ","2","  38,7",
"31/07/2025  7:22:18,372","    61250000","RED TELESISTEMA (R.T.S)","3","  63,1",
"31/07/2025  7:22:18,372","    67250000"," ","4","  40,7",
"31/07/2025  7:22:18,372","    77250000"," ","5","  43,7",
"31/07/2025  7:22:18,372","    83250000","TELERAMA","6","  38,2",
"31/07/2025  7:22:18,372","   175250000","ECUADOR TV","7","  37,5",
"31/07/2025  7:22:18,372","   181250000"," CORPORACIÓN ECUATORIANA ","8","  77,4",
"31/07/2025  7:22:18,372","   187250000","TELEVISION DEL PACIFICO","9","  37,9",
"31/07/2025  7:22:18,372","   193250000"," ","10","  46,0",
"31/07/2025  7:22:18,372","   199250000","TELEAMAZONAS","11","  78,2",
"31/07/2025  7:22:18,372","   205250000"," ","12","  40,8",
"31/07/2025  7:22:18,372","   211250000","CADENA ECUATORIANA DE TEL","13","  72,8",
"31/07/2025  7:22:18,372","   471250000"," ","14","  28,9",
"31/07/2025  7:22:18,372","   477250000"," ","15","  28,3",
"31/07/2025  7:22:18,372","   483250000"," ","16","  28,7",
"31/07/2025  7:22:18,372","   513250000"," ","21","  28,6",
"31/07/2025  7:22:18,372","   519250000"," ","22","  26,9",
"31/07/2025  7:22:18,372","   525250000"," ","23","  30,6",
"31/07/2025  7:22:18,372","   531250000"," ","24","  29,7",
"31/07/2025  7:22:18,372","   537250000"," ","25","  36,2",
"31/07/2025  7:22:18,372","   543250000"," ","26","  30,8",
"31/07/2025  7:22:18,372","   549250000","OK TV-TEVECORP","27","  31,6",
"31/07/2025  7:22:18,372","   555250000"," ","28","  34,4",
"31/07/2025  7:22:18,372","   561250000"," ","29","  31,9",
"31/07/2025  7:22:18,372","   567250000"," ","30","  30,9",
"31/07/2025  7:22:18,372","   573250000","CANAL UNO no","31","  29,6",
"31/07/2025  7:22:18,372","   579250000"," ","32","  29,6",
"31/07/2025  7:22:18,372","   585250000","TELEATAHUALPA (RTU)","33","  32,0",
"31/07/2025  7:22:18,372","   591350000"," ","34","  29,3",
"31/07/2025  7:22:18,372","   597250000","TELEVICENTRO TVC","35","  79,9",
"31/07/2025  7:22:18,372","   603250000"," ","36","  31,0",
"31/07/2025  7:22:18,372","   615250000"," ","38","  37,9",
"31/07/2025  7:22:18,372","   621250000","UCSG TELEVISION","39","  29,5",
"31/07/2025  7:22:18,372","   627250000"," ","40","  31,5",
"31/07/2025  7:22:18,372","   633250000","OROMAR","41","  32,1",
"31/07/2025  7:22:18,372","   639250000"," ","42","  36,8",
"31/07/2025  7:22:18,372","   645250000"," ","43","  32,5",
"31/07/2025  7:22:18,372","   651250000"," ","44","  30,9",
"31/07/2025  7:22:18,372","   657250000"," ","45","  29,0",
"31/07/2025  7:22:18,372","   663250000"," ","46","  28,2",
"31/07/2025  7:22:18,372","   669250000"," ","47","  28,3",
"31/07/2025  7:22:18,372","   675250000"," ","48","  28,4",
"31/07/2025  7:22:18,372","   681250000"," ","49","  29,9",
"31/07/2025  7:22:18,372","   687250000"," ","50","  27,8",
"31/07/2025  7:22:18,372","   693250000"," ","51","  28,6",
"31/07/2025  17:40:02,741","    55250000"," ","2","  37,5",
"31/07/2025  17:40:02,741","    61250000","RED TELESISTEMA (R.T.S)","3","  63,1",
"31/07/2025  17:40:02,741","    67250000"," ","4","  37,2",
"31/07/2025  17:40:02,741","    77250000"," ","5","  42,2",
"31/07/2025  17:40:02,741","    83250000","TELERAMA","6","  36,9",
"31/07/2025  17:40:02,741","   175250000","ECUADOR TV","7","  37,3",
"31/07/2025  17:40:02,741","   181250000"," CORPORACIÓN ECUATORIANA ","8","  77,5",
"31/07/2025  17:40:02,741","   187250000","TELEVISION DEL PACIFICO","9","  40,3",
"31/07/2025  17:40:02,741","   193250000"," ","10","  44,4",
"31/07/2025  17:40:02,741","   199250000","TELEAMAZONAS","11","  78,3",
"31/07/2025  17:40:02,741","   205250000"," ","12","  34,5",
"31/07/2025  17:40:02,741","   211250000","CADENA ECUATORIANA DE TEL","13","  72,7",
"31/07/2025  17:40:02,741","   471250000"," ","14","  27,7",
"31/07/2025  17:40:02,741","   477250000"," ","15","  29,6",
"31/07/2025  17:40:02,741","   483250000"," ","16","  32,3",
"31/07/2025  17:40:02,741","   513250000"," ","21","  28,0",
"31/07/2025  17:40:02,741","   519250000"," ","22","  28,6",
"31/07/2025  17:40:02,741","   525250000"," ","23","  29,9",
"31/07/2025  17:40:02,741","   531250000"," ","24","  30,5",
"31/07/2025  17:40:02,741","   537250000"," ","25","  32,2",
"31/07/2025  17:40:02,741","   543250000"," ","26","  36,6",
"31/07/2025  17:40:02,741","   549250000","OK TV-TEVECORP","27","  33,9",
"31/07/2025  17:40:02,741","   555250000"," ","28","  51,1",
"31/07/2025  17:40:02,741","   561250000"," ","29","  32,2",
"31/07/2025  17:40:02,741","   567250000"," ","30","  28,8",
"31/07/2025  17:40:02,741","   573250000","CANAL UNO no","31","  30,5",
"31/07/2025  17:40:02,741","   579250000"," ","32","  29,5",
"31/07/2025  17:40:02,741","   585250000","TELEATAHUALPA (RTU)","33","  32,4",
"31/07/2025  17:40:02,741","   591350000"," ","34","  30,5",
"31/07/2025  17:40:02,741","   597250000","TELEVICENTRO TVC","35","  80,2",
"31/07/2025  17:40:02,741","   603250000"," ","36","  37,8",
"31/07/2025  17:40:02,741","   615250000"," ","38","  36,6",
"31/07/2025  17:40:02,741","   621250000","UCSG TELEVISION","39","  34,1",
"31/07/2025  17:40:02,741","   627250000"," ","40","  28,2",
"31/07/2025  17:40:02,741","   633250000","OROMAR","41","  29,3",
"31/07/2025  17:40:02,741","   639250000"," ","42","  29,8",
"31/07/2025  17:40:02,741","   645250000"," ","43","  31,3",
"31/07/2025  17:40:02,741","   651250000"," ","44","  28,1",
"31/07/2025  17:40:02,741","   657250000"," ","45","  30,3",
"31/07/2025  17:40:02,741","   663250000"," ","46","  28,7",
"31/07/2025  17:40:02,741","   669250000"," ","47","  28,5",
"31/07/2025  17:40:02,741","   675250000"," ","48","  29,0",
"31/07/2025  17:40:02,741","   681250000"," ","49","  28,8",
"31/07/2025  17:40:02,741","   687250000"," ","50","  28,1",
"31/07/2025  17:40:02,741","   693250000"," ","51","  28,7",
"31/07/2025  17:40:48,638","    55250000"," ","2","  37,9",
"31/07/2025  17:40:48,638","    61250000","RED TELESISTEMA (R.T.S)","3","  63,2",
"31/07/2025  17:40:48,638","    67250000"," ","4","  39,0",
"31/07/2025  17:40:48,638","    77250000"," ","5","  44,5",
"31/07/2025  17:40:48,638","    83250000","TELERAMA","6","  37,0",
"31/07/2025  17:40:48,638","   175250000","ECUADOR TV","7","  39,4",
"31/07/2025  17:40:48,638","   181250000"," CORPORACIÓN ECUATORIANA ","8","  77,7",
"31/07/2025  17:40:48,638","   187250000","TELEVISION DEL PACIFICO","9","  39,2",
"31/07/2025  17:40:48,638","   193250000"," ","10","  42,4",
"31/07/2025  17:40:48,638","   199250000","TELEAMAZONAS","11","  78,4",
"31/07/2025  17:40:48,638","   205250000"," ","12","  47,0",
"31/07/2025  17:40:48,638","   211250000","CADENA ECUATORIANA DE TEL","13","  72,4",
"31/07/2025  17:40:48,638","   471250000"," ","14","  29,8",
"31/07/2025  17:40:48,638","   477250000"," ","15","  28,5",
"31/07/2025  17:40:48,638","   483250000"," ","16","  27,7",
"31/07/2025  17:40:48,638","   513250000"," ","21","  30,0",
"31/07/2025  17:40:48,638","   519250000"," ","22","  27,1",
"31/07/2025  17:40:48,638","   525250000"," ","23","  48,8",
"31/07/2025  17:40:48,638","   531250000"," ","24","  31,5",
"31/07/2025  17:40:48,638","   537250000"," ","25","  31,8",
"31/07/2025  17:40:48,638","   543250000"," ","26","  37,5",
"31/07/2025  17:40:48,638","   549250000","OK TV-TEVECORP","27","  33,2",
"31/07/2025  17:40:48,638","   555250000"," ","28","  36,1",
"31/07/2025  17:40:48,638","   561250000"," ","29","  32,0",
"31/07/2025  17:40:48,638","   567250000"," ","30","  30,4",
"31/07/2025  17:40:48,638","   573250000","CANAL UNO no","31","  29,7",
"31/07/2025  17:40:48,638","   579250000"," ","32","  29,3",
"31/07/2025  17:40:48,638","   585250000","TELEATAHUALPA (RTU)","33","  33,0",
"31/07/2025  17:40:48,638","   591350000"," ","34","  29,5",
"31/07/2025  17:40:48,638","   597250000","TELEVICENTRO TVC","35","  78,9",
"31/07/2025  17:40:48,638","   603250000"," ","36","  30,7",
"31/07/2025  17:40:48,638","   615250000"," ","38","  36,1",
"31/07/2025  17:40:48,638","   621250000","UCSG TELEVISION","39","  28,9",
"31/07/2025  17:40:48,638","   627250000"," ","40","  28,8",
"31/07/2025  17:40:48,638","   633250000","OROMAR","41","  28,4",
"31/07/2025  17:40:48,638","   639250000"," ","42","  30,5",
"31/07/2025  17:40:48,638","   645250000"," ","43","  31,3",
"31/07/2025  17:40:48,638","   651250000"," ","44","  27,9",
"31/07/2025  17:40:48,638","   657250000"," ","45","  28,4",
"31/07/2025  17:40:48,638","   663250000"," ","46","  30,5",
"31/07/2025  17:40:48,638","   669250000"," ","47","  29,2",
"31/07/2025  17:40:48,638","   675250000"," ","48","  29,0",
"31/07/2025  17:40:48,638","   681250000"," ","49","  36,9",
"31/07/2025  17:40:48,638","   687250000"," ","50","  27,2",
"31/07/2025  17:40:48,638","   693250000"," ","51","  27,9",
"31/07/2025  17:41:32,566","    55250000"," ","2","  37,0",
"31/07/2025  17:41:32,566","    61250000","RED TELESISTEMA (R.T.S)","3","  62,8",
"31/07/2025  17:41:32,566","    67250000"," ","4","  37,6",
"31/07/2025  17:41:32,566","    77250000"," ","5","  42,2",
"31/07/2025  17:41:32,566","    83250000","TELERAMA","6","  38,4",
"31/07/2025  17:41:32,566","   175250000","ECUADOR TV","7","  36,1",
"31/07/2025  17:41:32,566","   181250000"," CORPORACIÓN ECUATORIANA ","8","  77,3",
"31/07/2025  17:41:32,566","   187250000","TELEVISION DEL PACIFICO","9","  41,0",
"31/07/2025  17:41:32,566","   193250000"," ","10","  46,0",
"31/07/2025  17:41:32,566","   199250000","TELEAMAZONAS","11","  78,2",
"31/07/2025  17:41:32,566","   205250000"," ","12","  32,9",
"31/07/2025  17:41:32,566","   211250000","CADENA ECUATORIANA DE TEL","13","  72,6",
"31/07/2025  17:41:32,566","   471250000"," ","14","  28,2",
"31/07/2025  17:41:32,566","   477250000"," ","15","  28,1",
"31/07/2025  17:41:32,566","   483250000"," ","16","  27,8",
"31/07/2025  17:41:32,566","   513250000"," ","21","  30,6",
"31/07/2025  17:41:32,566","   519250000"," ","22","  29,4",
"31/07/2025  17:41:32,566","   525250000"," ","23","  29,4",
"31/07/2025  17:41:32,566","   531250000"," ","24","  30,1",
"31/07/2025  17:41:32,566","   537250000"," ","25","  32,4",
"31/07/2025  17:41:32,566","   543250000"," ","26","  37,0",
"31/07/2025  17:41:32,566","   549250000","OK TV-TEVECORP","27","  31,0",
"31/07/2025  17:41:32,566","   555250000"," ","28","  36,7",
"31/07/2025  17:41:32,566","   561250000"," ","29","  31,8",
"31/07/2025  17:41:32,566","   567250000"," ","30","  30,7",
"31/07/2025  17:41:32,566","   573250000","CANAL UNO no","31","  31,0",
"31/07/2025  17:41:32,566","   579250000"," ","32","  29,4",
"31/07/2025  17:41:32,566","   585250000","TELEATAHUALPA (RTU)","33","  33,0",
"31/07/2025  17:41:32,566","   591350000"," ","34","  30,3",
"31/07/2025  17:41:32,566","   597250000","TELEVICENTRO TVC","35","  79,8",
"31/07/2025  17:41:32,566","   603250000"," ","36","  30,0",
"31/07/2025  17:41:32,566","   615250000"," ","38","  35,8",
"31/07/2025  17:41:32,566","   621250000","UCSG TELEVISION","39","  29,7",
"31/07/2025  17:41:32,566","   627250000"," ","40","  29,1",
"31/07/2025  17:41:32,566","   633250000","OROMAR","41","  28,2",
"31/07/2025  17:41:32,566","   639250000"," ","42","  28,9",
"31/07/2025  17:41:32,566","   645250000"," ","43","  43,5",
"31/07/2025  17:41:32,566","   651250000"," ","44","  28,5",
"31/07/2025  17:41:32,566","   657250000"," ","45","  27,4",
"31/07/2025  17:41:32,566","   663250000"," ","46","  28,9",
"31/07/2025  17:41:32,566","   669250000"," ","47","  27,5",
"31/07/2025  17:41:32,566","   675250000"," ","48","  28,6",
"31/07/2025  17:41:32,566","   681250000"," ","49","  27,7",
"31/07/2025  17:41:32,566","   687250000"," ","50","  29,0",
"31/07/2025  17:41:32,566","   693250000"," ","51","  28,2",
"31/07/2025  17:42:18,435","    55250000"," ","2","  39,6",
"31/07/2025  17:42:18,435","    61250000","RED TELESISTEMA (R.T.S)","3","  63,0",
"31/07/2025  17:42:18,435","    67250000"," ","4","  40,2",
"31/07/2025  17:42:18,435","    77250000"," ","5","  47,4",
"31/07/2025  17:42:18,435","    83250000","TELERAMA","6","  37,0",
"31/07/2025  17:42:18,435","   175250000","ECUADOR TV","7","  37,5",
"31/07/2025  17:42:18,435","   181250000"," CORPORACIÓN ECUATORIANA ","8","  77,3",
"31/07/2025  17:42:18,435","   187250000","TELEVISION DEL PACIFICO","9","  39,4",
"31/07/2025  17:42:18,435","   193250000"," ","10","  49,7",
"31/07/2025  17:42:18,435","   199250000","TELEAMAZONAS","11","  78,4",
"31/07/2025  17:42:18,435","   205250000"," ","12","  40,0",
"31/07/2025  17:42:18,435","   211250000","CADENA ECUATORIANA DE TEL","13","  72,7",
"31/07/2025  17:42:18,435","   471250000"," ","14","  41,9",
"31/07/2025  17:42:18,435","   477250000"," ","15","  36,5",
"31/07/2025  17:42:18,435","   483250000"," ","16","  39,6",
"31/07/2025  17:42:18,435","   513250000"," ","21","  38,8",
"31/07/2025  17:42:18,435","   519250000"," ","22","  26,4",
"31/07/2025  17:42:18,435","   525250000"," ","23","  30,3",
"31/07/2025  17:42:18,435","   531250000"," ","24","  30,4",
"31/07/2025  17:42:18,435","   537250000"," ","25","  31,5",
"31/07/2025  17:42:18,435","   543250000"," ","26","  37,7",
"31/07/2025  17:42:18,435","   549250000","OK TV-TEVECORP","27","  31,6",
"31/07/2025  17:42:18,435","   555250000"," ","28","  34,6",
"31/07/2025  17:42:18,435","   561250000"," ","29","  31,9",
"31/07/2025  17:42:18,435","   567250000"," ","30","  28,5",
"31/07/2025  17:42:18,435","   573250000","CANAL UNO no","31","  46,1",
"31/07/2025  17:42:18,435","   579250000"," ","32","  29,2",
"31/07/2025  17:42:18,435","   585250000","TELEATAHUALPA (RTU)","33","  32,4",
"31/07/2025  17:42:18,435","   591350000"," ","34","  54,8",
"31/07/2025  17:42:18,435","   597250000","TELEVICENTRO TVC","35","  79,4",
"31/07/2025  17:42:18,435","   603250000"," ","36","  30,4",
"31/07/2025  17:42:18,435","   615250000"," ","38","  36,4",
"31/07/2025  17:42:18,435","   621250000","UCSG TELEVISION","39","  29,6",
"31/07/2025  17:42:18,435","   627250000"," ","40","  30,2",
"31/07/2025  17:42:18,435","   633250000","OROMAR","41","  29,4",
"31/07/2025  17:42:18,435","   639250000"," ","42","  28,8",
"31/07/2025  17:42:18,435","   645250000"," ","43","  39,9",
"31/07/2025  17:42:18,435","   651250000"," ","44","  43,9",
"31/07/2025  17:42:18,435","   657250000"," ","45","  28,3",
"31/07/2025  17:42:18,435","   663250000"," ","46","  48,2",
"31/07/2025  17:42:18,435","   669250000"," ","47","  28,2",
"31/07/2025  17:42:18,435","   675250000"," ","48","  29,2",
"31/07/2025  17:42:18,435","   681250000"," ","49","  28,8",
"31/07/2025  17:42:18,435","   687250000"," ","50","  28,7",
"31/07/2025  17:42:18,435","   693250000"," ","51","  28,8",
